platform,design,commit,unix_time,metric,old,new,type
ihp-sg13g2,aes,505e9838bc034406835b2235e54c2afca3f0987b,1789002539,placeopt__design__instance__area,162505,209010,Failing
ihp-sg13g2,aes,505e9838bc034406835b2235e54c2afca3f0987b,1789002539,placeopt__design__instance__count__stdcell,14531,19633,Failing
ihp-sg13g2,aes,505e9838bc034406835b2235e54c2afca3f0987b,1789002539,cts__timing__setup__ws,-0.225,-0.603,Failing
ihp-sg13g2,aes,505e9838bc034406835b2235e54c2afca3f0987b,1789002539,cts__timing__setup__tns,-0.9,-56.3,Failing
ihp-sg13g2,aes,505e9838bc034406835b2235e54c2afca3f0987b,1789002539,cts__timing__hold__ws,-0.225,-0.1,Tighten
ihp-sg13g2,aes,505e9838bc034406835b2235e54c2afca3f0987b,1789002539,cts__timing__hold__tns,-0.9,-0.4,Tighten
ihp-sg13g2,aes,505e9838bc034406835b2235e54c2afca3f0987b,1789002539,globalroute__timing__setup__ws,-0.225,-0.819,Failing
ihp-sg13g2,aes,505e9838bc034406835b2235e54c2afca3f0987b,1789002539,globalroute__timing__setup__tns,-0.9,-93.7,Failing
ihp-sg13g2,aes,505e9838bc034406835b2235e54c2afca3f0987b,1789002539,globalroute__timing__hold__ws,-0.225,-0.1,Tighten
ihp-sg13g2,aes,505e9838bc034406835b2235e54c2afca3f0987b,1789002539,globalroute__timing__hold__tns,-0.9,-0.4,Tighten
ihp-sg13g2,aes,505e9838bc034406835b2235e54c2afca3f0987b,1789002539,finish__timing__setup__ws,-0.225,-0.775,Failing
ihp-sg13g2,aes,505e9838bc034406835b2235e54c2afca3f0987b,1789002539,finish__timing__setup__tns,-0.9,-70.5,Failing
ihp-sg13g2,aes,505e9838bc034406835b2235e54c2afca3f0987b,1789002539,finish__timing__hold__ws,-0.225,-0.1,Tighten
ihp-sg13g2,aes,505e9838bc034406835b2235e54c2afca3f0987b,1789002539,finish__timing__hold__tns,-0.9,-0.4,Tighten
ihp-sg13g2,aes,505e9838bc034406835b2235e54c2afca3f0987b,1789002539,finish__design__instance__area,167958,238519,Failing
sky130hs,ibex,942449aed939562b78c314675ac5c9ccf42be81d,1788529120,cts__timing__setup__tns,-3.2,-57.7,Failing
sky130hs,ibex,942449aed939562b78c314675ac5c9ccf42be81d,1788529120,cts__timing__hold__ws,-0.35,-0.325,Tighten
sky130hs,ibex,942449aed939562b78c314675ac5c9ccf42be81d,1788529120,cts__timing__hold__tns,-1.4,-1.3,Tighten
sky130hs,ibex,942449aed939562b78c314675ac5c9ccf42be81d,1788529120,globalroute__timing__setup__tns,-338.0,-604.0,Failing
sky130hs,ibex,942449aed939562b78c314675ac5c9ccf42be81d,1788529120,globalroute__timing__hold__ws,-0.35,-0.325,Tighten
sky130hs,ibex,942449aed939562b78c314675ac5c9ccf42be81d,1788529120,globalroute__timing__hold__tns,-1.4,-1.3,Tighten
sky130hs,ibex,942449aed939562b78c314675ac5c9ccf42be81d,1788529120,detailedroute__route__wirelength,824415,783228,Tighten
sky130hs,ibex,942449aed939562b78c314675ac5c9ccf42be81d,1788529120,finish__timing__setup__ws,-0.35,-0.861,Failing
sky130hs,ibex,942449aed939562b78c314675ac5c9ccf42be81d,1788529120,finish__timing__setup__tns,-62.1,-291.0,Failing
sky130hs,ibex,942449aed939562b78c314675ac5c9ccf42be81d,1788529120,finish__timing__hold__ws,-0.35,-0.325,Tighten
sky130hs,ibex,942449aed939562b78c314675ac5c9ccf42be81d,1788529120,finish__timing__hold__tns,-1.4,-1.3,Tighten
gf12,aes,808f024a75db480bbb11bb5d58fe6014440fa600,1788469122,cts__timing__hold__ws,-21.0,-18.0,Tighten
gf12,aes,808f024a75db480bbb11bb5d58fe6014440fa600,1788469122,cts__timing__hold__tns,-84.0,-72.0,Tighten
gf12,aes,808f024a75db480bbb11bb5d58fe6014440fa600,1788469122,globalroute__timing__setup__tns,-84.0,-368.0,Failing
gf12,aes,808f024a75db480bbb11bb5d58fe6014440fa600,1788469122,globalroute__timing__hold__ws,-21.0,-18.0,Tighten
gf12,aes,808f024a75db480bbb11bb5d58fe6014440fa600,1788469122,globalroute__timing__hold__tns,-84.0,-72.0,Tighten
gf12,aes,808f024a75db480bbb11bb5d58fe6014440fa600,1788469122,detailedroute__route__wirelength,126525,125219,Tighten
gf12,aes,808f024a75db480bbb11bb5d58fe6014440fa600,1788469122,finish__timing__setup__tns,-84.0,-171.0,Failing
gf12,aes,808f024a75db480bbb11bb5d58fe6014440fa600,1788469122,finish__timing__hold__ws,-21.0,-18.0,Tighten
gf12,aes,808f024a75db480bbb11bb5d58fe6014440fa600,1788469122,finish__timing__hold__tns,-84.0,-72.0,Tighten
gf12,gcd,808f024a75db480bbb11bb5d58fe6014440fa600,1788469122,placeopt__design__instance__area,472,228,Tighten
gf12,gcd,808f024a75db480bbb11bb5d58fe6014440fa600,1788469122,placeopt__design__instance__count__stdcell,974,607,Tighten
gf12,gcd,808f024a75db480bbb11bb5d58fe6014440fa600,1788469122,cts__design__instance__count__setup_buffer,85,53,Tighten
gf12,gcd,808f024a75db480bbb11bb5d58fe6014440fa600,1788469122,cts__design__instance__count__hold_buffer,85,53,Tighten
gf12,gcd,808f024a75db480bbb11bb5d58fe6014440fa600,1788469122,cts__timing__setup__ws,-21.5,-21.3,Tighten
gf12,gcd,808f024a75db480bbb11bb5d58fe6014440fa600,1788469122,cts__timing__hold__ws,-14.0,-12.0,Tighten
gf12,gcd,808f024a75db480bbb11bb5d58fe6014440fa600,1788469122,globalroute__timing__setup__ws,-26.3,-26.0,Tighten
gf12,gcd,808f024a75db480bbb11bb5d58fe6014440fa600,1788469122,globalroute__timing__setup__tns,-250.0,-435.0,Failing
gf12,gcd,808f024a75db480bbb11bb5d58fe6014440fa600,1788469122,globalroute__timing__hold__ws,-14.0,-12.0,Tighten
gf12,gcd,808f024a75db480bbb11bb5d58fe6014440fa600,1788469122,detailedroute__route__wirelength,4449,2026,Tighten
gf12,gcd,808f024a75db480bbb11bb5d58fe6014440fa600,1788469122,finish__timing__setup__tns,-56.0,-113.0,Failing
gf12,gcd,808f024a75db480bbb11bb5d58fe6014440fa600,1788469122,finish__timing__hold__ws,-14.0,-12.0,Tighten
gf12,gcd,808f024a75db480bbb11bb5d58fe6014440fa600,1788469122,finish__design__instance__area,490,240,Tighten
sky130hd,chameleon,a3eecdc877bede0c7b2fe2d5bb4c7aaaa4ee2aad,1788225635,cts__timing__setup__ws,-3.21,-2.96,Tighten
sky130hd,chameleon,a3eecdc877bede0c7b2fe2d5bb4c7aaaa4ee2aad,1788225635,cts__timing__setup__tns,-134.0,-172.0,Failing
sky130hd,chameleon,a3eecdc877bede0c7b2fe2d5bb4c7aaaa4ee2aad,1788225635,globalroute__antenna_diodes_count,138,181,Failing
sky130hd,chameleon,a3eecdc877bede0c7b2fe2d5bb4c7aaaa4ee2aad,1788225635,globalroute__timing__setup__ws,-2.96,-2.82,Tighten
sky130hd,chameleon,a3eecdc877bede0c7b2fe2d5bb4c7aaaa4ee2aad,1788225635,globalroute__timing__setup__tns,-92.5,-151.0,Failing
sky130hd,chameleon,a3eecdc877bede0c7b2fe2d5bb4c7aaaa4ee2aad,1788225635,detailedroute__antenna__violating__nets,0,1,Failing
sky130hd,chameleon,a3eecdc877bede0c7b2fe2d5bb4c7aaaa4ee2aad,1788225635,detailedroute__antenna_diodes_count,119,162,Failing
sky130hd,chameleon,a3eecdc877bede0c7b2fe2d5bb4c7aaaa4ee2aad,1788225635,finish__timing__setup__ws,-2.52,-2.41,Tighten
sky130hd,chameleon,a3eecdc877bede0c7b2fe2d5bb4c7aaaa4ee2aad,1788225635,finish__timing__setup__tns,-85.6,-146.0,Failing
sky130hd,microwatt,a3eecdc877bede0c7b2fe2d5bb4c7aaaa4ee2aad,1788225635,cts__timing__setup__ws,-2.1,-2.08,Tighten
sky130hd,microwatt,a3eecdc877bede0c7b2fe2d5bb4c7aaaa4ee2aad,1788225635,cts__timing__setup__tns,-243.0,-226.0,Tighten
sky130hd,microwatt,a3eecdc877bede0c7b2fe2d5bb4c7aaaa4ee2aad,1788225635,globalroute__antenna_diodes_count,3431,3061,Tighten
sky130hd,microwatt,a3eecdc877bede0c7b2fe2d5bb4c7aaaa4ee2aad,1788225635,globalroute__timing__setup__ws,-2.21,-2.03,Tighten
sky130hd,microwatt,a3eecdc877bede0c7b2fe2d5bb4c7aaaa4ee2aad,1788225635,globalroute__timing__setup__tns,-262.0,-208.0,Tighten
sky130hd,microwatt,a3eecdc877bede0c7b2fe2d5bb4c7aaaa4ee2aad,1788225635,detailedroute__antenna__violating__nets,69,120,Failing
sky130hd,microwatt,a3eecdc877bede0c7b2fe2d5bb4c7aaaa4ee2aad,1788225635,detailedroute__antenna_diodes_count,1425,1552,Failing
sky130hd,microwatt,a3eecdc877bede0c7b2fe2d5bb4c7aaaa4ee2aad,1788225635,finish__timing__setup__ws,-2.11,-1.91,Tighten
sky130hd,microwatt,a3eecdc877bede0c7b2fe2d5bb4c7aaaa4ee2aad,1788225635,finish__timing__setup__tns,-203.0,-171.0,Tighten
sky130hs,jpeg,a3eecdc877bede0c7b2fe2d5bb4c7aaaa4ee2aad,1788225635,globalroute__antenna_diodes_count,100,111,Failing
sky130hs,jpeg,a3eecdc877bede0c7b2fe2d5bb4c7aaaa4ee2aad,1788225635,globalroute__timing__setup__tns,-3.0,-1.52,Tighten
nangate45,swerv_wrapper,a3eecdc877bede0c7b2fe2d5bb4c7aaaa4ee2aad,1788225635,cts__timing__setup__tns,-463.0,-467.0,Failing
nangate45,swerv_wrapper,a3eecdc877bede0c7b2fe2d5bb4c7aaaa4ee2aad,1788225635,globalroute__timing__setup__tns,-504.0,-545.0,Failing
nangate45,swerv_wrapper,a3eecdc877bede0c7b2fe2d5bb4c7aaaa4ee2aad,1788225635,finish__timing__setup__tns,-442.0,-515.0,Failing
nangate45,ibex,a3eecdc877bede0c7b2fe2d5bb4c7aaaa4ee2aad,1788225635,globalroute__timing__setup__ws,-0.111,-0.11,Tighten
nangate45,ibex,a3eecdc877bede0c7b2fe2d5bb4c7aaaa4ee2aad,1788225635,globalroute__timing__setup__tns,-0.441,-0.44,Tighten
nangate45,ibex,a3eecdc877bede0c7b2fe2d5bb4c7aaaa4ee2aad,1788225635,finish__timing__setup__tns,-1.08,-1.81,Failing
gf180,ibex,262afba7e44c31941b2e535e454be2c0b60eb816,1787873165,placeopt__design__instance__area,725567,724846,Tighten
gf180,ibex,262afba7e44c31941b2e535e454be2c0b60eb816,1787873165,placeopt__design__instance__count__stdcell,15783,15301,Tighten
gf180,ibex,262afba7e44c31941b2e535e454be2c0b60eb816,1787873165,cts__design__instance__count__setup_buffer,1372,1330,Tighten
gf180,ibex,262afba7e44c31941b2e535e454be2c0b60eb816,1787873165,cts__design__instance__count__hold_buffer,1372,1330,Tighten
gf180,ibex,262afba7e44c31941b2e535e454be2c0b60eb816,1787873165,globalroute__timing__setup__tns,-2.0,-8.23,Failing
gf180,ibex,262afba7e44c31941b2e535e454be2c0b60eb816,1787873165,finish__timing__setup__tns,-2.07,-31.7,Failing
ihp-sg13g2,riscv32i,262afba7e44c31941b2e535e454be2c0b60eb816,1787873165,synth__design__instance__area__stdcell,140000.0,139000.0,Tighten
ihp-sg13g2,riscv32i,262afba7e44c31941b2e535e454be2c0b60eb816,1787873165,placeopt__design__instance__area,157813,156855,Tighten
ihp-sg13g2,riscv32i,262afba7e44c31941b2e535e454be2c0b60eb816,1787873165,placeopt__design__instance__count__stdcell,10692,10640,Tighten
ihp-sg13g2,riscv32i,262afba7e44c31941b2e535e454be2c0b60eb816,1787873165,cts__design__instance__count__setup_buffer,930,925,Tighten
ihp-sg13g2,riscv32i,262afba7e44c31941b2e535e454be2c0b60eb816,1787873165,cts__design__instance__count__hold_buffer,930,925,Tighten
ihp-sg13g2,riscv32i,262afba7e44c31941b2e535e454be2c0b60eb816,1787873165,detailedroute__route__wirelength,456338,575080,Failing
ihp-sg13g2,riscv32i,262afba7e44c31941b2e535e454be2c0b60eb816,1787873165,finish__design__instance__area,168206,167407,Tighten
gf180,riscv32i,72ca9d7f646aeb219b9fe19dea5ed4e23b1365f8,1787616487,cts__timing__setup__tns,-4.98,-3.85,Tighten
gf180,riscv32i,72ca9d7f646aeb219b9fe19dea5ed4e23b1365f8,1787616487,globalroute__timing__setup__tns,-5.5,-10.1,Failing
gf180,riscv32i,72ca9d7f646aeb219b9fe19dea5ed4e23b1365f8,1787616487,finish__timing__setup__tns,-5.5,-9.95,Failing
asap7,ethmac_lvt,72ca9d7f646aeb219b9fe19dea5ed4e23b1365f8,1787616487,placeopt__design__instance__area,8324,8308,Tighten
asap7,ethmac_lvt,72ca9d7f646aeb219b9fe19dea5ed4e23b1365f8,1787616487,cts__timing__setup__ws,-35.2,-35.0,Tighten
asap7,ethmac_lvt,72ca9d7f646aeb219b9fe19dea5ed4e23b1365f8,1787616487,globalroute__timing__setup__ws,-45.6,-45.5,Tighten
asap7,ethmac_lvt,72ca9d7f646aeb219b9fe19dea5ed4e23b1365f8,1787616487,globalroute__timing__setup__tns,-537.0,-531.0,Tighten
asap7,ethmac_lvt,72ca9d7f646aeb219b9fe19dea5ed4e23b1365f8,1787616487,finish__timing__setup__tns,-268.0,-422.0,Failing
asap7,riscv32i,72ca9d7f646aeb219b9fe19dea5ed4e23b1365f8,1787616487,cts__timing__setup__tns,-384.0,-234.0,Tighten
asap7,riscv32i,72ca9d7f646aeb219b9fe19dea5ed4e23b1365f8,1787616487,globalroute__timing__setup__tns,-1890.0,-3800.0,Failing
asap7,riscv32i,72ca9d7f646aeb219b9fe19dea5ed4e23b1365f8,1787616487,finish__timing__setup__ws,-80.6,-79.5,Tighten
asap7,riscv32i,72ca9d7f646aeb219b9fe19dea5ed4e23b1365f8,1787616487,finish__timing__setup__tns,-12100.0,-14500.0,Failing
sky130hd,chameleon,72ca9d7f646aeb219b9fe19dea5ed4e23b1365f8,1787616487,cts__timing__setup__ws,-3.25,-3.21,Tighten
sky130hd,chameleon,72ca9d7f646aeb219b9fe19dea5ed4e23b1365f8,1787616487,cts__timing__setup__tns,-136.0,-134.0,Tighten
sky130hd,chameleon,72ca9d7f646aeb219b9fe19dea5ed4e23b1365f8,1787616487,globalroute__antenna_diodes_count,179,138,Tighten
sky130hd,chameleon,72ca9d7f646aeb219b9fe19dea5ed4e23b1365f8,1787616487,globalroute__timing__setup__tns,-48.8,-92.5,Failing
sky130hd,chameleon,72ca9d7f646aeb219b9fe19dea5ed4e23b1365f8,1787616487,detailedroute__route__wirelength,853725,851647,Tighten
sky130hd,chameleon,72ca9d7f646aeb219b9fe19dea5ed4e23b1365f8,1787616487,detailedroute__antenna_diodes_count,106,119,Failing
sky130hd,chameleon,72ca9d7f646aeb219b9fe19dea5ed4e23b1365f8,1787616487,finish__timing__setup__ws,-2.66,-2.52,Tighten
sky130hd,chameleon,72ca9d7f646aeb219b9fe19dea5ed4e23b1365f8,1787616487,finish__timing__setup__tns,-47.4,-85.6,Failing
sky130hd,gcd,72ca9d7f646aeb219b9fe19dea5ed4e23b1365f8,1787616487,cts__design__instance__count__setup_buffer,48,54,Failing
sky130hd,gcd,72ca9d7f646aeb219b9fe19dea5ed4e23b1365f8,1787616487,cts__timing__setup__ws,-1.57,-1.49,Tighten
sky130hd,gcd,72ca9d7f646aeb219b9fe19dea5ed4e23b1365f8,1787616487,cts__timing__setup__tns,-68.5,-63.9,Tighten
sky130hd,gcd,72ca9d7f646aeb219b9fe19dea5ed4e23b1365f8,1787616487,globalroute__timing__setup__ws,-1.75,-1.61,Tighten
sky130hd,gcd,72ca9d7f646aeb219b9fe19dea5ed4e23b1365f8,1787616487,globalroute__timing__setup__tns,-75.0,-69.7,Tighten
sky130hd,gcd,72ca9d7f646aeb219b9fe19dea5ed4e23b1365f8,1787616487,detailedroute__route__wirelength,14559,13554,Tighten
sky130hd,gcd,72ca9d7f646aeb219b9fe19dea5ed4e23b1365f8,1787616487,finish__timing__setup__ws,-1.68,-1.52,Tighten
sky130hd,gcd,72ca9d7f646aeb219b9fe19dea5ed4e23b1365f8,1787616487,finish__timing__setup__tns,-71.2,-65.3,Tighten
sky130hd,microwatt,72ca9d7f646aeb219b9fe19dea5ed4e23b1365f8,1787616487,cts__timing__setup__tns,-230.0,-243.0,Failing
sky130hd,microwatt,72ca9d7f646aeb219b9fe19dea5ed4e23b1365f8,1787616487,globalroute__antenna_diodes_count,3427,3431,Failing
sky130hd,microwatt,72ca9d7f646aeb219b9fe19dea5ed4e23b1365f8,1787616487,globalroute__timing__setup__tns,-225.0,-262.0,Failing
sky130hd,microwatt,72ca9d7f646aeb219b9fe19dea5ed4e23b1365f8,1787616487,detailedroute__route__wirelength,7780575,7753254,Tighten
sky130hd,microwatt,72ca9d7f646aeb219b9fe19dea5ed4e23b1365f8,1787616487,detailedroute__antenna__violating__nets,72,69,Tighten
sky130hd,microwatt,72ca9d7f646aeb219b9fe19dea5ed4e23b1365f8,1787616487,detailedroute__antenna_diodes_count,1393,1425,Failing
sky130hd,microwatt,72ca9d7f646aeb219b9fe19dea5ed4e23b1365f8,1787616487,finish__timing__setup__tns,-181.0,-203.0,Failing
nangate45,tinyRocket,72ca9d7f646aeb219b9fe19dea5ed4e23b1365f8,1787616487,cts__timing__setup__ws,-0.201,-0.195,Tighten
nangate45,tinyRocket,72ca9d7f646aeb219b9fe19dea5ed4e23b1365f8,1787616487,cts__timing__setup__tns,-31.4,-36.0,Failing
nangate45,tinyRocket,72ca9d7f646aeb219b9fe19dea5ed4e23b1365f8,1787616487,globalroute__timing__setup__tns,-49.7,-53.7,Failing
nangate45,tinyRocket,72ca9d7f646aeb219b9fe19dea5ed4e23b1365f8,1787616487,finish__timing__setup__tns,-47.7,-48.0,Failing
nangate45,dynamic_node,72ca9d7f646aeb219b9fe19dea5ed4e23b1365f8,1787616487,cts__timing__setup__ws,-1.13,-1.11,Tighten
nangate45,dynamic_node,72ca9d7f646aeb219b9fe19dea5ed4e23b1365f8,1787616487,cts__timing__setup__tns,-952.0,-795.0,Tighten
nangate45,dynamic_node,72ca9d7f646aeb219b9fe19dea5ed4e23b1365f8,1787616487,globalroute__timing__setup__ws,-1.14,-1.13,Tighten
nangate45,dynamic_node,72ca9d7f646aeb219b9fe19dea5ed4e23b1365f8,1787616487,globalroute__timing__setup__tns,-800.0,-797.0,Tighten
nangate45,dynamic_node,72ca9d7f646aeb219b9fe19dea5ed4e23b1365f8,1787616487,detailedroute__route__wirelength,256231,246867,Tighten
nangate45,dynamic_node,72ca9d7f646aeb219b9fe19dea5ed4e23b1365f8,1787616487,finish__timing__setup__ws,-1.11,-1.1,Tighten
nangate45,dynamic_node,72ca9d7f646aeb219b9fe19dea5ed4e23b1365f8,1787616487,finish__timing__setup__tns,-821.0,-824.0,Failing
nangate45,dynamic_node,72ca9d7f646aeb219b9fe19dea5ed4e23b1365f8,1787616487,finish__design__instance__area,30878,30558,Tighten
nangate45,ibex,72ca9d7f646aeb219b9fe19dea5ed4e23b1365f8,1787616487,synth__design__instance__area__stdcell,32800.0,32400.0,Tighten
nangate45,ibex,72ca9d7f646aeb219b9fe19dea5ed4e23b1365f8,1787616487,placeopt__design__instance__count__stdcell,17244,16921,Tighten
nangate45,ibex,72ca9d7f646aeb219b9fe19dea5ed4e23b1365f8,1787616487,cts__design__instance__count__setup_buffer,1500,1471,Tighten
nangate45,ibex,72ca9d7f646aeb219b9fe19dea5ed4e23b1365f8,1787616487,cts__design__instance__count__hold_buffer,1500,1471,Tighten
nangate45,ibex,72ca9d7f646aeb219b9fe19dea5ed4e23b1365f8,1787616487,globalroute__timing__setup__ws,-0.127,-0.111,Tighten
nangate45,ibex,72ca9d7f646aeb219b9fe19dea5ed4e23b1365f8,1787616487,globalroute__timing__setup__tns,-1.27,-0.441,Tighten
nangate45,ibex,72ca9d7f646aeb219b9fe19dea5ed4e23b1365f8,1787616487,finish__timing__setup__tns,-0.44,-1.08,Failing
gf12,ca53,791d2839b78b58e0856ac16527a4a32c94a4b233,1787542185,cts__timing__setup__ws,-900.0,-883.0,Tighten
gf12,ca53,791d2839b78b58e0856ac16527a4a32c94a4b233,1787542185,cts__timing__setup__tns,-6700.0,-8300.0,Failing
gf12,ca53,791d2839b78b58e0856ac16527a4a32c94a4b233,1787542185,finish__timing__hold__tns,-1600.0,-2390.0,Failing
gf12,tinyRocket,ebc7be3e2d25511355356eb7ccb22961f416f45f,1787162972,synth__design__instance__area__stdcell,13122.1,10800.0,Tighten
gf12,tinyRocket,ebc7be3e2d25511355356eb7ccb22961f416f45f,1787162972,placeopt__design__instance__area,16686,16624,Tighten
gf12,tinyRocket,ebc7be3e2d25511355356eb7ccb22961f416f45f,1787162972,cts__timing__setup__tns,-868.0,-1430.0,Failing
gf12,tinyRocket,ebc7be3e2d25511355356eb7ccb22961f416f45f,1787162972,finish__design__instance__area,17217,17174,Tighten
gf12,ariane133,098ab604eb7a029961ff3bc4de6b821251404186,1786996408,synth__design__instance__area__stdcell,257488.39,46500.0,Tighten
gf12,ariane133,098ab604eb7a029961ff3bc4de6b821251404186,1786996408,placeopt__design__instance__area,288202,279506,Tighten
gf12,ariane133,098ab604eb7a029961ff3bc4de6b821251404186,1786996408,placeopt__design__instance__count__stdcell,169477,156228,Tighten
gf12,ariane133,098ab604eb7a029961ff3bc4de6b821251404186,1786996408,cts__design__instance__count__setup_buffer,14737,13585,Tighten
gf12,ariane133,098ab604eb7a029961ff3bc4de6b821251404186,1786996408,cts__design__instance__count__hold_buffer,14737,13585,Tighten
gf12,ariane133,098ab604eb7a029961ff3bc4de6b821251404186,1786996408,cts__timing__setup__ws,-20.2409,-162.0,Failing
gf12,ariane133,098ab604eb7a029961ff3bc4de6b821251404186,1786996408,cts__timing__setup__tns,0.0,-4840.0,Failing
gf12,ariane133,098ab604eb7a029961ff3bc4de6b821251404186,1786996408,detailedroute__route__wirelength,3495428,4262653,Failing
gf12,ariane133,098ab604eb7a029961ff3bc4de6b821251404186,1786996408,detailedroute__route__drc_errors,3,0,Tighten
gf12,ariane133,098ab604eb7a029961ff3bc4de6b821251404186,1786996408,finish__design__instance__area,290504,282150,Tighten
gf12,bp_quad,f2904ca17b12ba9e4b4db7ab54ffdce9143ccf7f,1786729060,placeopt__design__instance__area,1491642,1474875,Tighten
gf12,bp_quad,f2904ca17b12ba9e4b4db7ab54ffdce9143ccf7f,1786729060,placeopt__design__instance__count__stdcell,1425603,1399513,Tighten
gf12,bp_quad,f2904ca17b12ba9e4b4db7ab54ffdce9143ccf7f,1786729060,cts__design__instance__count__setup_buffer,123966,121697,Tighten
gf12,bp_quad,f2904ca17b12ba9e4b4db7ab54ffdce9143ccf7f,1786729060,cts__design__instance__count__hold_buffer,123966,121697,Tighten
gf12,bp_quad,f2904ca17b12ba9e4b4db7ab54ffdce9143ccf7f,1786729060,cts__timing__setup__ws,-534.0,-511.0,Tighten
gf12,bp_quad,f2904ca17b12ba9e4b4db7ab54ffdce9143ccf7f,1786729060,cts__timing__setup__tns,-338000.0,-170000.0,Tighten
gf12,bp_quad,f2904ca17b12ba9e4b4db7ab54ffdce9143ccf7f,1786729060,globalroute__timing__setup__tns,-1430.0,-1850.0,Failing
gf12,bp_quad,f2904ca17b12ba9e4b4db7ab54ffdce9143ccf7f,1786729060,globalroute__timing__hold__ws,-117.0,-100.0,Tighten
gf12,bp_quad,f2904ca17b12ba9e4b4db7ab54ffdce9143ccf7f,1786729060,globalroute__timing__hold__tns,-476.0,-400.0,Tighten
gf12,bp_quad,f2904ca17b12ba9e4b4db7ab54ffdce9143ccf7f,1786729060,detailedroute__route__wirelength,26222976,25353167,Tighten
gf12,bp_quad,f2904ca17b12ba9e4b4db7ab54ffdce9143ccf7f,1786729060,finish__timing__setup__tns,-1420.0,-1150.0,Tighten
gf12,bp_quad,f2904ca17b12ba9e4b4db7ab54ffdce9143ccf7f,1786729060,finish__timing__hold__tns,-818.0,-434.0,Tighten
gf12,bp_quad,f2904ca17b12ba9e4b4db7ab54ffdce9143ccf7f,1786729060,finish__design__instance__area,1524210,1515688,Tighten
sky130hd,chameleon,f380b9d8a2c34cda0d042219d5d0156e65343196,1786715572,detailedroute__antenna_diodes_count,106,125,Failing
sky130hd,chameleon,f380b9d8a2c34cda0d042219d5d0156e65343196,1786715572,finish__timing__setup__tns,-47.4,-41.9,Tighten
gf12,bp_single,a19dd90407d0d9efd36219321a9b2b8a44b71dfa,1786671238,placeopt__design__instance__area,471924,465672,Tighten
gf12,bp_single,a19dd90407d0d9efd36219321a9b2b8a44b71dfa,1786671238,placeopt__design__instance__count__stdcell,535708,523318,Tighten
gf12,bp_single,a19dd90407d0d9efd36219321a9b2b8a44b71dfa,1786671238,cts__design__instance__count__setup_buffer,46583,45506,Tighten
gf12,bp_single,a19dd90407d0d9efd36219321a9b2b8a44b71dfa,1786671238,cts__design__instance__count__hold_buffer,46583,45506,Tighten
gf12,bp_single,a19dd90407d0d9efd36219321a9b2b8a44b71dfa,1786671238,cts__timing__setup__ws,-835.0,-100.0,Tighten
gf12,bp_single,a19dd90407d0d9efd36219321a9b2b8a44b71dfa,1786671238,cts__timing__setup__tns,-474000.0,-400.0,Tighten
gf12,bp_single,a19dd90407d0d9efd36219321a9b2b8a44b71dfa,1786671238,cts__timing__hold__ws,-299.0,-197.0,Tighten
gf12,bp_single,a19dd90407d0d9efd36219321a9b2b8a44b71dfa,1786671238,cts__timing__hold__tns,-4700.0,-2390.0,Tighten
gf12,bp_single,a19dd90407d0d9efd36219321a9b2b8a44b71dfa,1786671238,globalroute__antenna_diodes_count,333,325,Tighten
gf12,bp_single,a19dd90407d0d9efd36219321a9b2b8a44b71dfa,1786671238,globalroute__timing__setup__ws,-556.0,-100.0,Tighten
gf12,bp_single,a19dd90407d0d9efd36219321a9b2b8a44b71dfa,1786671238,globalroute__timing__setup__tns,-79400.0,-400.0,Tighten
gf12,bp_single,a19dd90407d0d9efd36219321a9b2b8a44b71dfa,1786671238,globalroute__timing__hold__ws,-275.0,-174.0,Tighten
gf12,bp_single,a19dd90407d0d9efd36219321a9b2b8a44b71dfa,1786671238,globalroute__timing__hold__tns,-577.0,-2010.0,Failing
gf12,bp_single,a19dd90407d0d9efd36219321a9b2b8a44b71dfa,1786671238,detailedroute__route__wirelength,6150585,5525536,Tighten
gf12,bp_single,a19dd90407d0d9efd36219321a9b2b8a44b71dfa,1786671238,detailedroute__antenna_diodes_count,333,325,Tighten
gf12,bp_single,a19dd90407d0d9efd36219321a9b2b8a44b71dfa,1786671238,finish__timing__setup__tns,-1430.0,-1130.0,Tighten
gf12,bp_single,a19dd90407d0d9efd36219321a9b2b8a44b71dfa,1786671238,finish__timing__hold__ws,-126.0,-114.0,Tighten
gf12,bp_single,a19dd90407d0d9efd36219321a9b2b8a44b71dfa,1786671238,finish__design__instance__area,479804,475297,Tighten
gf12,bp_dual,0ef12eee33809e7240b97058ae654d8ca522f874,1786670856,placeopt__design__instance__area,835155,810758,Tighten
gf12,bp_dual,0ef12eee33809e7240b97058ae654d8ca522f874,1786670856,placeopt__design__instance__count__stdcell,902982,847537,Tighten
gf12,bp_dual,0ef12eee33809e7240b97058ae654d8ca522f874,1786670856,cts__design__instance__count__setup_buffer,78520,73699,Tighten
gf12,bp_dual,0ef12eee33809e7240b97058ae654d8ca522f874,1786670856,cts__design__instance__count__hold_buffer,78520,73699,Tighten
gf12,bp_dual,0ef12eee33809e7240b97058ae654d8ca522f874,1786670856,cts__timing__setup__ws,-764.0,-134.0,Tighten
gf12,bp_dual,0ef12eee33809e7240b97058ae654d8ca522f874,1786670856,cts__timing__setup__tns,-1640000.0,-483.0,Tighten
gf12,bp_dual,0ef12eee33809e7240b97058ae654d8ca522f874,1786670856,globalroute__timing__setup__ws,-201.0,-100.0,Tighten
gf12,bp_dual,0ef12eee33809e7240b97058ae654d8ca522f874,1786670856,globalroute__timing__setup__tns,-6470.0,-400.0,Tighten
gf12,bp_dual,0ef12eee33809e7240b97058ae654d8ca522f874,1786670856,detailedroute__route__wirelength,13534035,12193528,Tighten
gf12,bp_dual,0ef12eee33809e7240b97058ae654d8ca522f874,1786670856,finish__timing__setup__tns,-1160.0,-1080.0,Tighten
gf12,bp_dual,0ef12eee33809e7240b97058ae654d8ca522f874,1786670856,finish__timing__hold__ws,-15.0974,-119.0,Failing
gf12,bp_dual,0ef12eee33809e7240b97058ae654d8ca522f874,1786670856,finish__design__instance__area,849384,836961,Tighten
gf12,tinyRocket,fefd31f13490620fabce35e857f96d56618a4d31,1786516221,cts__timing__setup__tns,-160.0,-868.0,Failing
gf180,riscv32i,d5d99b6a25b3d9adbb66b36c2b68b0dca7f1a329,1785965018,cts__timing__setup__tns,-2.77,-4.98,Failing
sky130hd,microwatt,178fda42f1318e30ced6366f7644a2bd2e19ce17,1784865364,placeopt__design__instance__area,5413510,5408427,Tighten
sky130hd,microwatt,178fda42f1318e30ced6366f7644a2bd2e19ce17,1784865364,placeopt__design__instance__count__stdcell,181940,181507,Tighten
sky130hd,microwatt,178fda42f1318e30ced6366f7644a2bd2e19ce17,1784865364,cts__design__instance__count__setup_buffer,15821,15783,Tighten
sky130hd,microwatt,178fda42f1318e30ced6366f7644a2bd2e19ce17,1784865364,cts__design__instance__count__hold_buffer,15821,15783,Tighten
sky130hd,microwatt,178fda42f1318e30ced6366f7644a2bd2e19ce17,1784865364,cts__timing__setup__ws,-2.43,-2.32,Tighten
sky130hd,microwatt,178fda42f1318e30ced6366f7644a2bd2e19ce17,1784865364,cts__timing__setup__tns,-326.0,-254.0,Tighten
sky130hd,microwatt,178fda42f1318e30ced6366f7644a2bd2e19ce17,1784865364,globalroute__antenna_diodes_count,1861,1456,Tighten
sky130hd,microwatt,178fda42f1318e30ced6366f7644a2bd2e19ce17,1784865364,globalroute__timing__setup__ws,-2.28,-2.21,Tighten
sky130hd,microwatt,178fda42f1318e30ced6366f7644a2bd2e19ce17,1784865364,globalroute__timing__setup__tns,-256.0,-227.0,Tighten
sky130hd,microwatt,178fda42f1318e30ced6366f7644a2bd2e19ce17,1784865364,detailedroute__antenna__violating__nets,0,1,Failing
sky130hd,microwatt,178fda42f1318e30ced6366f7644a2bd2e19ce17,1784865364,detailedroute__antenna_diodes_count,1661,1219,Tighten
sky130hd,microwatt,178fda42f1318e30ced6366f7644a2bd2e19ce17,1784865364,finish__timing__setup__ws,-2.27,-2.16,Tighten
sky130hd,microwatt,178fda42f1318e30ced6366f7644a2bd2e19ce17,1784865364,finish__timing__setup__tns,-258.0,-215.0,Tighten
sky130hd,microwatt,178fda42f1318e30ced6366f7644a2bd2e19ce17,1784865364,finish__timing__hold__ws,-0.89,-0.883,Tighten
sky130hd,microwatt,178fda42f1318e30ced6366f7644a2bd2e19ce17,1784865364,finish__timing__hold__tns,-4.0,-3.42,Tighten
sky130hd,microwatt,178fda42f1318e30ced6366f7644a2bd2e19ce17,1784865364,finish__design__instance__area,5570244,5568932,Tighten
nangate45,tinyRocket,ee32f348cf62fd9a8806c826005058e94567c11a,1784844000,cts__timing__setup__ws,-0.14,-0.201,Failing
nangate45,tinyRocket,ee32f348cf62fd9a8806c826005058e94567c11a,1784844000,cts__timing__setup__tns,-54.5,-27.9,Tighten
nangate45,tinyRocket,ee32f348cf62fd9a8806c826005058e94567c11a,1784844000,globalroute__timing__setup__tns,-57.4,-49.7,Tighten
nangate45,tinyRocket,ee32f348cf62fd9a8806c826005058e94567c11a,1784844000,finish__timing__setup__tns,-50.5,-47.7,Tighten
nangate45,swerv_wrapper,9391e125ef5d3295384c382835d69282cdd0db6e,1784840334,placeopt__design__instance__area,729155,727527,Tighten
nangate45,swerv_wrapper,9391e125ef5d3295384c382835d69282cdd0db6e,1784840334,placeopt__design__instance__count__stdcell,110775,106084,Tighten
nangate45,swerv_wrapper,9391e125ef5d3295384c382835d69282cdd0db6e,1784840334,cts__design__instance__count__setup_buffer,9633,9225,Tighten
nangate45,swerv_wrapper,9391e125ef5d3295384c382835d69282cdd0db6e,1784840334,cts__design__instance__count__hold_buffer,9633,9225,Tighten
nangate45,swerv_wrapper,9391e125ef5d3295384c382835d69282cdd0db6e,1784840334,cts__timing__setup__tns,-422.0,-415.0,Tighten
nangate45,swerv_wrapper,9391e125ef5d3295384c382835d69282cdd0db6e,1784840334,globalroute__antenna_diodes_count,107,105,Tighten
nangate45,swerv_wrapper,9391e125ef5d3295384c382835d69282cdd0db6e,1784840334,globalroute__timing__setup__ws,-0.337,-0.466,Failing
nangate45,swerv_wrapper,9391e125ef5d3295384c382835d69282cdd0db6e,1784840334,globalroute__timing__setup__tns,-426.0,-438.0,Failing
nangate45,swerv_wrapper,9391e125ef5d3295384c382835d69282cdd0db6e,1784840334,detailedroute__antenna_diodes_count,107,106,Tighten
nangate45,swerv_wrapper,9391e125ef5d3295384c382835d69282cdd0db6e,1784840334,finish__timing__setup__tns,-418.0,-384.0,Tighten
sky130hd,microwatt,7bb6f1a3106663414c7a6b61d9f1afc257280771,1784840233,placeopt__design__instance__area,5427782,5413510,Tighten
sky130hd,microwatt,7bb6f1a3106663414c7a6b61d9f1afc257280771,1784840233,placeopt__design__instance__count__stdcell,184133,181940,Tighten
sky130hd,microwatt,7bb6f1a3106663414c7a6b61d9f1afc257280771,1784840233,cts__design__instance__count__setup_buffer,16012,15821,Tighten
sky130hd,microwatt,7bb6f1a3106663414c7a6b61d9f1afc257280771,1784840233,cts__design__instance__count__hold_buffer,16012,15821,Tighten
sky130hd,microwatt,7bb6f1a3106663414c7a6b61d9f1afc257280771,1784840233,cts__timing__setup__tns,-249.0,-326.0,Failing
sky130hd,microwatt,7bb6f1a3106663414c7a6b61d9f1afc257280771,1784840233,globalroute__antenna_diodes_count,5162,1861,Tighten
sky130hd,microwatt,7bb6f1a3106663414c7a6b61d9f1afc257280771,1784840233,globalroute__timing__setup__tns,-241.0,-256.0,Failing
sky130hd,microwatt,7bb6f1a3106663414c7a6b61d9f1afc257280771,1784840233,detailedroute__route__wirelength,8240415,8076674,Tighten
sky130hd,microwatt,7bb6f1a3106663414c7a6b61d9f1afc257280771,1784840233,detailedroute__antenna__violating__nets,10,0,Tighten
sky130hd,microwatt,7bb6f1a3106663414c7a6b61d9f1afc257280771,1784840233,detailedroute__antenna_diodes_count,2411,1661,Tighten
sky130hd,microwatt,7bb6f1a3106663414c7a6b61d9f1afc257280771,1784840233,finish__timing__setup__tns,-236.0,-258.0,Failing
sky130hd,chameleon,698d369c876f08534a8bb50ac5077f862dec82c8,1784840077,cts__timing__setup__tns,-373.0,-114.0,Tighten
sky130hd,chameleon,698d369c876f08534a8bb50ac5077f862dec82c8,1784840077,globalroute__antenna_diodes_count,161,224,Failing
sky130hd,chameleon,698d369c876f08534a8bb50ac5077f862dec82c8,1784840077,globalroute__timing__setup__ws,-2.35,-2.32,Tighten
sky130hd,chameleon,698d369c876f08534a8bb50ac5077f862dec82c8,1784840077,globalroute__timing__setup__tns,-363.0,-42.9,Tighten
sky130hd,chameleon,698d369c876f08534a8bb50ac5077f862dec82c8,1784840077,detailedroute__antenna_diodes_count,100,158,Failing
sky130hd,chameleon,698d369c876f08534a8bb50ac5077f862dec82c8,1784840077,finish__timing__setup__ws,-2.15,-2.06,Tighten
sky130hd,chameleon,698d369c876f08534a8bb50ac5077f862dec82c8,1784840077,finish__timing__setup__tns,-354.0,-39.9,Tighten
gf180,aes-hybrid,08320583a428be071c0317bdf7f98c299d573cc7,1784044805,cts__timing__setup__tns,-122.0,-124.0,Failing
gf180,aes-hybrid,08320583a428be071c0317bdf7f98c299d573cc7,1784044805,globalroute__timing__setup__tns,-135.0,-141.0,Failing
gf180,aes-hybrid,08320583a428be071c0317bdf7f98c299d573cc7,1784044805,finish__timing__setup__tns,-130.0,-138.0,Failing
gf180,aes,08320583a428be071c0317bdf7f98c299d573cc7,1784044805,cts__timing__setup__tns,-87.3,-85.9,Tighten
gf180,aes,08320583a428be071c0317bdf7f98c299d573cc7,1784044805,globalroute__timing__setup__tns,-100.0,-105.0,Failing
gf180,aes,08320583a428be071c0317bdf7f98c299d573cc7,1784044805,finish__timing__setup__tns,-97.6,-103.0,Failing
asap7,ethmac_lvt,08320583a428be071c0317bdf7f98c299d573cc7,1784044805,globalroute__timing__setup__tns,-308.0,-303.0,Tighten
asap7,ethmac_lvt,08320583a428be071c0317bdf7f98c299d573cc7,1784044805,finish__timing__setup__tns,-60.2,-121.0,Failing
asap7,ethmac,08320583a428be071c0317bdf7f98c299d573cc7,1784044805,globalroute__timing__setup__tns,-1870.0,-2120.0,Failing
asap7,ethmac,08320583a428be071c0317bdf7f98c299d573cc7,1784044805,finish__timing__setup__tns,-1500.0,-1650.0,Failing
asap7,mock-alu,08320583a428be071c0317bdf7f98c299d573cc7,1784044805,cts__timing__setup__tns,-18100.0,-18500.0,Failing
asap7,mock-alu,08320583a428be071c0317bdf7f98c299d573cc7,1784044805,globalroute__timing__setup__tns,-19400.0,-20000.0,Failing
asap7,mock-alu,08320583a428be071c0317bdf7f98c299d573cc7,1784044805,finish__timing__setup__ws,-300.0,-299.0,Tighten
asap7,mock-alu,08320583a428be071c0317bdf7f98c299d573cc7,1784044805,finish__timing__setup__tns,-19700.0,-19900.0,Failing
sky130hd,gcd,08320583a428be071c0317bdf7f98c299d573cc7,1784044805,cts__timing__setup__ws,-1.36,-1.45,Failing
sky130hd,gcd,08320583a428be071c0317bdf7f98c299d573cc7,1784044805,cts__timing__setup__tns,-58.6,-60.9,Failing
sky130hd,gcd,08320583a428be071c0317bdf7f98c299d573cc7,1784044805,globalroute__timing__setup__ws,-1.58,-1.66,Failing
sky130hd,gcd,08320583a428be071c0317bdf7f98c299d573cc7,1784044805,globalroute__timing__setup__tns,-67.4,-71.6,Failing
sky130hd,gcd,08320583a428be071c0317bdf7f98c299d573cc7,1784044805,detailedroute__route__wirelength,11052,13026,Failing
sky130hd,gcd,08320583a428be071c0317bdf7f98c299d573cc7,1784044805,finish__timing__setup__ws,-1.47,-1.53,Failing
sky130hd,gcd,08320583a428be071c0317bdf7f98c299d573cc7,1784044805,finish__timing__setup__tns,-62.0,-67.0,Failing
sky130hd,jpeg,08320583a428be071c0317bdf7f98c299d573cc7,1784044805,cts__timing__setup__ws,-0.716,-0.692,Tighten
sky130hd,jpeg,08320583a428be071c0317bdf7f98c299d573cc7,1784044805,cts__timing__setup__tns,-78.6,-81.3,Failing
sky130hd,jpeg,08320583a428be071c0317bdf7f98c299d573cc7,1784044805,globalroute__antenna_diodes_count,100,102,Failing
sky130hd,jpeg,08320583a428be071c0317bdf7f98c299d573cc7,1784044805,globalroute__timing__setup__ws,-0.877,-0.853,Tighten
sky130hd,jpeg,08320583a428be071c0317bdf7f98c299d573cc7,1784044805,globalroute__timing__setup__tns,-139.0,-129.0,Tighten
sky130hd,jpeg,08320583a428be071c0317bdf7f98c299d573cc7,1784044805,finish__timing__setup__tns,-53.5,-52.9,Tighten
sky130hd,microwatt,08320583a428be071c0317bdf7f98c299d573cc7,1784044805,cts__timing__setup__tns,-299.0,-290.0,Tighten
sky130hd,microwatt,08320583a428be071c0317bdf7f98c299d573cc7,1784044805,globalroute__antenna_diodes_count,1497,1595,Failing
sky130hd,microwatt,08320583a428be071c0317bdf7f98c299d573cc7,1784044805,globalroute__timing__setup__ws,-2.43,-2.4,Tighten
sky130hd,microwatt,08320583a428be071c0317bdf7f98c299d573cc7,1784044805,globalroute__timing__setup__tns,-277.0,-261.0,Tighten
sky130hd,microwatt,08320583a428be071c0317bdf7f98c299d573cc7,1784044805,detailedroute__antenna_diodes_count,1425,1220,Tighten
sky130hd,microwatt,08320583a428be071c0317bdf7f98c299d573cc7,1784044805,finish__timing__setup__tns,-326.0,-270.0,Tighten
sky130hd,microwatt,08320583a428be071c0317bdf7f98c299d573cc7,1784044805,finish__timing__hold__tns,-9.05,-4.46,Tighten
sky130hd,riscv32i,08320583a428be071c0317bdf7f98c299d573cc7,1784044805,placeopt__design__instance__area,81836,81677,Tighten
sky130hd,riscv32i,08320583a428be071c0317bdf7f98c299d573cc7,1784044805,placeopt__design__instance__count__stdcell,8404,8384,Tighten
sky130hd,riscv32i,08320583a428be071c0317bdf7f98c299d573cc7,1784044805,cts__design__instance__count__setup_buffer,731,729,Tighten
sky130hd,riscv32i,08320583a428be071c0317bdf7f98c299d573cc7,1784044805,cts__design__instance__count__hold_buffer,731,729,Tighten
sky130hd,riscv32i,08320583a428be071c0317bdf7f98c299d573cc7,1784044805,cts__timing__setup__ws,-1.41,-1.31,Tighten
sky130hd,riscv32i,08320583a428be071c0317bdf7f98c299d573cc7,1784044805,cts__timing__setup__tns,-128.0,-88.1,Tighten
sky130hd,riscv32i,08320583a428be071c0317bdf7f98c299d573cc7,1784044805,globalroute__timing__setup__ws,-1.55,-1.53,Tighten
sky130hd,riscv32i,08320583a428be071c0317bdf7f98c299d573cc7,1784044805,globalroute__timing__setup__tns,-224.0,-255.0,Failing
sky130hd,riscv32i,08320583a428be071c0317bdf7f98c299d573cc7,1784044805,detailedroute__route__wirelength,312952,309885,Tighten
sky130hd,riscv32i,08320583a428be071c0317bdf7f98c299d573cc7,1784044805,finish__timing__setup__tns,-114.0,-136.0,Failing
sky130hd,aes,08320583a428be071c0317bdf7f98c299d573cc7,1784044805,globalroute__timing__setup__ws,-0.554,-0.46,Tighten
sky130hd,aes,08320583a428be071c0317bdf7f98c299d573cc7,1784044805,globalroute__timing__setup__tns,-4.6,-8.39,Failing
sky130hd,aes,08320583a428be071c0317bdf7f98c299d573cc7,1784044805,finish__timing__setup__ws,-0.425,-0.406,Tighten
sky130hd,aes,08320583a428be071c0317bdf7f98c299d573cc7,1784044805,finish__timing__setup__tns,-2.38,-3.38,Failing
sky130hs,jpeg,08320583a428be071c0317bdf7f98c299d573cc7,1784044805,globalroute__timing__setup__ws,-0.268,-0.267,Tighten
sky130hs,jpeg,08320583a428be071c0317bdf7f98c299d573cc7,1784044805,detailedroute__antenna_diodes_count,100,108,Failing
sky130hs,aes,08320583a428be071c0317bdf7f98c299d573cc7,1784044805,globalroute__timing__setup__ws,-0.206,-0.351,Failing
sky130hs,aes,08320583a428be071c0317bdf7f98c299d573cc7,1784044805,globalroute__timing__setup__tns,-1.64,-3.45,Failing
sky130hs,aes,08320583a428be071c0317bdf7f98c299d573cc7,1784044805,finish__timing__setup__ws,-0.145,-0.313,Failing
nangate45,swerv,08320583a428be071c0317bdf7f98c299d573cc7,1784044805,globalroute__timing__setup__ws,-0.699,-0.671,Tighten
nangate45,swerv,08320583a428be071c0317bdf7f98c299d573cc7,1784044805,globalroute__timing__setup__tns,-299.0,-351.0,Failing
nangate45,swerv,08320583a428be071c0317bdf7f98c299d573cc7,1784044805,finish__timing__setup__ws,-0.672,-0.627,Tighten
nangate45,swerv,08320583a428be071c0317bdf7f98c299d573cc7,1784044805,finish__timing__setup__tns,-359.0,-352.0,Tighten
nangate45,jpeg,08320583a428be071c0317bdf7f98c299d573cc7,1784044805,placeopt__design__instance__area,103034,102921,Tighten
nangate45,jpeg,08320583a428be071c0317bdf7f98c299d573cc7,1784044805,placeopt__design__instance__count__stdcell,68147,68062,Tighten
nangate45,jpeg,08320583a428be071c0317bdf7f98c299d573cc7,1784044805,cts__design__instance__count__setup_buffer,5926,5918,Tighten
nangate45,jpeg,08320583a428be071c0317bdf7f98c299d573cc7,1784044805,cts__design__instance__count__hold_buffer,5926,5918,Tighten
nangate45,jpeg,08320583a428be071c0317bdf7f98c299d573cc7,1784044805,cts__timing__setup__tns,-39.1,-42.1,Failing
nangate45,jpeg,08320583a428be071c0317bdf7f98c299d573cc7,1784044805,globalroute__timing__setup__tns,-47.7,-52.9,Failing
nangate45,jpeg,08320583a428be071c0317bdf7f98c299d573cc7,1784044805,detailedroute__route__wirelength,654704,757284,Failing
nangate45,jpeg,08320583a428be071c0317bdf7f98c299d573cc7,1784044805,finish__timing__setup__tns,-43.5,-49.1,Failing
nangate45,tinyRocket,08320583a428be071c0317bdf7f98c299d573cc7,1784044805,cts__timing__setup__tns,-37.6,-40.8,Failing
nangate45,tinyRocket,08320583a428be071c0317bdf7f98c299d573cc7,1784044805,globalroute__timing__setup__tns,-56.6,-59.2,Failing
nangate45,tinyRocket,08320583a428be071c0317bdf7f98c299d573cc7,1784044805,finish__timing__setup__tns,-48.2,-52.4,Failing
nangate45,mempool_group,08320583a428be071c0317bdf7f98c299d573cc7,1784044805,cts__timing__setup__tns,-14900.0,-12200.0,Tighten
nangate45,mempool_group,08320583a428be071c0317bdf7f98c299d573cc7,1784044805,globalroute__timing__setup__tns,-12400.0,-12200.0,Tighten
nangate45,mempool_group,08320583a428be071c0317bdf7f98c299d573cc7,1784044805,finish__timing__setup__tns,-13600.0,-11900.0,Tighten
nangate45,mempool_group,08320583a428be071c0317bdf7f98c299d573cc7,1784044805,finish__timing__hold__tns,-1.02,-1.7,Failing
nangate45,mempool_group,08320583a428be071c0317bdf7f98c299d573cc7,1784044805,finish__design__instance__area,453697,453619,Tighten
nangate45,swerv_wrapper,08320583a428be071c0317bdf7f98c299d573cc7,1784044805,cts__timing__setup__ws,-0.335,-0.331,Tighten
nangate45,swerv_wrapper,08320583a428be071c0317bdf7f98c299d573cc7,1784044805,cts__timing__setup__tns,-237.0,-238.0,Failing
nangate45,swerv_wrapper,08320583a428be071c0317bdf7f98c299d573cc7,1784044805,globalroute__timing__setup__tns,-230.0,-229.0,Tighten
nangate45,swerv_wrapper,08320583a428be071c0317bdf7f98c299d573cc7,1784044805,finish__timing__setup__tns,-211.0,-208.0,Tighten
nangate45,ariane133,08320583a428be071c0317bdf7f98c299d573cc7,1784044805,cts__timing__setup__ws,-0.574,-0.569,Tighten
nangate45,ariane133,08320583a428be071c0317bdf7f98c299d573cc7,1784044805,cts__timing__setup__tns,-743.0,-760.0,Failing
nangate45,ariane133,08320583a428be071c0317bdf7f98c299d573cc7,1784044805,globalroute__timing__setup__tns,-994.0,-798.0,Tighten
nangate45,ariane133,08320583a428be071c0317bdf7f98c299d573cc7,1784044805,finish__timing__setup__tns,-1010.0,-881.0,Tighten
ihp-sg13g2,spi,08320583a428be071c0317bdf7f98c299d573cc7,1784044805,detailedroute__route__wirelength,3972,4630,Failing
ihp-sg13g2,ibex,08320583a428be071c0317bdf7f98c299d573cc7,1784044805,placeopt__design__instance__area,306794,306205,Tighten
ihp-sg13g2,ibex,08320583a428be071c0317bdf7f98c299d573cc7,1784044805,placeopt__design__instance__count__stdcell,20278,20217,Tighten
ihp-sg13g2,ibex,08320583a428be071c0317bdf7f98c299d573cc7,1784044805,cts__design__instance__count__setup_buffer,1763,1758,Tighten
ihp-sg13g2,ibex,08320583a428be071c0317bdf7f98c299d573cc7,1784044805,cts__design__instance__count__hold_buffer,1763,1758,Tighten
ihp-sg13g2,ibex,08320583a428be071c0317bdf7f98c299d573cc7,1784044805,finish__timing__setup__tns,-1.6,-3.55,Failing
ihp-sg13g2,ibex,08320583a428be071c0317bdf7f98c299d573cc7,1784044805,finish__design__instance__area,327350,326753,Tighten
sky130hd,microwatt,2265e1d49465964254a743470c7257d3c9118437,1783951350,cts__timing__setup__ws,-2.6,-2.47,Tighten
sky130hd,microwatt,2265e1d49465964254a743470c7257d3c9118437,1783951350,cts__timing__setup__tns,-331.0,-299.0,Tighten
sky130hd,microwatt,2265e1d49465964254a743470c7257d3c9118437,1783951350,globalroute__antenna_diodes_count,1692,1497,Tighten
sky130hd,microwatt,2265e1d49465964254a743470c7257d3c9118437,1783951350,globalroute__timing__setup__ws,-2.49,-2.43,Tighten
sky130hd,microwatt,2265e1d49465964254a743470c7257d3c9118437,1783951350,globalroute__timing__setup__tns,-315.0,-277.0,Tighten
sky130hd,microwatt,2265e1d49465964254a743470c7257d3c9118437,1783951350,detailedroute__antenna__violating__nets,1,0,Tighten
sky130hd,microwatt,2265e1d49465964254a743470c7257d3c9118437,1783951350,detailedroute__antenna_diodes_count,1295,1425,Failing
sky130hd,microwatt,2265e1d49465964254a743470c7257d3c9118437,1783951350,finish__timing__setup__tns,-307.0,-326.0,Failing
sky130hd,microwatt,2265e1d49465964254a743470c7257d3c9118437,1783951350,finish__timing__hold__tns,-4.65,-9.05,Failing
sky130hd,microwatt,2a03206d42312b6b567a1cc1ae17499755f3155d,1783518323,cts__timing__setup__ws,-2.66,-2.6,Tighten
sky130hd,microwatt,2a03206d42312b6b567a1cc1ae17499755f3155d,1783518323,cts__timing__setup__tns,-337.0,-331.0,Tighten
sky130hd,microwatt,2a03206d42312b6b567a1cc1ae17499755f3155d,1783518323,globalroute__antenna_diodes_count,1931,1747,Tighten
sky130hd,microwatt,2a03206d42312b6b567a1cc1ae17499755f3155d,1783518323,globalroute__timing__setup__tns,-295.0,-315.0,Failing
sky130hd,microwatt,2a03206d42312b6b567a1cc1ae17499755f3155d,1783518323,detailedroute__antenna__violating__nets,1,0,Tighten
sky130hd,microwatt,2a03206d42312b6b567a1cc1ae17499755f3155d,1783518323,detailedroute__antenna_diodes_count,1274,1297,Failing
sky130hd,microwatt,2a03206d42312b6b567a1cc1ae17499755f3155d,1783518323,finish__timing__setup__tns,-258.0,-312.0,Failing
sky130hd,microwatt,2a03206d42312b6b567a1cc1ae17499755f3155d,1783518323,finish__timing__hold__tns,-5.76,-5.02,Tighten
nangate45,tinyRocket,2a03206d42312b6b567a1cc1ae17499755f3155d,1783518323,synth__design__instance__area__stdcell,59681.09,58300.0,Tighten
nangate45,tinyRocket,2a03206d42312b6b567a1cc1ae17499755f3155d,1783518323,cts__timing__setup__tns,-32.4,-37.6,Failing
nangate45,tinyRocket,2a03206d42312b6b567a1cc1ae17499755f3155d,1783518323,globalroute__timing__setup__tns,-53.9,-56.6,Failing
nangate45,tinyRocket,2a03206d42312b6b567a1cc1ae17499755f3155d,1783518323,finish__timing__setup__tns,-46.6,-48.2,Failing
nangate45,mempool_group,2a03206d42312b6b567a1cc1ae17499755f3155d,1783518323,cts__timing__setup__tns,-12400.0,-14900.0,Failing
nangate45,mempool_group,2a03206d42312b6b567a1cc1ae17499755f3155d,1783518323,globalroute__timing__setup__tns,-14800.0,-12400.0,Tighten
sky130hd,microwatt,9c8a92e8bcc420a53d96c68d4c763a87940fbc27,1783028450,globalroute__antenna_diodes_count,1909,1931,Failing
sky130hd,microwatt,9c8a92e8bcc420a53d96c68d4c763a87940fbc27,1783028450,detailedroute__antenna__violating__nets,0,1,Failing
sky130hd,microwatt,9c8a92e8bcc420a53d96c68d4c763a87940fbc27,1783028450,detailedroute__antenna_diodes_count,1267,1274,Failing
nangate45,ariane133,9c8a92e8bcc420a53d96c68d4c763a87940fbc27,1783028450,globalroute__timing__setup__tns,-880.0,-994.0,Failing
nangate45,ariane133,9c8a92e8bcc420a53d96c68d4c763a87940fbc27,1783028450,finish__timing__setup__tns,-964.0,-1010.0,Failing
nangate45,ariane133,f7bc306ebdd2309b994d76ea9999084e4b6b228e,1782931001,cts__timing__setup__ws,-0.579,-0.574,Tighten
nangate45,ariane133,f7bc306ebdd2309b994d76ea9999084e4b6b228e,1782931001,cts__timing__setup__tns,-929.0,-743.0,Tighten
nangate45,ariane133,f7bc306ebdd2309b994d76ea9999084e4b6b228e,1782931001,globalroute__timing__setup__tns,-755.0,-880.0,Failing
nangate45,ariane133,f7bc306ebdd2309b994d76ea9999084e4b6b228e,1782931001,finish__timing__setup__tns,-801.0,-964.0,Failing
gf12,bp_single,09991a1efadfc2860041a6932a6b3d8b28f3a70f,1782853376,cts__timing__setup__ws,-632.0,-835.0,Failing
gf12,bp_single,09991a1efadfc2860041a6932a6b3d8b28f3a70f,1782853376,cts__timing__setup__tns,-311000.0,-517000.0,Failing
gf12,bp_single,09991a1efadfc2860041a6932a6b3d8b28f3a70f,1782853376,cts__timing__hold__ws,-305.0,-299.0,Tighten
gf12,bp_single,09991a1efadfc2860041a6932a6b3d8b28f3a70f,1782853376,cts__timing__hold__tns,-784.0,-4250.0,Failing
gf12,bp_single,09991a1efadfc2860041a6932a6b3d8b28f3a70f,1782853376,globalroute__timing__setup__ws,-470.0,-615.0,Failing
gf12,bp_single,09991a1efadfc2860041a6932a6b3d8b28f3a70f,1782853376,globalroute__timing__setup__tns,-33700.0,-106000.0,Failing
gf12,bp_single,09991a1efadfc2860041a6932a6b3d8b28f3a70f,1782853376,finish__timing__setup__ws,-227.0,-207.0,Tighten
gf12,bp_single,09991a1efadfc2860041a6932a6b3d8b28f3a70f,1782853376,finish__timing__setup__tns,-1590.0,-1430.0,Tighten
gf12,bp_dual,09991a1efadfc2860041a6932a6b3d8b28f3a70f,1782853376,cts__timing__setup__ws,-758.0,-614.0,Tighten
gf12,bp_dual,09991a1efadfc2860041a6932a6b3d8b28f3a70f,1782853376,globalroute__timing__setup__ws,-100.0,-201.0,Failing
gf12,bp_dual,09991a1efadfc2860041a6932a6b3d8b28f3a70f,1782853376,globalroute__timing__setup__tns,-400.0,-6470.0,Failing
gf12,bp_dual,09991a1efadfc2860041a6932a6b3d8b28f3a70f,1782853376,finish__timing__setup__tns,-1170.0,-1160.0,Tighten
asap7,aes-mbff,aa1f11ef4bf7697f651be5d172426006d9f1def8,1782629190,placeopt__design__instance__area,1897,1877,Tighten
asap7,aes-mbff,aa1f11ef4bf7697f651be5d172426006d9f1def8,1782629190,placeopt__design__instance__count__stdcell,18134,17932,Tighten
asap7,aes-mbff,aa1f11ef4bf7697f651be5d172426006d9f1def8,1782629190,cts__design__instance__count__setup_buffer,1577,1559,Tighten
asap7,aes-mbff,aa1f11ef4bf7697f651be5d172426006d9f1def8,1782629190,cts__design__instance__count__hold_buffer,1577,1559,Tighten
asap7,aes-mbff,aa1f11ef4bf7697f651be5d172426006d9f1def8,1782629190,detailedroute__route__wirelength,69120,68143,Tighten
asap7,aes-mbff,aa1f11ef4bf7697f651be5d172426006d9f1def8,1782629190,finish__timing__setup__ws,-20.8,-47.7,Failing
asap7,aes-mbff,aa1f11ef4bf7697f651be5d172426006d9f1def8,1782629190,finish__timing__setup__tns,-77.8,-329.0,Failing
asap7,aes-mbff,aa1f11ef4bf7697f651be5d172426006d9f1def8,1782629190,finish__design__instance__area,1942,1911,Tighten
asap7,ethmac,aa1f11ef4bf7697f651be5d172426006d9f1def8,1782629190,cts__timing__setup__tns,-1270.0,-1480.0,Failing
asap7,ethmac,aa1f11ef4bf7697f651be5d172426006d9f1def8,1782629190,globalroute__timing__setup__tns,-1790.0,-1870.0,Failing
asap7,ethmac,aa1f11ef4bf7697f651be5d172426006d9f1def8,1782629190,finish__timing__setup__tns,-1400.0,-1500.0,Failing
asap7,ethmac_lvt,aa1f11ef4bf7697f651be5d172426006d9f1def8,1782629190,globalroute__timing__setup__tns,-231.0,-308.0,Failing
asap7,mock-alu,aa1f11ef4bf7697f651be5d172426006d9f1def8,1782629190,cts__timing__setup__tns,-17900.0,-18100.0,Failing
asap7,mock-alu,aa1f11ef4bf7697f651be5d172426006d9f1def8,1782629190,finish__timing__setup__tns,-20200.0,-19700.0,Tighten
asap7,riscv32i-mock-sram,aa1f11ef4bf7697f651be5d172426006d9f1def8,1782629190,placeopt__design__instance__area,2296,2291,Tighten
asap7,riscv32i-mock-sram,aa1f11ef4bf7697f651be5d172426006d9f1def8,1782629190,placeopt__design__instance__count__stdcell,11715,11655,Tighten
asap7,riscv32i-mock-sram,aa1f11ef4bf7697f651be5d172426006d9f1def8,1782629190,cts__design__instance__count__setup_buffer,1019,1014,Tighten
asap7,riscv32i-mock-sram,aa1f11ef4bf7697f651be5d172426006d9f1def8,1782629190,cts__design__instance__count__hold_buffer,1019,1014,Tighten
asap7,riscv32i-mock-sram,aa1f11ef4bf7697f651be5d172426006d9f1def8,1782629190,globalroute__timing__setup__ws,-52.8,-52.1,Tighten
asap7,riscv32i-mock-sram,aa1f11ef4bf7697f651be5d172426006d9f1def8,1782629190,detailedroute__route__wirelength,64638,61587,Tighten
asap7,riscv32i-mock-sram,aa1f11ef4bf7697f651be5d172426006d9f1def8,1782629190,finish__timing__setup__tns,-6380.0,-21300.0,Failing
asap7,riscv32i-mock-sram,aa1f11ef4bf7697f651be5d172426006d9f1def8,1782629190,finish__design__instance__area,2373,2367,Tighten
gf12,swerv_wrapper,aa1f11ef4bf7697f651be5d172426006d9f1def8,1782629190,synth__design__instance__area__stdcell,156883.93,38200.0,Tighten
gf12,swerv_wrapper,aa1f11ef4bf7697f651be5d172426006d9f1def8,1782629190,placeopt__design__instance__area,172761,172730,Tighten
gf12,swerv_wrapper,aa1f11ef4bf7697f651be5d172426006d9f1def8,1782629190,cts__design__instance__count__hold_buffer,11303,11294,Tighten
gf12,swerv_wrapper,aa1f11ef4bf7697f651be5d172426006d9f1def8,1782629190,cts__timing__hold__ws,-104.0,-236.0,Failing
gf12,swerv_wrapper,aa1f11ef4bf7697f651be5d172426006d9f1def8,1782629190,detailedroute__route__wirelength,2307185,2275794,Tighten
gf12,swerv_wrapper,aa1f11ef4bf7697f651be5d172426006d9f1def8,1782629190,finish__design__instance__area,177526,177466,Tighten
gf180,aes,aa1f11ef4bf7697f651be5d172426006d9f1def8,1782629190,cts__timing__setup__tns,-83.0,-87.3,Failing
gf180,aes,aa1f11ef4bf7697f651be5d172426006d9f1def8,1782629190,globalroute__timing__setup__tns,-101.0,-100.0,Tighten
gf180,aes,aa1f11ef4bf7697f651be5d172426006d9f1def8,1782629190,finish__timing__setup__tns,-96.3,-97.6,Failing
gf180,aes,aa1f11ef4bf7697f651be5d172426006d9f1def8,1782629190,finish__design__instance__area,810940,804777,Tighten
ihp-sg13g2,jpeg,aa1f11ef4bf7697f651be5d172426006d9f1def8,1782629190,detailedroute__route__wirelength,3457035,3409783,Tighten
ihp-sg13g2,jpeg,aa1f11ef4bf7697f651be5d172426006d9f1def8,1782629190,detailedroute__antenna_diodes_count,116,176,Failing
nangate45,ariane136,aa1f11ef4bf7697f651be5d172426006d9f1def8,1782629190,finish__timing__setup__ws,-0.318,-0.3,Tighten
nangate45,ariane136,aa1f11ef4bf7697f651be5d172426006d9f1def8,1782629190,finish__timing__setup__tns,-1.36,-1.2,Tighten
nangate45,mempool_group,aa1f11ef4bf7697f651be5d172426006d9f1def8,1782629190,synth__design__instance__area__stdcell,424000.0,304000.0,Tighten
nangate45,mempool_group,aa1f11ef4bf7697f651be5d172426006d9f1def8,1782629190,placeopt__design__instance__count__stdcell,188318,188286,Tighten
nangate45,mempool_group,aa1f11ef4bf7697f651be5d172426006d9f1def8,1782629190,cts__timing__setup__tns,-12200.0,-12400.0,Failing
nangate45,mempool_group,aa1f11ef4bf7697f651be5d172426006d9f1def8,1782629190,globalroute__timing__setup__tns,-12100.0,-14800.0,Failing
nangate45,mempool_group,aa1f11ef4bf7697f651be5d172426006d9f1def8,1782629190,finish__timing__hold__tns,-1.35,-1.02,Tighten
nangate45,mempool_group,aa1f11ef4bf7697f651be5d172426006d9f1def8,1782629190,finish__design__instance__area,453719,453697,Tighten
nangate45,swerv,aa1f11ef4bf7697f651be5d172426006d9f1def8,1782629190,cts__timing__setup__tns,-358.0,-319.0,Tighten
nangate45,swerv,aa1f11ef4bf7697f651be5d172426006d9f1def8,1782629190,globalroute__timing__setup__ws,-0.719,-0.699,Tighten
nangate45,swerv,aa1f11ef4bf7697f651be5d172426006d9f1def8,1782629190,globalroute__timing__setup__tns,-562.0,-299.0,Tighten
nangate45,swerv,aa1f11ef4bf7697f651be5d172426006d9f1def8,1782629190,finish__timing__setup__ws,-0.677,-0.672,Tighten
nangate45,swerv,aa1f11ef4bf7697f651be5d172426006d9f1def8,1782629190,finish__timing__setup__tns,-473.0,-359.0,Tighten
nangate45,swerv_wrapper,aa1f11ef4bf7697f651be5d172426006d9f1def8,1782629190,cts__timing__setup__ws,-0.344,-0.335,Tighten
nangate45,swerv_wrapper,aa1f11ef4bf7697f651be5d172426006d9f1def8,1782629190,cts__timing__setup__tns,-223.0,-237.0,Failing
nangate45,swerv_wrapper,aa1f11ef4bf7697f651be5d172426006d9f1def8,1782629190,globalroute__timing__setup__ws,-0.357,-0.337,Tighten
nangate45,swerv_wrapper,aa1f11ef4bf7697f651be5d172426006d9f1def8,1782629190,globalroute__timing__setup__tns,-266.0,-230.0,Tighten
nangate45,swerv_wrapper,aa1f11ef4bf7697f651be5d172426006d9f1def8,1782629190,detailedroute__route__wirelength,4192077,4160494,Tighten
nangate45,swerv_wrapper,aa1f11ef4bf7697f651be5d172426006d9f1def8,1782629190,finish__timing__setup__ws,-0.35,-0.315,Tighten
nangate45,swerv_wrapper,aa1f11ef4bf7697f651be5d172426006d9f1def8,1782629190,finish__timing__setup__tns,-247.0,-211.0,Tighten
sky130hd,chameleon,aa1f11ef4bf7697f651be5d172426006d9f1def8,1782629190,placeopt__design__instance__count__stdcell,59473,59466,Tighten
sky130hd,chameleon,aa1f11ef4bf7697f651be5d172426006d9f1def8,1782629190,cts__design__instance__count__setup_buffer,5172,5171,Tighten
sky130hd,chameleon,aa1f11ef4bf7697f651be5d172426006d9f1def8,1782629190,cts__design__instance__count__hold_buffer,5172,5171,Tighten
sky130hd,chameleon,aa1f11ef4bf7697f651be5d172426006d9f1def8,1782629190,cts__timing__setup__ws,-0.321,-0.301,Tighten
sky130hd,chameleon,aa1f11ef4bf7697f651be5d172426006d9f1def8,1782629190,cts__timing__setup__tns,-5.4,-4.9,Tighten
sky130hd,chameleon,aa1f11ef4bf7697f651be5d172426006d9f1def8,1782629190,globalroute__antenna_diodes_count,209,231,Failing
sky130hd,chameleon,aa1f11ef4bf7697f651be5d172426006d9f1def8,1782629190,globalroute__timing__setup__ws,-0.356,-0.318,Tighten
sky130hd,chameleon,aa1f11ef4bf7697f651be5d172426006d9f1def8,1782629190,globalroute__timing__setup__tns,-6.6,-5.15,Tighten
sky130hd,chameleon,aa1f11ef4bf7697f651be5d172426006d9f1def8,1782629190,detailedroute__route__wirelength,846125,845205,Tighten
sky130hd,chameleon,aa1f11ef4bf7697f651be5d172426006d9f1def8,1782629190,finish__timing__setup__ws,-0.28,-0.247,Tighten
sky130hd,chameleon,aa1f11ef4bf7697f651be5d172426006d9f1def8,1782629190,finish__timing__setup__tns,-2.59,-1.93,Tighten
sky130hd,gcd,aa1f11ef4bf7697f651be5d172426006d9f1def8,1782629190,placeopt__design__instance__area,4695,4681,Tighten
sky130hd,gcd,aa1f11ef4bf7697f651be5d172426006d9f1def8,1782629190,cts__timing__setup__tns,-60.3,-58.6,Tighten
sky130hd,gcd,aa1f11ef4bf7697f651be5d172426006d9f1def8,1782629190,globalroute__timing__setup__tns,-67.2,-67.4,Failing
sky130hd,gcd,aa1f11ef4bf7697f651be5d172426006d9f1def8,1782629190,finish__timing__setup__tns,-61.2,-62.0,Failing
sky130hd,microwatt,aa1f11ef4bf7697f651be5d172426006d9f1def8,1782629190,cts__timing__setup__ws,-2.71,-2.66,Tighten
sky130hd,microwatt,aa1f11ef4bf7697f651be5d172426006d9f1def8,1782629190,cts__timing__setup__tns,-355.0,-337.0,Tighten
sky130hd,microwatt,aa1f11ef4bf7697f651be5d172426006d9f1def8,1782629190,globalroute__antenna_diodes_count,1276,1909,Failing
sky130hd,microwatt,aa1f11ef4bf7697f651be5d172426006d9f1def8,1782629190,globalroute__timing__setup__ws,-2.8,-2.49,Tighten
sky130hd,microwatt,aa1f11ef4bf7697f651be5d172426006d9f1def8,1782629190,globalroute__timing__setup__tns,-373.0,-295.0,Tighten
sky130hd,microwatt,aa1f11ef4bf7697f651be5d172426006d9f1def8,1782629190,detailedroute__antenna_diodes_count,1411,1267,Tighten
sky130hd,microwatt,aa1f11ef4bf7697f651be5d172426006d9f1def8,1782629190,finish__timing__setup__ws,-2.69,-2.42,Tighten
sky130hd,microwatt,aa1f11ef4bf7697f651be5d172426006d9f1def8,1782629190,finish__timing__setup__tns,-333.0,-258.0,Tighten
sky130hd,microwatt,aa1f11ef4bf7697f651be5d172426006d9f1def8,1782629190,finish__timing__hold__ws,-0.989,-0.954,Tighten
nangate45,ariane133,aa1f11ef4bf7697f651be5d172426006d9f1def8,1782629190,cts__timing__setup__tns,-674.0,-929.0,Failing
nangate45,ariane133,aa1f11ef4bf7697f651be5d172426006d9f1def8,1782629190,globalroute__timing__setup__ws,-0.569,-0.557,Tighten
nangate45,ariane133,aa1f11ef4bf7697f651be5d172426006d9f1def8,1782629190,globalroute__timing__setup__tns,-664.0,-755.0,Failing
nangate45,ariane133,aa1f11ef4bf7697f651be5d172426006d9f1def8,1782629190,detailedroute__route__wirelength,8478680,8397160,Tighten
nangate45,ariane133,aa1f11ef4bf7697f651be5d172426006d9f1def8,1782629190,finish__timing__setup__ws,-0.595,-0.589,Tighten
nangate45,ariane133,aa1f11ef4bf7697f651be5d172426006d9f1def8,1782629190,finish__timing__setup__tns,-702.0,-801.0,Failing
sky130hd,microwatt,21d163ead5f10e2b61189ce993637d0998aad586,1782537197,globalroute__antenna_diodes_count,1271,1276,Failing
sky130hd,microwatt,21d163ead5f10e2b61189ce993637d0998aad586,1782537197,finish__timing__setup__ws,-2.73,-2.69,Tighten
sky130hd,microwatt,21d163ead5f10e2b61189ce993637d0998aad586,1782537197,finish__timing__hold__ws,-0.991,-0.989,Tighten
sky130hd,microwatt,21d163ead5f10e2b61189ce993637d0998aad586,1782537197,finish__design__instance__area,5575821,5575637,Tighten
sky130hd,microwatt,d632881b5c5fd91e4b3f3f4751d4953797057595,1782411388,globalroute__antenna_diodes_count,1276,1271,Tighten
sky130hd,microwatt,d632881b5c5fd91e4b3f3f4751d4953797057595,1782411388,detailedroute__antenna_diodes_count,1341,1411,Failing
gf12,bp_single,a837b6642cb23bcca4ede345ccddf8dfc955d19b,1782403847,synth__design__instance__area__stdcell,1020000.0,156000.0,Tighten
gf12,bp_single,a837b6642cb23bcca4ede345ccddf8dfc955d19b,1782403847,cts__timing__setup__tns,-331000.0,-311000.0,Tighten
gf12,bp_single,a837b6642cb23bcca4ede345ccddf8dfc955d19b,1782403847,globalroute__timing__setup__tns,-32700.0,-33700.0,Failing
gf12,bp_single,a837b6642cb23bcca4ede345ccddf8dfc955d19b,1782403847,finish__timing__setup__tns,-1600.0,-1590.0,Tighten
gf12,bp_dual,a837b6642cb23bcca4ede345ccddf8dfc955d19b,1782403847,cts__timing__setup__tns,-1480000.0,-1500000.0,Failing
gf12,bp_dual,a837b6642cb23bcca4ede345ccddf8dfc955d19b,1782403847,finish__timing__setup__tns,-1180.0,-1170.0,Tighten
gf12,bp_quad,a837b6642cb23bcca4ede345ccddf8dfc955d19b,1782403847,placeopt__design__instance__area,1503890,1497196,Tighten
gf12,bp_quad,a837b6642cb23bcca4ede345ccddf8dfc955d19b,1782403847,placeopt__design__instance__count__stdcell,1472164,1455380,Tighten
gf12,bp_quad,a837b6642cb23bcca4ede345ccddf8dfc955d19b,1782403847,cts__design__instance__count__setup_buffer,128014,126555,Tighten
gf12,bp_quad,a837b6642cb23bcca4ede345ccddf8dfc955d19b,1782403847,cts__design__instance__count__hold_buffer,128014,126555,Tighten
gf12,bp_quad,a837b6642cb23bcca4ede345ccddf8dfc955d19b,1782403847,cts__timing__setup__ws,-375.0,-313.0,Tighten
gf12,bp_quad,a837b6642cb23bcca4ede345ccddf8dfc955d19b,1782403847,cts__timing__setup__tns,-393000.0,-247000.0,Tighten
gf12,bp_quad,a837b6642cb23bcca4ede345ccddf8dfc955d19b,1782403847,globalroute__antenna_diodes_count,1125,1107,Tighten
gf12,bp_quad,a837b6642cb23bcca4ede345ccddf8dfc955d19b,1782403847,globalroute__timing__setup__ws,-223.0,-133.0,Tighten
gf12,bp_quad,a837b6642cb23bcca4ede345ccddf8dfc955d19b,1782403847,globalroute__timing__setup__tns,-4160.0,-702.0,Tighten
gf12,bp_quad,a837b6642cb23bcca4ede345ccddf8dfc955d19b,1782403847,detailedroute__route__drc_errors,0,1,Failing
gf12,bp_quad,a837b6642cb23bcca4ede345ccddf8dfc955d19b,1782403847,detailedroute__antenna_diodes_count,1131,1110,Tighten
gf12,bp_quad,a837b6642cb23bcca4ede345ccddf8dfc955d19b,1782403847,finish__timing__setup__ws,-225.0,-219.0,Tighten
gf12,bp_quad,a837b6642cb23bcca4ede345ccddf8dfc955d19b,1782403847,finish__timing__setup__tns,-1730.0,-1620.0,Tighten
gf12,bp_quad,a837b6642cb23bcca4ede345ccddf8dfc955d19b,1782403847,finish__design__instance__area,1534801,1524210,Tighten
sky130hd,chameleon,a837b6642cb23bcca4ede345ccddf8dfc955d19b,1782403847,globalroute__antenna_diodes_count,207,209,Failing
sky130hd,chameleon,a837b6642cb23bcca4ede345ccddf8dfc955d19b,1782403847,detailedroute__route__wirelength,846595,846125,Tighten
sky130hd,chameleon,a837b6642cb23bcca4ede345ccddf8dfc955d19b,1782403847,finish__timing__setup__ws,-0.282,-0.28,Tighten
sky130hd,microwatt,a837b6642cb23bcca4ede345ccddf8dfc955d19b,1782403847,globalroute__antenna_diodes_count,1271,1276,Failing
sky130hd,microwatt,a837b6642cb23bcca4ede345ccddf8dfc955d19b,1782403847,detailedroute__antenna_diodes_count,1411,1341,Tighten
sky130hd,microwatt,a837b6642cb23bcca4ede345ccddf8dfc955d19b,1782403847,finish__timing__setup__ws,-2.73,-2.69,Tighten
sky130hd,microwatt,a837b6642cb23bcca4ede345ccddf8dfc955d19b,1782403847,finish__timing__hold__ws,-0.991,-0.989,Tighten
sky130hd,microwatt,a837b6642cb23bcca4ede345ccddf8dfc955d19b,1782403847,finish__design__instance__area,5575821,5575637,Tighten
sky130hd,microwatt,01bb7c248290bbd84ae7738872853594c7a031da,1781384898,cts__timing__setup__tns,-356.0,-359.0,Failing
sky130hd,microwatt,01bb7c248290bbd84ae7738872853594c7a031da,1781384898,globalroute__antenna_diodes_count,1153,1355,Failing
sky130hd,microwatt,01bb7c248290bbd84ae7738872853594c7a031da,1781384898,globalroute__timing__setup__tns,-345.0,-365.0,Failing
sky130hd,microwatt,01bb7c248290bbd84ae7738872853594c7a031da,1781384898,detailedroute__antenna__violating__nets,1,0,Tighten
sky130hd,microwatt,01bb7c248290bbd84ae7738872853594c7a031da,1781384898,detailedroute__antenna_diodes_count,1513,1406,Tighten
sky130hd,microwatt,01bb7c248290bbd84ae7738872853594c7a031da,1781384898,finish__timing__setup__tns,-349.0,-364.0,Failing
sky130hd,microwatt,006cf5ddb7f052a6b6e176a9d78997afb06b4243,1781307379,cts__timing__setup__tns,-359.0,-356.0,Tighten
sky130hd,microwatt,006cf5ddb7f052a6b6e176a9d78997afb06b4243,1781307379,globalroute__antenna_diodes_count,1355,1153,Tighten
sky130hd,microwatt,006cf5ddb7f052a6b6e176a9d78997afb06b4243,1781307379,globalroute__timing__setup__tns,-365.0,-345.0,Tighten
sky130hd,microwatt,006cf5ddb7f052a6b6e176a9d78997afb06b4243,1781307379,detailedroute__antenna__violating__nets,0,1,Failing
sky130hd,microwatt,006cf5ddb7f052a6b6e176a9d78997afb06b4243,1781307379,detailedroute__antenna_diodes_count,1406,1513,Failing
sky130hd,microwatt,006cf5ddb7f052a6b6e176a9d78997afb06b4243,1781307379,finish__timing__setup__tns,-364.0,-349.0,Tighten
sky130hd,microwatt,006cf5ddb7f052a6b6e176a9d78997afb06b4243,1781307379,finish__timing__hold__tns,-7.72,-7.01,Tighten
sky130hd,microwatt,006cf5ddb7f052a6b6e176a9d78997afb06b4243,1781307379,finish__design__instance__area,5572106,5571612,Tighten
gf12,gcd,4c06bcb2466996a90d31101d85d705ad015950bc,1778681124,cts__timing__setup__tns,-94.6,-178.0,Failing
gf12,jpeg,4c06bcb2466996a90d31101d85d705ad015950bc,1778681124,cts__timing__setup__ws,-58.6,-96.0,Failing
gf12,jpeg,4c06bcb2466996a90d31101d85d705ad015950bc,1778681124,cts__timing__setup__tns,-13300.0,-18500.0,Failing
gf12,jpeg,4c06bcb2466996a90d31101d85d705ad015950bc,1778681124,globalroute__timing__setup__tns,-8780.0,-8510.0,Tighten
gf12,jpeg,4c06bcb2466996a90d31101d85d705ad015950bc,1778681124,detailedroute__route__wirelength,413827,409584,Tighten
gf180,ibex,75c8d961a8d1386e9b7120aaf6932a64279a571a,1778077286,finish__timing__setup__tns,-2.22,-4.76,Failing
gf180,ibex,75c8d961a8d1386e9b7120aaf6932a64279a571a,1778077286,finish__design__instance__area,764974,764104,Tighten
asap7,gcd,75c8d961a8d1386e9b7120aaf6932a64279a571a,1778077286,globalroute__timing__setup__tns,-1790.0,-2050.0,Failing
asap7,gcd,75c8d961a8d1386e9b7120aaf6932a64279a571a,1778077286,detailedroute__route__wirelength,1324,1947,Failing
asap7,gcd,75c8d961a8d1386e9b7120aaf6932a64279a571a,1778077286,finish__timing__setup__tns,-1570.0,-1820.0,Failing
asap7,riscv32i-mock-sram,75c8d961a8d1386e9b7120aaf6932a64279a571a,1778077286,globalroute__timing__setup__ws,-56.5,-47.5,Tighten
asap7,riscv32i-mock-sram,75c8d961a8d1386e9b7120aaf6932a64279a571a,1778077286,globalroute__timing__setup__tns,-407.0,-190.0,Tighten
asap7,riscv32i-mock-sram,75c8d961a8d1386e9b7120aaf6932a64279a571a,1778077286,finish__timing__setup__tns,-298.0,-1330.0,Failing
asap7,ibex,75c8d961a8d1386e9b7120aaf6932a64279a571a,1778077286,cts__timing__setup__tns,-1630.0,-13700.0,Failing
asap7,ibex,75c8d961a8d1386e9b7120aaf6932a64279a571a,1778077286,finish__design__instance__area,2816,2810,Tighten
asap7,uart,75c8d961a8d1386e9b7120aaf6932a64279a571a,1778077286,detailedroute__route__wirelength,1673,1973,Failing
asap7,uart,75c8d961a8d1386e9b7120aaf6932a64279a571a,1778077286,finish__timing__setup__ws,-52.4,-47.3,Tighten
asap7,uart,75c8d961a8d1386e9b7120aaf6932a64279a571a,1778077286,finish__timing__setup__tns,-1320.0,-1210.0,Tighten
asap7,gcd-ccs,75c8d961a8d1386e9b7120aaf6932a64279a571a,1778077286,cts__timing__setup__ws,-63.5,-63.4,Tighten
asap7,gcd-ccs,75c8d961a8d1386e9b7120aaf6932a64279a571a,1778077286,cts__timing__setup__tns,-773.0,-768.0,Tighten
asap7,gcd-ccs,75c8d961a8d1386e9b7120aaf6932a64279a571a,1778077286,globalroute__timing__setup__ws,-63.5,-63.4,Tighten
asap7,gcd-ccs,75c8d961a8d1386e9b7120aaf6932a64279a571a,1778077286,globalroute__timing__setup__tns,-771.0,-766.0,Tighten
asap7,gcd-ccs,75c8d961a8d1386e9b7120aaf6932a64279a571a,1778077286,finish__timing__setup__tns,-1270.0,-1430.0,Failing
sky130hd,chameleon,75c8d961a8d1386e9b7120aaf6932a64279a571a,1778077286,cts__timing__setup__ws,-0.962,-0.945,Tighten
sky130hd,chameleon,75c8d961a8d1386e9b7120aaf6932a64279a571a,1778077286,cts__timing__setup__tns,-6.72,-8.5,Failing
sky130hd,chameleon,75c8d961a8d1386e9b7120aaf6932a64279a571a,1778077286,globalroute__antenna_diodes_count,196,194,Tighten
sky130hd,chameleon,75c8d961a8d1386e9b7120aaf6932a64279a571a,1778077286,globalroute__timing__setup__ws,-0.944,-0.909,Tighten
sky130hd,chameleon,75c8d961a8d1386e9b7120aaf6932a64279a571a,1778077286,globalroute__timing__setup__tns,-5.91,-5.68,Tighten
sky130hd,chameleon,75c8d961a8d1386e9b7120aaf6932a64279a571a,1778077286,finish__timing__setup__ws,-0.916,-0.906,Tighten
sky130hd,chameleon,75c8d961a8d1386e9b7120aaf6932a64279a571a,1778077286,finish__timing__setup__tns,-7.59,-6.54,Tighten
sky130hd,gcd,75c8d961a8d1386e9b7120aaf6932a64279a571a,1778077286,cts__timing__setup__tns,-68.8,-69.9,Failing
sky130hd,gcd,75c8d961a8d1386e9b7120aaf6932a64279a571a,1778077286,globalroute__timing__setup__ws,-1.9,-2.25,Failing
sky130hd,gcd,75c8d961a8d1386e9b7120aaf6932a64279a571a,1778077286,globalroute__timing__setup__tns,-88.8,-93.7,Failing
sky130hd,gcd,75c8d961a8d1386e9b7120aaf6932a64279a571a,1778077286,detailedroute__route__wirelength,14932,17828,Failing
sky130hd,gcd,75c8d961a8d1386e9b7120aaf6932a64279a571a,1778077286,finish__timing__setup__ws,-1.74,-1.86,Failing
sky130hd,gcd,75c8d961a8d1386e9b7120aaf6932a64279a571a,1778077286,finish__timing__setup__tns,-81.2,-79.8,Tighten
sky130hd,microwatt,75c8d961a8d1386e9b7120aaf6932a64279a571a,1778077286,cts__timing__setup__tns,-345.0,-335.0,Tighten
sky130hd,microwatt,75c8d961a8d1386e9b7120aaf6932a64279a571a,1778077286,globalroute__antenna_diodes_count,1426,1421,Tighten
sky130hd,microwatt,75c8d961a8d1386e9b7120aaf6932a64279a571a,1778077286,globalroute__timing__setup__tns,-322.0,-288.0,Tighten
sky130hd,microwatt,75c8d961a8d1386e9b7120aaf6932a64279a571a,1778077286,detailedroute__antenna__violating__nets,5,1,Tighten
sky130hd,microwatt,75c8d961a8d1386e9b7120aaf6932a64279a571a,1778077286,detailedroute__antenna_diodes_count,1451,1477,Failing
sky130hd,microwatt,75c8d961a8d1386e9b7120aaf6932a64279a571a,1778077286,finish__timing__setup__tns,-158.0,-140.0,Tighten
sky130hd,microwatt,75c8d961a8d1386e9b7120aaf6932a64279a571a,1778077286,finish__design__instance__area,5572106,5571256,Tighten
sky130hd,aes,75c8d961a8d1386e9b7120aaf6932a64279a571a,1778077286,globalroute__timing__setup__ws,-1.3,-0.523,Tighten
sky130hd,aes,75c8d961a8d1386e9b7120aaf6932a64279a571a,1778077286,globalroute__timing__setup__tns,-9.57,-12.5,Failing
sky130hd,aes,75c8d961a8d1386e9b7120aaf6932a64279a571a,1778077286,finish__timing__setup__ws,-1.17,-0.461,Tighten
sky130hd,aes,75c8d961a8d1386e9b7120aaf6932a64279a571a,1778077286,finish__timing__setup__tns,-2.8,-4.58,Failing
sky130hs,gcd,75c8d961a8d1386e9b7120aaf6932a64279a571a,1778077286,cts__timing__setup__tns,-11.4,-12.3,Failing
sky130hs,gcd,75c8d961a8d1386e9b7120aaf6932a64279a571a,1778077286,globalroute__timing__setup__tns,-19.2,-20.3,Failing
sky130hs,gcd,75c8d961a8d1386e9b7120aaf6932a64279a571a,1778077286,detailedroute__route__wirelength,14238,16488,Failing
sky130hs,gcd,75c8d961a8d1386e9b7120aaf6932a64279a571a,1778077286,finish__timing__setup__tns,-15.8,-17.2,Failing
sky130hs,aes,75c8d961a8d1386e9b7120aaf6932a64279a571a,1778077286,placeopt__design__instance__area,160499,159595,Tighten
sky130hs,aes,75c8d961a8d1386e9b7120aaf6932a64279a571a,1778077286,placeopt__design__instance__count__stdcell,19517,19233,Tighten
sky130hs,aes,75c8d961a8d1386e9b7120aaf6932a64279a571a,1778077286,globalroute__timing__setup__tns,-1.92,-3.16,Failing
sky130hs,aes,75c8d961a8d1386e9b7120aaf6932a64279a571a,1778077286,finish__design__instance__area,176489,174570,Tighten
nangate45,swerv,75c8d961a8d1386e9b7120aaf6932a64279a571a,1778077286,synth__design__instance__area__stdcell,178043.59,166000.0,Tighten
nangate45,swerv,75c8d961a8d1386e9b7120aaf6932a64279a571a,1778077286,placeopt__design__instance__area,179149,177861,Tighten
nangate45,swerv,75c8d961a8d1386e9b7120aaf6932a64279a571a,1778077286,placeopt__design__instance__count__stdcell,99342,98391,Tighten
nangate45,swerv,75c8d961a8d1386e9b7120aaf6932a64279a571a,1778077286,cts__design__instance__count__setup_buffer,8638,8556,Tighten
nangate45,swerv,75c8d961a8d1386e9b7120aaf6932a64279a571a,1778077286,cts__design__instance__count__hold_buffer,8638,8556,Tighten
nangate45,swerv,75c8d961a8d1386e9b7120aaf6932a64279a571a,1778077286,cts__timing__setup__tns,-363.0,-398.0,Failing
nangate45,swerv,75c8d961a8d1386e9b7120aaf6932a64279a571a,1778077286,globalroute__antenna_diodes_count,102,101,Tighten
nangate45,swerv,75c8d961a8d1386e9b7120aaf6932a64279a571a,1778077286,globalroute__timing__setup__tns,-420.0,-498.0,Failing
nangate45,swerv,75c8d961a8d1386e9b7120aaf6932a64279a571a,1778077286,detailedroute__route__wirelength,2659376,2435536,Tighten
nangate45,swerv,75c8d961a8d1386e9b7120aaf6932a64279a571a,1778077286,finish__timing__setup__tns,-396.0,-438.0,Failing
nangate45,bp_fe_top,75c8d961a8d1386e9b7120aaf6932a64279a571a,1778077286,finish__timing__setup__ws,-0.15,-0.14,Tighten
nangate45,bp_fe_top,75c8d961a8d1386e9b7120aaf6932a64279a571a,1778077286,finish__timing__setup__tns,-1.58,-1.95,Failing
nangate45,jpeg,75c8d961a8d1386e9b7120aaf6932a64279a571a,1778077286,synth__design__instance__area__stdcell,102000.0,99800.0,Tighten
nangate45,jpeg,75c8d961a8d1386e9b7120aaf6932a64279a571a,1778077286,placeopt__design__instance__count__stdcell,68509,68139,Tighten
nangate45,jpeg,75c8d961a8d1386e9b7120aaf6932a64279a571a,1778077286,cts__design__instance__count__setup_buffer,5957,5925,Tighten
nangate45,jpeg,75c8d961a8d1386e9b7120aaf6932a64279a571a,1778077286,cts__design__instance__count__hold_buffer,5957,5925,Tighten
nangate45,jpeg,75c8d961a8d1386e9b7120aaf6932a64279a571a,1778077286,cts__timing__setup__tns,-54.6,-43.0,Tighten
nangate45,jpeg,75c8d961a8d1386e9b7120aaf6932a64279a571a,1778077286,globalroute__timing__setup__tns,-66.5,-52.7,Tighten
nangate45,jpeg,75c8d961a8d1386e9b7120aaf6932a64279a571a,1778077286,detailedroute__route__wirelength,631144,767282,Failing
nangate45,jpeg,75c8d961a8d1386e9b7120aaf6932a64279a571a,1778077286,finish__timing__setup__tns,-53.3,-46.7,Tighten
nangate45,tinyRocket,75c8d961a8d1386e9b7120aaf6932a64279a571a,1778077286,cts__timing__setup__tns,-30.0,-37.4,Failing
nangate45,tinyRocket,75c8d961a8d1386e9b7120aaf6932a64279a571a,1778077286,globalroute__timing__setup__tns,-50.3,-64.7,Failing
nangate45,tinyRocket,75c8d961a8d1386e9b7120aaf6932a64279a571a,1778077286,finish__timing__setup__tns,-42.8,-57.6,Failing
nangate45,mempool_group,75c8d961a8d1386e9b7120aaf6932a64279a571a,1778077286,cts__timing__setup__tns,-12000.0,-12100.0,Failing
nangate45,mempool_group,75c8d961a8d1386e9b7120aaf6932a64279a571a,1778077286,globalroute__timing__setup__tns,-14000.0,-12100.0,Tighten
nangate45,ariane133,75c8d961a8d1386e9b7120aaf6932a64279a571a,1778077286,placeopt__design__instance__area,827643,827361,Tighten
nangate45,ariane133,75c8d961a8d1386e9b7120aaf6932a64279a571a,1778077286,cts__timing__setup__tns,-502.0,-556.0,Failing
nangate45,ariane133,75c8d961a8d1386e9b7120aaf6932a64279a571a,1778077286,globalroute__timing__setup__tns,-556.0,-642.0,Failing
nangate45,ariane133,75c8d961a8d1386e9b7120aaf6932a64279a571a,1778077286,finish__timing__setup__tns,-549.0,-604.0,Failing
nangate45,ariane133,75c8d961a8d1386e9b7120aaf6932a64279a571a,1778077286,finish__design__instance__area,837050,836289,Tighten
ihp-sg13g2,spi,75c8d961a8d1386e9b7120aaf6932a64279a571a,1778077286,detailedroute__route__wirelength,3972,4623,Failing
ihp-sg13g2,i2c-gpio-expander,75c8d961a8d1386e9b7120aaf6932a64279a571a,1778077286,detailedroute__route__wirelength,37489,44583,Failing
ihp-sg13g2,ibex,75c8d961a8d1386e9b7120aaf6932a64279a571a,1778077286,synth__design__instance__area__stdcell,280000.0,278000.0,Tighten
ihp-sg13g2,ibex,75c8d961a8d1386e9b7120aaf6932a64279a571a,1778077286,placeopt__design__instance__count__stdcell,20659,20256,Tighten
ihp-sg13g2,ibex,75c8d961a8d1386e9b7120aaf6932a64279a571a,1778077286,detailedroute__route__wirelength,895142,1137972,Failing
asap7,ibex,1fddb90e7f2806954a237e195b22bdc5f9aa0726,1778001606,cts__timing__setup__tns,-1160.0,-1630.0,Failing
asap7,ibex,1fddb90e7f2806954a237e195b22bdc5f9aa0726,1778001606,globalroute__timing__setup__ws,-87.4,-75.9,Tighten
asap7,ibex,1fddb90e7f2806954a237e195b22bdc5f9aa0726,1778001606,globalroute__timing__setup__tns,-10500.0,-451.0,Tighten
asap7,ibex,1fddb90e7f2806954a237e195b22bdc5f9aa0726,1778001606,detailedroute__route__wirelength,100926,99315,Tighten
asap7,ibex,1fddb90e7f2806954a237e195b22bdc5f9aa0726,1778001606,finish__timing__setup__ws,-69.1,-52.5,Tighten
asap7,ibex,1fddb90e7f2806954a237e195b22bdc5f9aa0726,1778001606,finish__timing__setup__tns,-960.0,-205.0,Tighten
asap7,ibex,1fddb90e7f2806954a237e195b22bdc5f9aa0726,1778001606,finish__design__instance__area,2828,2816,Tighten
sky130hd,gcd,1fddb90e7f2806954a237e195b22bdc5f9aa0726,1778001606,synth__design__instance__area__stdcell,2760.0,2660.0,Tighten
sky130hd,gcd,1fddb90e7f2806954a237e195b22bdc5f9aa0726,1778001606,cts__timing__setup__ws,-1.82,-1.62,Tighten
sky130hd,gcd,1fddb90e7f2806954a237e195b22bdc5f9aa0726,1778001606,cts__timing__setup__tns,-77.3,-68.8,Tighten
sky130hd,gcd,1fddb90e7f2806954a237e195b22bdc5f9aa0726,1778001606,globalroute__timing__setup__ws,-1.91,-1.9,Tighten
sky130hd,gcd,1fddb90e7f2806954a237e195b22bdc5f9aa0726,1778001606,globalroute__timing__setup__tns,-85.4,-88.8,Failing
sky130hd,gcd,1fddb90e7f2806954a237e195b22bdc5f9aa0726,1778001606,finish__timing__setup__ws,-1.8,-1.74,Tighten
sky130hd,gcd,1fddb90e7f2806954a237e195b22bdc5f9aa0726,1778001606,finish__timing__setup__tns,-80.8,-81.2,Failing
sky130hd,riscv32i,1fddb90e7f2806954a237e195b22bdc5f9aa0726,1778001606,cts__timing__setup__tns,-94.0,-148.0,Failing
sky130hd,riscv32i,1fddb90e7f2806954a237e195b22bdc5f9aa0726,1778001606,globalroute__timing__setup__tns,-203.0,-301.0,Failing
sky130hd,riscv32i,1fddb90e7f2806954a237e195b22bdc5f9aa0726,1778001606,finish__timing__setup__tns,-88.2,-167.0,Failing
sky130hd,aes,ac48647901857821a41e9069221de18f3023dda2,1777485088,cts__timing__setup__tns,-0.828,-0.823,Tighten
sky130hd,aes,ac48647901857821a41e9069221de18f3023dda2,1777485088,globalroute__timing__setup__ws,-1.08,-1.3,Failing
sky130hd,aes,ac48647901857821a41e9069221de18f3023dda2,1777485088,globalroute__timing__setup__tns,-14.4,-9.57,Tighten
sky130hd,aes,ac48647901857821a41e9069221de18f3023dda2,1777485088,finish__timing__setup__ws,-1.38,-1.17,Tighten
sky130hd,aes,ac48647901857821a41e9069221de18f3023dda2,1777485088,finish__timing__setup__tns,-9.15,-2.8,Tighten
gf12,bp_single,ac48647901857821a41e9069221de18f3023dda2,1777485088,cts__timing__setup__tns,-621000.0,-331000.0,Tighten
gf12,bp_single,ac48647901857821a41e9069221de18f3023dda2,1777485088,cts__timing__hold__ws,-334.0,-305.0,Tighten
gf12,bp_single,ac48647901857821a41e9069221de18f3023dda2,1777485088,cts__timing__hold__tns,-5180.0,-784.0,Tighten
gf12,bp_single,ac48647901857821a41e9069221de18f3023dda2,1777485088,globalroute__timing__setup__ws,-289.0,-470.0,Failing
gf12,bp_single,ac48647901857821a41e9069221de18f3023dda2,1777485088,globalroute__timing__setup__tns,-31300.0,-32700.0,Failing
gf12,bp_single,ac48647901857821a41e9069221de18f3023dda2,1777485088,finish__timing__setup__tns,-1670.0,-1600.0,Tighten
gf12,ca53,ac48647901857821a41e9069221de18f3023dda2,1777485088,cts__timing__setup__ws,-894.0,-538.0,Tighten
gf12,ca53,ac48647901857821a41e9069221de18f3023dda2,1777485088,cts__timing__setup__tns,-4100.0,-1660.0,Tighten
gf12,ca53,ac48647901857821a41e9069221de18f3023dda2,1777485088,globalroute__timing__setup__ws,-100.0,-215.0,Failing
gf12,ca53,ac48647901857821a41e9069221de18f3023dda2,1777485088,finish__timing__hold__tns,-3080.0,-2440.0,Tighten
gf12,bp_dual,ac48647901857821a41e9069221de18f3023dda2,1777485088,cts__timing__setup__ws,-100.0,-758.0,Failing
gf12,bp_dual,ac48647901857821a41e9069221de18f3023dda2,1777485088,cts__timing__setup__tns,-400.0,-1480000.0,Failing
gf12,bp_dual,ac48647901857821a41e9069221de18f3023dda2,1777485088,detailedroute__route__wirelength,13738224,13534035,Tighten
gf12,bp_dual,ac48647901857821a41e9069221de18f3023dda2,1777485088,finish__timing__setup__tns,-1440.0,-1180.0,Tighten
rapidus2hp,jpeg,ac48647901857821a41e9069221de18f3023dda2,1777485088,globalroute__timing__setup__tns,-22.4,-22.5,Failing
rapidus2hp,jpeg,ac48647901857821a41e9069221de18f3023dda2,1777485088,finish__timing__setup__tns,-22.4,-22.5,Failing
rapidus2hp,jpeg,ac48647901857821a41e9069221de18f3023dda2,1777485088,globalroute__timing__setup__tns,-18.8,-22.6,Failing
rapidus2hp,jpeg,ac48647901857821a41e9069221de18f3023dda2,1777485088,finish__timing__setup__tns,-18.8,-22.6,Failing
gf12,bp_single,22bf06faf51b0f7e6b9d3c35e4d5f30de5ec8675,1777145027,cts__timing__setup__ws,-100.0,-632.0,Failing
gf12,bp_single,22bf06faf51b0f7e6b9d3c35e4d5f30de5ec8675,1777145027,cts__timing__setup__tns,-400.0,-621000.0,Failing
gf12,bp_single,22bf06faf51b0f7e6b9d3c35e4d5f30de5ec8675,1777145027,cts__timing__hold__ws,-385.0,-334.0,Tighten
gf12,bp_single,22bf06faf51b0f7e6b9d3c35e4d5f30de5ec8675,1777145027,cts__timing__hold__tns,-4460.0,-5180.0,Failing
gf12,bp_single,22bf06faf51b0f7e6b9d3c35e4d5f30de5ec8675,1777145027,globalroute__timing__setup__ws,-100.0,-289.0,Failing
gf12,bp_single,22bf06faf51b0f7e6b9d3c35e4d5f30de5ec8675,1777145027,globalroute__timing__setup__tns,-400.0,-31300.0,Failing
gf12,bp_single,22bf06faf51b0f7e6b9d3c35e4d5f30de5ec8675,1777145027,globalroute__timing__hold__ws,-382.0,-275.0,Tighten
gf12,bp_single,22bf06faf51b0f7e6b9d3c35e4d5f30de5ec8675,1777145027,globalroute__timing__hold__tns,-2210.0,-577.0,Tighten
gf12,bp_single,22bf06faf51b0f7e6b9d3c35e4d5f30de5ec8675,1777145027,finish__timing__setup__ws,-109.0,-227.0,Failing
gf12,bp_single,22bf06faf51b0f7e6b9d3c35e4d5f30de5ec8675,1777145027,finish__timing__setup__tns,-415.0,-1670.0,Failing
gf12,bp_single,22bf06faf51b0f7e6b9d3c35e4d5f30de5ec8675,1777145027,finish__timing__hold__ws,-208.0,-126.0,Tighten
gf12,ca53,22bf06faf51b0f7e6b9d3c35e4d5f30de5ec8675,1777145027,cts__timing__setup__ws,-100.0,-894.0,Failing
gf12,ca53,22bf06faf51b0f7e6b9d3c35e4d5f30de5ec8675,1777145027,cts__timing__setup__tns,-400.0,-4100.0,Failing
nangate45,bp_fe_top,22bf06faf51b0f7e6b9d3c35e4d5f30de5ec8675,1777145027,cts__timing__setup__tns,-0.36,-1.02,Failing
nangate45,bp_fe_top,22bf06faf51b0f7e6b9d3c35e4d5f30de5ec8675,1777145027,globalroute__timing__setup__tns,-0.396,-0.362,Tighten
nangate45,bp_fe_top,22bf06faf51b0f7e6b9d3c35e4d5f30de5ec8675,1777145027,finish__timing__setup__ws,-0.206,-0.161,Tighten
nangate45,bp_fe_top,22bf06faf51b0f7e6b9d3c35e4d5f30de5ec8675,1777145027,finish__timing__setup__tns,-20.5,-0.685,Tighten
sky130hd,chameleon,22bf06faf51b0f7e6b9d3c35e4d5f30de5ec8675,1777145027,placeopt__design__instance__count__stdcell,59665,59456,Tighten
sky130hd,chameleon,22bf06faf51b0f7e6b9d3c35e4d5f30de5ec8675,1777145027,cts__timing__setup__ws,-2.19,-0.962,Tighten
sky130hd,chameleon,22bf06faf51b0f7e6b9d3c35e4d5f30de5ec8675,1777145027,cts__timing__setup__tns,-34.8,-6.72,Tighten
sky130hd,chameleon,22bf06faf51b0f7e6b9d3c35e4d5f30de5ec8675,1777145027,globalroute__antenna_diodes_count,151,196,Failing
sky130hd,chameleon,22bf06faf51b0f7e6b9d3c35e4d5f30de5ec8675,1777145027,globalroute__timing__setup__ws,-2.24,-0.944,Tighten
sky130hd,chameleon,22bf06faf51b0f7e6b9d3c35e4d5f30de5ec8675,1777145027,globalroute__timing__setup__tns,-10.2,-5.91,Tighten
sky130hd,chameleon,22bf06faf51b0f7e6b9d3c35e4d5f30de5ec8675,1777145027,finish__timing__setup__ws,-2.28,-0.916,Tighten
sky130hd,chameleon,22bf06faf51b0f7e6b9d3c35e4d5f30de5ec8675,1777145027,finish__timing__setup__tns,-9.59,-7.59,Tighten
asap7,ibex,22bf06faf51b0f7e6b9d3c35e4d5f30de5ec8675,1777145027,finish__timing__setup__tns,-722.0,-960.0,Failing
nangate45,mempool_group,22bf06faf51b0f7e6b9d3c35e4d5f30de5ec8675,1777145027,placeopt__design__instance__count__stdcell,194613,188393,Tighten
nangate45,mempool_group,22bf06faf51b0f7e6b9d3c35e4d5f30de5ec8675,1777145027,globalroute__timing__setup__tns,-11400.0,-14000.0,Failing
nangate45,mempool_group,22bf06faf51b0f7e6b9d3c35e4d5f30de5ec8675,1777145027,detailedroute__route__wirelength,5508759,5273763,Tighten
nangate45,mempool_group,22bf06faf51b0f7e6b9d3c35e4d5f30de5ec8675,1777145027,finish__timing__setup__tns,-11300.0,-11500.0,Failing
nangate45,mempool_group,22bf06faf51b0f7e6b9d3c35e4d5f30de5ec8675,1777145027,finish__timing__hold__tns,-1.16,-0.738,Tighten
sky130hd,microwatt,22bf06faf51b0f7e6b9d3c35e4d5f30de5ec8675,1777145027,synth__design__instance__area__stdcell,689000.0,686000.0,Tighten
sky130hd,microwatt,22bf06faf51b0f7e6b9d3c35e4d5f30de5ec8675,1777145027,placeopt__design__instance__area,5433922,5431496,Tighten
sky130hd,microwatt,22bf06faf51b0f7e6b9d3c35e4d5f30de5ec8675,1777145027,globalroute__antenna_diodes_count,2635,1431,Tighten
sky130hd,microwatt,22bf06faf51b0f7e6b9d3c35e4d5f30de5ec8675,1777145027,detailedroute__antenna__violating__nets,3,6,Failing
sky130hd,microwatt,22bf06faf51b0f7e6b9d3c35e4d5f30de5ec8675,1777145027,detailedroute__antenna_diodes_count,1724,1688,Tighten
sky130hd,microwatt,22bf06faf51b0f7e6b9d3c35e4d5f30de5ec8675,1777145027,finish__timing__setup__tns,-148.0,-145.0,Tighten
sky130hd,microwatt,22bf06faf51b0f7e6b9d3c35e4d5f30de5ec8675,1777145027,finish__timing__hold__tns,-22.1,-15.3,Tighten
sky130hd,microwatt,22bf06faf51b0f7e6b9d3c35e4d5f30de5ec8675,1777145027,finish__design__instance__area,5578282,5572106,Tighten
asap7,uart,22bf06faf51b0f7e6b9d3c35e4d5f30de5ec8675,1777145027,finish__timing__setup__ws,-37.8,-52.4,Failing
gf12,bp_single,adc86e464ccbdd1f4abd6fc0ff83adcfa821235f,1776810140,cts__timing__hold__tns,-3310.0,-4460.0,Failing
gf12,bp_single,adc86e464ccbdd1f4abd6fc0ff83adcfa821235f,1776810140,finish__timing__setup__tns,-990.0,-1190.0,Failing
gf12,jpeg,adc86e464ccbdd1f4abd6fc0ff83adcfa821235f,1776810140,cts__timing__setup__tns,-10300.0,-13300.0,Failing
gf12,jpeg,adc86e464ccbdd1f4abd6fc0ff83adcfa821235f,1776810140,globalroute__timing__setup__tns,-7010.0,-8780.0,Failing
gf12,jpeg,adc86e464ccbdd1f4abd6fc0ff83adcfa821235f,1776810140,detailedroute__route__wirelength,427011,413827,Tighten
rapidus2hp,gcd,f96b0810415200cf02bdffa74f1318adbc67c543,1776505977,cts__timing__setup__tns,-0.697,-0.76,Failing
rapidus2hp,gcd,f96b0810415200cf02bdffa74f1318adbc67c543,1776505977,globalroute__timing__setup__tns,-1.29,-1.14,Tighten
rapidus2hp,gcd,f96b0810415200cf02bdffa74f1318adbc67c543,1776505977,finish__timing__setup__tns,-1.29,-1.14,Tighten
rapidus2hp,gcd,f96b0810415200cf02bdffa74f1318adbc67c543,1776505977,finish__design__instance__area,33,32,Tighten
rapidus2hp,gcd,f96b0810415200cf02bdffa74f1318adbc67c543,1776505977,cts__timing__setup__tns,-1.26,-1.25,Tighten
rapidus2hp,gcd,f96b0810415200cf02bdffa74f1318adbc67c543,1776505977,globalroute__timing__setup__ws,-0.0502,-0.0494,Tighten
rapidus2hp,gcd,f96b0810415200cf02bdffa74f1318adbc67c543,1776505977,globalroute__timing__setup__tns,-1.79,-1.64,Tighten
rapidus2hp,gcd,f96b0810415200cf02bdffa74f1318adbc67c543,1776505977,finish__timing__setup__ws,-0.0502,-0.0494,Tighten
rapidus2hp,gcd,f96b0810415200cf02bdffa74f1318adbc67c543,1776505977,finish__timing__setup__tns,-1.79,-1.64,Tighten
rapidus2hp,ethmac,f96b0810415200cf02bdffa74f1318adbc67c543,1776505977,cts__timing__setup__tns,-1.76,-1.78,Failing
rapidus2hp,ethmac,f96b0810415200cf02bdffa74f1318adbc67c543,1776505977,globalroute__timing__setup__tns,-3.11,-3.1,Tighten
rapidus2hp,ethmac,f96b0810415200cf02bdffa74f1318adbc67c543,1776505977,finish__timing__setup__tns,-3.11,-3.1,Tighten
rapidus2hp,ethmac,f96b0810415200cf02bdffa74f1318adbc67c543,1776505977,finish__design__instance__area,3298,3297,Tighten
rapidus2hp,ethmac,f96b0810415200cf02bdffa74f1318adbc67c543,1776505977,cts__timing__setup__tns,-1.6,-1.81,Failing
rapidus2hp,ethmac,f96b0810415200cf02bdffa74f1318adbc67c543,1776505977,globalroute__timing__setup__tns,-2.59,-3.03,Failing
rapidus2hp,ethmac,f96b0810415200cf02bdffa74f1318adbc67c543,1776505977,finish__timing__setup__tns,-2.59,-3.03,Failing
rapidus2hp,jpeg,f96b0810415200cf02bdffa74f1318adbc67c543,1776505977,globalroute__timing__setup__ws,-0.0564,-0.0551,Tighten
rapidus2hp,jpeg,f96b0810415200cf02bdffa74f1318adbc67c543,1776505977,globalroute__timing__setup__tns,-31.9,-26.2,Tighten
rapidus2hp,jpeg,f96b0810415200cf02bdffa74f1318adbc67c543,1776505977,globalroute__timing__setup__ws,-0.0712,-0.0527,Tighten
rapidus2hp,jpeg,f96b0810415200cf02bdffa74f1318adbc67c543,1776505977,globalroute__timing__setup__tns,-33.5,-26.5,Tighten
rapidus2hp,hercules_idecode,f96b0810415200cf02bdffa74f1318adbc67c543,1776505977,globalroute__timing__setup__ws,-0.0953,-0.12,Failing
rapidus2hp,hercules_idecode,f96b0810415200cf02bdffa74f1318adbc67c543,1776505977,globalroute__timing__setup__tns,-97.2,-80.4,Tighten
rapidus2hp,hercules_idecode,f96b0810415200cf02bdffa74f1318adbc67c543,1776505977,globalroute__timing__setup__tns,-224.0,-154.0,Tighten
rapidus2hp,hercules_is_int,f96b0810415200cf02bdffa74f1318adbc67c543,1776505977,cts__timing__setup__tns,-368.0,-442.0,Failing
rapidus2hp,hercules_is_int,f96b0810415200cf02bdffa74f1318adbc67c543,1776505977,globalroute__timing__setup__ws,-0.263,-0.241,Tighten
rapidus2hp,hercules_is_int,f96b0810415200cf02bdffa74f1318adbc67c543,1776505977,globalroute__timing__setup__tns,-1050.0,-1040.0,Tighten
rapidus2hp,hercules_is_int,f96b0810415200cf02bdffa74f1318adbc67c543,1776505977,globalroute__timing__hold__tns,-0.703,-0.947,Failing
rapidus2hp,hercules_is_int,f96b0810415200cf02bdffa74f1318adbc67c543,1776505977,cts__timing__setup__tns,-332.0,-331.0,Tighten
rapidus2hp,hercules_is_int,f96b0810415200cf02bdffa74f1318adbc67c543,1776505977,globalroute__timing__setup__ws,-0.212,-0.251,Failing
rapidus2hp,hercules_is_int,f96b0810415200cf02bdffa74f1318adbc67c543,1776505977,globalroute__timing__setup__tns,-983.0,-1190.0,Failing
rapidus2hp,hercules_is_int,f96b0810415200cf02bdffa74f1318adbc67c543,1776505977,globalroute__timing__hold__ws,-0.0125,-0.037,Failing
rapidus2hp,ibex,f96b0810415200cf02bdffa74f1318adbc67c543,1776505977,globalroute__timing__setup__ws,-0.0882,-0.0777,Tighten
rapidus2hp,ibex,f96b0810415200cf02bdffa74f1318adbc67c543,1776505977,globalroute__timing__setup__tns,-43.3,-20.4,Tighten
rapidus2hp,ibex,f96b0810415200cf02bdffa74f1318adbc67c543,1776505977,cts__timing__setup__ws,-0.0452,-0.0415,Tighten
rapidus2hp,ibex,f96b0810415200cf02bdffa74f1318adbc67c543,1776505977,cts__timing__setup__tns,-0.26,-0.578,Failing
rapidus2hp,ibex,f96b0810415200cf02bdffa74f1318adbc67c543,1776505977,globalroute__timing__setup__tns,-25.3,-28.6,Failing
gf12,ariane,f96b0810415200cf02bdffa74f1318adbc67c543,1776505977,placeopt__design__instance__area,214069,213164,Tighten
gf12,ariane,f96b0810415200cf02bdffa74f1318adbc67c543,1776505977,globalroute__antenna_diodes_count,180,179,Tighten
gf12,ariane,f96b0810415200cf02bdffa74f1318adbc67c543,1776505977,detailedroute__route__wirelength,3948737,3769820,Tighten
gf12,ariane,f96b0810415200cf02bdffa74f1318adbc67c543,1776505977,detailedroute__antenna_diodes_count,180,179,Tighten
gf12,ariane,f96b0810415200cf02bdffa74f1318adbc67c543,1776505977,finish__design__instance__area,216316,215570,Tighten
gf12,gcd,f96b0810415200cf02bdffa74f1318adbc67c543,1776505977,synth__design__instance__area__stdcell,111.0,107.0,Tighten
gf12,jpeg,f96b0810415200cf02bdffa74f1318adbc67c543,1776505977,synth__design__instance__area__stdcell,20440.28,19900.0,Tighten
gf12,jpeg,f96b0810415200cf02bdffa74f1318adbc67c543,1776505977,placeopt__design__instance__count__stdcell,102448,95595,Tighten
gf12,jpeg,f96b0810415200cf02bdffa74f1318adbc67c543,1776505977,cts__timing__setup__ws,-99.1,-58.6,Tighten
gf12,jpeg,f96b0810415200cf02bdffa74f1318adbc67c543,1776505977,cts__timing__setup__tns,-23600.0,-10300.0,Tighten
gf12,jpeg,f96b0810415200cf02bdffa74f1318adbc67c543,1776505977,globalroute__timing__setup__ws,-198.0,-53.2,Tighten
gf12,jpeg,f96b0810415200cf02bdffa74f1318adbc67c543,1776505977,globalroute__timing__setup__tns,-13200.0,-7010.0,Tighten
gf12,jpeg,f96b0810415200cf02bdffa74f1318adbc67c543,1776505977,finish__timing__setup__ws,-207.0,-25.0,Tighten
gf12,jpeg,f96b0810415200cf02bdffa74f1318adbc67c543,1776505977,finish__timing__setup__tns,-3360.0,-100.0,Tighten
gf12,bp_single,f96b0810415200cf02bdffa74f1318adbc67c543,1776505977,cts__timing__hold__tns,-4460.0,-3310.0,Tighten
gf12,tinyRocket,f96b0810415200cf02bdffa74f1318adbc67c543,1776505977,cts__timing__setup__tns,-166.0,-160.0,Tighten
gf12,tinyRocket,f96b0810415200cf02bdffa74f1318adbc67c543,1776505977,finish__timing__hold__tns,-545.0,-160.0,Tighten
gf12,coyote,f96b0810415200cf02bdffa74f1318adbc67c543,1776505977,placeopt__design__instance__area,197211,196510,Tighten
gf12,coyote,f96b0810415200cf02bdffa74f1318adbc67c543,1776505977,placeopt__design__instance__count__stdcell,319739,316293,Tighten
gf12,coyote,f96b0810415200cf02bdffa74f1318adbc67c543,1776505977,cts__design__instance__count__setup_buffer,27803,27504,Tighten
gf12,coyote,f96b0810415200cf02bdffa74f1318adbc67c543,1776505977,cts__design__instance__count__hold_buffer,27803,27504,Tighten
gf12,coyote,f96b0810415200cf02bdffa74f1318adbc67c543,1776505977,globalroute__antenna_diodes_count,264,261,Tighten
gf12,coyote,f96b0810415200cf02bdffa74f1318adbc67c543,1776505977,detailedroute__route__wirelength,4257073,4125688,Tighten
gf12,coyote,f96b0810415200cf02bdffa74f1318adbc67c543,1776505977,detailedroute__antenna_diodes_count,264,261,Tighten
gf12,coyote,f96b0810415200cf02bdffa74f1318adbc67c543,1776505977,finish__design__instance__area,201687,200742,Tighten
gf12,swerv_wrapper,f96b0810415200cf02bdffa74f1318adbc67c543,1776505977,placeopt__design__instance__area,173119,172761,Tighten
gf12,swerv_wrapper,f96b0810415200cf02bdffa74f1318adbc67c543,1776505977,cts__timing__setup__ws,-171.0,-75.0,Tighten
gf12,swerv_wrapper,f96b0810415200cf02bdffa74f1318adbc67c543,1776505977,cts__timing__hold__ws,-197.0,-104.0,Tighten
gf12,swerv_wrapper,f96b0810415200cf02bdffa74f1318adbc67c543,1776505977,cts__timing__hold__tns,-671.0,-376.0,Tighten
gf12,swerv_wrapper,f96b0810415200cf02bdffa74f1318adbc67c543,1776505977,globalroute__antenna_diodes_count,107,106,Tighten
gf12,swerv_wrapper,f96b0810415200cf02bdffa74f1318adbc67c543,1776505977,detailedroute__route__wirelength,2518773,2307185,Tighten
gf12,swerv_wrapper,f96b0810415200cf02bdffa74f1318adbc67c543,1776505977,detailedroute__antenna_diodes_count,107,106,Tighten
gf12,swerv_wrapper,f96b0810415200cf02bdffa74f1318adbc67c543,1776505977,finish__design__instance__area,177792,177526,Tighten
gf12,ibex,f96b0810415200cf02bdffa74f1318adbc67c543,1776505977,cts__design__instance__count__hold_buffer,1752,1664,Tighten
gf12,ca53,f96b0810415200cf02bdffa74f1318adbc67c543,1776505977,finish__timing__hold__tns,-3000.0,-2170.0,Tighten
gf12,aes,f64282faaa888863aa3475dae402c317138aec8f,1776351762,detailedroute__route__wirelength,108230,126525,Failing
sky130hd,jpeg,6937b5845b045ddab79133223c41bc30a2fb3b91,1776175560,cts__timing__setup__tns,-155.0,-170.0,Failing
sky130hd,jpeg,6937b5845b045ddab79133223c41bc30a2fb3b91,1776175560,globalroute__antenna_diodes_count,100,115,Failing
sky130hd,jpeg,6937b5845b045ddab79133223c41bc30a2fb3b91,1776175560,globalroute__timing__setup__ws,-0.899,-1.16,Failing
sky130hd,jpeg,6937b5845b045ddab79133223c41bc30a2fb3b91,1776175560,globalroute__timing__setup__tns,-201.0,-268.0,Failing
sky130hd,jpeg,6937b5845b045ddab79133223c41bc30a2fb3b91,1776175560,finish__timing__setup__ws,-0.603,-0.943,Failing
sky130hd,jpeg,6937b5845b045ddab79133223c41bc30a2fb3b91,1776175560,finish__timing__setup__tns,-96.0,-146.0,Failing
sky130hs,jpeg,6937b5845b045ddab79133223c41bc30a2fb3b91,1776175560,placeopt__design__instance__count__stdcell,56019,55868,Tighten
sky130hs,jpeg,6937b5845b045ddab79133223c41bc30a2fb3b91,1776175560,cts__design__instance__count__setup_buffer,4871,4858,Tighten
sky130hs,jpeg,6937b5845b045ddab79133223c41bc30a2fb3b91,1776175560,cts__design__instance__count__hold_buffer,4871,4858,Tighten
sky130hs,jpeg,6937b5845b045ddab79133223c41bc30a2fb3b91,1776175560,globalroute__timing__setup__tns,-0.809,-1.92,Failing
sky130hs,jpeg,6937b5845b045ddab79133223c41bc30a2fb3b91,1776175560,detailedroute__antenna_diodes_count,100,102,Failing
nangate45,ariane133,4ff7bd2801f8878a2cab9cd5d4e62449bbedd589,1776188194,synth__design__instance__area__stdcell,825000.0,823000.0,Tighten
nangate45,ariane133,4ff7bd2801f8878a2cab9cd5d4e62449bbedd589,1776188194,placeopt__design__instance__area,829883,827643,Tighten
nangate45,ariane133,4ff7bd2801f8878a2cab9cd5d4e62449bbedd589,1776188194,cts__timing__setup__ws,-0.694,-0.447,Tighten
nangate45,ariane133,4ff7bd2801f8878a2cab9cd5d4e62449bbedd589,1776188194,cts__timing__setup__tns,-1670.0,-502.0,Tighten
nangate45,ariane133,4ff7bd2801f8878a2cab9cd5d4e62449bbedd589,1776188194,globalroute__antenna_diodes_count,194,189,Tighten
nangate45,ariane133,4ff7bd2801f8878a2cab9cd5d4e62449bbedd589,1776188194,globalroute__timing__setup__ws,-0.699,-0.465,Tighten
nangate45,ariane133,4ff7bd2801f8878a2cab9cd5d4e62449bbedd589,1776188194,globalroute__timing__setup__tns,-1850.0,-550.0,Tighten
nangate45,ariane133,4ff7bd2801f8878a2cab9cd5d4e62449bbedd589,1776188194,detailedroute__antenna_diodes_count,194,190,Tighten
nangate45,ariane133,4ff7bd2801f8878a2cab9cd5d4e62449bbedd589,1776188194,finish__timing__setup__ws,-0.716,-0.464,Tighten
nangate45,ariane133,4ff7bd2801f8878a2cab9cd5d4e62449bbedd589,1776188194,finish__timing__setup__tns,-1830.0,-541.0,Tighten
nangate45,ariane133,4ff7bd2801f8878a2cab9cd5d4e62449bbedd589,1776188194,finish__design__instance__area,838429,837050,Tighten
nangate45,swerv_wrapper,87f6de799cab74d2bf7451d83d6a317ccaad6166,1775422155,cts__timing__setup__ws,-0.321,-0.172,Tighten
nangate45,swerv_wrapper,87f6de799cab74d2bf7451d83d6a317ccaad6166,1775422155,cts__timing__setup__tns,-206.0,-39.4,Tighten
nangate45,swerv_wrapper,87f6de799cab74d2bf7451d83d6a317ccaad6166,1775422155,globalroute__timing__setup__ws,-0.237,-0.186,Tighten
nangate45,swerv_wrapper,87f6de799cab74d2bf7451d83d6a317ccaad6166,1775422155,globalroute__timing__setup__tns,-121.0,-42.5,Tighten
nangate45,swerv_wrapper,87f6de799cab74d2bf7451d83d6a317ccaad6166,1775422155,detailedroute__route__wirelength,4140937,4854888,Failing
nangate45,swerv_wrapper,87f6de799cab74d2bf7451d83d6a317ccaad6166,1775422155,finish__timing__setup__ws,-0.256,-0.189,Tighten
nangate45,swerv_wrapper,87f6de799cab74d2bf7451d83d6a317ccaad6166,1775422155,finish__timing__setup__tns,-102.0,-39.7,Tighten
nangate45,swerv_wrapper,a6227073f5ad6c15c34fbeb9b2c95cebc9654d0d,1775401569,cts__timing__setup__ws,-0.197,-0.321,Failing
nangate45,swerv_wrapper,a6227073f5ad6c15c34fbeb9b2c95cebc9654d0d,1775401569,cts__timing__setup__tns,-115.0,-206.0,Failing
nangate45,swerv_wrapper,a6227073f5ad6c15c34fbeb9b2c95cebc9654d0d,1775401569,globalroute__timing__setup__tns,-116.0,-121.0,Failing
nangate45,swerv_wrapper,a6227073f5ad6c15c34fbeb9b2c95cebc9654d0d,1775401569,detailedroute__route__wirelength,5077847,4140937,Tighten
nangate45,swerv_wrapper,a6227073f5ad6c15c34fbeb9b2c95cebc9654d0d,1775401569,finish__timing__setup__tns,-109.0,-102.0,Tighten
nangate45,ariane133,cb0eb1a7a98d93fd296d513af2f318d7924fa298,1775365331,placeopt__design__instance__area,831679,829883,Tighten
nangate45,ariane133,cb0eb1a7a98d93fd296d513af2f318d7924fa298,1775365331,cts__timing__setup__tns,-1190.0,-1670.0,Failing
nangate45,ariane133,cb0eb1a7a98d93fd296d513af2f318d7924fa298,1775365331,globalroute__timing__setup__tns,-1260.0,-1850.0,Failing
nangate45,ariane133,cb0eb1a7a98d93fd296d513af2f318d7924fa298,1775365331,detailedroute__route__wirelength,8312391,7951534,Tighten
nangate45,ariane133,cb0eb1a7a98d93fd296d513af2f318d7924fa298,1775365331,finish__timing__setup__tns,-1510.0,-1830.0,Failing
nangate45,ariane133,cb0eb1a7a98d93fd296d513af2f318d7924fa298,1775365331,finish__design__instance__area,840911,838429,Tighten
nangate45,bp_fe_top,cb0eb1a7a98d93fd296d513af2f318d7924fa298,1775365331,globalroute__timing__setup__tns,-0.411,-0.396,Tighten
nangate45,bp_fe_top,cb0eb1a7a98d93fd296d513af2f318d7924fa298,1775365331,finish__timing__setup__tns,-9.95,-20.5,Failing
nangate45,mempool_group,cb0eb1a7a98d93fd296d513af2f318d7924fa298,1775365331,globalroute__timing__setup__tns,-11200.0,-11400.0,Failing
nangate45,mempool_group,cb0eb1a7a98d93fd296d513af2f318d7924fa298,1775365331,finish__timing__setup__tns,-11000.0,-11300.0,Failing
nangate45,mempool_group,cb0eb1a7a98d93fd296d513af2f318d7924fa298,1775365331,finish__timing__hold__tns,-1.77,-1.16,Tighten
asap7,riscv32i,cb0eb1a7a98d93fd296d513af2f318d7924fa298,1775365331,cts__timing__setup__ws,-51.1,-48.6,Tighten
asap7,riscv32i,cb0eb1a7a98d93fd296d513af2f318d7924fa298,1775365331,cts__timing__setup__tns,-220.0,-191.0,Tighten
asap7,riscv32i,cb0eb1a7a98d93fd296d513af2f318d7924fa298,1775365331,globalroute__timing__setup__tns,-1010.0,-3290.0,Failing
asap7,riscv32i,cb0eb1a7a98d93fd296d513af2f318d7924fa298,1775365331,finish__timing__setup__tns,-261.0,-6710.0,Failing
asap7,swerv_wrapper,cb0eb1a7a98d93fd296d513af2f318d7924fa298,1775365331,placeopt__design__instance__area,55101,54990,Tighten
asap7,swerv_wrapper,cb0eb1a7a98d93fd296d513af2f318d7924fa298,1775365331,placeopt__design__instance__count__stdcell,156615,155444,Tighten
asap7,swerv_wrapper,cb0eb1a7a98d93fd296d513af2f318d7924fa298,1775365331,cts__design__instance__count__setup_buffer,13619,13517,Tighten
asap7,swerv_wrapper,cb0eb1a7a98d93fd296d513af2f318d7924fa298,1775365331,cts__design__instance__count__hold_buffer,13619,13517,Tighten
asap7,swerv_wrapper,cb0eb1a7a98d93fd296d513af2f318d7924fa298,1775365331,globalroute__antenna_diodes_count,117,116,Tighten
asap7,swerv_wrapper,cb0eb1a7a98d93fd296d513af2f318d7924fa298,1775365331,detailedroute__route__wirelength,1483815,1288494,Tighten
asap7,swerv_wrapper,cb0eb1a7a98d93fd296d513af2f318d7924fa298,1775365331,detailedroute__antenna_diodes_count,117,116,Tighten
asap7,swerv_wrapper,cb0eb1a7a98d93fd296d513af2f318d7924fa298,1775365331,finish__timing__setup__ws,-276.0,-142.0,Tighten
asap7,swerv_wrapper,cb0eb1a7a98d93fd296d513af2f318d7924fa298,1775365331,finish__timing__setup__tns,-11700.0,-2390.0,Tighten
asap7,swerv_wrapper,cb0eb1a7a98d93fd296d513af2f318d7924fa298,1775365331,finish__timing__hold__tns,-11000.0,-17100.0,Failing
asap7,swerv_wrapper,cb0eb1a7a98d93fd296d513af2f318d7924fa298,1775365331,finish__design__instance__area,55530,55427,Tighten
ngt45,swerv_wrapper,dd3b4066c15da69321090fac9a3580c91299afdf,1775081667,cts__timing__setup__tns,-89.7,-115.0,Failing
ngt45,swerv_wrapper,dd3b4066c15da69321090fac9a3580c91299afdf,1775081667,globalroute__timing__setup__tns,-68.7,-116.0,Failing
ngt45,swerv_wrapper,dd3b4066c15da69321090fac9a3580c91299afdf,1775081667,finish__timing__setup__tns,-70.8,-109.0,Failing
gf12,swerv_wrapper,dd3b4066c15da69321090fac9a3580c91299afdf,1775081667,cts__timing__setup__ws,-75.0,-171.0,Failing
gf12,swerv_wrapper,dd3b4066c15da69321090fac9a3580c91299afdf,1775081667,cts__timing__hold__tns,-370.0,-671.0,Failing
gf12,swerv_wrapper,dd3b4066c15da69321090fac9a3580c91299afdf,1775081667,detailedroute__route__wirelength,2737551,2518773,Tighten
gf12,bp_single,624069e9881427ee06dfd7f64dfda8fc4c647ad3,1774751388,cts__timing__hold__ws,-414.0,-385.0,Tighten
gf12,bp_single,624069e9881427ee06dfd7f64dfda8fc4c647ad3,1774751388,cts__timing__hold__tns,-3930.0,-4460.0,Failing
gf12,bp_single,624069e9881427ee06dfd7f64dfda8fc4c647ad3,1774751388,globalroute__timing__hold__ws,-412.0,-382.0,Tighten
gf12,bp_single,624069e9881427ee06dfd7f64dfda8fc4c647ad3,1774751388,finish__timing__hold__ws,-227.0,-208.0,Tighten
rapidus2hp,hercules_idecode,f0e83c55c398ffa7e37264d613de7868c38323b3,1774711952,globalroute__timing__setup__tns,-0.339,-0.473,Failing
rapidus2hp,hercules_idecode,f0e83c55c398ffa7e37264d613de7868c38323b3,1774711952,finish__timing__setup__tns,-0.339,-0.473,Failing
nangate45,bp_multi_top,12fc65b1ab0a4c7b77d8ad0b1c0c0d8b6aa988be,1774613051,finish__timing__hold__tns,-0.96,-2.21,Failing
rapidus2hp,hercules_idecode,ce077d93479bde7a2663639e62dfa032e0846cb4,1774601697,globalroute__timing__setup__tns,-0.339,-0.473,Failing
rapidus2hp,hercules_idecode,ce077d93479bde7a2663639e62dfa032e0846cb4,1774601697,finish__timing__setup__tns,-0.339,-0.473,Failing
nangate45,swerv_wrapper,59a405693c123f7ee2dc57ad9f4d50c9954fecd6,1773835483,cts__timing__setup__ws,-0.197,-0.466,Failing
nangate45,swerv_wrapper,59a405693c123f7ee2dc57ad9f4d50c9954fecd6,1773835483,cts__timing__setup__tns,-84.6,-290.0,Failing
nangate45,swerv_wrapper,59a405693c123f7ee2dc57ad9f4d50c9954fecd6,1773835483,globalroute__timing__setup__tns,-86.3,-211.0,Failing
nangate45,swerv_wrapper,59a405693c123f7ee2dc57ad9f4d50c9954fecd6,1773835483,detailedroute__route__wirelength,5546498,4367567,Tighten
nangate45,swerv_wrapper,59a405693c123f7ee2dc57ad9f4d50c9954fecd6,1773835483,finish__timing__setup__tns,-88.2,-198.0,Failing
rapidus2hp,cva6,ac3a2ee3ae794411b1e6c4d410cb43e54819cd97,1773819877,globalroute__timing__setup__tns,-452.0,-463.0,Failing
rapidus2hp,cva6,ac3a2ee3ae794411b1e6c4d410cb43e54819cd97,1773819877,finish__timing__setup__tns,-452.0,-463.0,Failing
rapidus2hp,cva6,ac3a2ee3ae794411b1e6c4d410cb43e54819cd97,1773819877,placeopt__design__instance__count__stdcell,201058,200149,Tighten
rapidus2hp,cva6,ac3a2ee3ae794411b1e6c4d410cb43e54819cd97,1773819877,cts__timing__setup__ws,-0.136,-0.167,Failing
rapidus2hp,cva6,ac3a2ee3ae794411b1e6c4d410cb43e54819cd97,1773819877,finish__timing__setup__tns,-550.0,-738.0,Failing
gf12,bp_single,4af3c2f31d2ecc95f61a9ea8f4a7c98c5b30995d,1773586944,cts__timing__hold__ws,-303.0,-414.0,Failing
gf12,bp_single,4af3c2f31d2ecc95f61a9ea8f4a7c98c5b30995d,1773586944,cts__timing__hold__tns,-5060.0,-3930.0,Tighten
gf12,bp_single,4af3c2f31d2ecc95f61a9ea8f4a7c98c5b30995d,1773586944,globalroute__timing__hold__ws,-255.0,-412.0,Failing
gf12,bp_single,4af3c2f31d2ecc95f61a9ea8f4a7c98c5b30995d,1773586944,finish__timing__hold__ws,-100.0,-227.0,Failing
rapidus2hp,cva6,4af3c2f31d2ecc95f61a9ea8f4a7c98c5b30995d,1773586944,cts__timing__setup__ws,-0.111,-0.0943,Tighten
rapidus2hp,cva6,4af3c2f31d2ecc95f61a9ea8f4a7c98c5b30995d,1773586944,cts__timing__setup__tns,-243.0,-212.0,Tighten
rapidus2hp,cva6,4af3c2f31d2ecc95f61a9ea8f4a7c98c5b30995d,1773586944,globalroute__timing__setup__ws,-0.261,-0.292,Failing
rapidus2hp,cva6,4af3c2f31d2ecc95f61a9ea8f4a7c98c5b30995d,1773586944,finish__timing__setup__ws,-0.261,-0.292,Failing
rapidus2hp,ethmac,4af3c2f31d2ecc95f61a9ea8f4a7c98c5b30995d,1773586944,cts__timing__setup__tns,-0.633,-0.538,Tighten
rapidus2hp,ethmac,4af3c2f31d2ecc95f61a9ea8f4a7c98c5b30995d,1773586944,globalroute__timing__setup__ws,-0.0419,-0.0526,Failing
rapidus2hp,ethmac,4af3c2f31d2ecc95f61a9ea8f4a7c98c5b30995d,1773586944,globalroute__timing__setup__tns,-1.07,-1.44,Failing
rapidus2hp,ethmac,4af3c2f31d2ecc95f61a9ea8f4a7c98c5b30995d,1773586944,finish__timing__setup__ws,-0.0419,-0.0526,Failing
rapidus2hp,ethmac,4af3c2f31d2ecc95f61a9ea8f4a7c98c5b30995d,1773586944,finish__timing__setup__tns,-1.07,-1.44,Failing
rapidus2hp,ethmac,4af3c2f31d2ecc95f61a9ea8f4a7c98c5b30995d,1773586944,globalroute__timing__setup__ws,-0.0445,-0.0514,Failing
rapidus2hp,ethmac,4af3c2f31d2ecc95f61a9ea8f4a7c98c5b30995d,1773586944,globalroute__timing__setup__tns,-1.23,-1.37,Failing
rapidus2hp,ethmac,4af3c2f31d2ecc95f61a9ea8f4a7c98c5b30995d,1773586944,finish__timing__setup__ws,-0.0445,-0.0514,Failing
rapidus2hp,ethmac,4af3c2f31d2ecc95f61a9ea8f4a7c98c5b30995d,1773586944,finish__timing__setup__tns,-1.23,-1.37,Failing
rapidus2hp,ethmac,4af3c2f31d2ecc95f61a9ea8f4a7c98c5b30995d,1773586944,cts__timing__setup__ws,-0.0456,-0.0713,Failing
rapidus2hp,ethmac,4af3c2f31d2ecc95f61a9ea8f4a7c98c5b30995d,1773586944,cts__timing__setup__tns,-70.6,-130.0,Failing
rapidus2hp,ethmac,4af3c2f31d2ecc95f61a9ea8f4a7c98c5b30995d,1773586944,globalroute__timing__setup__tns,-263.0,-211.0,Tighten
rapidus2hp,ethmac,4af3c2f31d2ecc95f61a9ea8f4a7c98c5b30995d,1773586944,finish__timing__setup__tns,-263.0,-211.0,Tighten
rapidus2hp,hercules_idecode,4af3c2f31d2ecc95f61a9ea8f4a7c98c5b30995d,1773586944,cts__timing__setup__ws,-0.0252,-0.0652,Failing
rapidus2hp,hercules_idecode,4af3c2f31d2ecc95f61a9ea8f4a7c98c5b30995d,1773586944,cts__timing__setup__tns,-16.6,-128.0,Failing
rapidus2hp,hercules_idecode,4af3c2f31d2ecc95f61a9ea8f4a7c98c5b30995d,1773586944,globalroute__timing__setup__tns,-206.0,-322.0,Failing
rapidus2hp,hercules_idecode,4af3c2f31d2ecc95f61a9ea8f4a7c98c5b30995d,1773586944,finish__timing__setup__tns,-206.0,-322.0,Failing
rapidus2hp,hercules_is_int,4af3c2f31d2ecc95f61a9ea8f4a7c98c5b30995d,1773586944,cts__timing__setup__ws,-0.0467,-0.102,Failing
rapidus2hp,hercules_is_int,4af3c2f31d2ecc95f61a9ea8f4a7c98c5b30995d,1773586944,cts__timing__setup__tns,-156.0,-214.0,Failing
rapidus2hp,hercules_is_int,4af3c2f31d2ecc95f61a9ea8f4a7c98c5b30995d,1773586944,globalroute__timing__setup__ws,-0.134,-0.129,Tighten
rapidus2hp,hercules_is_int,4af3c2f31d2ecc95f61a9ea8f4a7c98c5b30995d,1773586944,globalroute__timing__setup__tns,-1120.0,-1040.0,Tighten
rapidus2hp,hercules_is_int,4af3c2f31d2ecc95f61a9ea8f4a7c98c5b30995d,1773586944,finish__timing__setup__ws,-0.134,-0.129,Tighten
rapidus2hp,hercules_is_int,4af3c2f31d2ecc95f61a9ea8f4a7c98c5b30995d,1773586944,finish__timing__setup__tns,-1120.0,-1040.0,Tighten
rapidus2hp,hercules_is_int,4af3c2f31d2ecc95f61a9ea8f4a7c98c5b30995d,1773586944,cts__timing__setup__tns,-42.4,-43.6,Failing
rapidus2hp,hercules_is_int,4af3c2f31d2ecc95f61a9ea8f4a7c98c5b30995d,1773586944,globalroute__timing__setup__ws,-0.113,-0.0947,Tighten
rapidus2hp,hercules_is_int,4af3c2f31d2ecc95f61a9ea8f4a7c98c5b30995d,1773586944,globalroute__timing__setup__tns,-127.0,-122.0,Tighten
rapidus2hp,hercules_is_int,4af3c2f31d2ecc95f61a9ea8f4a7c98c5b30995d,1773586944,finish__timing__setup__ws,-0.113,-0.0947,Tighten
rapidus2hp,hercules_is_int,4af3c2f31d2ecc95f61a9ea8f4a7c98c5b30995d,1773586944,finish__timing__setup__tns,-127.0,-122.0,Tighten
rapidus2hp,jpeg,4af3c2f31d2ecc95f61a9ea8f4a7c98c5b30995d,1773586944,cts__timing__setup__ws,-0.0541,-0.0535,Tighten
rapidus2hp,jpeg,4af3c2f31d2ecc95f61a9ea8f4a7c98c5b30995d,1773586944,cts__timing__setup__tns,-51.1,-39.0,Tighten
rapidus2hp,jpeg,4af3c2f31d2ecc95f61a9ea8f4a7c98c5b30995d,1773586944,globalroute__timing__setup__ws,-0.0983,-0.0941,Tighten
rapidus2hp,jpeg,4af3c2f31d2ecc95f61a9ea8f4a7c98c5b30995d,1773586944,globalroute__timing__setup__tns,-119.0,-148.0,Failing
rapidus2hp,jpeg,4af3c2f31d2ecc95f61a9ea8f4a7c98c5b30995d,1773586944,finish__timing__setup__ws,-0.0983,-0.0941,Tighten
rapidus2hp,jpeg,4af3c2f31d2ecc95f61a9ea8f4a7c98c5b30995d,1773586944,finish__timing__setup__tns,-119.0,-148.0,Failing
asap7,aes-block,9a2ba141a9bcc37bd1bf46906d65fc2540de9820,1773551943,cts__timing__setup__ws,-106.0,-78.0,Tighten
asap7,aes-block,9a2ba141a9bcc37bd1bf46906d65fc2540de9820,1773551943,cts__timing__setup__tns,-5150,-2890.0,Tighten
asap7,aes-block,9a2ba141a9bcc37bd1bf46906d65fc2540de9820,1773551943,cts__timing__hold__tns,-5770.0,-5670.0,Tighten
asap7,aes-block,9a2ba141a9bcc37bd1bf46906d65fc2540de9820,1773551943,globalroute__timing__setup__ws,-117.0,-77.7,Tighten
asap7,aes-block,9a2ba141a9bcc37bd1bf46906d65fc2540de9820,1773551943,globalroute__timing__setup__tns,-4295,-3020.0,Tighten
asap7,aes-block,9a2ba141a9bcc37bd1bf46906d65fc2540de9820,1773551943,globalroute__timing__hold__tns,-508.0,-1080.0,Failing
asap7,aes-block,9a2ba141a9bcc37bd1bf46906d65fc2540de9820,1773551943,detailedroute__route__wirelength,52736,51873,Tighten
asap7,aes-block,9a2ba141a9bcc37bd1bf46906d65fc2540de9820,1773551943,finish__timing__setup__ws,-66.7,-58.1,Tighten
asap7,aes-block,9a2ba141a9bcc37bd1bf46906d65fc2540de9820,1773551943,finish__timing__setup__tns,-1290.0,-897.0,Tighten
asap7,aes-block,9a2ba141a9bcc37bd1bf46906d65fc2540de9820,1773551943,finish__design__instance__area,7206,7205,Tighten
sky130hs,gcd,9a2ba141a9bcc37bd1bf46906d65fc2540de9820,1773551943,synth__design__instance__area__stdcell,4532.91,4470.0,Tighten
sky130hs,gcd,9a2ba141a9bcc37bd1bf46906d65fc2540de9820,1773551943,placeopt__design__instance__area,6389,6112,Tighten
sky130hs,gcd,9a2ba141a9bcc37bd1bf46906d65fc2540de9820,1773551943,placeopt__design__instance__count__stdcell,721,715,Tighten
sky130hs,gcd,9a2ba141a9bcc37bd1bf46906d65fc2540de9820,1773551943,cts__design__instance__count__setup_buffer,63,62,Tighten
sky130hs,gcd,9a2ba141a9bcc37bd1bf46906d65fc2540de9820,1773551943,cts__timing__setup__tns,-10.8,-11.4,Failing
sky130hs,gcd,9a2ba141a9bcc37bd1bf46906d65fc2540de9820,1773551943,globalroute__timing__setup__tns,-18.3,-19.2,Failing
sky130hs,gcd,9a2ba141a9bcc37bd1bf46906d65fc2540de9820,1773551943,finish__timing__setup__tns,-14.6,-15.8,Failing
sky130hs,gcd,9a2ba141a9bcc37bd1bf46906d65fc2540de9820,1773551943,finish__design__instance__area,7546,7136,Tighten
sky130hd,ibex,9a2ba141a9bcc37bd1bf46906d65fc2540de9820,1773551943,cts__timing__setup__ws,-0.533,-0.505,Tighten
sky130hd,ibex,9a2ba141a9bcc37bd1bf46906d65fc2540de9820,1773551943,cts__timing__setup__tns,-2.05,-2.0,Tighten
sky130hd,ibex,9a2ba141a9bcc37bd1bf46906d65fc2540de9820,1773551943,globalroute__timing__setup__tns,-2.37,-4.96,Failing
sky130hd,ibex,9a2ba141a9bcc37bd1bf46906d65fc2540de9820,1773551943,finish__design__instance__area,179572,179425,Tighten
sky130hs,ibex,9a2ba141a9bcc37bd1bf46906d65fc2540de9820,1773551943,globalroute__timing__setup__tns,-88.3,-114.0,Failing
sky130hs,ibex,9a2ba141a9bcc37bd1bf46906d65fc2540de9820,1773551943,finish__timing__setup__tns,-6.46,-19.8,Failing
nangate45,jpeg,9a2ba141a9bcc37bd1bf46906d65fc2540de9820,1773551943,cts__timing__setup__tns,-53.3,-54.6,Failing
nangate45,jpeg,9a2ba141a9bcc37bd1bf46906d65fc2540de9820,1773551943,globalroute__timing__setup__tns,-64.8,-66.5,Failing
nangate45,mempool_group,9a2ba141a9bcc37bd1bf46906d65fc2540de9820,1773551943,cts__timing__setup__tns,-11900.0,-15000.0,Failing
nangate45,mempool_group,9a2ba141a9bcc37bd1bf46906d65fc2540de9820,1773551943,finish__timing__setup__tns,-12100.0,-12400.0,Failing
nangate45,mempool_group,9a2ba141a9bcc37bd1bf46906d65fc2540de9820,1773551943,finish__timing__hold__tns,-0.6,-3.1,Failing
nangate45,mempool_group,9a2ba141a9bcc37bd1bf46906d65fc2540de9820,1773551943,finish__design__instance__area,461696,461350,Tighten
sky130hd,microwatt,9a2ba141a9bcc37bd1bf46906d65fc2540de9820,1773551943,cts__timing__setup__tns,-352.0,-261.0,Tighten
sky130hd,microwatt,9a2ba141a9bcc37bd1bf46906d65fc2540de9820,1773551943,globalroute__antenna_diodes_count,1962,2101,Failing
sky130hd,microwatt,9a2ba141a9bcc37bd1bf46906d65fc2540de9820,1773551943,globalroute__timing__setup__tns,-188.0,-241.0,Failing
sky130hd,microwatt,9a2ba141a9bcc37bd1bf46906d65fc2540de9820,1773551943,detailedroute__antenna__violating__nets,6,3,Tighten
sky130hd,microwatt,9a2ba141a9bcc37bd1bf46906d65fc2540de9820,1773551943,detailedroute__antenna_diodes_count,2377,1970,Tighten
sky130hd,microwatt,9a2ba141a9bcc37bd1bf46906d65fc2540de9820,1773551943,finish__timing__setup__tns,-30.8,-43.9,Failing
asap7,riscv32i-mock-sram,9a2ba141a9bcc37bd1bf46906d65fc2540de9820,1773551943,synth__design__instance__area__stdcell,1640.0,1570.0,Tighten
asap7,riscv32i-mock-sram,9a2ba141a9bcc37bd1bf46906d65fc2540de9820,1773551943,cts__timing__setup__ws,-50.0,-47.5,Tighten
asap7,riscv32i-mock-sram,9a2ba141a9bcc37bd1bf46906d65fc2540de9820,1773551943,cts__timing__setup__tns,-693.0,-190.0,Tighten
asap7,riscv32i-mock-sram,9a2ba141a9bcc37bd1bf46906d65fc2540de9820,1773551943,globalroute__timing__setup__ws,-95.7,-56.5,Tighten
asap7,riscv32i-mock-sram,9a2ba141a9bcc37bd1bf46906d65fc2540de9820,1773551943,globalroute__timing__setup__tns,-1700.0,-224.0,Tighten
asap7,riscv32i-mock-sram,9a2ba141a9bcc37bd1bf46906d65fc2540de9820,1773551943,detailedroute__route__wirelength,72999,67341,Tighten
asap7,riscv32i-mock-sram,9a2ba141a9bcc37bd1bf46906d65fc2540de9820,1773551943,finish__timing__setup__tns,-12300.0,-26300.0,Failing
nangate45,swerv_wrapper,9a2ba141a9bcc37bd1bf46906d65fc2540de9820,1773551943,cts__timing__setup__tns,-84.2,-84.6,Failing
nangate45,swerv_wrapper,9a2ba141a9bcc37bd1bf46906d65fc2540de9820,1773551943,globalroute__timing__setup__ws,-0.398,-0.285,Tighten
nangate45,swerv_wrapper,9a2ba141a9bcc37bd1bf46906d65fc2540de9820,1773551943,globalroute__timing__setup__tns,-75.8,-86.3,Failing
nangate45,swerv_wrapper,9a2ba141a9bcc37bd1bf46906d65fc2540de9820,1773551943,detailedroute__route__wirelength,5599467,5546498,Tighten
nangate45,swerv_wrapper,9a2ba141a9bcc37bd1bf46906d65fc2540de9820,1773551943,finish__timing__setup__ws,-0.185,-0.315,Failing
nangate45,swerv_wrapper,9a2ba141a9bcc37bd1bf46906d65fc2540de9820,1773551943,finish__timing__setup__tns,-87.5,-88.2,Failing
nangate45,tinyRocket,9a2ba141a9bcc37bd1bf46906d65fc2540de9820,1773551943,cts__timing__setup__tns,-34.0,-30.3,Tighten
nangate45,tinyRocket,9a2ba141a9bcc37bd1bf46906d65fc2540de9820,1773551943,globalroute__timing__setup__tns,-47.4,-48.5,Failing
nangate45,tinyRocket,9a2ba141a9bcc37bd1bf46906d65fc2540de9820,1773551943,finish__timing__setup__tns,-41.6,-39.0,Tighten
sky130hd,microwatt,2849501cd2eb0dbe27d584a832350aaae492f17c,1772932100,cts__timing__setup__ws,-2.6,-2.1,Tighten
sky130hd,microwatt,2849501cd2eb0dbe27d584a832350aaae492f17c,1772932100,cts__timing__setup__tns,-352,-224.0,Tighten
sky130hd,microwatt,2849501cd2eb0dbe27d584a832350aaae492f17c,1772932100,globalroute__antenna_diodes_count,2531,1962,Tighten
sky130hd,microwatt,2849501cd2eb0dbe27d584a832350aaae492f17c,1772932100,globalroute__timing__setup__ws,-2.59,-2.2,Tighten
sky130hd,microwatt,2849501cd2eb0dbe27d584a832350aaae492f17c,1772932100,globalroute__timing__setup__tns,-304.0,-188.0,Tighten
sky130hd,microwatt,2849501cd2eb0dbe27d584a832350aaae492f17c,1772932100,detailedroute__antenna_diodes_count,2337,2377,Failing
sky130hd,microwatt,2849501cd2eb0dbe27d584a832350aaae492f17c,1772932100,finish__timing__setup__ws,-2.22,-1.38,Tighten
sky130hd,microwatt,2849501cd2eb0dbe27d584a832350aaae492f17c,1772932100,finish__timing__setup__tns,-183.0,-30.8,Tighten
sky130hd,microwatt,2849501cd2eb0dbe27d584a832350aaae492f17c,1772932100,finish__timing__hold__tns,-46.5,-18.9,Tighten
rapidus2hp,hercules_idecode,2849501cd2eb0dbe27d584a832350aaae492f17c,1772932100,globalroute__timing__setup__ws,-0.0792,-0.0767,Tighten
rapidus2hp,hercules_idecode,2849501cd2eb0dbe27d584a832350aaae492f17c,1772932100,globalroute__timing__setup__tns,-272.0,-206.0,Tighten
rapidus2hp,hercules_idecode,2849501cd2eb0dbe27d584a832350aaae492f17c,1772932100,finish__timing__setup__ws,-0.0792,-0.0767,Tighten
rapidus2hp,hercules_idecode,2849501cd2eb0dbe27d584a832350aaae492f17c,1772932100,finish__timing__setup__tns,-272.0,-206.0,Tighten
rapidus2hp,hercules_idecode,2849501cd2eb0dbe27d584a832350aaae492f17c,1772932100,cts__timing__setup__ws,-0.0226,-0.0456,Failing
rapidus2hp,hercules_idecode,2849501cd2eb0dbe27d584a832350aaae492f17c,1772932100,cts__timing__setup__tns,-7.13,-70.6,Failing
rapidus2hp,hercules_idecode,2849501cd2eb0dbe27d584a832350aaae492f17c,1772932100,globalroute__timing__setup__ws,-0.0668,-0.0831,Failing
rapidus2hp,hercules_idecode,2849501cd2eb0dbe27d584a832350aaae492f17c,1772932100,globalroute__timing__setup__tns,-189.0,-263.0,Failing
rapidus2hp,hercules_idecode,2849501cd2eb0dbe27d584a832350aaae492f17c,1772932100,finish__timing__setup__ws,-0.0668,-0.0831,Failing
rapidus2hp,hercules_idecode,2849501cd2eb0dbe27d584a832350aaae492f17c,1772932100,finish__timing__setup__tns,-189.0,-263.0,Failing
rapidus2hp,cva6,9cd4d9d3b120165a712f6e1812b522e519bed323,1772863178,cts__timing__setup__ws,-0.138,-0.101,Tighten
rapidus2hp,cva6,9cd4d9d3b120165a712f6e1812b522e519bed323,1772863178,cts__timing__setup__tns,-287.0,-205.0,Tighten
rapidus2hp,cva6,9cd4d9d3b120165a712f6e1812b522e519bed323,1772863178,globalroute__timing__setup__tns,-575.0,-584.0,Failing
rapidus2hp,cva6,9cd4d9d3b120165a712f6e1812b522e519bed323,1772863178,finish__timing__setup__tns,-575.0,-584.0,Failing
rapidus2hp,cva6,9cd4d9d3b120165a712f6e1812b522e519bed323,1772863178,cts__timing__setup__ws,-0.157,-0.14,Tighten
rapidus2hp,cva6,9cd4d9d3b120165a712f6e1812b522e519bed323,1772863178,cts__timing__setup__tns,-518.0,-412.0,Tighten
rapidus2hp,cva6,9cd4d9d3b120165a712f6e1812b522e519bed323,1772863178,globalroute__timing__setup__tns,-650.0,-697.0,Failing
rapidus2hp,cva6,9cd4d9d3b120165a712f6e1812b522e519bed323,1772863178,finish__timing__setup__tns,-650.0,-697.0,Failing
rapidus2hp,hercules_is_int,9cd4d9d3b120165a712f6e1812b522e519bed323,1772863178,globalroute__timing__setup__ws,-0.105,-0.104,Tighten
rapidus2hp,hercules_is_int,9cd4d9d3b120165a712f6e1812b522e519bed323,1772863178,globalroute__timing__setup__tns,-907.0,-1120.0,Failing
rapidus2hp,hercules_is_int,9cd4d9d3b120165a712f6e1812b522e519bed323,1772863178,finish__timing__setup__ws,-0.105,-0.104,Tighten
rapidus2hp,hercules_is_int,9cd4d9d3b120165a712f6e1812b522e519bed323,1772863178,finish__timing__setup__tns,-907.0,-1120.0,Failing
nangate45,tinyRocket,b4153033826cac7a43b7a8229bfe83f6d63d781a,1772809637,cts__timing__setup__tns,-17.1,-19.0,Failing
nangate45,tinyRocket,b4153033826cac7a43b7a8229bfe83f6d63d781a,1772809637,globalroute__timing__setup__tns,-30.0,-35.3,Failing
nangate45,tinyRocket,b4153033826cac7a43b7a8229bfe83f6d63d781a,1772809637,finish__timing__setup__tns,-28.5,-31.9,Failing
asap7,aes-block,b4153033826cac7a43b7a8229bfe83f6d63d781a,1772809637,cts__timing__setup__tns,-3710.0,-5150.0,Failing
asap7,aes-block,b4153033826cac7a43b7a8229bfe83f6d63d781a,1772809637,globalroute__timing__setup__tns,-3650.0,-4295.0,Failing
asap7,aes-block,b4153033826cac7a43b7a8229bfe83f6d63d781a,1772809637,globalroute__timing__hold__ws,-22.5,-25.9,Failing
nangate45,ariane133,b4153033826cac7a43b7a8229bfe83f6d63d781a,1772809637,globalroute__timing__setup__tns,-583.0,-642.0,Failing
nangate45,bp_fe_top,b4153033826cac7a43b7a8229bfe83f6d63d781a,1772809637,finish__timing__hold__ws,0.0,-0.002,Failing
nangate45,bp_fe_top,b4153033826cac7a43b7a8229bfe83f6d63d781a,1772809637,finish__timing__hold__tns,0.0,-0.003,Failing
nangate45,bp_multi_top,b4153033826cac7a43b7a8229bfe83f6d63d781a,1772809637,finish__timing__setup__tns,-262.0,-291.0,Failing
sky130hd,chameleon,b4153033826cac7a43b7a8229bfe83f6d63d781a,1772809637,globalroute__antenna_diodes_count,188,218,Failing
sky130hd,microwatt,b4153033826cac7a43b7a8229bfe83f6d63d781a,1772809637,cts__timing__setup__tns,-300.0,-352.0,Failing
sky130hd,microwatt,b4153033826cac7a43b7a8229bfe83f6d63d781a,1772809637,detailedroute__antenna__violating__nets,3,6,Failing
nangate45,swerv_wrapper,a383bc46d870dbe1288039a51bff7d624525c6ab,1772949167,cts__timing__setup__tns,-8.83,-84.2,Failing
nangate45,swerv_wrapper,a383bc46d870dbe1288039a51bff7d624525c6ab,1772949167,globalroute__timing__setup__tns,-7.17,-75.8,Failing
nangate45,swerv_wrapper,a383bc46d870dbe1288039a51bff7d624525c6ab,1772949167,detailedroute__route__wirelength,4491246,5599467,Failing
nangate45,swerv_wrapper,a383bc46d870dbe1288039a51bff7d624525c6ab,1772949167,finish__timing__setup__tns,-0.853,-87.5,Failing
nangate45,swerv_wrapper,8fca77e5616fe2b747d4fca251086ae81d636980,1772932097,cts__timing__setup__ws,-0.267,-0.197,Tighten
nangate45,swerv_wrapper,8fca77e5616fe2b747d4fca251086ae81d636980,1772932097,cts__timing__setup__tns,-84.2,-8.83,Tighten
nangate45,swerv_wrapper,8fca77e5616fe2b747d4fca251086ae81d636980,1772932097,globalroute__timing__setup__ws,-0.246,-0.398,Failing
nangate45,swerv_wrapper,8fca77e5616fe2b747d4fca251086ae81d636980,1772932097,globalroute__timing__setup__tns,-75.8,-7.17,Tighten
nangate45,swerv_wrapper,8fca77e5616fe2b747d4fca251086ae81d636980,1772932097,detailedroute__route__wirelength,5599467,4491246,Tighten
nangate45,swerv_wrapper,8fca77e5616fe2b747d4fca251086ae81d636980,1772932097,finish__timing__setup__ws,-0.248,-0.185,Tighten
nangate45,swerv_wrapper,8fca77e5616fe2b747d4fca251086ae81d636980,1772932097,finish__timing__setup__tns,-87.5,-0.853,Tighten
nangate45,swerv_wrapper,8fca77e5616fe2b747d4fca251086ae81d636980,1772932097,finish__timing__hold__ws,-0.107,-0.103,Tighten
nangate45,swerv_wrapper,8fca77e5616fe2b747d4fca251086ae81d636980,1772932097,finish__timing__hold__tns,-0.407,-0.403,Tighten
rapidus2hp,cva6,8fca77e5616fe2b747d4fca251086ae81d636980,1772932097,cts__timing__setup__tns,-245.0,-243.0,Tighten
rapidus2hp,cva6,8fca77e5616fe2b747d4fca251086ae81d636980,1772932097,globalroute__timing__setup__ws,-0.282,-0.261,Tighten
rapidus2hp,cva6,8fca77e5616fe2b747d4fca251086ae81d636980,1772932097,globalroute__timing__hold__tns,-0.108,-0.1,Tighten
rapidus2hp,cva6,8fca77e5616fe2b747d4fca251086ae81d636980,1772932097,finish__timing__setup__ws,-0.282,-0.261,Tighten
rapidus2hp,cva6,8fca77e5616fe2b747d4fca251086ae81d636980,1772932097,finish__timing__hold__tns,-0.108,-0.1,Tighten
rapidus2hp,hercules_is_int,8fca77e5616fe2b747d4fca251086ae81d636980,1772932097,cts__timing__setup__tns,-142.0,-132.0,Tighten
rapidus2hp,hercules_is_int,8fca77e5616fe2b747d4fca251086ae81d636980,1772932097,globalroute__timing__setup__ws,-0.134,-0.103,Tighten
rapidus2hp,hercules_is_int,8fca77e5616fe2b747d4fca251086ae81d636980,1772932097,globalroute__timing__setup__tns,-1010.0,-898.0,Tighten
rapidus2hp,hercules_is_int,8fca77e5616fe2b747d4fca251086ae81d636980,1772932097,finish__timing__setup__ws,-0.134,-0.103,Tighten
rapidus2hp,hercules_is_int,8fca77e5616fe2b747d4fca251086ae81d636980,1772932097,finish__timing__setup__tns,-1010.0,-898.0,Tighten
rapidus2hp,cva6,eb0ad2467007178ccff937b878eb76f3f6469cf7,1772868345,cts__timing__setup__ws,-0.138,-0.111,Tighten
rapidus2hp,cva6,eb0ad2467007178ccff937b878eb76f3f6469cf7,1772868345,cts__timing__setup__tns,-349.0,-245.0,Tighten
rapidus2hp,cva6,eb0ad2467007178ccff937b878eb76f3f6469cf7,1772868345,globalroute__timing__setup__ws,-0.255,-0.282,Failing
rapidus2hp,cva6,eb0ad2467007178ccff937b878eb76f3f6469cf7,1772868345,finish__timing__setup__ws,-0.255,-0.282,Failing
rapidus2hp,cva6,eb0ad2467007178ccff937b878eb76f3f6469cf7,1772868345,cts__timing__setup__ws,-0.157,-0.14,Tighten
rapidus2hp,cva6,eb0ad2467007178ccff937b878eb76f3f6469cf7,1772868345,cts__timing__setup__tns,-518.0,-412.0,Tighten
rapidus2hp,cva6,eb0ad2467007178ccff937b878eb76f3f6469cf7,1772868345,globalroute__timing__setup__tns,-805.0,-697.0,Tighten
rapidus2hp,cva6,eb0ad2467007178ccff937b878eb76f3f6469cf7,1772868345,finish__timing__setup__tns,-805.0,-697.0,Tighten
asap7,gcd,317b125d3ad6b21183f2299454b03b9f5274b69d,1772805851,placeopt__design__instance__area,52,50,Tighten
asap7,gcd,317b125d3ad6b21183f2299454b03b9f5274b69d,1772805851,placeopt__design__instance__count__stdcell,531,473,Tighten
asap7,gcd,317b125d3ad6b21183f2299454b03b9f5274b69d,1772805851,cts__design__instance__count__setup_buffer,47,41,Tighten
asap7,gcd,317b125d3ad6b21183f2299454b03b9f5274b69d,1772805851,cts__design__instance__count__hold_buffer,46,41,Tighten
asap7,gcd,317b125d3ad6b21183f2299454b03b9f5274b69d,1772805851,cts__timing__setup__ws,-53.6,-38.0,Tighten
asap7,gcd,317b125d3ad6b21183f2299454b03b9f5274b69d,1772805851,cts__timing__setup__tns,-281.0,-119.0,Tighten
asap7,gcd,317b125d3ad6b21183f2299454b03b9f5274b69d,1772805851,globalroute__timing__setup__ws,-64.0,-47.4,Tighten
asap7,gcd,317b125d3ad6b21183f2299454b03b9f5274b69d,1772805851,globalroute__timing__setup__tns,-439.0,-290.0,Tighten
asap7,gcd,317b125d3ad6b21183f2299454b03b9f5274b69d,1772805851,detailedroute__route__wirelength,1352,1053,Tighten
asap7,gcd,317b125d3ad6b21183f2299454b03b9f5274b69d,1772805851,finish__timing__setup__ws,-48.6,-37.5,Tighten
asap7,gcd,317b125d3ad6b21183f2299454b03b9f5274b69d,1772805851,finish__timing__setup__tns,-270.0,-185.0,Tighten
asap7,aes,f79febda370e4495d7149056c99caeaf35d4beb9,1772805783,synth__design__instance__area__stdcell,1928.39,1920.0,Tighten
asap7,aes,f79febda370e4495d7149056c99caeaf35d4beb9,1772805783,placeopt__design__instance__area,2162,2049,Tighten
asap7,aes,f79febda370e4495d7149056c99caeaf35d4beb9,1772805783,placeopt__design__instance__count__stdcell,19594,19328,Tighten
asap7,aes,f79febda370e4495d7149056c99caeaf35d4beb9,1772805783,cts__design__instance__count__setup_buffer,1704,1681,Tighten
asap7,aes,f79febda370e4495d7149056c99caeaf35d4beb9,1772805783,cts__design__instance__count__hold_buffer,1704,1681,Tighten
asap7,aes,f79febda370e4495d7149056c99caeaf35d4beb9,1772805783,cts__timing__setup__tns,-1100.0,-226.0,Tighten
asap7,aes,f79febda370e4495d7149056c99caeaf35d4beb9,1772805783,globalroute__timing__setup__tns,-2170.0,-846.0,Tighten
asap7,aes,f79febda370e4495d7149056c99caeaf35d4beb9,1772805783,detailedroute__route__wirelength,72539,68021,Tighten
asap7,aes,f79febda370e4495d7149056c99caeaf35d4beb9,1772805783,finish__timing__setup__ws,-42.2,-39.9,Tighten
asap7,aes,f79febda370e4495d7149056c99caeaf35d4beb9,1772805783,finish__timing__setup__tns,-825.0,-357.0,Tighten
asap7,aes,f79febda370e4495d7149056c99caeaf35d4beb9,1772805783,finish__design__instance__area,2269,2149,Tighten
rapidus2hp,cva6,0292165b51715752ca033e16c01cd76d047711a6,1772296056,cts__timing__setup__tns,-287.0,-317.0,Failing
rapidus2hp,cva6,0292165b51715752ca033e16c01cd76d047711a6,1772296056,globalroute__timing__setup__tns,-680.0,-526.0,Tighten
rapidus2hp,cva6,0292165b51715752ca033e16c01cd76d047711a6,1772296056,finish__timing__setup__tns,-680.0,-526.0,Tighten
rapidus2hp,cva6,0292165b51715752ca033e16c01cd76d047711a6,1772296056,cts__timing__setup__ws,-0.163,-0.157,Tighten
rapidus2hp,cva6,0292165b51715752ca033e16c01cd76d047711a6,1772296056,cts__timing__setup__tns,-518.0,-355.0,Tighten
rapidus2hp,cva6,0292165b51715752ca033e16c01cd76d047711a6,1772296056,globalroute__timing__setup__tns,-650.0,-871.0,Failing
rapidus2hp,cva6,0292165b51715752ca033e16c01cd76d047711a6,1772296056,finish__timing__setup__tns,-650.0,-871.0,Failing
nangate45,ariane133,a752fcd01f2115c1b08f309b1a928fc24b4e9116,1772295981,globalroute__timing__setup__ws,-0.516,-0.482,Tighten
nangate45,ariane133,a752fcd01f2115c1b08f309b1a928fc24b4e9116,1772295981,globalroute__timing__setup__tns,-624.0,-583.0,Tighten
nangate45,ariane133,a752fcd01f2115c1b08f309b1a928fc24b4e9116,1772295981,detailedroute__route__wirelength,8313088,8312391,Tighten
nangate45,ariane133,a752fcd01f2115c1b08f309b1a928fc24b4e9116,1772295981,finish__timing__setup__ws,-0.531,-0.516,Tighten
nangate45,ariane133,a752fcd01f2115c1b08f309b1a928fc24b4e9116,1772295981,finish__timing__setup__tns,-622.0,-649.0,Failing
nangate45,ariane133,aaedc32b6c66d8df95c158aaa0cfb760d86da274,1772287736,globalroute__timing__setup__ws,-0.516,-0.482,Tighten
nangate45,ariane133,aaedc32b6c66d8df95c158aaa0cfb760d86da274,1772287736,globalroute__timing__setup__tns,-624.0,-583.0,Tighten
nangate45,ariane133,aaedc32b6c66d8df95c158aaa0cfb760d86da274,1772287736,detailedroute__route__wirelength,8313088,8312391,Tighten
nangate45,ariane133,aaedc32b6c66d8df95c158aaa0cfb760d86da274,1772287736,finish__timing__setup__ws,-0.531,-0.516,Tighten
nangate45,ariane133,aaedc32b6c66d8df95c158aaa0cfb760d86da274,1772287736,finish__timing__setup__tns,-622.0,-649.0,Failing
rapidus2hp,cva6,376d507841189e0f207f1d83bcf5e8131a47f25c,1772136335,cts__timing__setup__tns,-317.0,-287.0,Tighten
rapidus2hp,cva6,376d507841189e0f207f1d83bcf5e8131a47f25c,1772136335,globalroute__timing__setup__tns,-526.0,-680.0,Failing
rapidus2hp,cva6,376d507841189e0f207f1d83bcf5e8131a47f25c,1772136335,finish__timing__setup__tns,-526.0,-680.0,Failing
asap7,riscv32i-mock-sram,0385f4330979102d07c5b17ac032435f0c251f2c,1772135673,cts__timing__setup__tns,-452.0,-693.0,Failing
asap7,riscv32i-mock-sram,0385f4330979102d07c5b17ac032435f0c251f2c,1772135673,globalroute__timing__setup__tns,-5600.0,-1700.0,Tighten
asap7,riscv32i-mock-sram,0385f4330979102d07c5b17ac032435f0c251f2c,1772135673,finish__timing__setup__tns,-4360.0,-12300.0,Failing
rapidus2hp,cva6,c6e11406f170dcbeeeb47640cf9c6ab9eccad052,1771859634,cts__timing__setup__ws,-0.113,-0.138,Failing
rapidus2hp,cva6,c6e11406f170dcbeeeb47640cf9c6ab9eccad052,1771859634,cts__timing__setup__tns,-247.0,-297.0,Failing
rapidus2hp,cva6,c6e11406f170dcbeeeb47640cf9c6ab9eccad052,1771859634,cts__timing__hold__tns,-0.1,-0.223,Failing
rapidus2hp,cva6,c6e11406f170dcbeeeb47640cf9c6ab9eccad052,1771859634,globalroute__timing__setup__tns,-637.0,-537.0,Tighten
rapidus2hp,cva6,c6e11406f170dcbeeeb47640cf9c6ab9eccad052,1771859634,finish__timing__setup__tns,-637.0,-537.0,Tighten
gf12,ca53,b14c74f2fa239a13ea4e65a7628a1dc21ce19e98,1771859568,cts__timing__setup__tns,-904.0,-400.0,Tighten
gf12,ca53,b14c74f2fa239a13ea4e65a7628a1dc21ce19e98,1771859568,globalroute__timing__hold__tns,-524.0,-929.0,Failing
gf12,ca53,b14c74f2fa239a13ea4e65a7628a1dc21ce19e98,1771859568,finish__timing__hold__tns,-2640.0,-1850.0,Tighten
gf12,bp_single,0f2127261922b59e30f7ef6635e1123141691f10,1771859510,globalroute__timing__hold__tns,-2010.0,-2520.0,Failing
gf12,bp_single,0f2127261922b59e30f7ef6635e1123141691f10,1771859510,finish__timing__hold__ws,-100.0,-220.0,Failing
gf12,bp_single,14f090920124bf4b5a171c813318fe2ed3f08f26,1771702307,cts__timing__hold__ws,-189.0,-306.0,Failing
gf12,bp_single,14f090920124bf4b5a171c813318fe2ed3f08f26,1771702307,cts__timing__hold__tns,-2440.0,-2200.0,Tighten
gf12,bp_single,14f090920124bf4b5a171c813318fe2ed3f08f26,1771702307,globalroute__timing__hold__ws,-187.0,-318.0,Failing
rapidus2hp,cva6,14f090920124bf4b5a171c813318fe2ed3f08f26,1771702307,cts__timing__setup__tns,-314.0,-247.0,Tighten
rapidus2hp,cva6,14f090920124bf4b5a171c813318fe2ed3f08f26,1771702307,globalroute__timing__setup__ws,-0.16,-0.255,Failing
rapidus2hp,cva6,14f090920124bf4b5a171c813318fe2ed3f08f26,1771702307,globalroute__timing__setup__tns,-506.0,-637.0,Failing
rapidus2hp,cva6,14f090920124bf4b5a171c813318fe2ed3f08f26,1771702307,globalroute__timing__hold__tns,-0.126,-0.118,Tighten
rapidus2hp,cva6,14f090920124bf4b5a171c813318fe2ed3f08f26,1771702307,finish__timing__setup__ws,-0.16,-0.255,Failing
rapidus2hp,cva6,14f090920124bf4b5a171c813318fe2ed3f08f26,1771702307,finish__timing__setup__tns,-506.0,-637.0,Failing
rapidus2hp,cva6,14f090920124bf4b5a171c813318fe2ed3f08f26,1771702307,finish__timing__hold__tns,-0.126,-0.118,Tighten
rapidus2hp,hercules_idecode,14f090920124bf4b5a171c813318fe2ed3f08f26,1771702307,cts__timing__setup__tns,-8.76,-30.7,Failing
rapidus2hp,hercules_idecode,14f090920124bf4b5a171c813318fe2ed3f08f26,1771702307,globalroute__timing__setup__tns,-297.0,-266.0,Tighten
rapidus2hp,hercules_idecode,14f090920124bf4b5a171c813318fe2ed3f08f26,1771702307,finish__timing__setup__tns,-297.0,-266.0,Tighten
rapidus2hp,hercules_is_int,14f090920124bf4b5a171c813318fe2ed3f08f26,1771702307,cts__timing__setup__ws,-0.0333,-0.0543,Failing
rapidus2hp,hercules_is_int,14f090920124bf4b5a171c813318fe2ed3f08f26,1771702307,cts__timing__setup__tns,-59.1,-136.0,Failing
rapidus2hp,hercules_is_int,14f090920124bf4b5a171c813318fe2ed3f08f26,1771702307,globalroute__timing__setup__tns,-1020.0,-1310.0,Failing
rapidus2hp,hercules_is_int,14f090920124bf4b5a171c813318fe2ed3f08f26,1771702307,finish__timing__setup__tns,-1020.0,-1310.0,Failing
rapidus2hp,ibex,14f090920124bf4b5a171c813318fe2ed3f08f26,1771702307,placeopt__design__instance__count__stdcell,22951,22939,Tighten
rapidus2hp,ibex,14f090920124bf4b5a171c813318fe2ed3f08f26,1771702307,globalroute__timing__setup__ws,-0.0254,-0.048,Failing
rapidus2hp,ibex,14f090920124bf4b5a171c813318fe2ed3f08f26,1771702307,globalroute__timing__setup__tns,-0.818,-3.49,Failing
rapidus2hp,ibex,14f090920124bf4b5a171c813318fe2ed3f08f26,1771702307,finish__timing__setup__ws,-0.0254,-0.048,Failing
rapidus2hp,ibex,14f090920124bf4b5a171c813318fe2ed3f08f26,1771702307,finish__timing__setup__tns,-0.818,-3.49,Failing
rapidus2hp,jpeg,14f090920124bf4b5a171c813318fe2ed3f08f26,1771702307,cts__timing__setup__tns,-22.0,-24.0,Failing
rapidus2hp,hercules_idecode,061d5c3610b46f66b40e1b53576668039ed8667a,1771212349,cts__timing__setup__ws,-0.0472,-0.0252,Tighten
rapidus2hp,hercules_idecode,061d5c3610b46f66b40e1b53576668039ed8667a,1771212349,cts__timing__setup__tns,-45.3,-8.76,Tighten
rapidus2hp,hercules_idecode,061d5c3610b46f66b40e1b53576668039ed8667a,1771212349,globalroute__timing__setup__tns,-176.0,-297.0,Failing
rapidus2hp,hercules_idecode,061d5c3610b46f66b40e1b53576668039ed8667a,1771212349,finish__timing__setup__tns,-176.0,-297.0,Failing
asap7,swerv_wrapper,778f67df158d67a2e1a08f19bd99ed450e3b3892,1770733154,finish__timing__setup__ws,-412.0,-402.0,Tighten
asap7,swerv_wrapper,778f67df158d67a2e1a08f19bd99ed450e3b3892,1770733154,finish__timing__setup__tns,-78000.0,-75900.0,Tighten
asap7,swerv_wrapper,778f67df158d67a2e1a08f19bd99ed450e3b3892,1770733154,finish__timing__hold__ws,-215.0,-200.0,Tighten
asap7,swerv_wrapper,778f67df158d67a2e1a08f19bd99ed450e3b3892,1770733154,finish__timing__hold__tns,-45700.0,-45200.0,Tighten
nangate45,ariane133,778f67df158d67a2e1a08f19bd99ed450e3b3892,1770733154,globalroute__timing__setup__tns,-453.0,-482.0,Failing
nangate45,ariane133,778f67df158d67a2e1a08f19bd99ed450e3b3892,1770733154,finish__timing__setup__tns,-443.0,-492.0,Failing
nangate45,swerv_wrapper,778f67df158d67a2e1a08f19bd99ed450e3b3892,1770733154,cts__timing__setup__tns,-6.92,-16.4,Failing
nangate45,swerv_wrapper,778f67df158d67a2e1a08f19bd99ed450e3b3892,1770733154,globalroute__timing__setup__tns,-1.57,-1.27,Tighten
nangate45,swerv_wrapper,778f67df158d67a2e1a08f19bd99ed450e3b3892,1770733154,finish__timing__setup__ws,-0.2,-0.19,Tighten
nangate45,swerv_wrapper,778f67df158d67a2e1a08f19bd99ed450e3b3892,1770733154,finish__timing__hold__tns,-0.552,-1.73,Failing
nangate45,tinyRocket,778f67df158d67a2e1a08f19bd99ed450e3b3892,1770733154,cts__timing__setup__tns,-34.7,-14.8,Tighten
nangate45,tinyRocket,778f67df158d67a2e1a08f19bd99ed450e3b3892,1770733154,globalroute__timing__setup__tns,-43.7,-27.0,Tighten
nangate45,tinyRocket,778f67df158d67a2e1a08f19bd99ed450e3b3892,1770733154,finish__timing__setup__tns,-37.0,-19.1,Tighten
rapidus2hp,cva6,778f67df158d67a2e1a08f19bd99ed450e3b3892,1770733154,cts__timing__setup__tns,-85.1,-100.0,Failing
rapidus2hp,cva6,778f67df158d67a2e1a08f19bd99ed450e3b3892,1770733154,globalroute__timing__setup__tns,-360.0,-420.0,Failing
rapidus2hp,cva6,778f67df158d67a2e1a08f19bd99ed450e3b3892,1770733154,finish__timing__setup__tns,-360.0,-420.0,Failing
sky130hs,ibex,778f67df158d67a2e1a08f19bd99ed450e3b3892,1770733154,globalroute__timing__setup__ws,-0.548,-0.546,Tighten
sky130hs,ibex,778f67df158d67a2e1a08f19bd99ed450e3b3892,1770733154,globalroute__timing__setup__tns,-68.4,-13.8,Tighten
sky130hs,ibex,778f67df158d67a2e1a08f19bd99ed450e3b3892,1770733154,finish__timing__setup__ws,-0.38,-0.375,Tighten
sky130hs,ibex,778f67df158d67a2e1a08f19bd99ed450e3b3892,1770733154,finish__timing__setup__tns,-2.86,-1.44,Tighten
asap7,aes-block,9515c60f2387570bf338809cf80dd634247e84e4,1770704872,cts__design__instance__count__hold_buffer,1445,923,Tighten
asap7,aes-block,9515c60f2387570bf338809cf80dd634247e84e4,1770704872,cts__timing__setup__ws,-162.0,-124.0,Tighten
asap7,aes-block,9515c60f2387570bf338809cf80dd634247e84e4,1770704872,cts__timing__setup__tns,-9000.0,-5920.0,Tighten
asap7,aes-block,9515c60f2387570bf338809cf80dd634247e84e4,1770704872,globalroute__timing__setup__ws,-164.0,-150.0,Tighten
asap7,aes-block,9515c60f2387570bf338809cf80dd634247e84e4,1770704872,globalroute__timing__setup__tns,-8520.0,-6750.0,Tighten
asap7,aes-block,9515c60f2387570bf338809cf80dd634247e84e4,1770704872,finish__timing__setup__ws,-129.0,-116.0,Tighten
asap7,ibex,9515c60f2387570bf338809cf80dd634247e84e4,1770704872,cts__timing__setup__tns,-35900.0,-29100.0,Tighten
asap7,ibex,9515c60f2387570bf338809cf80dd634247e84e4,1770704872,globalroute__timing__setup__tns,-57400.0,-57800.0,Failing
asap7,ibex,9515c60f2387570bf338809cf80dd634247e84e4,1770704872,finish__timing__setup__tns,-34700.0,-22600.0,Tighten
asap7,mock-alu,9515c60f2387570bf338809cf80dd634247e84e4,1770704872,finish__timing__setup__tns,-17200.0,-17300.0,Failing
asap7,riscv32i,9515c60f2387570bf338809cf80dd634247e84e4,1770704872,globalroute__timing__setup__tns,-200.0,-503.0,Failing
asap7,riscv32i,9515c60f2387570bf338809cf80dd634247e84e4,1770704872,detailedroute__route__wirelength,70525,70494,Tighten
asap7,riscv32i-mock-sram,9515c60f2387570bf338809cf80dd634247e84e4,1770704872,detailedroute__route__wirelength,73284,72999,Tighten
asap7,riscv32i-mock-sram,9515c60f2387570bf338809cf80dd634247e84e4,1770704872,finish__timing__setup__tns,-12600.0,-8360.0,Tighten
asap7,swerv_wrapper,9515c60f2387570bf338809cf80dd634247e84e4,1770704872,finish__timing__setup__tns,-80300.0,-21300.0,Tighten
asap7,swerv_wrapper,9515c60f2387570bf338809cf80dd634247e84e4,1770704872,finish__timing__hold__ws,-377.0,-196.0,Tighten
asap7,swerv_wrapper,9515c60f2387570bf338809cf80dd634247e84e4,1770704872,finish__timing__hold__tns,-104000.0,-43700.0,Tighten
gf12,swerv_wrapper,9515c60f2387570bf338809cf80dd634247e84e4,1770704872,cts__timing__setup__ws,-172.0,-84.0,Tighten
gf12,swerv_wrapper,9515c60f2387570bf338809cf80dd634247e84e4,1770704872,cts__timing__setup__tns,-899.0,-374.0,Tighten
gf12,swerv_wrapper,9515c60f2387570bf338809cf80dd634247e84e4,1770704872,cts__timing__hold__ws,-108.0,-197.0,Failing
gf12,tinyRocket,9515c60f2387570bf338809cf80dd634247e84e4,1770704872,cts__timing__setup__tns,-1720.0,-166.0,Tighten
gf180,ibex,9515c60f2387570bf338809cf80dd634247e84e4,1770704872,detailedroute__route__wirelength,1368568,1368088,Tighten
gf180,ibex,9515c60f2387570bf338809cf80dd634247e84e4,1770704872,finish__timing__setup__ws,-0.679,-0.672,Tighten
gf180,riscv32i,9515c60f2387570bf338809cf80dd634247e84e4,1770704872,detailedroute__route__wirelength,657404,653747,Tighten
ihp-sg13g2,ibex,9515c60f2387570bf338809cf80dd634247e84e4,1770704872,detailedroute__route__wirelength,897596,895142,Tighten
nangate45,ariane133,9515c60f2387570bf338809cf80dd634247e84e4,1770704872,globalroute__timing__setup__ws,-0.414,-0.391,Tighten
nangate45,ariane133,9515c60f2387570bf338809cf80dd634247e84e4,1770704872,globalroute__timing__setup__tns,-482.0,-453.0,Tighten
nangate45,ariane133,9515c60f2387570bf338809cf80dd634247e84e4,1770704872,finish__timing__setup__ws,-0.421,-0.389,Tighten
nangate45,ariane133,9515c60f2387570bf338809cf80dd634247e84e4,1770704872,finish__timing__setup__tns,-492.0,-443.0,Tighten
nangate45,ariane136,9515c60f2387570bf338809cf80dd634247e84e4,1770704872,cts__timing__hold__tns,-5.13,-2.54,Tighten
nangate45,bp_fe_top,9515c60f2387570bf338809cf80dd634247e84e4,1770704872,finish__timing__setup__tns,-6.17,-1.42,Tighten
nangate45,bp_multi_top,9515c60f2387570bf338809cf80dd634247e84e4,1770704872,detailedroute__route__wirelength,3751068,3700293,Tighten
nangate45,swerv_wrapper,9515c60f2387570bf338809cf80dd634247e84e4,1770704872,cts__timing__setup__ws,-0.163,-0.153,Tighten
nangate45,swerv_wrapper,9515c60f2387570bf338809cf80dd634247e84e4,1770704872,cts__timing__setup__tns,-24.1,-6.92,Tighten
nangate45,swerv_wrapper,9515c60f2387570bf338809cf80dd634247e84e4,1770704872,finish__timing__setup__tns,-7.3,-6.6,Tighten
nangate45,swerv_wrapper,9515c60f2387570bf338809cf80dd634247e84e4,1770704872,finish__timing__hold__tns,-2.0,-0.552,Tighten
nangate45,tinyRocket,9515c60f2387570bf338809cf80dd634247e84e4,1770704872,globalroute__timing__setup__tns,-44.8,-43.7,Tighten
nangate45,tinyRocket,9515c60f2387570bf338809cf80dd634247e84e4,1770704872,detailedroute__route__wirelength,545695,539547,Tighten
nangate45,tinyRocket,9515c60f2387570bf338809cf80dd634247e84e4,1770704872,finish__timing__setup__tns,-40.3,-37.0,Tighten
rapidus2hp,cva6,9515c60f2387570bf338809cf80dd634247e84e4,1770704872,cts__timing__setup__ws,-0.114,-0.068,Tighten
rapidus2hp,cva6,9515c60f2387570bf338809cf80dd634247e84e4,1770704872,cts__timing__setup__tns,-215.0,-85.1,Tighten
rapidus2hp,cva6,9515c60f2387570bf338809cf80dd634247e84e4,1770704872,globalroute__timing__setup__ws,-0.186,-0.136,Tighten
rapidus2hp,cva6,9515c60f2387570bf338809cf80dd634247e84e4,1770704872,globalroute__timing__setup__tns,-544.0,-360.0,Tighten
rapidus2hp,cva6,9515c60f2387570bf338809cf80dd634247e84e4,1770704872,globalroute__timing__hold__tns,-0.23,-0.13,Tighten
rapidus2hp,cva6,9515c60f2387570bf338809cf80dd634247e84e4,1770704872,finish__timing__setup__ws,-0.186,-0.136,Tighten
rapidus2hp,cva6,9515c60f2387570bf338809cf80dd634247e84e4,1770704872,finish__timing__setup__tns,-544.0,-360.0,Tighten
rapidus2hp,cva6,9515c60f2387570bf338809cf80dd634247e84e4,1770704872,finish__timing__hold__tns,-0.23,-0.13,Tighten
sky130hd,ibex,9515c60f2387570bf338809cf80dd634247e84e4,1770704872,globalroute__timing__setup__ws,-0.783,-0.697,Tighten
sky130hd,ibex,9515c60f2387570bf338809cf80dd634247e84e4,1770704872,globalroute__timing__setup__tns,-3.63,-2.74,Tighten
sky130hd,ibex,9515c60f2387570bf338809cf80dd634247e84e4,1770704872,finish__timing__setup__ws,-0.631,-0.5,Tighten
sky130hd,ibex,9515c60f2387570bf338809cf80dd634247e84e4,1770704872,finish__timing__setup__tns,-2.13,-2.0,Tighten
sky130hd,microwatt,9515c60f2387570bf338809cf80dd634247e84e4,1770704872,globalroute__antenna_diodes_count,2823,2940,Failing
sky130hd,microwatt,9515c60f2387570bf338809cf80dd634247e84e4,1770704872,detailedroute__antenna__violating__nets,3,5,Failing
sky130hd,microwatt,9515c60f2387570bf338809cf80dd634247e84e4,1770704872,detailedroute__antenna_diodes_count,2162,2083,Tighten
sky130hd,microwatt,9515c60f2387570bf338809cf80dd634247e84e4,1770704872,finish__timing__setup__tns,-228.0,-233.0,Failing
sky130hd,microwatt,9515c60f2387570bf338809cf80dd634247e84e4,1770704872,finish__timing__hold__tns,-47.8,-15.4,Tighten
sky130hd,riscv32i,9515c60f2387570bf338809cf80dd634247e84e4,1770704872,globalroute__timing__setup__tns,-21.1,-24.2,Failing
sky130hd,riscv32i,9515c60f2387570bf338809cf80dd634247e84e4,1770704872,finish__timing__setup__tns,-18.0,-11.7,Tighten
sky130hs,riscv32i,9515c60f2387570bf338809cf80dd634247e84e4,1770704872,globalroute__timing__setup__ws,-0.499,-0.485,Tighten
sky130hs,riscv32i,9515c60f2387570bf338809cf80dd634247e84e4,1770704872,globalroute__timing__setup__tns,-9.86,-7.02,Tighten
sky130hs,riscv32i,9515c60f2387570bf338809cf80dd634247e84e4,1770704872,finish__timing__setup__tns,-1.07,-1.05,Tighten
sky130hs,riscv32i,9515c60f2387570bf338809cf80dd634247e84e4,1770704872,cts__timing__setup__ws,-0.148,-0.109,Tighten
sky130hs,riscv32i,9515c60f2387570bf338809cf80dd634247e84e4,1770704872,cts__timing__setup__tns,-344.0,-253.0,Tighten
sky130hs,riscv32i,9515c60f2387570bf338809cf80dd634247e84e4,1770704872,globalroute__timing__setup__ws,-0.189,-0.183,Tighten
sky130hs,riscv32i,9515c60f2387570bf338809cf80dd634247e84e4,1770704872,globalroute__timing__setup__tns,-820.0,-545.0,Tighten
sky130hs,riscv32i,9515c60f2387570bf338809cf80dd634247e84e4,1770704872,finish__timing__setup__ws,-0.189,-0.183,Tighten
sky130hs,riscv32i,9515c60f2387570bf338809cf80dd634247e84e4,1770704872,finish__timing__setup__tns,-820.0,-545.0,Tighten
gf12,ca53,7b80f8bad271155ee2de3bf7ef9d177a475735af,1770132069,cts__timing__setup__tns,-400.0,-904.0,Failing
gf12,ca53,7b80f8bad271155ee2de3bf7ef9d177a475735af,1770132069,globalroute__timing__hold__tns,-793.0,-524.0,Tighten
gf12,ca53,7b80f8bad271155ee2de3bf7ef9d177a475735af,1770132069,finish__timing__hold__tns,-3590.0,-2640.0,Tighten
gf12,bp_single,43b3274247e6ae12d5e0cbf75ab0401134da52a8,1770132006,cts__timing__setup__ws,-100.0,-296.0,Failing
gf12,bp_single,43b3274247e6ae12d5e0cbf75ab0401134da52a8,1770132006,cts__timing__setup__tns,-400.0,-4740.0,Failing
gf12,bp_single,43b3274247e6ae12d5e0cbf75ab0401134da52a8,1770132006,cts__timing__hold__ws,-306.0,-189.0,Tighten
gf12,bp_single,43b3274247e6ae12d5e0cbf75ab0401134da52a8,1770132006,cts__timing__hold__tns,-4360.0,-489.0,Tighten
gf12,bp_single,43b3274247e6ae12d5e0cbf75ab0401134da52a8,1770132006,globalroute__timing__hold__tns,-2360.0,-1510.0,Tighten
gf12,bp_single,84fc8e5df94706682c3c8d55259a5d9876830691,1770050392,cts__timing__setup__tns,-1510.0,-400.0,Tighten
gf12,bp_single,84fc8e5df94706682c3c8d55259a5d9876830691,1770050392,cts__timing__hold__ws,-310.0,-306.0,Tighten
gf12,bp_single,84fc8e5df94706682c3c8d55259a5d9876830691,1770050392,cts__timing__hold__tns,-750.0,-4360.0,Failing
gf12,bp_single,84fc8e5df94706682c3c8d55259a5d9876830691,1770050392,globalroute__timing__hold__ws,-310.0,-187.0,Tighten
gf12,bp_single,84fc8e5df94706682c3c8d55259a5d9876830691,1770050392,globalroute__timing__hold__tns,-1540.0,-2360.0,Failing
gf12,bp_single,84fc8e5df94706682c3c8d55259a5d9876830691,1770050392,finish__timing__setup__tns,-931.0,-507.0,Tighten
gf12,bp_single,84fc8e5df94706682c3c8d55259a5d9876830691,1770050392,finish__timing__hold__ws,-105.0,-100.0,Tighten
gf12,bp_dual,84fc8e5df94706682c3c8d55259a5d9876830691,1770050392,cts__timing__setup__ws,-202.0,-100.0,Tighten
gf12,bp_dual,84fc8e5df94706682c3c8d55259a5d9876830691,1770050392,cts__timing__setup__tns,-17800.0,-400.0,Tighten
gf12,bp_dual,84fc8e5df94706682c3c8d55259a5d9876830691,1770050392,detailedroute__route__wirelength,11876263,13738224,Failing
gf12,bp_dual,84fc8e5df94706682c3c8d55259a5d9876830691,1770050392,detailedroute__route__drc_errors,4,0,Tighten
gf12,bp_dual,84fc8e5df94706682c3c8d55259a5d9876830691,1770050392,finish__timing__setup__tns,-1630.0,-1440.0,Tighten
gf12,bp_quad,84fc8e5df94706682c3c8d55259a5d9876830691,1770050392,cts__timing__setup__ws,-271.0,-572.0,Failing
gf12,bp_quad,84fc8e5df94706682c3c8d55259a5d9876830691,1770050392,cts__timing__setup__tns,-53900.0,-659000.0,Failing
gf12,swerv_wrapper,722306ccf2e289c07e83453a85961b6338a43f38,1769893302,cts__timing__setup__ws,-75.0,-172.0,Failing
gf12,swerv_wrapper,722306ccf2e289c07e83453a85961b6338a43f38,1769893302,cts__timing__setup__tns,-300.0,-899.0,Failing
rapidus2hp,cva6,0766ef9807d82843ecb78ba7d01b86007b93f766,1769893256,cts__timing__setup__ws,-0.0808,-0.114,Failing
rapidus2hp,cva6,0766ef9807d82843ecb78ba7d01b86007b93f766,1769893256,cts__timing__setup__tns,-120.0,-215.0,Failing
rapidus2hp,cva6,0766ef9807d82843ecb78ba7d01b86007b93f766,1769893256,globalroute__timing__setup__ws,-0.15,-0.186,Failing
rapidus2hp,cva6,0766ef9807d82843ecb78ba7d01b86007b93f766,1769893256,globalroute__timing__setup__tns,-434.0,-544.0,Failing
rapidus2hp,cva6,0766ef9807d82843ecb78ba7d01b86007b93f766,1769893256,globalroute__timing__hold__tns,-0.1,-0.23,Failing
rapidus2hp,cva6,0766ef9807d82843ecb78ba7d01b86007b93f766,1769893256,finish__timing__setup__ws,-0.15,-0.186,Failing
rapidus2hp,cva6,0766ef9807d82843ecb78ba7d01b86007b93f766,1769893256,finish__timing__setup__tns,-434.0,-544.0,Failing
rapidus2hp,cva6,0766ef9807d82843ecb78ba7d01b86007b93f766,1769893256,finish__timing__hold__tns,-0.1,-0.23,Failing
rapidus2hp,cva6,9b4655a8baa177d933e152ece5d1ba1781c7282a,1769813611,cts__timing__setup__ws,-0.088,-0.0808,Tighten
rapidus2hp,cva6,9b4655a8baa177d933e152ece5d1ba1781c7282a,1769813611,cts__timing__setup__tns,-34.3,-120.0,Failing
rapidus2hp,cva6,9b4655a8baa177d933e152ece5d1ba1781c7282a,1769813611,cts__timing__hold__ws,-0.0275,-0.025,Tighten
rapidus2hp,cva6,9b4655a8baa177d933e152ece5d1ba1781c7282a,1769813611,cts__timing__hold__tns,-0.11,-0.1,Tighten
rapidus2hp,cva6,9b4655a8baa177d933e152ece5d1ba1781c7282a,1769813611,globalroute__timing__setup__tns,-249.0,-434.0,Failing
rapidus2hp,cva6,9b4655a8baa177d933e152ece5d1ba1781c7282a,1769813611,globalroute__timing__hold__ws,-0.0275,-0.025,Tighten
rapidus2hp,cva6,9b4655a8baa177d933e152ece5d1ba1781c7282a,1769813611,globalroute__timing__hold__tns,-0.11,-0.1,Tighten
rapidus2hp,cva6,9b4655a8baa177d933e152ece5d1ba1781c7282a,1769813611,finish__timing__setup__tns,-249.0,-434.0,Failing
rapidus2hp,cva6,9b4655a8baa177d933e152ece5d1ba1781c7282a,1769813611,finish__timing__hold__ws,-0.0275,-0.025,Tighten
rapidus2hp,cva6,9b4655a8baa177d933e152ece5d1ba1781c7282a,1769813611,finish__timing__hold__tns,-0.11,-0.1,Tighten
rapidus2hp,cva6,9b4655a8baa177d933e152ece5d1ba1781c7282a,1769813611,cts__timing__setup__tns,-347.0,-344.0,Tighten
rapidus2hp,cva6,9b4655a8baa177d933e152ece5d1ba1781c7282a,1769813611,globalroute__timing__setup__tns,-677.0,-820.0,Failing
rapidus2hp,cva6,9b4655a8baa177d933e152ece5d1ba1781c7282a,1769813611,finish__timing__setup__tns,-677.0,-820.0,Failing
rapidus2hp,cva6,9b4655a8baa177d933e152ece5d1ba1781c7282a,1769813611,cts__timing__setup__tns,-15.4,-6.74,Tighten
rapidus2hp,cva6,9b4655a8baa177d933e152ece5d1ba1781c7282a,1769813611,globalroute__timing__setup__tns,-194.0,-197.0,Failing
rapidus2hp,cva6,9b4655a8baa177d933e152ece5d1ba1781c7282a,1769813611,finish__timing__setup__tns,-194.0,-197.0,Failing
rapidus2hp,hercules_idecode,9b4655a8baa177d933e152ece5d1ba1781c7282a,1769813611,cts__timing__setup__tns,-7.79,-45.3,Failing
rapidus2hp,hercules_idecode,9b4655a8baa177d933e152ece5d1ba1781c7282a,1769813611,globalroute__timing__setup__tns,-213.0,-176.0,Tighten
rapidus2hp,hercules_idecode,9b4655a8baa177d933e152ece5d1ba1781c7282a,1769813611,finish__timing__setup__tns,-178.0,-176.0,Tighten
rapidus2hp,hercules_idecode,9b4655a8baa177d933e152ece5d1ba1781c7282a,1769813611,globalroute__timing__setup__tns,-0.111,-0.236,Failing
rapidus2hp,hercules_idecode,9b4655a8baa177d933e152ece5d1ba1781c7282a,1769813611,finish__timing__setup__tns,-0.111,-0.236,Failing
rapidus2hp,hercules_idecode,9b4655a8baa177d933e152ece5d1ba1781c7282a,1769813611,cts__timing__setup__tns,-72.6,-77.5,Failing
rapidus2hp,hercules_idecode,9b4655a8baa177d933e152ece5d1ba1781c7282a,1769813611,globalroute__timing__setup__tns,-1020.0,-1300.0,Failing
rapidus2hp,hercules_idecode,9b4655a8baa177d933e152ece5d1ba1781c7282a,1769813611,finish__timing__setup__tns,-1020.0,-1300.0,Failing
rapidus2hp,hercules_is_int,9b4655a8baa177d933e152ece5d1ba1781c7282a,1769813611,cts__timing__setup__tns,-50.6,-63.8,Failing
rapidus2hp,hercules_is_int,9b4655a8baa177d933e152ece5d1ba1781c7282a,1769813611,globalroute__timing__setup__ws,-0.106,-0.12,Failing
rapidus2hp,hercules_is_int,9b4655a8baa177d933e152ece5d1ba1781c7282a,1769813611,globalroute__timing__setup__tns,-894.0,-1160.0,Failing
rapidus2hp,hercules_is_int,9b4655a8baa177d933e152ece5d1ba1781c7282a,1769813611,finish__timing__setup__ws,-0.106,-0.12,Failing
rapidus2hp,hercules_is_int,9b4655a8baa177d933e152ece5d1ba1781c7282a,1769813611,finish__timing__setup__tns,-894.0,-1160.0,Failing
gf12,bp_quad,769389f60979d22a37d4d7aaa25768ecc0772e09,1768925712,cts__timing__setup__tns,-13100.0,-53900.0,Failing
gf12,bp_quad,769389f60979d22a37d4d7aaa25768ecc0772e09,1768925712,globalroute__timing__setup__ws,-119.0,-117.0,Tighten
gf12,bp_quad,769389f60979d22a37d4d7aaa25768ecc0772e09,1768925712,globalroute__timing__setup__tns,-462.0,-448.0,Tighten
gf12,bp_quad,769389f60979d22a37d4d7aaa25768ecc0772e09,1768925712,detailedroute__route__drc_errors,4,0,Tighten
gf12,bp_quad,769389f60979d22a37d4d7aaa25768ecc0772e09,1768925712,finish__timing__setup__ws,-204.0,-201.0,Tighten
gf12,bp_quad,769389f60979d22a37d4d7aaa25768ecc0772e09,1768925712,finish__timing__setup__tns,-1380.0,-1330.0,Tighten
asap7,aes-block,99bd602532f00a6f66ad27e147b4b331fe7089c9,1768575317,cts__design__instance__count__hold_buffer,1863,1506,Tighten
asap7,aes-block,99bd602532f00a6f66ad27e147b4b331fe7089c9,1768575317,cts__timing__setup__ws,-135.0,-173.0,Failing
asap7,aes-block,99bd602532f00a6f66ad27e147b4b331fe7089c9,1768575317,cts__timing__setup__tns,-8160.0,-9760.0,Failing
asap7,aes-block,99bd602532f00a6f66ad27e147b4b331fe7089c9,1768575317,globalroute__timing__setup__ws,-135.0,-172.0,Failing
asap7,aes-block,99bd602532f00a6f66ad27e147b4b331fe7089c9,1768575317,globalroute__timing__setup__tns,-7640.0,-8980.0,Failing
asap7,ibex,99bd602532f00a6f66ad27e147b4b331fe7089c9,1768575317,cts__timing__setup__tns,-8930.0,-35900.0,Failing
asap7,ibex,99bd602532f00a6f66ad27e147b4b331fe7089c9,1768575317,globalroute__timing__setup__tns,-35400.0,-51200.0,Failing
asap7,ibex,99bd602532f00a6f66ad27e147b4b331fe7089c9,1768575317,finish__timing__setup__tns,-22600.0,-32500.0,Failing
asap7,riscv32i,99bd602532f00a6f66ad27e147b4b331fe7089c9,1768575317,globalroute__timing__setup__ws,-53.4,-50.0,Tighten
asap7,riscv32i,99bd602532f00a6f66ad27e147b4b331fe7089c9,1768575317,globalroute__timing__setup__tns,-205.0,-200.0,Tighten
asap7,riscv32i-mock-sram,99bd602532f00a6f66ad27e147b4b331fe7089c9,1768575317,globalroute__timing__setup__ws,-81.1,-54.9,Tighten
asap7,riscv32i-mock-sram,99bd602532f00a6f66ad27e147b4b331fe7089c9,1768575317,globalroute__timing__setup__tns,-318.0,-211.0,Tighten
asap7,riscv32i-mock-sram,99bd602532f00a6f66ad27e147b4b331fe7089c9,1768575317,finish__timing__setup__ws,-86.5,-50.0,Tighten
asap7,riscv32i-mock-sram,99bd602532f00a6f66ad27e147b4b331fe7089c9,1768575317,finish__timing__setup__tns,-2390.0,-200.0,Tighten
asap7,swerv_wrapper,99bd602532f00a6f66ad27e147b4b331fe7089c9,1768575317,finish__timing__setup__ws,-330.0,-268.0,Tighten
asap7,swerv_wrapper,99bd602532f00a6f66ad27e147b4b331fe7089c9,1768575317,finish__timing__setup__tns,-64500.0,-77500.0,Failing
asap7,swerv_wrapper,99bd602532f00a6f66ad27e147b4b331fe7089c9,1768575317,finish__timing__hold__ws,-197.0,-377.0,Failing
asap7,swerv_wrapper,99bd602532f00a6f66ad27e147b4b331fe7089c9,1768575317,finish__timing__hold__tns,-33200.0,-98800.0,Failing
gf180,ibex,99bd602532f00a6f66ad27e147b4b331fe7089c9,1768575317,cts__timing__setup__ws,-0.531,-0.518,Tighten
gf180,ibex,99bd602532f00a6f66ad27e147b4b331fe7089c9,1768575317,cts__timing__setup__tns,-2.14,-2.04,Tighten
gf180,ibex,99bd602532f00a6f66ad27e147b4b331fe7089c9,1768575317,globalroute__timing__setup__ws,-0.725,-0.683,Tighten
gf180,ibex,99bd602532f00a6f66ad27e147b4b331fe7089c9,1768575317,globalroute__timing__setup__tns,-4.63,-3.74,Tighten
gf180,ibex,99bd602532f00a6f66ad27e147b4b331fe7089c9,1768575317,detailedroute__route__wirelength,1369456,1368630,Tighten
gf180,jpeg,99bd602532f00a6f66ad27e147b4b331fe7089c9,1768575317,placeopt__design__instance__count__stdcell,51361,51347,Tighten
gf180,jpeg,99bd602532f00a6f66ad27e147b4b331fe7089c9,1768575317,cts__design__instance__count__setup_buffer,4466,4465,Tighten
gf180,jpeg,99bd602532f00a6f66ad27e147b4b331fe7089c9,1768575317,cts__design__instance__count__hold_buffer,4466,4465,Tighten
gf180,uart-blocks,99bd602532f00a6f66ad27e147b4b331fe7089c9,1768575317,placeopt__design__instance__count__stdcell,726,714,Tighten
gf180,uart-blocks,99bd602532f00a6f66ad27e147b4b331fe7089c9,1768575317,cts__design__instance__count__setup_buffer,63,62,Tighten
gf180,uart-blocks,99bd602532f00a6f66ad27e147b4b331fe7089c9,1768575317,cts__design__instance__count__hold_buffer,63,62,Tighten
gf180,uart-blocks,99bd602532f00a6f66ad27e147b4b331fe7089c9,1768575317,detailedroute__route__wirelength,18889,17335,Tighten
nangate45,ariane136,99bd602532f00a6f66ad27e147b4b331fe7089c9,1768575317,cts__timing__hold__tns,-2.98,-5.13,Failing
nangate45,ariane136,99bd602532f00a6f66ad27e147b4b331fe7089c9,1768575317,detailedroute__route__wirelength,8079438,8034950,Tighten
nangate45,ariane133,99bd602532f00a6f66ad27e147b4b331fe7089c9,1768575317,cts__timing__setup__ws,-0.324,-0.499,Failing
nangate45,ariane133,99bd602532f00a6f66ad27e147b4b331fe7089c9,1768575317,cts__timing__setup__tns,-214.0,-582.0,Failing
nangate45,ariane133,99bd602532f00a6f66ad27e147b4b331fe7089c9,1768575317,globalroute__timing__setup__ws,-0.361,-0.599,Failing
nangate45,ariane133,99bd602532f00a6f66ad27e147b4b331fe7089c9,1768575317,globalroute__timing__setup__tns,-271.0,-782.0,Failing
nangate45,ariane133,99bd602532f00a6f66ad27e147b4b331fe7089c9,1768575317,detailedroute__route__wirelength,6662734,8528322,Failing
nangate45,ariane133,99bd602532f00a6f66ad27e147b4b331fe7089c9,1768575317,finish__timing__setup__ws,-0.349,-0.595,Failing
nangate45,ariane133,99bd602532f00a6f66ad27e147b4b331fe7089c9,1768575317,finish__timing__setup__tns,-258.0,-810.0,Failing
nangate45,black_parrot,99bd602532f00a6f66ad27e147b4b331fe7089c9,1768575317,cts__timing__setup__ws,-2.96,-2.88,Tighten
nangate45,black_parrot,99bd602532f00a6f66ad27e147b4b331fe7089c9,1768575317,globalroute__timing__setup__ws,-3.12,-3.04,Tighten
nangate45,black_parrot,99bd602532f00a6f66ad27e147b4b331fe7089c9,1768575317,finish__timing__setup__ws,-2.94,-2.85,Tighten
nangate45,bp_be_top,99bd602532f00a6f66ad27e147b4b331fe7089c9,1768575317,cts__timing__setup__tns,-12.8,-19.8,Failing
nangate45,bp_be_top,99bd602532f00a6f66ad27e147b4b331fe7089c9,1768575317,globalroute__timing__setup__tns,-18.6,-23.8,Failing
nangate45,bp_be_top,99bd602532f00a6f66ad27e147b4b331fe7089c9,1768575317,finish__timing__setup__tns,-17.1,-24.4,Failing
nangate45,bp_fe_top,99bd602532f00a6f66ad27e147b4b331fe7089c9,1768575317,finish__timing__setup__tns,-1.46,-3.9,Failing
nangate45,swerv,99bd602532f00a6f66ad27e147b4b331fe7089c9,1768575317,cts__timing__setup__tns,-13.5,-4.66,Tighten
nangate45,swerv,99bd602532f00a6f66ad27e147b4b331fe7089c9,1768575317,globalroute__timing__setup__tns,-52.8,-14.2,Tighten
nangate45,swerv,99bd602532f00a6f66ad27e147b4b331fe7089c9,1768575317,finish__timing__setup__tns,-43.1,-5.21,Tighten
nangate45,swerv_wrapper,99bd602532f00a6f66ad27e147b4b331fe7089c9,1768575317,placeopt__design__instance__area,729734,726502,Tighten
nangate45,swerv_wrapper,99bd602532f00a6f66ad27e147b4b331fe7089c9,1768575317,placeopt__design__instance__count__stdcell,110432,108442,Tighten
nangate45,swerv_wrapper,99bd602532f00a6f66ad27e147b4b331fe7089c9,1768575317,cts__design__instance__count__setup_buffer,9603,9430,Tighten
nangate45,swerv_wrapper,99bd602532f00a6f66ad27e147b4b331fe7089c9,1768575317,cts__design__instance__count__hold_buffer,9603,9430,Tighten
nangate45,swerv_wrapper,99bd602532f00a6f66ad27e147b4b331fe7089c9,1768575317,cts__timing__setup__ws,-0.218,-0.164,Tighten
nangate45,swerv_wrapper,99bd602532f00a6f66ad27e147b4b331fe7089c9,1768575317,cts__timing__setup__tns,-70.4,-21.7,Tighten
nangate45,swerv_wrapper,99bd602532f00a6f66ad27e147b4b331fe7089c9,1768575317,globalroute__antenna_diodes_count,108,106,Tighten
nangate45,swerv_wrapper,99bd602532f00a6f66ad27e147b4b331fe7089c9,1768575317,globalroute__timing__setup__tns,-48.3,-0.416,Tighten
nangate45,swerv_wrapper,99bd602532f00a6f66ad27e147b4b331fe7089c9,1768575317,detailedroute__route__wirelength,4051905,4012435,Tighten
nangate45,swerv_wrapper,99bd602532f00a6f66ad27e147b4b331fe7089c9,1768575317,detailedroute__antenna_diodes_count,108,106,Tighten
nangate45,swerv_wrapper,99bd602532f00a6f66ad27e147b4b331fe7089c9,1768575317,finish__timing__setup__ws,-0.225,-0.2,Tighten
nangate45,swerv_wrapper,99bd602532f00a6f66ad27e147b4b331fe7089c9,1768575317,finish__timing__setup__tns,-78.0,-4.12,Tighten
nangate45,swerv_wrapper,99bd602532f00a6f66ad27e147b4b331fe7089c9,1768575317,finish__timing__hold__tns,-2.82,-2.35,Tighten
nangate45,swerv_wrapper,99bd602532f00a6f66ad27e147b4b331fe7089c9,1768575317,finish__design__instance__area,735619,731983,Tighten
nangate45,tinyRocket,99bd602532f00a6f66ad27e147b4b331fe7089c9,1768575317,cts__timing__setup__ws,-0.146,-0.14,Tighten
nangate45,tinyRocket,99bd602532f00a6f66ad27e147b4b331fe7089c9,1768575317,cts__timing__setup__tns,-23.6,-26.4,Failing
nangate45,tinyRocket,99bd602532f00a6f66ad27e147b4b331fe7089c9,1768575317,globalroute__timing__setup__ws,-0.171,-0.17,Tighten
nangate45,tinyRocket,99bd602532f00a6f66ad27e147b4b331fe7089c9,1768575317,globalroute__timing__setup__tns,-45.7,-44.5,Tighten
nangate45,tinyRocket,99bd602532f00a6f66ad27e147b4b331fe7089c9,1768575317,finish__timing__setup__tns,-38.2,-38.6,Failing
sky130hd,microwatt,99bd602532f00a6f66ad27e147b4b331fe7089c9,1768575317,placeopt__design__instance__area,5434210,5433922,Tighten
sky130hd,microwatt,99bd602532f00a6f66ad27e147b4b331fe7089c9,1768575317,cts__timing__setup__tns,-332.0,-281.0,Tighten
sky130hd,microwatt,99bd602532f00a6f66ad27e147b4b331fe7089c9,1768575317,globalroute__antenna_diodes_count,2454,2964,Failing
sky130hd,microwatt,99bd602532f00a6f66ad27e147b4b331fe7089c9,1768575317,globalroute__timing__setup__tns,-393.0,-377.0,Tighten
sky130hd,microwatt,99bd602532f00a6f66ad27e147b4b331fe7089c9,1768575317,detailedroute__antenna_diodes_count,1388,1712,Failing
sky130hd,microwatt,99bd602532f00a6f66ad27e147b4b331fe7089c9,1768575317,finish__timing__setup__tns,-166.0,-150.0,Tighten
sky130hd,microwatt,99bd602532f00a6f66ad27e147b4b331fe7089c9,1768575317,finish__timing__hold__tns,-23.1,-36.3,Failing
gf12,tinyRocket,7a70489d98d029146ae11153bae8659bc8fb3086,1768501815,cts__timing__setup__tns,-160.0,-1870.0,Failing
gf12,tinyRocket,7a70489d98d029146ae11153bae8659bc8fb3086,1768501815,finish__design__instance__area,17222,17217,Tighten
gf12,bp_single,7a70489d98d029146ae11153bae8659bc8fb3086,1768501815,cts__timing__setup__tns,-400.0,-1900.0,Failing
gf12,bp_single,7a70489d98d029146ae11153bae8659bc8fb3086,1768501815,cts__timing__hold__ws,-243.0,-406.0,Failing
gf12,bp_single,7a70489d98d029146ae11153bae8659bc8fb3086,1768501815,cts__timing__hold__tns,-681.0,-1150.0,Failing
gf12,bp_single,7a70489d98d029146ae11153bae8659bc8fb3086,1768501815,globalroute__timing__hold__ws,-253.0,-409.0,Failing
gf12,bp_single,7a70489d98d029146ae11153bae8659bc8fb3086,1768501815,globalroute__timing__hold__tns,-1320.0,-1930.0,Failing
gf12,bp_single,7a70489d98d029146ae11153bae8659bc8fb3086,1768501815,finish__timing__hold__ws,-100.0,-204.0,Failing
rapidus2hp,gcd,abaa54a3a85f504b4d6b3a2c33e0d9b4d92278cf,1768424123,cts__timing__setup__ws,-25.5,-25.0,Tighten
rapidus2hp,gcd,abaa54a3a85f504b4d6b3a2c33e0d9b4d92278cf,1768424123,cts__timing__setup__tns,-296.0,-408.0,Failing
rapidus2hp,gcd,abaa54a3a85f504b4d6b3a2c33e0d9b4d92278cf,1768424123,globalroute__timing__setup__ws,-38.9,-37.2,Tighten
rapidus2hp,gcd,abaa54a3a85f504b4d6b3a2c33e0d9b4d92278cf,1768424123,globalroute__timing__setup__tns,-821.0,-857.0,Failing
rapidus2hp,gcd,abaa54a3a85f504b4d6b3a2c33e0d9b4d92278cf,1768424123,finish__timing__setup__ws,-38.9,-37.2,Tighten
rapidus2hp,gcd,abaa54a3a85f504b4d6b3a2c33e0d9b4d92278cf,1768424123,finish__timing__setup__tns,-821.0,-857.0,Failing
rapidus2hp,gcd,abaa54a3a85f504b4d6b3a2c33e0d9b4d92278cf,1768424123,cts__timing__setup__ws,-26.5,-26.3,Tighten
rapidus2hp,gcd,abaa54a3a85f504b4d6b3a2c33e0d9b4d92278cf,1768424123,cts__timing__setup__tns,-345.0,-212.0,Tighten
rapidus2hp,gcd,abaa54a3a85f504b4d6b3a2c33e0d9b4d92278cf,1768424123,globalroute__timing__setup__ws,-38.9,-37.0,Tighten
rapidus2hp,gcd,abaa54a3a85f504b4d6b3a2c33e0d9b4d92278cf,1768424123,globalroute__timing__setup__tns,-804.0,-725.0,Tighten
rapidus2hp,gcd,abaa54a3a85f504b4d6b3a2c33e0d9b4d92278cf,1768424123,finish__timing__setup__ws,-38.9,-37.0,Tighten
rapidus2hp,gcd,abaa54a3a85f504b4d6b3a2c33e0d9b4d92278cf,1768424123,finish__timing__setup__tns,-804.0,-725.0,Tighten
rapidus2hp,ethmac,abaa54a3a85f504b4d6b3a2c33e0d9b4d92278cf,1768424123,cts__timing__setup__tns,-622.0,-537.0,Tighten
rapidus2hp,ethmac,abaa54a3a85f504b4d6b3a2c33e0d9b4d92278cf,1768424123,globalroute__timing__setup__tns,-1410.0,-1040.0,Tighten
rapidus2hp,ethmac,abaa54a3a85f504b4d6b3a2c33e0d9b4d92278cf,1768424123,finish__timing__setup__tns,-1410.0,-1040.0,Tighten
rapidus2hp,ethmac,abaa54a3a85f504b4d6b3a2c33e0d9b4d92278cf,1768424123,placeopt__design__instance__area,3429,3427,Tighten
rapidus2hp,ethmac,abaa54a3a85f504b4d6b3a2c33e0d9b4d92278cf,1768424123,placeopt__design__instance__count__stdcell,72627,72530,Tighten
rapidus2hp,ethmac,abaa54a3a85f504b4d6b3a2c33e0d9b4d92278cf,1768424123,cts__design__instance__count__setup_buffer,6315,6307,Tighten
rapidus2hp,ethmac,abaa54a3a85f504b4d6b3a2c33e0d9b4d92278cf,1768424123,cts__design__instance__count__hold_buffer,6315,6307,Tighten
rapidus2hp,ethmac,abaa54a3a85f504b4d6b3a2c33e0d9b4d92278cf,1768424123,cts__timing__setup__ws,-34.4,-29.7,Tighten
rapidus2hp,ethmac,abaa54a3a85f504b4d6b3a2c33e0d9b4d92278cf,1768424123,cts__timing__setup__tns,-612.0,-449.0,Tighten
rapidus2hp,ethmac,abaa54a3a85f504b4d6b3a2c33e0d9b4d92278cf,1768424123,globalroute__timing__setup__ws,-56.6,-43.6,Tighten
rapidus2hp,ethmac,abaa54a3a85f504b4d6b3a2c33e0d9b4d92278cf,1768424123,globalroute__timing__setup__tns,-1610.0,-1070.0,Tighten
rapidus2hp,ethmac,abaa54a3a85f504b4d6b3a2c33e0d9b4d92278cf,1768424123,finish__timing__setup__ws,-56.6,-43.6,Tighten
rapidus2hp,ethmac,abaa54a3a85f504b4d6b3a2c33e0d9b4d92278cf,1768424123,finish__timing__setup__tns,-1610.0,-1070.0,Tighten
rapidus2hp,ethmac,abaa54a3a85f504b4d6b3a2c33e0d9b4d92278cf,1768424123,finish__design__instance__area,3601,3599,Tighten
rapidus2hp,jpeg,abaa54a3a85f504b4d6b3a2c33e0d9b4d92278cf,1768424123,globalroute__timing__setup__ws,-47.4,-107.0,Failing
rapidus2hp,jpeg,abaa54a3a85f504b4d6b3a2c33e0d9b4d92278cf,1768424123,globalroute__timing__setup__tns,-8370.0,-44400.0,Failing
rapidus2hp,jpeg,abaa54a3a85f504b4d6b3a2c33e0d9b4d92278cf,1768424123,finish__timing__setup__ws,-47.4,-107.0,Failing
rapidus2hp,jpeg,abaa54a3a85f504b4d6b3a2c33e0d9b4d92278cf,1768424123,finish__timing__setup__tns,-8370.0,-44400.0,Failing
rapidus2hp,jpeg,abaa54a3a85f504b4d6b3a2c33e0d9b4d92278cf,1768424123,synth__design__instance__area__stdcell,3300.0,3290.0,Tighten
rapidus2hp,jpeg,abaa54a3a85f504b4d6b3a2c33e0d9b4d92278cf,1768424123,placeopt__design__instance__count__stdcell,99438,99405,Tighten
rapidus2hp,jpeg,abaa54a3a85f504b4d6b3a2c33e0d9b4d92278cf,1768424123,cts__design__instance__count__setup_buffer,8647,8644,Tighten
rapidus2hp,jpeg,abaa54a3a85f504b4d6b3a2c33e0d9b4d92278cf,1768424123,cts__design__instance__count__hold_buffer,8647,8644,Tighten
rapidus2hp,jpeg,abaa54a3a85f504b4d6b3a2c33e0d9b4d92278cf,1768424123,globalroute__timing__setup__ws,-75.1,-53.1,Tighten
rapidus2hp,jpeg,abaa54a3a85f504b4d6b3a2c33e0d9b4d92278cf,1768424123,globalroute__timing__setup__tns,-6740.0,-8970.0,Failing
rapidus2hp,jpeg,abaa54a3a85f504b4d6b3a2c33e0d9b4d92278cf,1768424123,finish__timing__setup__ws,-75.1,-53.1,Tighten
rapidus2hp,jpeg,abaa54a3a85f504b4d6b3a2c33e0d9b4d92278cf,1768424123,finish__timing__setup__tns,-6740.0,-8970.0,Failing
rapidus2hp,cva6,abaa54a3a85f504b4d6b3a2c33e0d9b4d92278cf,1768424123,globalroute__timing__setup__tns,-163000.0,-102000.0,Tighten
rapidus2hp,cva6,abaa54a3a85f504b4d6b3a2c33e0d9b4d92278cf,1768424123,globalroute__timing__hold__ws,-37.1,-36.1,Tighten
rapidus2hp,cva6,abaa54a3a85f504b4d6b3a2c33e0d9b4d92278cf,1768424123,globalroute__timing__hold__tns,-144.0,-134.0,Tighten
rapidus2hp,cva6,abaa54a3a85f504b4d6b3a2c33e0d9b4d92278cf,1768424123,finish__timing__setup__tns,-163000.0,-102000.0,Tighten
rapidus2hp,cva6,abaa54a3a85f504b4d6b3a2c33e0d9b4d92278cf,1768424123,finish__timing__hold__ws,-37.1,-36.1,Tighten
rapidus2hp,cva6,abaa54a3a85f504b4d6b3a2c33e0d9b4d92278cf,1768424123,finish__timing__hold__tns,-144.0,-134.0,Tighten
rapidus2hp,cva6,abaa54a3a85f504b4d6b3a2c33e0d9b4d92278cf,1768424123,globalroute__timing__setup__tns,-163000.0,-102000.0,Tighten
rapidus2hp,cva6,abaa54a3a85f504b4d6b3a2c33e0d9b4d92278cf,1768424123,globalroute__timing__hold__ws,-37.1,-36.1,Tighten
rapidus2hp,cva6,abaa54a3a85f504b4d6b3a2c33e0d9b4d92278cf,1768424123,globalroute__timing__hold__tns,-144.0,-134.0,Tighten
rapidus2hp,cva6,abaa54a3a85f504b4d6b3a2c33e0d9b4d92278cf,1768424123,finish__timing__setup__tns,-163000.0,-102000.0,Tighten
rapidus2hp,cva6,abaa54a3a85f504b4d6b3a2c33e0d9b4d92278cf,1768424123,finish__timing__hold__ws,-37.1,-36.1,Tighten
rapidus2hp,cva6,abaa54a3a85f504b4d6b3a2c33e0d9b4d92278cf,1768424123,finish__timing__hold__tns,-144.0,-134.0,Tighten
rapidus2hp,hercules_idecode,abaa54a3a85f504b4d6b3a2c33e0d9b4d92278cf,1768424123,globalroute__timing__setup__ws,-135.0,-126.0,Tighten
rapidus2hp,hercules_idecode,abaa54a3a85f504b4d6b3a2c33e0d9b4d92278cf,1768424123,globalroute__timing__setup__tns,-555000.0,-458000.0,Tighten
rapidus2hp,hercules_idecode,abaa54a3a85f504b4d6b3a2c33e0d9b4d92278cf,1768424123,finish__timing__setup__ws,-135.0,-126.0,Tighten
rapidus2hp,hercules_idecode,abaa54a3a85f504b4d6b3a2c33e0d9b4d92278cf,1768424123,finish__timing__setup__tns,-555000.0,-458000.0,Tighten
rapidus2hp,hercules_idecode,abaa54a3a85f504b4d6b3a2c33e0d9b4d92278cf,1768424123,finish__design__instance__area,11869,11866,Tighten
rapidus2hp,hercules_idecode,abaa54a3a85f504b4d6b3a2c33e0d9b4d92278cf,1768424123,cts__timing__setup__tns,-295000.0,-260000.0,Tighten
rapidus2hp,hercules_idecode,abaa54a3a85f504b4d6b3a2c33e0d9b4d92278cf,1768424123,globalroute__timing__setup__ws,-152.0,-125.0,Tighten
rapidus2hp,hercules_idecode,abaa54a3a85f504b4d6b3a2c33e0d9b4d92278cf,1768424123,globalroute__timing__setup__tns,-484000.0,-458000.0,Tighten
rapidus2hp,hercules_idecode,abaa54a3a85f504b4d6b3a2c33e0d9b4d92278cf,1768424123,finish__timing__setup__ws,-152.0,-125.0,Tighten
rapidus2hp,hercules_idecode,abaa54a3a85f504b4d6b3a2c33e0d9b4d92278cf,1768424123,finish__timing__setup__tns,-484000.0,-458000.0,Tighten
rapidus2hp,hercules_is_int,abaa54a3a85f504b4d6b3a2c33e0d9b4d92278cf,1768424123,cts__timing__setup__ws,-84.9,-78.0,Tighten
rapidus2hp,hercules_is_int,abaa54a3a85f504b4d6b3a2c33e0d9b4d92278cf,1768424123,cts__timing__setup__tns,-396000.0,-308000.0,Tighten
rapidus2hp,hercules_is_int,abaa54a3a85f504b4d6b3a2c33e0d9b4d92278cf,1768424123,globalroute__timing__setup__ws,-158.0,-270.0,Failing
rapidus2hp,hercules_is_int,abaa54a3a85f504b4d6b3a2c33e0d9b4d92278cf,1768424123,globalroute__timing__setup__tns,-1670000.0,-1430000.0,Tighten
rapidus2hp,hercules_is_int,abaa54a3a85f504b4d6b3a2c33e0d9b4d92278cf,1768424123,finish__timing__setup__ws,-158.0,-270.0,Failing
rapidus2hp,hercules_is_int,abaa54a3a85f504b4d6b3a2c33e0d9b4d92278cf,1768424123,finish__timing__setup__tns,-1670000.0,-1430000.0,Tighten
rapidus2hp,hercules_is_int,abaa54a3a85f504b4d6b3a2c33e0d9b4d92278cf,1768424123,finish__design__instance__area,33391,33364,Tighten
rapidus2hp,hercules_is_int,abaa54a3a85f504b4d6b3a2c33e0d9b4d92278cf,1768424123,cts__timing__setup__ws,-62.1,-60.3,Tighten
rapidus2hp,hercules_is_int,abaa54a3a85f504b4d6b3a2c33e0d9b4d92278cf,1768424123,cts__timing__setup__tns,-307000.0,-301000.0,Tighten
rapidus2hp,hercules_is_int,abaa54a3a85f504b4d6b3a2c33e0d9b4d92278cf,1768424123,globalroute__timing__setup__ws,-308.0,-255.0,Tighten
rapidus2hp,hercules_is_int,abaa54a3a85f504b4d6b3a2c33e0d9b4d92278cf,1768424123,globalroute__timing__setup__tns,-1380000.0,-1240000.0,Tighten
rapidus2hp,hercules_is_int,abaa54a3a85f504b4d6b3a2c33e0d9b4d92278cf,1768424123,finish__timing__setup__ws,-308.0,-255.0,Tighten
rapidus2hp,hercules_is_int,abaa54a3a85f504b4d6b3a2c33e0d9b4d92278cf,1768424123,finish__timing__setup__tns,-1380000.0,-1240000.0,Tighten
rapidus2hp,ibex,abaa54a3a85f504b4d6b3a2c33e0d9b4d92278cf,1768424123,globalroute__timing__setup__ws,-54.4,-41.4,Tighten
rapidus2hp,ibex,abaa54a3a85f504b4d6b3a2c33e0d9b4d92278cf,1768424123,globalroute__timing__setup__tns,-10200.0,-1680.0,Tighten
rapidus2hp,ibex,abaa54a3a85f504b4d6b3a2c33e0d9b4d92278cf,1768424123,finish__timing__setup__ws,-54.4,-41.4,Tighten
rapidus2hp,ibex,abaa54a3a85f504b4d6b3a2c33e0d9b4d92278cf,1768424123,finish__timing__setup__tns,-10200.0,-1680.0,Tighten
rapidus2hp,ibex,abaa54a3a85f504b4d6b3a2c33e0d9b4d92278cf,1768424123,globalroute__timing__setup__ws,-52.8,-41.4,Tighten
rapidus2hp,ibex,abaa54a3a85f504b4d6b3a2c33e0d9b4d92278cf,1768424123,globalroute__timing__setup__tns,-10200.0,-1680.0,Tighten
rapidus2hp,ibex,abaa54a3a85f504b4d6b3a2c33e0d9b4d92278cf,1768424123,finish__timing__setup__ws,-52.8,-41.4,Tighten
rapidus2hp,ibex,abaa54a3a85f504b4d6b3a2c33e0d9b4d92278cf,1768424123,finish__timing__setup__tns,-10200.0,-1680.0,Tighten
gf12,ariane,abaa54a3a85f504b4d6b3a2c33e0d9b4d92278cf,1768424123,cts__timing__setup__ws,-216.0,-211.0,Tighten
gf12,ariane,abaa54a3a85f504b4d6b3a2c33e0d9b4d92278cf,1768424123,cts__timing__setup__tns,-23400.0,-720.0,Tighten
gf12,ariane,abaa54a3a85f504b4d6b3a2c33e0d9b4d92278cf,1768424123,finish__design__instance__area,217031,216957,Tighten
gf12,gcd,abaa54a3a85f504b4d6b3a2c33e0d9b4d92278cf,1768424123,cts__timing__setup__ws,-47.8,-46.3,Tighten
gf12,gcd,abaa54a3a85f504b4d6b3a2c33e0d9b4d92278cf,1768424123,cts__timing__setup__tns,-299.0,-249.0,Tighten
gf12,gcd,abaa54a3a85f504b4d6b3a2c33e0d9b4d92278cf,1768424123,globalroute__timing__setup__ws,-55.1,-54.9,Tighten
gf12,gcd,abaa54a3a85f504b4d6b3a2c33e0d9b4d92278cf,1768424123,globalroute__timing__setup__tns,-342.0,-421.0,Failing
gf12,gcd,abaa54a3a85f504b4d6b3a2c33e0d9b4d92278cf,1768424123,finish__timing__setup__ws,-41.0,-38.5,Tighten
gf12,bp_single,abaa54a3a85f504b4d6b3a2c33e0d9b4d92278cf,1768424123,cts__timing__setup__tns,-2300.0,-400.0,Tighten
gf12,bp_single,abaa54a3a85f504b4d6b3a2c33e0d9b4d92278cf,1768424123,cts__timing__hold__tns,-702.0,-681.0,Tighten
gf12,tinyRocket,abaa54a3a85f504b4d6b3a2c33e0d9b4d92278cf,1768424123,globalroute__timing__setup__tns,-359.0,-160.0,Tighten
gf12,coyote,abaa54a3a85f504b4d6b3a2c33e0d9b4d92278cf,1768424123,detailedroute__route__drc_errors,2,0,Tighten
gf12,swerv_wrapper,abaa54a3a85f504b4d6b3a2c33e0d9b4d92278cf,1768424123,cts__timing__hold__ws,-233.0,-108.0,Tighten
gf12,swerv_wrapper,abaa54a3a85f504b4d6b3a2c33e0d9b4d92278cf,1768424123,cts__timing__hold__tns,-624.0,-370.0,Tighten
gf12,ibex,abaa54a3a85f504b4d6b3a2c33e0d9b4d92278cf,1768424123,cts__timing__setup__ws,-117.0,-51.0,Tighten
gf12,ibex,abaa54a3a85f504b4d6b3a2c33e0d9b4d92278cf,1768424123,cts__timing__setup__tns,-7370.0,-204.0,Tighten
gf12,ibex,abaa54a3a85f504b4d6b3a2c33e0d9b4d92278cf,1768424123,globalroute__timing__setup__tns,-2440.0,-204.0,Tighten
gf12,aes,abaa54a3a85f504b4d6b3a2c33e0d9b4d92278cf,1768424123,synth__design__instance__area__stdcell,3732.67,3710.0,Tighten
gf12,aes,abaa54a3a85f504b4d6b3a2c33e0d9b4d92278cf,1768424123,placeopt__design__instance__area,4194,4159,Tighten
gf12,aes,abaa54a3a85f504b4d6b3a2c33e0d9b4d92278cf,1768424123,finish__design__instance__area,4273,4236,Tighten
gf12,ca53,abaa54a3a85f504b4d6b3a2c33e0d9b4d92278cf,1768424123,cts__timing__hold__tns,-512.0,-400.0,Tighten
gf12,ca53,abaa54a3a85f504b4d6b3a2c33e0d9b4d92278cf,1768424123,globalroute__timing__setup__ws,-233.0,-225.0,Tighten
gf12,ca53,abaa54a3a85f504b4d6b3a2c33e0d9b4d92278cf,1768424123,globalroute__timing__setup__tns,-2520.0,-1990.0,Tighten
gf12,ca53,abaa54a3a85f504b4d6b3a2c33e0d9b4d92278cf,1768424123,globalroute__timing__hold__tns,-1130.0,-848.0,Tighten
gf12,ca53,abaa54a3a85f504b4d6b3a2c33e0d9b4d92278cf,1768424123,finish__timing__hold__tns,-7530.0,-4200.0,Tighten
gf12,bp_single,47c82a95c73b3a5db57005d66245142af5344c17,1768397829,cts__timing__setup__tns,-2300.0,-1810.0,Tighten
gf12,bp_single,47c82a95c73b3a5db57005d66245142af5344c17,1768397829,cts__timing__hold__ws,-243.0,-407.0,Failing
gf12,bp_single,47c82a95c73b3a5db57005d66245142af5344c17,1768397829,cts__timing__hold__tns,-702.0,-5440.0,Failing
gf12,bp_single,47c82a95c73b3a5db57005d66245142af5344c17,1768397829,globalroute__timing__hold__ws,-253.0,-407.0,Failing
gf12,bp_single,47c82a95c73b3a5db57005d66245142af5344c17,1768397829,globalroute__timing__hold__tns,-1320.0,-1770.0,Failing
gf12,bp_single,47c82a95c73b3a5db57005d66245142af5344c17,1768397829,finish__timing__setup__tns,-518.0,-1130.0,Failing
gf12,bp_single,47c82a95c73b3a5db57005d66245142af5344c17,1768397829,finish__timing__hold__ws,-100.0,-210.0,Failing
gf12,swerv_wrapper,47c82a95c73b3a5db57005d66245142af5344c17,1768397829,cts__timing__setup__ws,-75.0,-290.0,Failing
gf12,swerv_wrapper,47c82a95c73b3a5db57005d66245142af5344c17,1768397829,cts__timing__setup__tns,-300.0,-999.0,Failing
gf12,swerv_wrapper,47c82a95c73b3a5db57005d66245142af5344c17,1768397829,finish__timing__hold__tns,-508.0,-463.0,Tighten
gf12,tinyRocket,47c82a95c73b3a5db57005d66245142af5344c17,1768397829,cts__timing__setup__tns,-160.0,-4150.0,Failing
gf12,tinyRocket,47c82a95c73b3a5db57005d66245142af5344c17,1768397829,globalroute__timing__setup__tns,-359.0,-642.0,Failing
gf12,tinyRocket,47c82a95c73b3a5db57005d66245142af5344c17,1768397829,globalroute__timing__setup__ws,-108.0,-106.0,Tighten
gf12,tinyRocket,47c82a95c73b3a5db57005d66245142af5344c17,1768397829,globalroute__timing__setup__tns,-163000.0,-165000.0,Failing
gf12,tinyRocket,47c82a95c73b3a5db57005d66245142af5344c17,1768397829,globalroute__timing__hold__ws,-37.1,-32.9,Tighten
gf12,tinyRocket,47c82a95c73b3a5db57005d66245142af5344c17,1768397829,globalroute__timing__hold__tns,-144.0,-125.0,Tighten
gf12,tinyRocket,47c82a95c73b3a5db57005d66245142af5344c17,1768397829,finish__timing__setup__ws,-108.0,-106.0,Tighten
gf12,tinyRocket,47c82a95c73b3a5db57005d66245142af5344c17,1768397829,finish__timing__setup__tns,-163000.0,-165000.0,Failing
gf12,tinyRocket,47c82a95c73b3a5db57005d66245142af5344c17,1768397829,finish__timing__hold__ws,-37.1,-32.9,Tighten
gf12,tinyRocket,47c82a95c73b3a5db57005d66245142af5344c17,1768397829,finish__timing__hold__tns,-144.0,-125.0,Tighten
gf12,tinyRocket,47c82a95c73b3a5db57005d66245142af5344c17,1768397829,globalroute__timing__setup__ws,-108.0,-106.0,Tighten
gf12,tinyRocket,47c82a95c73b3a5db57005d66245142af5344c17,1768397829,globalroute__timing__setup__tns,-163000.0,-165000.0,Failing
gf12,tinyRocket,47c82a95c73b3a5db57005d66245142af5344c17,1768397829,globalroute__timing__hold__ws,-37.1,-32.9,Tighten
gf12,tinyRocket,47c82a95c73b3a5db57005d66245142af5344c17,1768397829,globalroute__timing__hold__tns,-144.0,-125.0,Tighten
gf12,tinyRocket,47c82a95c73b3a5db57005d66245142af5344c17,1768397829,finish__timing__setup__ws,-108.0,-106.0,Tighten
gf12,tinyRocket,47c82a95c73b3a5db57005d66245142af5344c17,1768397829,finish__timing__setup__tns,-163000.0,-165000.0,Failing
gf12,tinyRocket,47c82a95c73b3a5db57005d66245142af5344c17,1768397829,finish__timing__hold__ws,-37.1,-32.9,Tighten
gf12,tinyRocket,47c82a95c73b3a5db57005d66245142af5344c17,1768397829,finish__timing__hold__tns,-144.0,-125.0,Tighten
rapidus2hp,hercules_is_int,738f1bd728b3d638d6818787576b56d9dc168fb9,1767723623,synth__design__instance__area__stdcell,26631.02,26600.0,Tighten
rapidus2hp,hercules_is_int,738f1bd728b3d638d6818787576b56d9dc168fb9,1767723623,placeopt__design__instance__area,31863,31764,Tighten
rapidus2hp,hercules_is_int,738f1bd728b3d638d6818787576b56d9dc168fb9,1767723623,placeopt__design__instance__count__stdcell,661418,659714,Tighten
rapidus2hp,hercules_is_int,738f1bd728b3d638d6818787576b56d9dc168fb9,1767723623,cts__design__instance__count__setup_buffer,57554,57366,Tighten
rapidus2hp,hercules_is_int,738f1bd728b3d638d6818787576b56d9dc168fb9,1767723623,cts__design__instance__count__hold_buffer,57554,57366,Tighten
rapidus2hp,hercules_is_int,738f1bd728b3d638d6818787576b56d9dc168fb9,1767723623,cts__timing__setup__ws,-52.8,-71.9,Failing
rapidus2hp,hercules_is_int,738f1bd728b3d638d6818787576b56d9dc168fb9,1767723623,cts__timing__setup__tns,-252000.0,-379000.0,Failing
rapidus2hp,hercules_is_int,738f1bd728b3d638d6818787576b56d9dc168fb9,1767723623,globalroute__antenna_diodes_count,581,579,Tighten
rapidus2hp,hercules_is_int,738f1bd728b3d638d6818787576b56d9dc168fb9,1767723623,globalroute__timing__setup__ws,-391.0,-372.0,Tighten
rapidus2hp,hercules_is_int,738f1bd728b3d638d6818787576b56d9dc168fb9,1767723623,globalroute__timing__setup__tns,-1230000.0,-1560000.0,Failing
rapidus2hp,hercules_is_int,738f1bd728b3d638d6818787576b56d9dc168fb9,1767723623,finish__timing__setup__ws,-391.0,-372.0,Tighten
rapidus2hp,hercules_is_int,738f1bd728b3d638d6818787576b56d9dc168fb9,1767723623,finish__timing__setup__tns,-1230000.0,-1560000.0,Failing
rapidus2hp,hercules_is_int,738f1bd728b3d638d6818787576b56d9dc168fb9,1767723623,finish__design__instance__area,33600,33391,Tighten
gf12,ariane,bcc5cacfad31595228881319b856108fbf4cace4,1767544033,cts__timing__setup__tns,-725.0,-23400.0,Failing
gf12,ariane,bcc5cacfad31595228881319b856108fbf4cace4,1767544033,globalroute__timing__setup__ws,-209.0,-208.0,Tighten
gf12,ariane,bcc5cacfad31595228881319b856108fbf4cace4,1767544033,globalroute__timing__setup__tns,-717.0,-716.0,Tighten
gf12,ariane,bcc5cacfad31595228881319b856108fbf4cace4,1767544033,detailedroute__timing__hold__tns,-3350.0,-1440.0,Tighten
gf12,swerv_wrapper,bcc5cacfad31595228881319b856108fbf4cace4,1767544033,detailedroute__route__wirelength,2388740,2388575,Tighten
gf12,swerv_wrapper,bcc5cacfad31595228881319b856108fbf4cace4,1767544033,detailedroute__timing__hold__tns,-53700.0,-55100.0,Failing
asap7,uart,0ec7c553476889d61c49fbac11c908b737161641,1767156700,synth__design__instance__area__stdcell,83.24,82.7,Tighten
asap7,uart,0ec7c553476889d61c49fbac11c908b737161641,1767156700,placeopt__design__instance__area,107,100,Tighten
asap7,uart,0ec7c553476889d61c49fbac11c908b737161641,1767156700,placeopt__design__instance__count__stdcell,996,912,Tighten
asap7,uart,0ec7c553476889d61c49fbac11c908b737161641,1767156700,cts__timing__setup__ws,-33.8,-48.0,Failing
asap7,uart,0ec7c553476889d61c49fbac11c908b737161641,1767156700,cts__timing__setup__tns,-1320.0,-1440.0,Failing
asap7,uart,0ec7c553476889d61c49fbac11c908b737161641,1767156700,globalroute__timing__setup__tns,-1990.0,-2090.0,Failing
asap7,uart,0ec7c553476889d61c49fbac11c908b737161641,1767156700,detailedroute__timing__setup__ws,-18.8,-33.5,Failing
asap7,uart,0ec7c553476889d61c49fbac11c908b737161641,1767156700,detailedroute__timing__setup__tns,-327.0,-446.0,Failing
asap7,uart,0ec7c553476889d61c49fbac11c908b737161641,1767156700,finish__timing__setup__ws,-34.3,-49.5,Failing
asap7,uart,0ec7c553476889d61c49fbac11c908b737161641,1767156700,finish__timing__setup__tns,-1310.0,-1520.0,Failing
gf12,ca53,9df59e114e54e12cf126f548bfdaee48f4397603,1767131335,cts__timing__setup__tns,-10900.0,-12000.0,Failing
gf12,ca53,9df59e114e54e12cf126f548bfdaee48f4397603,1767131335,globalroute__timing__setup__tns,-6480.0,-8940.0,Failing
gf12,ca53,9df59e114e54e12cf126f548bfdaee48f4397603,1767131335,globalroute__timing__hold__tns,-1660.0,-726.0,Tighten
gf12,ca53,9df59e114e54e12cf126f548bfdaee48f4397603,1767131335,detailedroute__timing__hold__tns,-95400.0,-43800.0,Tighten
gf12,ca53,9df59e114e54e12cf126f548bfdaee48f4397603,1767131335,finish__timing__setup__tns,-1450.0,-2690.0,Failing
gf12,ca53,9df59e114e54e12cf126f548bfdaee48f4397603,1767131335,finish__timing__hold__tns,-2580.0,-3040.0,Failing
rapidus2hp,ethmac,9df59e114e54e12cf126f548bfdaee48f4397603,1767131335,cts__timing__setup__ws,-35.3,-34.0,Tighten
rapidus2hp,ethmac,9df59e114e54e12cf126f548bfdaee48f4397603,1767131335,cts__timing__setup__tns,-739.0,-738.0,Tighten
rapidus2hp,ethmac,9df59e114e54e12cf126f548bfdaee48f4397603,1767131335,globalroute__timing__setup__tns,-1590.0,-1650.0,Failing
rapidus2hp,ethmac,9df59e114e54e12cf126f548bfdaee48f4397603,1767131335,finish__timing__setup__tns,-1590.0,-1650.0,Failing
rapidus2hp,ethmac,9df59e114e54e12cf126f548bfdaee48f4397603,1767131335,finish__design__instance__area,3586,3582,Tighten
rapidus2hp,gcd,9df59e114e54e12cf126f548bfdaee48f4397603,1767131335,cts__timing__setup__tns,-592.0,-312.0,Tighten
rapidus2hp,gcd,9df59e114e54e12cf126f548bfdaee48f4397603,1767131335,globalroute__timing__setup__ws,-40.6,-39.9,Tighten
rapidus2hp,gcd,9df59e114e54e12cf126f548bfdaee48f4397603,1767131335,globalroute__timing__setup__tns,-635.0,-684.0,Failing
rapidus2hp,gcd,9df59e114e54e12cf126f548bfdaee48f4397603,1767131335,finish__timing__setup__ws,-40.6,-39.9,Tighten
rapidus2hp,gcd,9df59e114e54e12cf126f548bfdaee48f4397603,1767131335,finish__timing__setup__tns,-635.0,-684.0,Failing
rapidus2hp,gcd,9df59e114e54e12cf126f548bfdaee48f4397603,1767131335,cts__timing__setup__ws,-55.9,-54.9,Tighten
rapidus2hp,gcd,9df59e114e54e12cf126f548bfdaee48f4397603,1767131335,globalroute__timing__setup__ws,-331.0,-253.0,Tighten
rapidus2hp,gcd,9df59e114e54e12cf126f548bfdaee48f4397603,1767131335,globalroute__timing__setup__tns,-1140000.0,-1170000.0,Failing
rapidus2hp,gcd,9df59e114e54e12cf126f548bfdaee48f4397603,1767131335,finish__timing__setup__ws,-331.0,-253.0,Tighten
rapidus2hp,gcd,9df59e114e54e12cf126f548bfdaee48f4397603,1767131335,finish__timing__setup__tns,-1140000.0,-1170000.0,Failing
rapidus2hp,gcd,9df59e114e54e12cf126f548bfdaee48f4397603,1767131335,finish__design__instance__area,33676,33662,Tighten
rapidus2hp,gcd,9df59e114e54e12cf126f548bfdaee48f4397603,1767131335,placeopt__design__instance__area,34395,31900,Tighten
rapidus2hp,gcd,9df59e114e54e12cf126f548bfdaee48f4397603,1767131335,placeopt__design__instance__count__stdcell,747782,660729,Tighten
rapidus2hp,gcd,9df59e114e54e12cf126f548bfdaee48f4397603,1767131335,cts__design__instance__count__setup_buffer,65024,57455,Tighten
rapidus2hp,gcd,9df59e114e54e12cf126f548bfdaee48f4397603,1767131335,cts__design__instance__count__hold_buffer,65024,57455,Tighten
rapidus2hp,gcd,9df59e114e54e12cf126f548bfdaee48f4397603,1767131335,cts__timing__setup__ws,-460.0,-70.3,Tighten
rapidus2hp,gcd,9df59e114e54e12cf126f548bfdaee48f4397603,1767131335,cts__timing__setup__tns,-3000000.0,-285000.0,Tighten
rapidus2hp,gcd,9df59e114e54e12cf126f548bfdaee48f4397603,1767131335,globalroute__antenna_diodes_count,651,580,Tighten
rapidus2hp,gcd,9df59e114e54e12cf126f548bfdaee48f4397603,1767131335,globalroute__timing__setup__ws,-153.0,-244.0,Failing
rapidus2hp,gcd,9df59e114e54e12cf126f548bfdaee48f4397603,1767131335,finish__timing__setup__ws,-153.0,-244.0,Failing
rapidus2hp,gcd,9df59e114e54e12cf126f548bfdaee48f4397603,1767131335,finish__design__instance__area,35450,33568,Tighten
rapidus2hp,ibex,9df59e114e54e12cf126f548bfdaee48f4397603,1767131335,globalroute__timing__setup__tns,-118.0,-309.0,Failing
rapidus2hp,ibex,9df59e114e54e12cf126f548bfdaee48f4397603,1767131335,finish__timing__setup__tns,-118.0,-309.0,Failing
gf12,ibex,9df59e114e54e12cf126f548bfdaee48f4397603,1767131335,cts__timing__setup__tns,-997.0,-7370.0,Failing
gf12,ibex,9df59e114e54e12cf126f548bfdaee48f4397603,1767131335,globalroute__timing__setup__tns,-204.0,-2440.0,Failing
gf12,bp_dual,57d52fb0a7283779825e2357020f4f0e169ddab7,1766528095,cts__timing__setup__ws,-100.0,-202.0,Failing
gf12,bp_dual,57d52fb0a7283779825e2357020f4f0e169ddab7,1766528095,cts__timing__setup__tns,-400.0,-17800.0,Failing
gf12,bp_dual,57d52fb0a7283779825e2357020f4f0e169ddab7,1766528095,detailedroute__route__drc_errors,0,4,Failing
gf12,bp_dual,57d52fb0a7283779825e2357020f4f0e169ddab7,1766528095,detailedroute__timing__setup__ws,-294.0,-293.0,Tighten
gf12,bp_dual,57d52fb0a7283779825e2357020f4f0e169ddab7,1766528095,detailedroute__timing__hold__tns,-3650.0,-460.0,Tighten
gf12,bp_dual,57d52fb0a7283779825e2357020f4f0e169ddab7,1766528095,finish__timing__setup__tns,-1720.0,-1630.0,Tighten
gf12,bp_quad,57d52fb0a7283779825e2357020f4f0e169ddab7,1766528095,placeopt__design__instance__area,1579306,1496173,Tighten
gf12,bp_quad,57d52fb0a7283779825e2357020f4f0e169ddab7,1766528095,detailedroute__route__wirelength,25903866,24629256,Tighten
gf12,bp_quad,57d52fb0a7283779825e2357020f4f0e169ddab7,1766528095,detailedroute__route__drc_errors,3,4,Failing
gf12,bp_quad,57d52fb0a7283779825e2357020f4f0e169ddab7,1766528095,finish__timing__setup__ws,-239.22,-204.0,Tighten
gf12,bp_quad,57d52fb0a7283779825e2357020f4f0e169ddab7,1766528095,finish__design__instance__area,1610080,1523750,Tighten
rapidus2hp,cva6,57d52fb0a7283779825e2357020f4f0e169ddab7,1766528095,cts__timing__hold__tns,-2880.0,-3660.0,Failing
rapidus2hp,ethmac,57d52fb0a7283779825e2357020f4f0e169ddab7,1766528095,cts__timing__setup__ws,-44.1,-43.5,Tighten
rapidus2hp,ethmac,57d52fb0a7283779825e2357020f4f0e169ddab7,1766528095,cts__timing__setup__tns,-843.0,-932.0,Failing
rapidus2hp,ethmac,57d52fb0a7283779825e2357020f4f0e169ddab7,1766528095,globalroute__timing__setup__ws,-56.2,-52.0,Tighten
rapidus2hp,ethmac,57d52fb0a7283779825e2357020f4f0e169ddab7,1766528095,globalroute__timing__setup__tns,-1700.0,-1590.0,Tighten
rapidus2hp,ethmac,57d52fb0a7283779825e2357020f4f0e169ddab7,1766528095,finish__timing__setup__ws,-56.2,-52.0,Tighten
rapidus2hp,ethmac,57d52fb0a7283779825e2357020f4f0e169ddab7,1766528095,finish__timing__setup__tns,-1700.0,-1590.0,Tighten
rapidus2hp,ethmac,57d52fb0a7283779825e2357020f4f0e169ddab7,1766528095,finish__design__instance__area,3616,3586,Tighten
rapidus2hp,gcd,57d52fb0a7283779825e2357020f4f0e169ddab7,1766528095,cts__timing__setup__ws,-25.4,-34.5,Failing
rapidus2hp,gcd,57d52fb0a7283779825e2357020f4f0e169ddab7,1766528095,cts__timing__setup__tns,-244.0,-804.0,Failing
rapidus2hp,gcd,57d52fb0a7283779825e2357020f4f0e169ddab7,1766528095,globalroute__timing__setup__ws,-36.5,-43.5,Failing
rapidus2hp,gcd,57d52fb0a7283779825e2357020f4f0e169ddab7,1766528095,globalroute__timing__setup__tns,-534.0,-718.0,Failing
rapidus2hp,gcd,57d52fb0a7283779825e2357020f4f0e169ddab7,1766528095,finish__timing__setup__ws,-36.5,-43.5,Failing
rapidus2hp,gcd,57d52fb0a7283779825e2357020f4f0e169ddab7,1766528095,finish__timing__setup__tns,-534.0,-718.0,Failing
gf12,ibex,57d52fb0a7283779825e2357020f4f0e169ddab7,1766528095,cts__timing__setup__ws,-51.0,-117.0,Failing
gf12,ibex,57d52fb0a7283779825e2357020f4f0e169ddab7,1766528095,cts__timing__setup__tns,-204.0,-997.0,Failing
gf12,gcd,0b0a13becb62b15bb70e7700a49e2f35089bfc41,1766423720,globalroute__timing__setup__tns,-481.0,-1020.0,Failing
gf12,gcd,0b0a13becb62b15bb70e7700a49e2f35089bfc41,1766423720,finish__timing__setup__tns,-161,-435.0,Failing
gf12,bp_single,0b0a13becb62b15bb70e7700a49e2f35089bfc41,1766423720,cts__timing__hold__ws,-313.0,-251.0,Tighten
gf12,bp_single,0b0a13becb62b15bb70e7700a49e2f35089bfc41,1766423720,cts__timing__hold__tns,-613.0,-1660.0,Failing
gf12,bp_single,0b0a13becb62b15bb70e7700a49e2f35089bfc41,1766423720,globalroute__timing__hold__ws,-327.0,-253.0,Tighten
gf12,bp_single,0b0a13becb62b15bb70e7700a49e2f35089bfc41,1766423720,detailedroute__timing__setup__tns,-1460.0,-1410.0,Tighten
gf12,bp_single,0b0a13becb62b15bb70e7700a49e2f35089bfc41,1766423720,detailedroute__timing__hold__tns,-998.0,-1550.0,Failing
gf12,bp_single,0b0a13becb62b15bb70e7700a49e2f35089bfc41,1766423720,finish__timing__setup__tns,-822.0,-557.0,Tighten
gf12,ca53,0b0a13becb62b15bb70e7700a49e2f35089bfc41,1766423720,cts__timing__setup__ws,-206.0,-447.0,Failing
gf12,ca53,0b0a13becb62b15bb70e7700a49e2f35089bfc41,1766423720,cts__timing__setup__tns,-890.0,-10900.0,Failing
gf12,ca53,0b0a13becb62b15bb70e7700a49e2f35089bfc41,1766423720,globalroute__timing__setup__ws,-100.0,-377.0,Failing
gf12,ca53,0b0a13becb62b15bb70e7700a49e2f35089bfc41,1766423720,globalroute__timing__setup__tns,-100.0,-6480.0,Failing
gf12,ca53,0b0a13becb62b15bb70e7700a49e2f35089bfc41,1766423720,globalroute__timing__hold__tns,-935.0,-1660.0,Failing
gf12,ca53,0b0a13becb62b15bb70e7700a49e2f35089bfc41,1766423720,detailedroute__timing__hold__tns,-60800.0,-95400.0,Failing
gf12,ca53,0b0a13becb62b15bb70e7700a49e2f35089bfc41,1766423720,finish__timing__setup__ws,-100.0,-239.0,Failing
gf12,ca53,0b0a13becb62b15bb70e7700a49e2f35089bfc41,1766423720,finish__timing__setup__tns,-100.0,-1450.0,Failing
rapidus2hp,ethmac,0b0a13becb62b15bb70e7700a49e2f35089bfc41,1766423720,cts__timing__setup__ws,-35.9,-44.1,Failing
rapidus2hp,ethmac,0b0a13becb62b15bb70e7700a49e2f35089bfc41,1766423720,globalroute__timing__setup__ws,-44.9,-56.2,Failing
rapidus2hp,ethmac,0b0a13becb62b15bb70e7700a49e2f35089bfc41,1766423720,globalroute__timing__setup__tns,-1390.0,-1700.0,Failing
rapidus2hp,ethmac,0b0a13becb62b15bb70e7700a49e2f35089bfc41,1766423720,finish__timing__setup__ws,-44.9,-56.2,Failing
rapidus2hp,ethmac,0b0a13becb62b15bb70e7700a49e2f35089bfc41,1766423720,finish__timing__setup__tns,-1390.0,-1700.0,Failing
rapidus2hp,hercules_idecode,0b0a13becb62b15bb70e7700a49e2f35089bfc41,1766423720,placeopt__design__instance__area,12484,12438,Tighten
rapidus2hp,hercules_idecode,0b0a13becb62b15bb70e7700a49e2f35089bfc41,1766423720,cts__timing__setup__ws,-273.0,-247.0,Tighten
rapidus2hp,hercules_idecode,0b0a13becb62b15bb70e7700a49e2f35089bfc41,1766423720,cts__timing__setup__tns,-1050000.0,-959000.0,Tighten
rapidus2hp,hercules_idecode,0b0a13becb62b15bb70e7700a49e2f35089bfc41,1766423720,globalroute__timing__setup__ws,-150.0,-164.0,Failing
rapidus2hp,hercules_idecode,0b0a13becb62b15bb70e7700a49e2f35089bfc41,1766423720,finish__timing__setup__ws,-150.0,-164.0,Failing
rapidus2hp,hercules_idecode,0b0a13becb62b15bb70e7700a49e2f35089bfc41,1766423720,finish__design__instance__area,12763,12718,Tighten
rapidus2hp,hercules_is_int,0b0a13becb62b15bb70e7700a49e2f35089bfc41,1766423720,cts__timing__setup__ws,-308.0,-361.0,Failing
rapidus2hp,hercules_is_int,0b0a13becb62b15bb70e7700a49e2f35089bfc41,1766423720,cts__timing__setup__tns,-3310000.0,-3190000.0,Tighten
rapidus2hp,hercules_is_int,0b0a13becb62b15bb70e7700a49e2f35089bfc41,1766423720,globalroute__timing__setup__ws,-166.0,-164.0,Tighten
rapidus2hp,hercules_is_int,0b0a13becb62b15bb70e7700a49e2f35089bfc41,1766423720,globalroute__timing__setup__tns,-1420000.0,-1290000.0,Tighten
rapidus2hp,hercules_is_int,0b0a13becb62b15bb70e7700a49e2f35089bfc41,1766423720,finish__timing__setup__ws,-166.0,-164.0,Tighten
rapidus2hp,hercules_is_int,0b0a13becb62b15bb70e7700a49e2f35089bfc41,1766423720,finish__timing__setup__tns,-1420000.0,-1290000.0,Tighten
gf180,aes-hybrid,342cdcdc85e123fff63aa995ddc89f80cf568acb,1766301138,cts__timing__setup__tns,-152.0,-147.0,Tighten
gf180,aes-hybrid,342cdcdc85e123fff63aa995ddc89f80cf568acb,1766301138,globalroute__timing__setup__tns,-164.0,-159.0,Tighten
gf180,aes-hybrid,342cdcdc85e123fff63aa995ddc89f80cf568acb,1766301138,detailedroute__timing__setup__tns,-74.9,-76.8,Failing
gf180,aes-hybrid,342cdcdc85e123fff63aa995ddc89f80cf568acb,1766301138,finish__timing__setup__tns,-160.0,-156.0,Tighten
gf180,ibex,342cdcdc85e123fff63aa995ddc89f80cf568acb,1766301138,finish__timing__setup__tns,-133.0,-141.0,Failing
gf180,jpeg,342cdcdc85e123fff63aa995ddc89f80cf568acb,1766301138,detailedroute__route__wirelength,2803717,2728428,Tighten
gf180,jpeg,342cdcdc85e123fff63aa995ddc89f80cf568acb,1766301138,detailedroute__antenna__violating__nets,0,1,Failing
rapidus2hp,hercules_is_int,342cdcdc85e123fff63aa995ddc89f80cf568acb,1766301138,globalroute__timing__setup__tns,-1410000.0,-1420000.0,Failing
rapidus2hp,hercules_is_int,342cdcdc85e123fff63aa995ddc89f80cf568acb,1766301138,finish__timing__setup__tns,-1410000.0,-1420000.0,Failing
gf12,swerv_wrapper,342cdcdc85e123fff63aa995ddc89f80cf568acb,1766301138,cts__timing__hold__ws,-133.0,-75.0,Tighten
gf12,swerv_wrapper,342cdcdc85e123fff63aa995ddc89f80cf568acb,1766301138,cts__timing__hold__tns,-379.0,-300.0,Tighten
gf12,swerv_wrapper,342cdcdc85e123fff63aa995ddc89f80cf568acb,1766301138,detailedroute__route__wirelength,2547385,2535684,Tighten
gf12,swerv_wrapper,342cdcdc85e123fff63aa995ddc89f80cf568acb,1766301138,detailedroute__route__drc_errors,6,0,Tighten
gf12,swerv_wrapper,342cdcdc85e123fff63aa995ddc89f80cf568acb,1766301138,detailedroute__timing__hold__tns,-50700.0,-51500.0,Failing
rapidus2hp,ethmac,60fdee62bcc5783be4ad4497e084e7d904fc16dc,1766090772,synth__design__instance__area__stdcell,3300.0,3290.0,Tighten
rapidus2hp,ethmac,60fdee62bcc5783be4ad4497e084e7d904fc16dc,1766090772,cts__timing__setup__tns,-877.0,-843.0,Tighten
rapidus2hp,ethmac,60fdee62bcc5783be4ad4497e084e7d904fc16dc,1766090772,globalroute__timing__setup__tns,-1490.0,-1390.0,Tighten
rapidus2hp,ethmac,60fdee62bcc5783be4ad4497e084e7d904fc16dc,1766090772,finish__timing__setup__tns,-1490.0,-1390.0,Tighten
rapidus2hp,gcd,60fdee62bcc5783be4ad4497e084e7d904fc16dc,1766090772,globalroute__timing__setup__tns,-596.0,-534.0,Tighten
rapidus2hp,gcd,60fdee62bcc5783be4ad4497e084e7d904fc16dc,1766090772,finish__timing__setup__tns,-596.0,-534.0,Tighten
rapidus2hp,hercules_is_int,60fdee62bcc5783be4ad4497e084e7d904fc16dc,1766090772,globalroute__timing__setup__tns,-1420000.0,-1410000.0,Tighten
rapidus2hp,hercules_is_int,60fdee62bcc5783be4ad4497e084e7d904fc16dc,1766090772,finish__timing__setup__tns,-1420000.0,-1410000.0,Tighten
rapidus2hp,cva6,60fdee62bcc5783be4ad4497e084e7d904fc16dc,1766090772,cts__timing__hold__ws,-56.2,-113.0,Failing
rapidus2hp,cva6,60fdee62bcc5783be4ad4497e084e7d904fc16dc,1766090772,cts__timing__hold__tns,-225.0,-2880.0,Failing
nangate45,ariane133,ad68473a4c01cf19004f842379071cab89da775b,1766042479,cts__timing__setup__ws,-0.503,-0.331,Tighten
nangate45,ariane133,ad68473a4c01cf19004f842379071cab89da775b,1766042479,cts__timing__setup__tns,-677.0,-190.0,Tighten
nangate45,ariane133,ad68473a4c01cf19004f842379071cab89da775b,1766042479,globalroute__timing__setup__ws,-0.496,-0.374,Tighten
nangate45,ariane133,ad68473a4c01cf19004f842379071cab89da775b,1766042479,globalroute__timing__setup__tns,-654.0,-292.0,Tighten
nangate45,ariane133,ad68473a4c01cf19004f842379071cab89da775b,1766042479,detailedroute__route__wirelength,8166038,6662734,Tighten
nangate45,ariane133,ad68473a4c01cf19004f842379071cab89da775b,1766042479,detailedroute__timing__hold__ws,-0.155,-0.15,Tighten
nangate45,ariane133,ad68473a4c01cf19004f842379071cab89da775b,1766042479,detailedroute__timing__hold__tns,-0.646,-0.6,Tighten
nangate45,ariane133,ad68473a4c01cf19004f842379071cab89da775b,1766042479,finish__timing__setup__ws,-0.481,-0.372,Tighten
nangate45,ariane133,ad68473a4c01cf19004f842379071cab89da775b,1766042479,finish__timing__setup__tns,-619.0,-304.0,Tighten
asap7,ethmac,ad68473a4c01cf19004f842379071cab89da775b,1766042479,cts__timing__setup__tns,-2960.0,-2900.0,Tighten
asap7,ethmac,ad68473a4c01cf19004f842379071cab89da775b,1766042479,globalroute__timing__setup__tns,-3780.0,-4030.0,Failing
asap7,ethmac,ad68473a4c01cf19004f842379071cab89da775b,1766042479,detailedroute__timing__setup__ws,-124.0,-121.0,Tighten
asap7,ethmac,ad68473a4c01cf19004f842379071cab89da775b,1766042479,detailedroute__timing__setup__tns,-1950.0,-1870.0,Tighten
ihp-sg13g2,ibex,ad68473a4c01cf19004f842379071cab89da775b,1766042479,detailedroute__route__wirelength,989089,897596,Tighten
ihp-sg13g2,ibex,ad68473a4c01cf19004f842379071cab89da775b,1766042479,cts__timing__setup__ws,-0.5,-0.4,Tighten
ihp-sg13g2,ibex,ad68473a4c01cf19004f842379071cab89da775b,1766042479,cts__timing__setup__tns,-2.0,-1.6,Tighten
ihp-sg13g2,ibex,ad68473a4c01cf19004f842379071cab89da775b,1766042479,cts__timing__hold__ws,-0.5,-0.4,Tighten
ihp-sg13g2,ibex,ad68473a4c01cf19004f842379071cab89da775b,1766042479,cts__timing__hold__tns,-2.0,-1.6,Tighten
ihp-sg13g2,ibex,ad68473a4c01cf19004f842379071cab89da775b,1766042479,globalroute__timing__setup__ws,-0.5,-0.414,Tighten
ihp-sg13g2,ibex,ad68473a4c01cf19004f842379071cab89da775b,1766042479,globalroute__timing__setup__tns,-2.0,-1.7,Tighten
ihp-sg13g2,ibex,ad68473a4c01cf19004f842379071cab89da775b,1766042479,globalroute__timing__hold__ws,-0.5,-0.4,Tighten
ihp-sg13g2,ibex,ad68473a4c01cf19004f842379071cab89da775b,1766042479,globalroute__timing__hold__tns,-2.0,-1.6,Tighten
ihp-sg13g2,ibex,ad68473a4c01cf19004f842379071cab89da775b,1766042479,detailedroute__timing__setup__ws,-0.5,-0.4,Tighten
ihp-sg13g2,ibex,ad68473a4c01cf19004f842379071cab89da775b,1766042479,detailedroute__timing__setup__tns,-2.0,-1.6,Tighten
ihp-sg13g2,ibex,ad68473a4c01cf19004f842379071cab89da775b,1766042479,detailedroute__timing__hold__ws,-0.5,-0.4,Tighten
ihp-sg13g2,ibex,ad68473a4c01cf19004f842379071cab89da775b,1766042479,detailedroute__timing__hold__tns,-2.0,-1.6,Tighten
ihp-sg13g2,ibex,ad68473a4c01cf19004f842379071cab89da775b,1766042479,finish__timing__setup__ws,-0.5,-0.4,Tighten
ihp-sg13g2,ibex,ad68473a4c01cf19004f842379071cab89da775b,1766042479,finish__timing__setup__tns,-2.0,-1.6,Tighten
ihp-sg13g2,ibex,ad68473a4c01cf19004f842379071cab89da775b,1766042479,finish__timing__hold__ws,-0.5,-0.4,Tighten
ihp-sg13g2,ibex,ad68473a4c01cf19004f842379071cab89da775b,1766042479,finish__timing__hold__tns,-2.0,-1.6,Tighten
nangate45,tinyRocket,ad68473a4c01cf19004f842379071cab89da775b,1766042479,placeopt__design__instance__area,61249,60747,Tighten
nangate45,tinyRocket,ad68473a4c01cf19004f842379071cab89da775b,1766042479,placeopt__design__instance__count__stdcell,32493,32247,Tighten
nangate45,tinyRocket,ad68473a4c01cf19004f842379071cab89da775b,1766042479,cts__design__instance__count__setup_buffer,2826,2804,Tighten
nangate45,tinyRocket,ad68473a4c01cf19004f842379071cab89da775b,1766042479,cts__design__instance__count__hold_buffer,2826,2804,Tighten
nangate45,tinyRocket,ad68473a4c01cf19004f842379071cab89da775b,1766042479,cts__timing__setup__ws,-0.171,-0.149,Tighten
nangate45,tinyRocket,ad68473a4c01cf19004f842379071cab89da775b,1766042479,cts__timing__setup__tns,-50.7,-29.1,Tighten
nangate45,tinyRocket,ad68473a4c01cf19004f842379071cab89da775b,1766042479,globalroute__timing__setup__ws,-0.188,-0.171,Tighten
nangate45,tinyRocket,ad68473a4c01cf19004f842379071cab89da775b,1766042479,globalroute__timing__setup__tns,-60.9,-41.6,Tighten
nangate45,tinyRocket,ad68473a4c01cf19004f842379071cab89da775b,1766042479,detailedroute__route__wirelength,734937,549212,Tighten
nangate45,tinyRocket,ad68473a4c01cf19004f842379071cab89da775b,1766042479,detailedroute__timing__setup__tns,-0.838,-2.53,Failing
nangate45,tinyRocket,ad68473a4c01cf19004f842379071cab89da775b,1766042479,finish__timing__setup__ws,-0.178,-0.156,Tighten
nangate45,tinyRocket,ad68473a4c01cf19004f842379071cab89da775b,1766042479,finish__timing__setup__tns,-53.4,-36.8,Tighten
nangate45,tinyRocket,ad68473a4c01cf19004f842379071cab89da775b,1766042479,finish__design__instance__area,63303,62486,Tighten
asap7,riscv32i-mock-sram,939ce6126e52dc2806a224d42fd672c20fe3ea94,1766007724,cts__timing__setup__ws,-157.0,-148.0,Tighten
asap7,riscv32i-mock-sram,939ce6126e52dc2806a224d42fd672c20fe3ea94,1766007724,cts__timing__setup__tns,-1180.0,-944.0,Tighten
asap7,riscv32i-mock-sram,939ce6126e52dc2806a224d42fd672c20fe3ea94,1766007724,globalroute__timing__setup__ws,-169.0,-148.0,Tighten
asap7,riscv32i-mock-sram,939ce6126e52dc2806a224d42fd672c20fe3ea94,1766007724,finish__timing__setup__ws,-155.0,-153.0,Tighten
asap7,riscv32i-mock-sram,939ce6126e52dc2806a224d42fd672c20fe3ea94,1766007724,finish__timing__setup__tns,-1030.0,-1420.0,Failing
gf12,ariane,66b4ca77838d347733663242017a6b673c0e887f,1765915443,cts__timing__setup__tns,-733.0,-4820.0,Failing
gf12,ariane,66b4ca77838d347733663242017a6b673c0e887f,1765915443,globalroute__timing__setup__tns,-717.0,-20100.0,Failing
gf12,ariane,66b4ca77838d347733663242017a6b673c0e887f,1765915443,detailedroute__route__drc_errors,1,4,Failing
gf12,ariane,66b4ca77838d347733663242017a6b673c0e887f,1765915443,detailedroute__timing__hold__tns,-1100.0,-2550.0,Failing
gf12,bp_single,66b4ca77838d347733663242017a6b673c0e887f,1765915443,cts__timing__hold__ws,-198.0,-313.0,Failing
gf12,bp_single,66b4ca77838d347733663242017a6b673c0e887f,1765915443,cts__timing__hold__tns,-2570.0,-613.0,Tighten
gf12,bp_single,66b4ca77838d347733663242017a6b673c0e887f,1765915443,globalroute__timing__hold__ws,-185.0,-327.0,Failing
gf12,bp_single,66b4ca77838d347733663242017a6b673c0e887f,1765915443,globalroute__timing__hold__tns,-2500.0,-1360.0,Tighten
gf12,bp_single,66b4ca77838d347733663242017a6b673c0e887f,1765915443,detailedroute__route__drc_errors,1,0,Tighten
gf12,bp_single,66b4ca77838d347733663242017a6b673c0e887f,1765915443,detailedroute__timing__hold__tns,-10300.0,-998.0,Tighten
gf12,bp_single,66b4ca77838d347733663242017a6b673c0e887f,1765915443,finish__timing__setup__tns,-409.0,-822.0,Failing
gf12,ca53,66b4ca77838d347733663242017a6b673c0e887f,1765915443,cts__timing__setup__ws,-100.0,-206.0,Failing
gf12,ca53,66b4ca77838d347733663242017a6b673c0e887f,1765915443,cts__timing__setup__tns,-100.0,-890.0,Failing
gf12,ca53,66b4ca77838d347733663242017a6b673c0e887f,1765915443,globalroute__timing__hold__tns,-485.0,-935.0,Failing
gf12,ca53,66b4ca77838d347733663242017a6b673c0e887f,1765915443,detailedroute__timing__hold__ws,-241.0,-224.0,Tighten
gf12,ca53,66b4ca77838d347733663242017a6b673c0e887f,1765915443,detailedroute__timing__hold__tns,-75300.0,-60800.0,Tighten
gf12,ca53,66b4ca77838d347733663242017a6b673c0e887f,1765915443,finish__timing__hold__tns,-3010.0,-2580.0,Tighten
gf12,swerv_wrapper,66b4ca77838d347733663242017a6b673c0e887f,1765915443,cts__timing__hold__ws,-243.0,-133.0,Tighten
gf12,swerv_wrapper,66b4ca77838d347733663242017a6b673c0e887f,1765915443,cts__timing__hold__tns,-659.0,-379.0,Tighten
gf12,swerv_wrapper,66b4ca77838d347733663242017a6b673c0e887f,1765915443,detailedroute__route__wirelength,2195249,2547385,Failing
gf12,swerv_wrapper,66b4ca77838d347733663242017a6b673c0e887f,1765915443,detailedroute__route__drc_errors,0,6,Failing
gf12,swerv_wrapper,66b4ca77838d347733663242017a6b673c0e887f,1765915443,detailedroute__timing__hold__tns,-50300.0,-50700.0,Failing
gf12,swerv_wrapper,66b4ca77838d347733663242017a6b673c0e887f,1765915443,finish__timing__hold__ws,-85.2,-84.2,Tighten
gf12,swerv_wrapper,66b4ca77838d347733663242017a6b673c0e887f,1765915443,finish__timing__hold__tns,-939.0,-573.0,Tighten
nangate45,mempool_group,9e5f4c928065233c66054a6d683495badd014f4f,1765675400,detailedroute__timing__setup__tns,-7980.0,-7880.0,Tighten
nangate45,mempool_group,9e5f4c928065233c66054a6d683495badd014f4f,1765675400,detailedroute__timing__hold__tns,-8.77,-0.606,Tighten
nangate45,mempool_group,9e5f4c928065233c66054a6d683495badd014f4f,1765675400,finish__timing__setup__tns,-10600.0,-10800.0,Failing
gf12,ariane,b0ed5ca69f0631e98c01d4c29fda148c472e894a,1765664107,placeopt__design__instance__area,214773,214621,Tighten
gf12,ariane,b0ed5ca69f0631e98c01d4c29fda148c472e894a,1765664107,cts__timing__setup__ws,-229.0,-217.0,Tighten
gf12,ariane,b0ed5ca69f0631e98c01d4c29fda148c472e894a,1765664107,cts__timing__setup__tns,-27900.0,-733.0,Tighten
gf12,ariane,b0ed5ca69f0631e98c01d4c29fda148c472e894a,1765664107,detailedroute__route__wirelength,3770934,3427852,Tighten
gf12,ariane,b0ed5ca69f0631e98c01d4c29fda148c472e894a,1765664107,detailedroute__route__drc_errors,0,1,Failing
gf12,ariane,b0ed5ca69f0631e98c01d4c29fda148c472e894a,1765664107,detailedroute__timing__hold__tns,-4630.0,-1100.0,Tighten
gf12,ariane,b0ed5ca69f0631e98c01d4c29fda148c472e894a,1765664107,finish__design__instance__area,217050,217031,Tighten
gf12,swerv_wrapper,b0ed5ca69f0631e98c01d4c29fda148c472e894a,1765664107,cts__timing__hold__ws,-249.0,-243.0,Tighten
gf12,swerv_wrapper,b0ed5ca69f0631e98c01d4c29fda148c472e894a,1765664107,finish__timing__hold__tns,-557.0,-939.0,Failing
gf12,gcd,6c3e9e0e6da6bc4ec40dbd83d1ae0a71967b3591,1764962174,cts__timing__setup__ws,-36.9,-52.9,Failing
gf12,gcd,6c3e9e0e6da6bc4ec40dbd83d1ae0a71967b3591,1764962174,globalroute__timing__setup__ws,-47.0,-62.1,Failing
gf12,gcd,6c3e9e0e6da6bc4ec40dbd83d1ae0a71967b3591,1764962174,finish__timing__setup__ws,-29.0,-44.6,Failing
gf12,bp_single,6c3e9e0e6da6bc4ec40dbd83d1ae0a71967b3591,1764962174,cts__timing__hold__tns,-2090.0,-2790.0,Failing
gf12,bp_single,6c3e9e0e6da6bc4ec40dbd83d1ae0a71967b3591,1764962174,globalroute__timing__hold__ws,-117.0,-311.0,Failing
gf12,bp_single,6c3e9e0e6da6bc4ec40dbd83d1ae0a71967b3591,1764962174,detailedroute__timing__hold__tns,-12100.0,-13700.0,Failing
gf12,tinyRocket,6c3e9e0e6da6bc4ec40dbd83d1ae0a71967b3591,1764962174,globalroute__timing__setup__tns,-160.0,-359.0,Failing
gf12,tinyRocket,6c3e9e0e6da6bc4ec40dbd83d1ae0a71967b3591,1764962174,detailedroute__timing__hold__tns,-1190.0,-984.0,Tighten
gf12,tinyRocket,6c3e9e0e6da6bc4ec40dbd83d1ae0a71967b3591,1764962174,finish__timing__hold__tns,-345.0,-224.0,Tighten
gf12,coyote,6c3e9e0e6da6bc4ec40dbd83d1ae0a71967b3591,1764962174,detailedroute__timing__hold__tns,-3780.0,-4700.0,Failing
gf12,swerv_wrapper,6c3e9e0e6da6bc4ec40dbd83d1ae0a71967b3591,1764962174,placeopt__design__instance__area,173331,173119,Tighten
gf12,swerv_wrapper,6c3e9e0e6da6bc4ec40dbd83d1ae0a71967b3591,1764962174,cts__timing__hold__ws,-216.0,-109.0,Tighten
gf12,swerv_wrapper,6c3e9e0e6da6bc4ec40dbd83d1ae0a71967b3591,1764962174,globalroute__antenna_diodes_count,108,107,Tighten
gf12,swerv_wrapper,6c3e9e0e6da6bc4ec40dbd83d1ae0a71967b3591,1764962174,detailedroute__route__wirelength,2311628,2195249,Tighten
gf12,swerv_wrapper,6c3e9e0e6da6bc4ec40dbd83d1ae0a71967b3591,1764962174,detailedroute__route__drc_errors,0,2,Failing
gf12,swerv_wrapper,6c3e9e0e6da6bc4ec40dbd83d1ae0a71967b3591,1764962174,detailedroute__antenna_diodes_count,108,107,Tighten
gf12,swerv_wrapper,6c3e9e0e6da6bc4ec40dbd83d1ae0a71967b3591,1764962174,detailedroute__timing__hold__tns,-50800.0,-48700.0,Tighten
gf12,swerv_wrapper,6c3e9e0e6da6bc4ec40dbd83d1ae0a71967b3591,1764962174,finish__design__instance__area,177926,177792,Tighten
rapidus2hp,gcd,fec81666c4e9a1a4bab53f1ec988e6c38c8b10c3,1764958663,cts__timing__setup__tns,-219.0,-260.0,Failing
rapidus2hp,ethmac,fec81666c4e9a1a4bab53f1ec988e6c38c8b10c3,1764958663,cts__timing__setup__tns,-644.0,-877.0,Failing
rapidus2hp,ethmac,fec81666c4e9a1a4bab53f1ec988e6c38c8b10c3,1764958663,globalroute__timing__setup__ws,-49.3,-44.9,Tighten
rapidus2hp,ethmac,fec81666c4e9a1a4bab53f1ec988e6c38c8b10c3,1764958663,globalroute__timing__setup__tns,-1740.0,-1490.0,Tighten
rapidus2hp,ethmac,fec81666c4e9a1a4bab53f1ec988e6c38c8b10c3,1764958663,finish__timing__setup__ws,-49.3,-44.9,Tighten
rapidus2hp,ethmac,fec81666c4e9a1a4bab53f1ec988e6c38c8b10c3,1764958663,finish__timing__setup__tns,-1740.0,-1490.0,Tighten
rapidus2hp,hercules_idecode,fec81666c4e9a1a4bab53f1ec988e6c38c8b10c3,1764958663,cts__timing__setup__ws,-293.0,-232.0,Tighten
rapidus2hp,hercules_idecode,fec81666c4e9a1a4bab53f1ec988e6c38c8b10c3,1764958663,globalroute__timing__setup__ws,-237.0,-173.0,Tighten
rapidus2hp,hercules_idecode,fec81666c4e9a1a4bab53f1ec988e6c38c8b10c3,1764958663,globalroute__timing__setup__tns,-613000.0,-611000.0,Tighten
rapidus2hp,hercules_idecode,fec81666c4e9a1a4bab53f1ec988e6c38c8b10c3,1764958663,globalroute__timing__hold__ws,-16.0,-12.5,Tighten
rapidus2hp,hercules_idecode,fec81666c4e9a1a4bab53f1ec988e6c38c8b10c3,1764958663,finish__timing__setup__ws,-237.0,-173.0,Tighten
rapidus2hp,hercules_idecode,fec81666c4e9a1a4bab53f1ec988e6c38c8b10c3,1764958663,finish__timing__setup__tns,-613000.0,-611000.0,Tighten
rapidus2hp,hercules_idecode,fec81666c4e9a1a4bab53f1ec988e6c38c8b10c3,1764958663,finish__timing__hold__ws,-16.0,-12.5,Tighten
rapidus2hp,hercules_is_int,fec81666c4e9a1a4bab53f1ec988e6c38c8b10c3,1764958663,cts__timing__setup__ws,-383.0,-400.0,Failing
rapidus2hp,hercules_is_int,fec81666c4e9a1a4bab53f1ec988e6c38c8b10c3,1764958663,globalroute__timing__setup__ws,-294.0,-374.0,Failing
rapidus2hp,hercules_is_int,fec81666c4e9a1a4bab53f1ec988e6c38c8b10c3,1764958663,globalroute__timing__setup__tns,-1310000.0,-1760000.0,Failing
rapidus2hp,hercules_is_int,fec81666c4e9a1a4bab53f1ec988e6c38c8b10c3,1764958663,finish__timing__setup__ws,-294.0,-374.0,Failing
rapidus2hp,hercules_is_int,fec81666c4e9a1a4bab53f1ec988e6c38c8b10c3,1764958663,finish__timing__setup__tns,-1310000.0,-1760000.0,Failing
nangate45,mempool_group,4b2a0f847cbc14ef66e338e6870381b90e61aa49,1764951224,cts__timing__setup__tns,-12300.0,-9510.0,Tighten
nangate45,mempool_group,4b2a0f847cbc14ef66e338e6870381b90e61aa49,1764951224,globalroute__timing__setup__tns,-10100.0,-9070.0,Tighten
nangate45,mempool_group,4b2a0f847cbc14ef66e338e6870381b90e61aa49,1764951224,detailedroute__timing__setup__tns,-7110.0,-7470.0,Failing
nangate45,mempool_group,4b2a0f847cbc14ef66e338e6870381b90e61aa49,1764951224,detailedroute__timing__hold__tns,-1.4,-13.1,Failing
nangate45,mempool_group,202783ca81ffdd80142727e10f9a90df88dc6729,1764914223,cts__timing__setup__tns,-9510.0,-12300.0,Failing
nangate45,mempool_group,202783ca81ffdd80142727e10f9a90df88dc6729,1764914223,globalroute__timing__setup__tns,-9070.0,-10100.0,Failing
nangate45,mempool_group,202783ca81ffdd80142727e10f9a90df88dc6729,1764914223,detailedroute__timing__setup__tns,-7470.0,-7110.0,Tighten
nangate45,mempool_group,202783ca81ffdd80142727e10f9a90df88dc6729,1764914223,detailedroute__timing__hold__tns,-13.1,-1.4,Tighten
gf180,aes-hybrid,2b4c322ad1c461642e3459f61dd40ef3fa3b6fc1,1764678926,detailedroute__timing__setup__tns,-74.1,-75.7,Failing
gf180,aes-hybrid,2b4c322ad1c461642e3459f61dd40ef3fa3b6fc1,1764678926,finish__timing__setup__tns,-156.0,-154.0,Tighten
gf180,uart-blocks,2b4c322ad1c461642e3459f61dd40ef3fa3b6fc1,1764678926,detailedroute__route__wirelength,17413,20108,Failing
gf180,ibex,2b4c322ad1c461642e3459f61dd40ef3fa3b6fc1,1764678926,cts__timing__setup__ws,-0.786,-0.777,Tighten
gf180,ibex,2b4c322ad1c461642e3459f61dd40ef3fa3b6fc1,1764678926,cts__timing__setup__tns,-4.47,-3.88,Tighten
gf180,ibex,2b4c322ad1c461642e3459f61dd40ef3fa3b6fc1,1764678926,globalroute__timing__setup__ws,-0.854,-0.834,Tighten
gf180,ibex,2b4c322ad1c461642e3459f61dd40ef3fa3b6fc1,1764678926,globalroute__timing__setup__tns,-18.8,-9.38,Tighten
gf180,ibex,2b4c322ad1c461642e3459f61dd40ef3fa3b6fc1,1764678926,finish__timing__setup__tns,-8.87,-13.9,Failing
gf180,aes,2b4c322ad1c461642e3459f61dd40ef3fa3b6fc1,1764678926,cts__timing__setup__tns,-107.0,-109.0,Failing
gf180,aes,2b4c322ad1c461642e3459f61dd40ef3fa3b6fc1,1764678926,detailedroute__timing__setup__tns,-57.9,-55.8,Tighten
gf180,aes,2b4c322ad1c461642e3459f61dd40ef3fa3b6fc1,1764678926,finish__timing__setup__tns,-119.0,-121.0,Failing
asap7,gcd,2b4c322ad1c461642e3459f61dd40ef3fa3b6fc1,1764678926,cts__timing__setup__ws,-69.3,-61.9,Tighten
asap7,gcd,2b4c322ad1c461642e3459f61dd40ef3fa3b6fc1,1764678926,cts__timing__setup__tns,-411.0,-948.0,Failing
asap7,gcd,2b4c322ad1c461642e3459f61dd40ef3fa3b6fc1,1764678926,globalroute__timing__setup__ws,-78.2,-71.7,Tighten
asap7,gcd,2b4c322ad1c461642e3459f61dd40ef3fa3b6fc1,1764678926,globalroute__timing__setup__tns,-521.0,-1070.0,Failing
asap7,gcd,2b4c322ad1c461642e3459f61dd40ef3fa3b6fc1,1764678926,detailedroute__timing__setup__ws,-54.0,-41.2,Tighten
asap7,gcd,2b4c322ad1c461642e3459f61dd40ef3fa3b6fc1,1764678926,detailedroute__timing__setup__tns,-236.0,-212.0,Tighten
asap7,gcd,2b4c322ad1c461642e3459f61dd40ef3fa3b6fc1,1764678926,finish__timing__setup__ws,-66.0,-58.9,Tighten
asap7,gcd,2b4c322ad1c461642e3459f61dd40ef3fa3b6fc1,1764678926,finish__timing__setup__tns,-397.0,-598.0,Failing
asap7,ethmac,2b4c322ad1c461642e3459f61dd40ef3fa3b6fc1,1764678926,cts__timing__setup__tns,-2080.0,-2470.0,Failing
asap7,ethmac,2b4c322ad1c461642e3459f61dd40ef3fa3b6fc1,1764678926,globalroute__timing__setup__tns,-3110.0,-3500.0,Failing
asap7,ethmac,2b4c322ad1c461642e3459f61dd40ef3fa3b6fc1,1764678926,finish__timing__setup__tns,-2280.0,-2710.0,Failing
asap7,aes_lvt,2b4c322ad1c461642e3459f61dd40ef3fa3b6fc1,1764678926,globalroute__timing__setup__tns,-72.0,-254.0,Failing
asap7,riscv32i-mock-sram,2b4c322ad1c461642e3459f61dd40ef3fa3b6fc1,1764678926,cts__timing__setup__tns,-549.0,-865.0,Failing
asap7,riscv32i-mock-sram,2b4c322ad1c461642e3459f61dd40ef3fa3b6fc1,1764678926,finish__timing__setup__tns,-401.0,-696.0,Failing
asap7,aes-mbff,2b4c322ad1c461642e3459f61dd40ef3fa3b6fc1,1764678926,cts__timing__setup__tns,-551.0,-1040.0,Failing
asap7,aes-mbff,2b4c322ad1c461642e3459f61dd40ef3fa3b6fc1,1764678926,globalroute__timing__setup__tns,-1910.0,-2800.0,Failing
asap7,aes-mbff,2b4c322ad1c461642e3459f61dd40ef3fa3b6fc1,1764678926,finish__timing__setup__tns,-611.0,-836.0,Failing
asap7,riscv32i,2b4c322ad1c461642e3459f61dd40ef3fa3b6fc1,1764678926,globalroute__timing__setup__tns,-280.0,-574.0,Failing
asap7,riscv32i,2b4c322ad1c461642e3459f61dd40ef3fa3b6fc1,1764678926,finish__design__instance__area,3070,3065,Tighten
asap7,swerv_wrapper,2b4c322ad1c461642e3459f61dd40ef3fa3b6fc1,1764678926,finish__timing__setup__ws,-481.0,-445.0,Tighten
asap7,swerv_wrapper,2b4c322ad1c461642e3459f61dd40ef3fa3b6fc1,1764678926,finish__timing__setup__tns,-200000.0,-141000.0,Tighten
asap7,swerv_wrapper,2b4c322ad1c461642e3459f61dd40ef3fa3b6fc1,1764678926,finish__timing__hold__ws,-285.0,-277.0,Tighten
asap7,swerv_wrapper,2b4c322ad1c461642e3459f61dd40ef3fa3b6fc1,1764678926,finish__timing__hold__tns,-66900.0,-75700.0,Failing
asap7,ibex,2b4c322ad1c461642e3459f61dd40ef3fa3b6fc1,1764678926,cts__timing__setup__tns,-82600.0,-105000.0,Failing
asap7,ibex,2b4c322ad1c461642e3459f61dd40ef3fa3b6fc1,1764678926,globalroute__timing__setup__tns,-95000.0,-97700.0,Failing
asap7,ibex,2b4c322ad1c461642e3459f61dd40ef3fa3b6fc1,1764678926,finish__timing__setup__tns,-54900.0,-50400.0,Tighten
asap7,aes,2b4c322ad1c461642e3459f61dd40ef3fa3b6fc1,1764678926,cts__timing__setup__tns,-493.0,-802.0,Failing
asap7,aes,2b4c322ad1c461642e3459f61dd40ef3fa3b6fc1,1764678926,globalroute__timing__setup__tns,-1930.0,-2320.0,Failing
asap7,aes,2b4c322ad1c461642e3459f61dd40ef3fa3b6fc1,1764678926,finish__timing__setup__tns,-537.0,-761.0,Failing
asap7,uart,2b4c322ad1c461642e3459f61dd40ef3fa3b6fc1,1764678926,cts__timing__setup__tns,-556.0,-615.0,Failing
asap7,uart,2b4c322ad1c461642e3459f61dd40ef3fa3b6fc1,1764678926,globalroute__timing__setup__tns,-1170.0,-1160.0,Tighten
asap7,uart,2b4c322ad1c461642e3459f61dd40ef3fa3b6fc1,1764678926,detailedroute__timing__setup__tns,-98.6,-179.0,Failing
asap7,uart,2b4c322ad1c461642e3459f61dd40ef3fa3b6fc1,1764678926,finish__timing__setup__tns,-651.0,-756.0,Failing
asap7,gcd-ccs,2b4c322ad1c461642e3459f61dd40ef3fa3b6fc1,1764678926,cts__timing__setup__ws,-39.4,-38.7,Tighten
asap7,gcd-ccs,2b4c322ad1c461642e3459f61dd40ef3fa3b6fc1,1764678926,cts__timing__setup__tns,-205.0,-199.0,Tighten
asap7,gcd-ccs,2b4c322ad1c461642e3459f61dd40ef3fa3b6fc1,1764678926,globalroute__timing__setup__ws,-38.9,-38.7,Tighten
asap7,gcd-ccs,2b4c322ad1c461642e3459f61dd40ef3fa3b6fc1,1764678926,globalroute__timing__setup__tns,-200.0,-195.0,Tighten
asap7,gcd-ccs,2b4c322ad1c461642e3459f61dd40ef3fa3b6fc1,1764678926,detailedroute__timing__setup__ws,-38.9,-38.7,Tighten
asap7,gcd-ccs,2b4c322ad1c461642e3459f61dd40ef3fa3b6fc1,1764678926,detailedroute__timing__setup__tns,-200.0,-195.0,Tighten
asap7,gcd-ccs,2b4c322ad1c461642e3459f61dd40ef3fa3b6fc1,1764678926,finish__timing__setup__tns,-632.0,-761.0,Failing
asap7,mock-alu,2b4c322ad1c461642e3459f61dd40ef3fa3b6fc1,1764678926,cts__timing__setup__ws,-278.0,-295.0,Failing
asap7,mock-alu,2b4c322ad1c461642e3459f61dd40ef3fa3b6fc1,1764678926,cts__timing__setup__tns,-16900.0,-16700.0,Tighten
asap7,mock-alu,2b4c322ad1c461642e3459f61dd40ef3fa3b6fc1,1764678926,globalroute__timing__setup__tns,-19700.0,-19600.0,Tighten
asap7,mock-alu,2b4c322ad1c461642e3459f61dd40ef3fa3b6fc1,1764678926,detailedroute__timing__setup__tns,-12300.0,-12100.0,Tighten
asap7,mock-alu,2b4c322ad1c461642e3459f61dd40ef3fa3b6fc1,1764678926,finish__timing__setup__tns,-17500.0,-17400.0,Tighten
sky130hd,microwatt,2b4c322ad1c461642e3459f61dd40ef3fa3b6fc1,1764678926,placeopt__design__instance__area,5443594,5442904,Tighten
sky130hd,microwatt,2b4c322ad1c461642e3459f61dd40ef3fa3b6fc1,1764678926,cts__timing__setup__ws,-2.26,-2.15,Tighten
sky130hd,microwatt,2b4c322ad1c461642e3459f61dd40ef3fa3b6fc1,1764678926,cts__timing__setup__tns,-338.0,-269.0,Tighten
sky130hd,microwatt,2b4c322ad1c461642e3459f61dd40ef3fa3b6fc1,1764678926,globalroute__antenna_diodes_count,1361,1498,Failing
sky130hd,microwatt,2b4c322ad1c461642e3459f61dd40ef3fa3b6fc1,1764678926,globalroute__timing__setup__ws,-2.42,-2.4,Tighten
sky130hd,microwatt,2b4c322ad1c461642e3459f61dd40ef3fa3b6fc1,1764678926,globalroute__timing__setup__tns,-372.0,-334.0,Tighten
sky130hd,microwatt,2b4c322ad1c461642e3459f61dd40ef3fa3b6fc1,1764678926,detailedroute__antenna__violating__nets,1,0,Tighten
sky130hd,microwatt,2b4c322ad1c461642e3459f61dd40ef3fa3b6fc1,1764678926,detailedroute__antenna_diodes_count,1092,1362,Failing
sky130hd,microwatt,2b4c322ad1c461642e3459f61dd40ef3fa3b6fc1,1764678926,detailedroute__timing__setup__ws,-1.4,-1.39,Tighten
sky130hd,microwatt,2b4c322ad1c461642e3459f61dd40ef3fa3b6fc1,1764678926,detailedroute__timing__setup__tns,-54.6,-53.7,Tighten
sky130hd,microwatt,2b4c322ad1c461642e3459f61dd40ef3fa3b6fc1,1764678926,detailedroute__timing__hold__tns,-354.0,-393.0,Failing
sky130hd,microwatt,2b4c322ad1c461642e3459f61dd40ef3fa3b6fc1,1764678926,finish__timing__setup__tns,-392.0,-349.0,Tighten
sky130hd,microwatt,2b4c322ad1c461642e3459f61dd40ef3fa3b6fc1,1764678926,finish__timing__hold__tns,-4.12,-10.6,Failing
sky130hs,riscv32i,2b4c322ad1c461642e3459f61dd40ef3fa3b6fc1,1764678926,cts__timing__setup__ws,-0.957,-0.881,Tighten
sky130hs,riscv32i,2b4c322ad1c461642e3459f61dd40ef3fa3b6fc1,1764678926,cts__timing__setup__tns,-19.4,-369.0,Failing
sky130hs,riscv32i,2b4c322ad1c461642e3459f61dd40ef3fa3b6fc1,1764678926,globalroute__timing__setup__ws,-1.3,-1.16,Tighten
sky130hs,riscv32i,2b4c322ad1c461642e3459f61dd40ef3fa3b6fc1,1764678926,globalroute__timing__setup__tns,-95.8,-17.7,Tighten
sky130hs,riscv32i,2b4c322ad1c461642e3459f61dd40ef3fa3b6fc1,1764678926,finish__timing__setup__ws,-1.13,-0.961,Tighten
sky130hs,riscv32i,2b4c322ad1c461642e3459f61dd40ef3fa3b6fc1,1764678926,finish__timing__setup__tns,-36.0,-7.38,Tighten
sky130hs,ibex,2b4c322ad1c461642e3459f61dd40ef3fa3b6fc1,1764678926,globalroute__timing__setup__tns,-23.8,-82.0,Failing
sky130hs,ibex,2b4c322ad1c461642e3459f61dd40ef3fa3b6fc1,1764678926,detailedroute__antenna__violating__nets,1,0,Tighten
sky130hs,ibex,2b4c322ad1c461642e3459f61dd40ef3fa3b6fc1,1764678926,finish__timing__setup__tns,-1.43,-2.85,Failing
sky130hs,aes,2b4c322ad1c461642e3459f61dd40ef3fa3b6fc1,1764678926,cts__timing__setup__ws,-0.16,-0.14,Tighten
sky130hs,aes,2b4c322ad1c461642e3459f61dd40ef3fa3b6fc1,1764678926,cts__timing__setup__tns,-0.58,-0.56,Tighten
sky130hs,aes,2b4c322ad1c461642e3459f61dd40ef3fa3b6fc1,1764678926,globalroute__timing__setup__tns,-3.24,-5.71,Failing
nangate45,black_parrot,2b4c322ad1c461642e3459f61dd40ef3fa3b6fc1,1764678926,detailedroute__timing__setup__ws,-2.22,-2.21,Tighten
nangate45,black_parrot,2b4c322ad1c461642e3459f61dd40ef3fa3b6fc1,1764678926,detailedroute__timing__setup__tns,-3.12,-3.11,Tighten
nangate45,black_parrot,2b4c322ad1c461642e3459f61dd40ef3fa3b6fc1,1764678926,detailedroute__timing__hold__tns,-1.23,-2.53,Failing
nangate45,ariane136,2b4c322ad1c461642e3459f61dd40ef3fa3b6fc1,1764678926,cts__timing__hold__tns,-7.13,-6.18,Tighten
nangate45,ariane136,2b4c322ad1c461642e3459f61dd40ef3fa3b6fc1,1764678926,detailedroute__timing__hold__tns,-1.2,-3.71,Failing
nangate45,swerv,2b4c322ad1c461642e3459f61dd40ef3fa3b6fc1,1764678926,cts__timing__setup__tns,-24.8,-2.37,Tighten
nangate45,swerv,2b4c322ad1c461642e3459f61dd40ef3fa3b6fc1,1764678926,globalroute__timing__setup__tns,-24.3,-1.47,Tighten
nangate45,swerv,2b4c322ad1c461642e3459f61dd40ef3fa3b6fc1,1764678926,detailedroute__timing__hold__tns,-5.94,-6.97,Failing
nangate45,swerv,2b4c322ad1c461642e3459f61dd40ef3fa3b6fc1,1764678926,finish__timing__setup__tns,-26.2,-1.62,Tighten
nangate45,bp_fe_top,2b4c322ad1c461642e3459f61dd40ef3fa3b6fc1,1764678926,cts__timing__setup__ws,-0.0132,-0.104,Failing
nangate45,bp_fe_top,2b4c322ad1c461642e3459f61dd40ef3fa3b6fc1,1764678926,finish__timing__setup__tns,-3.47,-10.1,Failing
nangate45,gcd,2b4c322ad1c461642e3459f61dd40ef3fa3b6fc1,1764678926,globalroute__timing__setup__tns,-0.672,-0.784,Failing
nangate45,gcd,2b4c322ad1c461642e3459f61dd40ef3fa3b6fc1,1764678926,finish__timing__setup__tns,-0.621,-0.723,Failing
nangate45,gcd,2b4c322ad1c461642e3459f61dd40ef3fa3b6fc1,1764678926,finish__design__instance__area,980,972,Tighten
nangate45,jpeg,2b4c322ad1c461642e3459f61dd40ef3fa3b6fc1,1764678926,cts__timing__setup__tns,-41.9,-43.9,Failing
nangate45,jpeg,2b4c322ad1c461642e3459f61dd40ef3fa3b6fc1,1764678926,globalroute__timing__setup__tns,-46.6,-51.3,Failing
nangate45,jpeg,2b4c322ad1c461642e3459f61dd40ef3fa3b6fc1,1764678926,detailedroute__timing__setup__tns,-10.2,-10.7,Failing
nangate45,jpeg,2b4c322ad1c461642e3459f61dd40ef3fa3b6fc1,1764678926,finish__timing__setup__ws,-0.153,-0.206,Failing
nangate45,jpeg,2b4c322ad1c461642e3459f61dd40ef3fa3b6fc1,1764678926,finish__timing__setup__tns,-45.9,-51.3,Failing
nangate45,bp_be_top,2b4c322ad1c461642e3459f61dd40ef3fa3b6fc1,1764678926,cts__timing__setup__tns,-16.2,-22.0,Failing
nangate45,bp_be_top,2b4c322ad1c461642e3459f61dd40ef3fa3b6fc1,1764678926,globalroute__timing__setup__tns,-16.0,-18.8,Failing
nangate45,bp_be_top,2b4c322ad1c461642e3459f61dd40ef3fa3b6fc1,1764678926,finish__timing__setup__tns,-25.9,-36.2,Failing
nangate45,tinyRocket,2b4c322ad1c461642e3459f61dd40ef3fa3b6fc1,1764678926,cts__timing__setup__tns,-7.04,-14.7,Failing
nangate45,tinyRocket,2b4c322ad1c461642e3459f61dd40ef3fa3b6fc1,1764678926,globalroute__timing__setup__tns,-18.4,-22.2,Failing
nangate45,tinyRocket,2b4c322ad1c461642e3459f61dd40ef3fa3b6fc1,1764678926,finish__timing__setup__tns,-20.1,-25.8,Failing
nangate45,bp_multi_top,2b4c322ad1c461642e3459f61dd40ef3fa3b6fc1,1764678926,globalroute__timing__setup__ws,-4.7,-4.69,Tighten
nangate45,bp_multi_top,2b4c322ad1c461642e3459f61dd40ef3fa3b6fc1,1764678926,detailedroute__timing__setup__tns,-760.0,-796.0,Failing
nangate45,bp_multi_top,2b4c322ad1c461642e3459f61dd40ef3fa3b6fc1,1764678926,detailedroute__timing__hold__tns,-7.5,-7.36,Tighten
nangate45,bp_multi_top,2b4c322ad1c461642e3459f61dd40ef3fa3b6fc1,1764678926,finish__timing__setup__ws,-4.68,-4.67,Tighten
nangate45,bp_multi_top,2b4c322ad1c461642e3459f61dd40ef3fa3b6fc1,1764678926,finish__timing__hold__tns,-0.1086,-1.09,Failing
nangate45,ibex,2b4c322ad1c461642e3459f61dd40ef3fa3b6fc1,1764678926,finish__timing__setup__tns,-1.6,-2.05,Failing
nangate45,aes,2b4c322ad1c461642e3459f61dd40ef3fa3b6fc1,1764678926,finish__timing__setup__ws,-0.071,-0.0709,Tighten
nangate45,aes,2b4c322ad1c461642e3459f61dd40ef3fa3b6fc1,1764678926,finish__timing__setup__tns,-0.718,-0.948,Failing
ihp-sg13g2,spi,2b4c322ad1c461642e3459f61dd40ef3fa3b6fc1,1764678926,globalroute__timing__setup__tns,0.0,-0.206,Failing
ihp-sg13g2,spi,2b4c322ad1c461642e3459f61dd40ef3fa3b6fc1,1764678926,detailedroute__route__wirelength,3686,3663,Tighten
gf180,aes-hybrid,2b4c322ad1c461642e3459f61dd40ef3fa3b6fc1,1764678926,detailedroute__timing__setup__tns,-74.1,-75.7,Failing
gf180,aes-hybrid,2b4c322ad1c461642e3459f61dd40ef3fa3b6fc1,1764678926,finish__timing__setup__tns,-156.0,-154.0,Tighten
gf180,uart-blocks,2b4c322ad1c461642e3459f61dd40ef3fa3b6fc1,1764678926,detailedroute__route__wirelength,17413,20108,Failing
gf180,ibex,2b4c322ad1c461642e3459f61dd40ef3fa3b6fc1,1764678926,cts__timing__setup__ws,-0.786,-0.777,Tighten
gf180,ibex,2b4c322ad1c461642e3459f61dd40ef3fa3b6fc1,1764678926,cts__timing__setup__tns,-4.47,-3.88,Tighten
gf180,ibex,2b4c322ad1c461642e3459f61dd40ef3fa3b6fc1,1764678926,globalroute__timing__setup__ws,-0.854,-0.834,Tighten
gf180,ibex,2b4c322ad1c461642e3459f61dd40ef3fa3b6fc1,1764678926,globalroute__timing__setup__tns,-18.8,-9.38,Tighten
gf180,ibex,2b4c322ad1c461642e3459f61dd40ef3fa3b6fc1,1764678926,finish__timing__setup__tns,-8.87,-13.9,Failing
gf180,aes,2b4c322ad1c461642e3459f61dd40ef3fa3b6fc1,1764678926,cts__timing__setup__tns,-107.0,-109.0,Failing
gf180,aes,2b4c322ad1c461642e3459f61dd40ef3fa3b6fc1,1764678926,detailedroute__timing__setup__tns,-57.9,-55.8,Tighten
gf180,aes,2b4c322ad1c461642e3459f61dd40ef3fa3b6fc1,1764678926,finish__timing__setup__tns,-119.0,-121.0,Failing
asap7,gcd,2b4c322ad1c461642e3459f61dd40ef3fa3b6fc1,1764678926,cts__timing__setup__ws,-69.3,-61.9,Tighten
asap7,gcd,2b4c322ad1c461642e3459f61dd40ef3fa3b6fc1,1764678926,cts__timing__setup__tns,-411.0,-948.0,Failing
asap7,gcd,2b4c322ad1c461642e3459f61dd40ef3fa3b6fc1,1764678926,globalroute__timing__setup__ws,-78.2,-71.7,Tighten
asap7,gcd,2b4c322ad1c461642e3459f61dd40ef3fa3b6fc1,1764678926,globalroute__timing__setup__tns,-521.0,-1070.0,Failing
asap7,gcd,2b4c322ad1c461642e3459f61dd40ef3fa3b6fc1,1764678926,detailedroute__timing__setup__ws,-54.0,-41.2,Tighten
asap7,gcd,2b4c322ad1c461642e3459f61dd40ef3fa3b6fc1,1764678926,detailedroute__timing__setup__tns,-236.0,-212.0,Tighten
asap7,gcd,2b4c322ad1c461642e3459f61dd40ef3fa3b6fc1,1764678926,finish__timing__setup__ws,-66.0,-58.9,Tighten
asap7,gcd,2b4c322ad1c461642e3459f61dd40ef3fa3b6fc1,1764678926,finish__timing__setup__tns,-397.0,-598.0,Failing
asap7,ethmac,2b4c322ad1c461642e3459f61dd40ef3fa3b6fc1,1764678926,cts__timing__setup__tns,-2080.0,-2470.0,Failing
asap7,ethmac,2b4c322ad1c461642e3459f61dd40ef3fa3b6fc1,1764678926,globalroute__timing__setup__tns,-3110.0,-3500.0,Failing
asap7,ethmac,2b4c322ad1c461642e3459f61dd40ef3fa3b6fc1,1764678926,finish__timing__setup__tns,-2280.0,-2710.0,Failing
asap7,aes_lvt,2b4c322ad1c461642e3459f61dd40ef3fa3b6fc1,1764678926,globalroute__timing__setup__tns,-72.0,-254.0,Failing
asap7,riscv32i-mock-sram,2b4c322ad1c461642e3459f61dd40ef3fa3b6fc1,1764678926,cts__timing__setup__tns,-549.0,-865.0,Failing
asap7,riscv32i-mock-sram,2b4c322ad1c461642e3459f61dd40ef3fa3b6fc1,1764678926,finish__timing__setup__tns,-401.0,-696.0,Failing
asap7,aes-mbff,2b4c322ad1c461642e3459f61dd40ef3fa3b6fc1,1764678926,cts__timing__setup__tns,-551.0,-1040.0,Failing
asap7,aes-mbff,2b4c322ad1c461642e3459f61dd40ef3fa3b6fc1,1764678926,globalroute__timing__setup__tns,-1910.0,-2800.0,Failing
asap7,aes-mbff,2b4c322ad1c461642e3459f61dd40ef3fa3b6fc1,1764678926,finish__timing__setup__tns,-611.0,-836.0,Failing
asap7,riscv32i,2b4c322ad1c461642e3459f61dd40ef3fa3b6fc1,1764678926,globalroute__timing__setup__tns,-280.0,-574.0,Failing
asap7,riscv32i,2b4c322ad1c461642e3459f61dd40ef3fa3b6fc1,1764678926,finish__design__instance__area,3070,3065,Tighten
asap7,swerv_wrapper,2b4c322ad1c461642e3459f61dd40ef3fa3b6fc1,1764678926,finish__timing__setup__ws,-481.0,-445.0,Tighten
asap7,swerv_wrapper,2b4c322ad1c461642e3459f61dd40ef3fa3b6fc1,1764678926,finish__timing__setup__tns,-200000.0,-141000.0,Tighten
asap7,swerv_wrapper,2b4c322ad1c461642e3459f61dd40ef3fa3b6fc1,1764678926,finish__timing__hold__ws,-285.0,-277.0,Tighten
asap7,swerv_wrapper,2b4c322ad1c461642e3459f61dd40ef3fa3b6fc1,1764678926,finish__timing__hold__tns,-66900.0,-75700.0,Failing
asap7,ibex,2b4c322ad1c461642e3459f61dd40ef3fa3b6fc1,1764678926,cts__timing__setup__tns,-82600.0,-105000.0,Failing
asap7,ibex,2b4c322ad1c461642e3459f61dd40ef3fa3b6fc1,1764678926,globalroute__timing__setup__tns,-95000.0,-97700.0,Failing
asap7,ibex,2b4c322ad1c461642e3459f61dd40ef3fa3b6fc1,1764678926,finish__timing__setup__tns,-54900.0,-50400.0,Tighten
asap7,aes,2b4c322ad1c461642e3459f61dd40ef3fa3b6fc1,1764678926,cts__timing__setup__tns,-493.0,-802.0,Failing
asap7,aes,2b4c322ad1c461642e3459f61dd40ef3fa3b6fc1,1764678926,globalroute__timing__setup__tns,-1930.0,-2320.0,Failing
asap7,aes,2b4c322ad1c461642e3459f61dd40ef3fa3b6fc1,1764678926,finish__timing__setup__tns,-537.0,-761.0,Failing
asap7,uart,2b4c322ad1c461642e3459f61dd40ef3fa3b6fc1,1764678926,cts__timing__setup__tns,-556.0,-615.0,Failing
asap7,uart,2b4c322ad1c461642e3459f61dd40ef3fa3b6fc1,1764678926,globalroute__timing__setup__tns,-1170.0,-1160.0,Tighten
asap7,uart,2b4c322ad1c461642e3459f61dd40ef3fa3b6fc1,1764678926,detailedroute__timing__setup__tns,-98.6,-179.0,Failing
asap7,uart,2b4c322ad1c461642e3459f61dd40ef3fa3b6fc1,1764678926,finish__timing__setup__tns,-651.0,-756.0,Failing
asap7,gcd-ccs,2b4c322ad1c461642e3459f61dd40ef3fa3b6fc1,1764678926,cts__timing__setup__ws,-39.4,-38.7,Tighten
asap7,gcd-ccs,2b4c322ad1c461642e3459f61dd40ef3fa3b6fc1,1764678926,cts__timing__setup__tns,-205.0,-199.0,Tighten
asap7,gcd-ccs,2b4c322ad1c461642e3459f61dd40ef3fa3b6fc1,1764678926,globalroute__timing__setup__ws,-38.9,-38.7,Tighten
asap7,gcd-ccs,2b4c322ad1c461642e3459f61dd40ef3fa3b6fc1,1764678926,globalroute__timing__setup__tns,-200.0,-195.0,Tighten
asap7,gcd-ccs,2b4c322ad1c461642e3459f61dd40ef3fa3b6fc1,1764678926,detailedroute__timing__setup__ws,-38.9,-38.7,Tighten
asap7,gcd-ccs,2b4c322ad1c461642e3459f61dd40ef3fa3b6fc1,1764678926,detailedroute__timing__setup__tns,-200.0,-195.0,Tighten
asap7,gcd-ccs,2b4c322ad1c461642e3459f61dd40ef3fa3b6fc1,1764678926,finish__timing__setup__tns,-632.0,-761.0,Failing
asap7,mock-alu,2b4c322ad1c461642e3459f61dd40ef3fa3b6fc1,1764678926,cts__timing__setup__ws,-278.0,-295.0,Failing
asap7,mock-alu,2b4c322ad1c461642e3459f61dd40ef3fa3b6fc1,1764678926,cts__timing__setup__tns,-16900.0,-16700.0,Tighten
asap7,mock-alu,2b4c322ad1c461642e3459f61dd40ef3fa3b6fc1,1764678926,globalroute__timing__setup__tns,-19700.0,-19600.0,Tighten
asap7,mock-alu,2b4c322ad1c461642e3459f61dd40ef3fa3b6fc1,1764678926,detailedroute__timing__setup__tns,-12300.0,-12100.0,Tighten
asap7,mock-alu,2b4c322ad1c461642e3459f61dd40ef3fa3b6fc1,1764678926,finish__timing__setup__tns,-17500.0,-17400.0,Tighten
sky130hd,microwatt,2b4c322ad1c461642e3459f61dd40ef3fa3b6fc1,1764678926,placeopt__design__instance__area,5443594,5442904,Tighten
sky130hd,microwatt,2b4c322ad1c461642e3459f61dd40ef3fa3b6fc1,1764678926,cts__timing__setup__ws,-2.26,-2.15,Tighten
sky130hd,microwatt,2b4c322ad1c461642e3459f61dd40ef3fa3b6fc1,1764678926,cts__timing__setup__tns,-338.0,-269.0,Tighten
sky130hd,microwatt,2b4c322ad1c461642e3459f61dd40ef3fa3b6fc1,1764678926,globalroute__antenna_diodes_count,1361,1498,Failing
sky130hd,microwatt,2b4c322ad1c461642e3459f61dd40ef3fa3b6fc1,1764678926,globalroute__timing__setup__ws,-2.42,-2.4,Tighten
sky130hd,microwatt,2b4c322ad1c461642e3459f61dd40ef3fa3b6fc1,1764678926,globalroute__timing__setup__tns,-372.0,-334.0,Tighten
sky130hd,microwatt,2b4c322ad1c461642e3459f61dd40ef3fa3b6fc1,1764678926,detailedroute__antenna__violating__nets,1,0,Tighten
sky130hd,microwatt,2b4c322ad1c461642e3459f61dd40ef3fa3b6fc1,1764678926,detailedroute__antenna_diodes_count,1092,1362,Failing
sky130hd,microwatt,2b4c322ad1c461642e3459f61dd40ef3fa3b6fc1,1764678926,detailedroute__timing__setup__ws,-1.4,-1.39,Tighten
sky130hd,microwatt,2b4c322ad1c461642e3459f61dd40ef3fa3b6fc1,1764678926,detailedroute__timing__setup__tns,-54.6,-53.7,Tighten
sky130hd,microwatt,2b4c322ad1c461642e3459f61dd40ef3fa3b6fc1,1764678926,detailedroute__timing__hold__tns,-354.0,-393.0,Failing
sky130hd,microwatt,2b4c322ad1c461642e3459f61dd40ef3fa3b6fc1,1764678926,finish__timing__setup__tns,-392.0,-349.0,Tighten
sky130hd,microwatt,2b4c322ad1c461642e3459f61dd40ef3fa3b6fc1,1764678926,finish__timing__hold__tns,-4.12,-10.6,Failing
sky130hs,riscv32i,2b4c322ad1c461642e3459f61dd40ef3fa3b6fc1,1764678926,cts__timing__setup__ws,-0.957,-0.881,Tighten
sky130hs,riscv32i,2b4c322ad1c461642e3459f61dd40ef3fa3b6fc1,1764678926,cts__timing__setup__tns,-19.4,-369.0,Failing
sky130hs,riscv32i,2b4c322ad1c461642e3459f61dd40ef3fa3b6fc1,1764678926,globalroute__timing__setup__ws,-1.3,-1.16,Tighten
sky130hs,riscv32i,2b4c322ad1c461642e3459f61dd40ef3fa3b6fc1,1764678926,globalroute__timing__setup__tns,-95.8,-17.7,Tighten
sky130hs,riscv32i,2b4c322ad1c461642e3459f61dd40ef3fa3b6fc1,1764678926,finish__timing__setup__ws,-1.13,-0.961,Tighten
sky130hs,riscv32i,2b4c322ad1c461642e3459f61dd40ef3fa3b6fc1,1764678926,finish__timing__setup__tns,-36.0,-7.38,Tighten
sky130hs,ibex,2b4c322ad1c461642e3459f61dd40ef3fa3b6fc1,1764678926,globalroute__timing__setup__tns,-23.8,-82.0,Failing
sky130hs,ibex,2b4c322ad1c461642e3459f61dd40ef3fa3b6fc1,1764678926,detailedroute__antenna__violating__nets,1,0,Tighten
sky130hs,ibex,2b4c322ad1c461642e3459f61dd40ef3fa3b6fc1,1764678926,finish__timing__setup__tns,-1.43,-2.85,Failing
sky130hs,aes,2b4c322ad1c461642e3459f61dd40ef3fa3b6fc1,1764678926,cts__timing__setup__ws,-0.16,-0.14,Tighten
sky130hs,aes,2b4c322ad1c461642e3459f61dd40ef3fa3b6fc1,1764678926,cts__timing__setup__tns,-0.58,-0.56,Tighten
sky130hs,aes,2b4c322ad1c461642e3459f61dd40ef3fa3b6fc1,1764678926,globalroute__timing__setup__tns,-3.24,-5.71,Failing
nangate45,black_parrot,2b4c322ad1c461642e3459f61dd40ef3fa3b6fc1,1764678926,detailedroute__timing__setup__ws,-2.22,-2.21,Tighten
nangate45,black_parrot,2b4c322ad1c461642e3459f61dd40ef3fa3b6fc1,1764678926,detailedroute__timing__setup__tns,-3.12,-3.11,Tighten
nangate45,black_parrot,2b4c322ad1c461642e3459f61dd40ef3fa3b6fc1,1764678926,detailedroute__timing__hold__tns,-1.23,-2.53,Failing
nangate45,ariane136,2b4c322ad1c461642e3459f61dd40ef3fa3b6fc1,1764678926,cts__timing__hold__tns,-7.13,-6.18,Tighten
nangate45,ariane136,2b4c322ad1c461642e3459f61dd40ef3fa3b6fc1,1764678926,detailedroute__timing__hold__tns,-1.2,-3.71,Failing
nangate45,swerv,2b4c322ad1c461642e3459f61dd40ef3fa3b6fc1,1764678926,cts__timing__setup__tns,-24.8,-2.37,Tighten
nangate45,swerv,2b4c322ad1c461642e3459f61dd40ef3fa3b6fc1,1764678926,globalroute__timing__setup__tns,-24.3,-1.47,Tighten
nangate45,swerv,2b4c322ad1c461642e3459f61dd40ef3fa3b6fc1,1764678926,detailedroute__timing__hold__tns,-5.94,-6.97,Failing
nangate45,swerv,2b4c322ad1c461642e3459f61dd40ef3fa3b6fc1,1764678926,finish__timing__setup__tns,-26.2,-1.62,Tighten
nangate45,bp_fe_top,2b4c322ad1c461642e3459f61dd40ef3fa3b6fc1,1764678926,cts__timing__setup__ws,-0.0132,-0.104,Failing
nangate45,bp_fe_top,2b4c322ad1c461642e3459f61dd40ef3fa3b6fc1,1764678926,finish__timing__setup__tns,-3.47,-10.1,Failing
nangate45,gcd,2b4c322ad1c461642e3459f61dd40ef3fa3b6fc1,1764678926,globalroute__timing__setup__tns,-0.672,-0.784,Failing
nangate45,gcd,2b4c322ad1c461642e3459f61dd40ef3fa3b6fc1,1764678926,finish__timing__setup__tns,-0.621,-0.723,Failing
nangate45,gcd,2b4c322ad1c461642e3459f61dd40ef3fa3b6fc1,1764678926,finish__design__instance__area,980,972,Tighten
nangate45,jpeg,2b4c322ad1c461642e3459f61dd40ef3fa3b6fc1,1764678926,cts__timing__setup__tns,-41.9,-43.9,Failing
nangate45,jpeg,2b4c322ad1c461642e3459f61dd40ef3fa3b6fc1,1764678926,globalroute__timing__setup__tns,-46.6,-51.3,Failing
nangate45,jpeg,2b4c322ad1c461642e3459f61dd40ef3fa3b6fc1,1764678926,detailedroute__timing__setup__tns,-10.2,-10.7,Failing
nangate45,jpeg,2b4c322ad1c461642e3459f61dd40ef3fa3b6fc1,1764678926,finish__timing__setup__ws,-0.153,-0.206,Failing
nangate45,jpeg,2b4c322ad1c461642e3459f61dd40ef3fa3b6fc1,1764678926,finish__timing__setup__tns,-45.9,-51.3,Failing
nangate45,bp_be_top,2b4c322ad1c461642e3459f61dd40ef3fa3b6fc1,1764678926,cts__timing__setup__tns,-16.2,-22.0,Failing
nangate45,bp_be_top,2b4c322ad1c461642e3459f61dd40ef3fa3b6fc1,1764678926,globalroute__timing__setup__tns,-16.0,-18.8,Failing
nangate45,bp_be_top,2b4c322ad1c461642e3459f61dd40ef3fa3b6fc1,1764678926,finish__timing__setup__tns,-25.9,-36.2,Failing
nangate45,tinyRocket,2b4c322ad1c461642e3459f61dd40ef3fa3b6fc1,1764678926,cts__timing__setup__tns,-7.04,-14.7,Failing
nangate45,tinyRocket,2b4c322ad1c461642e3459f61dd40ef3fa3b6fc1,1764678926,globalroute__timing__setup__tns,-18.4,-22.2,Failing
nangate45,tinyRocket,2b4c322ad1c461642e3459f61dd40ef3fa3b6fc1,1764678926,finish__timing__setup__tns,-20.1,-25.8,Failing
nangate45,bp_multi_top,2b4c322ad1c461642e3459f61dd40ef3fa3b6fc1,1764678926,globalroute__timing__setup__ws,-4.7,-4.69,Tighten
nangate45,bp_multi_top,2b4c322ad1c461642e3459f61dd40ef3fa3b6fc1,1764678926,detailedroute__timing__setup__tns,-760.0,-796.0,Failing
nangate45,bp_multi_top,2b4c322ad1c461642e3459f61dd40ef3fa3b6fc1,1764678926,detailedroute__timing__hold__tns,-7.5,-7.36,Tighten
nangate45,bp_multi_top,2b4c322ad1c461642e3459f61dd40ef3fa3b6fc1,1764678926,finish__timing__setup__ws,-4.68,-4.67,Tighten
nangate45,bp_multi_top,2b4c322ad1c461642e3459f61dd40ef3fa3b6fc1,1764678926,finish__timing__hold__tns,-0.1086,-1.09,Failing
nangate45,ibex,2b4c322ad1c461642e3459f61dd40ef3fa3b6fc1,1764678926,finish__timing__setup__tns,-1.6,-2.05,Failing
nangate45,aes,2b4c322ad1c461642e3459f61dd40ef3fa3b6fc1,1764678926,finish__timing__setup__ws,-0.071,-0.0709,Tighten
nangate45,aes,2b4c322ad1c461642e3459f61dd40ef3fa3b6fc1,1764678926,finish__timing__setup__tns,-0.718,-0.948,Failing
ihp-sg13g2,spi,2b4c322ad1c461642e3459f61dd40ef3fa3b6fc1,1764678926,globalroute__timing__setup__tns,0.0,-0.206,Failing
ihp-sg13g2,spi,2b4c322ad1c461642e3459f61dd40ef3fa3b6fc1,1764678926,detailedroute__route__wirelength,3686,3663,Tighten
ihp-sg13g2,jpeg,d5fe59d2186f1b56d49e5269ab3560bf174abfd3,1764584142,detailedroute__antenna_diodes_count,138,148,Failing
nangate45,swerv,d5fe59d2186f1b56d49e5269ab3560bf174abfd3,1764584142,finish__timing__setup__tns,-25.4,-26.2,Failing
nangate45,swerv_wrapper,d5fe59d2186f1b56d49e5269ab3560bf174abfd3,1764584142,finish__timing__setup__tns,-154.0,-156.0,Failing
nangate45,swerv_wrapper,d5fe59d2186f1b56d49e5269ab3560bf174abfd3,1764584142,finish__timing__hold__tns,-1.6,-2.01,Failing
nangate45,tinyRocket,d5fe59d2186f1b56d49e5269ab3560bf174abfd3,1764584142,finish__timing__setup__tns,-19.2,-20.1,Failing
gf12,tinyRocket,913153e3adf906a86b08003de6a2d25ee88d6d00,1764092045,placeopt__design__instance__area,16726,16686,Tighten
gf12,tinyRocket,913153e3adf906a86b08003de6a2d25ee88d6d00,1764092045,cts__timing__setup__ws,-47.4,-40.0,Tighten
gf12,tinyRocket,913153e3adf906a86b08003de6a2d25ee88d6d00,1764092045,cts__timing__setup__tns,-8400.0,-160.0,Tighten
gf12,tinyRocket,913153e3adf906a86b08003de6a2d25ee88d6d00,1764092045,globalroute__timing__setup__ws,-48.1,-40.0,Tighten
gf12,tinyRocket,913153e3adf906a86b08003de6a2d25ee88d6d00,1764092045,globalroute__timing__setup__tns,-168.0,-160.0,Tighten
gf12,tinyRocket,913153e3adf906a86b08003de6a2d25ee88d6d00,1764092045,detailedroute__timing__hold__tns,-1290.0,-1190.0,Tighten
gf12,tinyRocket,913153e3adf906a86b08003de6a2d25ee88d6d00,1764092045,finish__timing__hold__tns,-160.0,-345.0,Failing
gf12,tinyRocket,913153e3adf906a86b08003de6a2d25ee88d6d00,1764092045,finish__design__instance__area,17355,17222,Tighten
gf12,bp_dual,913153e3adf906a86b08003de6a2d25ee88d6d00,1764092045,cts__timing__hold__ws,-114.0,-100.0,Tighten
gf12,bp_dual,913153e3adf906a86b08003de6a2d25ee88d6d00,1764092045,cts__timing__hold__tns,-422.0,-400.0,Tighten
gf12,bp_dual,913153e3adf906a86b08003de6a2d25ee88d6d00,1764092045,globalroute__timing__hold__ws,-111.0,-100.0,Tighten
gf12,bp_dual,913153e3adf906a86b08003de6a2d25ee88d6d00,1764092045,globalroute__timing__hold__tns,-413.0,-400.0,Tighten
gf12,bp_dual,913153e3adf906a86b08003de6a2d25ee88d6d00,1764092045,detailedroute__timing__setup__ws,-191.0,-294.0,Failing
gf12,bp_dual,913153e3adf906a86b08003de6a2d25ee88d6d00,1764092045,detailedroute__timing__setup__tns,-883.0,-2720.0,Failing
gf12,bp_dual,913153e3adf906a86b08003de6a2d25ee88d6d00,1764092045,detailedroute__timing__hold__tns,-4230.0,-3650.0,Tighten
gf12,bp_dual,913153e3adf906a86b08003de6a2d25ee88d6d00,1764092045,finish__timing__setup__tns,-701.0,-1720.0,Failing
gf12,bp_dual,913153e3adf906a86b08003de6a2d25ee88d6d00,1764092045,finish__timing__hold__tns,-403.0,-400.0,Tighten
gf12,bp_single,b63f92928333fe6039e57bd7daf369f037be524e,1763828461,cts__timing__hold__ws,-200.0,-198.0,Tighten
gf12,bp_single,b63f92928333fe6039e57bd7daf369f037be524e,1763828461,cts__timing__hold__tns,-2280.0,-2090.0,Tighten
gf12,bp_single,b63f92928333fe6039e57bd7daf369f037be524e,1763828461,detailedroute__timing__setup__tns,-1710.0,-1460.0,Tighten
gf12,bp_single,b63f92928333fe6039e57bd7daf369f037be524e,1763828461,detailedroute__timing__hold__tns,-7140.0,-12100.0,Failing
gf12,bp_single,1fcd8001921bc4432ac5fdbbcd5749e04c699a70,1763663233,placeopt__design__instance__area,472038,471924,Tighten
gf12,bp_single,1fcd8001921bc4432ac5fdbbcd5749e04c699a70,1763663233,cts__timing__hold__tns,-1360.0,-2280.0,Failing
gf12,bp_single,1fcd8001921bc4432ac5fdbbcd5749e04c699a70,1763663233,globalroute__timing__hold__tns,-1280.0,-2020.0,Failing
gf12,bp_single,1fcd8001921bc4432ac5fdbbcd5749e04c699a70,1763663233,detailedroute__timing__setup__tns,-524.0,-1710.0,Failing
gf12,bp_single,1fcd8001921bc4432ac5fdbbcd5749e04c699a70,1763663233,detailedroute__timing__hold__tns,-8390.0,-7140.0,Tighten
gf12,bp_single,1fcd8001921bc4432ac5fdbbcd5749e04c699a70,1763663233,finish__design__instance__area,480077,479804,Tighten
gf12,ariane,1fcd8001921bc4432ac5fdbbcd5749e04c699a70,1763663233,cts__timing__setup__tns,-8180.0,-725.0,Tighten
gf12,ariane,1fcd8001921bc4432ac5fdbbcd5749e04c699a70,1763663233,globalroute__timing__setup__ws,-210.0,-209.0,Tighten
gf12,ariane,1fcd8001921bc4432ac5fdbbcd5749e04c699a70,1763663233,detailedroute__route__wirelength,4359055,4021827,Tighten
gf12,ariane,1fcd8001921bc4432ac5fdbbcd5749e04c699a70,1763663233,detailedroute__timing__hold__tns,-1510.0,-2390.0,Failing
gf12,ca53,1fcd8001921bc4432ac5fdbbcd5749e04c699a70,1763663233,globalroute__timing__hold__tns,-1410.0,-992.0,Tighten
gf12,ca53,1fcd8001921bc4432ac5fdbbcd5749e04c699a70,1763663233,detailedroute__timing__hold__tns,-102000.0,-198000.0,Failing
gf12,bp_dual,4ce32ebdb7ef4ec4e6ea54de137140e6833958c6,1763586706,placeopt__design__instance__area,836829,835155,Tighten
gf12,bp_dual,4ce32ebdb7ef4ec4e6ea54de137140e6833958c6,1763586706,placeopt__design__instance__count__stdcell,908653,902982,Tighten
gf12,bp_dual,4ce32ebdb7ef4ec4e6ea54de137140e6833958c6,1763586706,cts__design__instance__count__setup_buffer,79013,78520,Tighten
gf12,bp_dual,4ce32ebdb7ef4ec4e6ea54de137140e6833958c6,1763586706,cts__design__instance__count__hold_buffer,79013,78520,Tighten
gf12,bp_dual,4ce32ebdb7ef4ec4e6ea54de137140e6833958c6,1763586706,cts__timing__setup__ws,-193.0,-100.0,Tighten
gf12,bp_dual,4ce32ebdb7ef4ec4e6ea54de137140e6833958c6,1763586706,cts__timing__setup__tns,-4660.0,-400.0,Tighten
gf12,bp_dual,4ce32ebdb7ef4ec4e6ea54de137140e6833958c6,1763586706,cts__timing__hold__ws,0.0,-114.0,Failing
gf12,bp_dual,4ce32ebdb7ef4ec4e6ea54de137140e6833958c6,1763586706,cts__timing__hold__tns,0.0,-422.0,Failing
gf12,bp_dual,4ce32ebdb7ef4ec4e6ea54de137140e6833958c6,1763586706,globalroute__timing__hold__ws,-2.0547,-111.0,Failing
gf12,bp_dual,4ce32ebdb7ef4ec4e6ea54de137140e6833958c6,1763586706,globalroute__timing__hold__tns,-2.0547,-413.0,Failing
gf12,bp_dual,4ce32ebdb7ef4ec4e6ea54de137140e6833958c6,1763586706,detailedroute__route__wirelength,12984371,11876263,Tighten
gf12,bp_dual,4ce32ebdb7ef4ec4e6ea54de137140e6833958c6,1763586706,detailedroute__timing__setup__ws,-307.0,-191.0,Tighten
gf12,bp_dual,4ce32ebdb7ef4ec4e6ea54de137140e6833958c6,1763586706,detailedroute__timing__setup__tns,-2500.0,-883.0,Tighten
gf12,bp_dual,4ce32ebdb7ef4ec4e6ea54de137140e6833958c6,1763586706,detailedroute__timing__hold__tns,-2850.0,-4230.0,Failing
gf12,bp_dual,4ce32ebdb7ef4ec4e6ea54de137140e6833958c6,1763586706,finish__timing__setup__ws,-216.79,-165.0,Tighten
gf12,bp_dual,4ce32ebdb7ef4ec4e6ea54de137140e6833958c6,1763586706,finish__timing__setup__tns,-1441.656,-701.0,Tighten
gf12,bp_dual,4ce32ebdb7ef4ec4e6ea54de137140e6833958c6,1763586706,finish__timing__hold__tns,-443.0,-403.0,Tighten
gf12,bp_dual,4ce32ebdb7ef4ec4e6ea54de137140e6833958c6,1763586706,finish__design__instance__area,851537,849384,Tighten
nangate45,swerv_wrapper,32f643afaf8b5f304ab7dc513501413afded7eb4,1763477058,cts__timing__setup__tns,-33.1,-60.3,Failing
nangate45,swerv_wrapper,32f643afaf8b5f304ab7dc513501413afded7eb4,1763477058,globalroute__timing__setup__ws,-0.1,-0.208,Failing
nangate45,swerv_wrapper,32f643afaf8b5f304ab7dc513501413afded7eb4,1763477058,globalroute__timing__setup__tns,-48.5,-62.0,Failing
nangate45,swerv_wrapper,32f643afaf8b5f304ab7dc513501413afded7eb4,1763477058,detailedroute__timing__hold__tns,-0.422,-4.39,Failing
nangate45,swerv_wrapper,32f643afaf8b5f304ab7dc513501413afded7eb4,1763477058,finish__timing__setup__tns,-89.4,-114.0,Failing
nangate45,swerv_wrapper,32f643afaf8b5f304ab7dc513501413afded7eb4,1763477058,finish__timing__hold__tns,-17.7,-5.95,Tighten
nangate45,tinyRocket,32f643afaf8b5f304ab7dc513501413afded7eb4,1763477058,cts__timing__setup__tns,-11.3,-17.9,Failing
nangate45,tinyRocket,32f643afaf8b5f304ab7dc513501413afded7eb4,1763477058,globalroute__timing__setup__ws,-0.134,-0.129,Tighten
nangate45,tinyRocket,32f643afaf8b5f304ab7dc513501413afded7eb4,1763477058,globalroute__timing__setup__tns,-24.3,-22.4,Tighten
nangate45,tinyRocket,32f643afaf8b5f304ab7dc513501413afded7eb4,1763477058,finish__timing__setup__tns,-27.5,-27.3,Tighten
asap7,swerv_wrapper,32f643afaf8b5f304ab7dc513501413afded7eb4,1763477058,placeopt__design__instance__area,55898,55869,Tighten
asap7,swerv_wrapper,32f643afaf8b5f304ab7dc513501413afded7eb4,1763477058,detailedroute__route__wirelength,1610613,1585423,Tighten
asap7,swerv_wrapper,32f643afaf8b5f304ab7dc513501413afded7eb4,1763477058,finish__timing__setup__ws,-526.0,-305.0,Tighten
asap7,swerv_wrapper,32f643afaf8b5f304ab7dc513501413afded7eb4,1763477058,finish__timing__setup__tns,-227000.0,-88100.0,Tighten
asap7,swerv_wrapper,32f643afaf8b5f304ab7dc513501413afded7eb4,1763477058,finish__timing__hold__tns,-91800.0,-115000.0,Failing
gf12,tinyRocket,32f643afaf8b5f304ab7dc513501413afded7eb4,1763477058,cts__timing__setup__tns,-314.0,-872.0,Failing
gf12,tinyRocket,32f643afaf8b5f304ab7dc513501413afded7eb4,1763477058,globalroute__timing__setup__ws,-56.6,-48.1,Tighten
gf12,tinyRocket,32f643afaf8b5f304ab7dc513501413afded7eb4,1763477058,globalroute__timing__setup__tns,-471.0,-168.0,Tighten
gf12,tinyRocket,32f643afaf8b5f304ab7dc513501413afded7eb4,1763477058,detailedroute__timing__hold__tns,-636.0,-1290.0,Failing
gf12,bp_single,32f643afaf8b5f304ab7dc513501413afded7eb4,1763477058,cts__timing__hold__ws,-100.0,-200.0,Failing
gf12,bp_single,32f643afaf8b5f304ab7dc513501413afded7eb4,1763477058,cts__timing__hold__tns,-400.0,-1360.0,Failing
gf12,bp_single,32f643afaf8b5f304ab7dc513501413afded7eb4,1763477058,detailedroute__timing__setup__ws,-166.0,-139.0,Tighten
gf12,bp_single,32f643afaf8b5f304ab7dc513501413afded7eb4,1763477058,detailedroute__timing__setup__tns,-675.0,-524.0,Tighten
gf12,bp_single,32f643afaf8b5f304ab7dc513501413afded7eb4,1763477058,detailedroute__timing__hold__tns,-10700.0,-8390.0,Tighten
gf12,bp_single,32f643afaf8b5f304ab7dc513501413afded7eb4,1763477058,finish__timing__setup__ws,-130.0,-109.0,Tighten
gf12,bp_single,32f643afaf8b5f304ab7dc513501413afded7eb4,1763477058,finish__timing__setup__tns,-434.0,-409.0,Tighten
gf12,bp_single,32f643afaf8b5f304ab7dc513501413afded7eb4,1763477058,finish__design__instance__area,480134,480077,Tighten
rapidus2hp,hercules_idecode,55141ac8dd346f1168b37a6b6189181c3de7ab0d,1762420662,placeopt__design__instance__area,12565,12538,Tighten
rapidus2hp,hercules_idecode,55141ac8dd346f1168b37a6b6189181c3de7ab0d,1762420662,cts__timing__setup__ws,-261.0,-212.0,Tighten
rapidus2hp,hercules_idecode,55141ac8dd346f1168b37a6b6189181c3de7ab0d,1762420662,cts__timing__setup__tns,-1110000.0,-1020000.0,Tighten
rapidus2hp,hercules_idecode,55141ac8dd346f1168b37a6b6189181c3de7ab0d,1762420662,cts__timing__hold__ws,0.0,-17.9,Failing
rapidus2hp,hercules_idecode,55141ac8dd346f1168b37a6b6189181c3de7ab0d,1762420662,cts__timing__hold__tns,0.0,-64.2,Failing
rapidus2hp,hercules_idecode,55141ac8dd346f1168b37a6b6189181c3de7ab0d,1762420662,globalroute__timing__setup__ws,-227.0,-340.0,Failing
rapidus2hp,hercules_idecode,55141ac8dd346f1168b37a6b6189181c3de7ab0d,1762420662,globalroute__timing__setup__tns,-564000.0,-607000.0,Failing
rapidus2hp,hercules_idecode,55141ac8dd346f1168b37a6b6189181c3de7ab0d,1762420662,finish__timing__setup__ws,-227.0,-340.0,Failing
rapidus2hp,hercules_idecode,55141ac8dd346f1168b37a6b6189181c3de7ab0d,1762420662,finish__timing__setup__tns,-564000.0,-607000.0,Failing
rapidus2hp,hercules_idecode,55141ac8dd346f1168b37a6b6189181c3de7ab0d,1762420662,finish__design__instance__area,12834,12810,Tighten
gf12,bp_single,55141ac8dd346f1168b37a6b6189181c3de7ab0d,1762420662,placeopt__design__instance__area,472099,472038,Tighten
gf12,bp_single,55141ac8dd346f1168b37a6b6189181c3de7ab0d,1762420662,cts__timing__hold__ws,-355.0,-100.0,Tighten
gf12,bp_single,55141ac8dd346f1168b37a6b6189181c3de7ab0d,1762420662,cts__timing__hold__tns,-5460.0,-400.0,Tighten
gf12,bp_single,55141ac8dd346f1168b37a6b6189181c3de7ab0d,1762420662,globalroute__timing__hold__tns,-1880.0,-1280.0,Tighten
gf12,bp_single,55141ac8dd346f1168b37a6b6189181c3de7ab0d,1762420662,detailedroute__timing__setup__ws,-237.0,-166.0,Tighten
gf12,bp_single,55141ac8dd346f1168b37a6b6189181c3de7ab0d,1762420662,detailedroute__timing__setup__tns,-2050.0,-675.0,Tighten
gf12,bp_single,55141ac8dd346f1168b37a6b6189181c3de7ab0d,1762420662,detailedroute__timing__hold__tns,-7300.0,-10700.0,Failing
gf12,bp_single,55141ac8dd346f1168b37a6b6189181c3de7ab0d,1762420662,finish__timing__setup__ws,-166.0,-130.0,Tighten
gf12,bp_single,55141ac8dd346f1168b37a6b6189181c3de7ab0d,1762420662,finish__timing__setup__tns,-931.0,-434.0,Tighten
sky130hd,jpeg,468e06947066416441a1c39021a215fd76505833,1762387196,globalroute__timing__setup__tns,-11.3,-20.8,Failing
sky130hd,jpeg,468e06947066416441a1c39021a215fd76505833,1762387196,detailedroute__antenna_diodes_count,100,102,Failing
nangate45,swerv,468e06947066416441a1c39021a215fd76505833,1762387196,cts__timing__setup__tns,-48.7,-28.8,Tighten
nangate45,swerv,468e06947066416441a1c39021a215fd76505833,1762387196,globalroute__timing__setup__tns,-62.2,-32.8,Tighten
nangate45,swerv,468e06947066416441a1c39021a215fd76505833,1762387196,detailedroute__timing__hold__tns,-0.856,-6.48,Failing
nangate45,swerv,468e06947066416441a1c39021a215fd76505833,1762387196,finish__timing__setup__tns,-72.3,-38.3,Tighten
nangate45,swerv_wrapper,468e06947066416441a1c39021a215fd76505833,1762387196,cts__timing__setup__tns,-40.3,-36.7,Tighten
nangate45,swerv_wrapper,468e06947066416441a1c39021a215fd76505833,1762387196,globalroute__timing__setup__tns,-42.4,-33.3,Tighten
nangate45,swerv_wrapper,468e06947066416441a1c39021a215fd76505833,1762387196,finish__timing__setup__tns,-115.0,-127.0,Failing
nangate45,swerv_wrapper,468e06947066416441a1c39021a215fd76505833,1762387196,finish__timing__hold__tns,-4.07,-5.39,Failing
sky130hd,microwatt,468e06947066416441a1c39021a215fd76505833,1762387196,cts__timing__setup__tns,-405.0,-409.0,Failing
sky130hd,microwatt,468e06947066416441a1c39021a215fd76505833,1762387196,globalroute__antenna_diodes_count,2548,2373,Tighten
sky130hd,microwatt,468e06947066416441a1c39021a215fd76505833,1762387196,globalroute__timing__setup__tns,-420.0,-429.0,Failing
sky130hd,microwatt,468e06947066416441a1c39021a215fd76505833,1762387196,detailedroute__antenna__violating__nets,0,3,Failing
sky130hd,microwatt,468e06947066416441a1c39021a215fd76505833,1762387196,detailedroute__antenna_diodes_count,1274,1594,Failing
sky130hd,microwatt,468e06947066416441a1c39021a215fd76505833,1762387196,detailedroute__timing__setup__ws,-1.75,-1.52,Tighten
sky130hd,microwatt,468e06947066416441a1c39021a215fd76505833,1762387196,detailedroute__timing__setup__tns,-121.0,-95.2,Tighten
sky130hd,microwatt,468e06947066416441a1c39021a215fd76505833,1762387196,detailedroute__timing__hold__tns,-428.0,-458.0,Failing
sky130hd,microwatt,468e06947066416441a1c39021a215fd76505833,1762387196,finish__timing__setup__tns,-399.0,-436.0,Failing
sky130hd,microwatt,468e06947066416441a1c39021a215fd76505833,1762387196,finish__timing__hold__tns,-4.42,-7.77,Failing
sky130hd,riscv32i,468e06947066416441a1c39021a215fd76505833,1762387196,cts__timing__setup__tns,-47.5,-36.5,Tighten
sky130hd,riscv32i,468e06947066416441a1c39021a215fd76505833,1762387196,globalroute__timing__setup__tns,-131.0,-105.0,Tighten
sky130hd,riscv32i,468e06947066416441a1c39021a215fd76505833,1762387196,detailedroute__timing__setup__tns,-5.59,-6.99,Failing
sky130hd,riscv32i,468e06947066416441a1c39021a215fd76505833,1762387196,finish__timing__setup__tns,-61.0,-53.2,Tighten
sky130hs,riscv32i,468e06947066416441a1c39021a215fd76505833,1762387196,cts__timing__setup__tns,-25.6,-26.8,Failing
sky130hs,riscv32i,468e06947066416441a1c39021a215fd76505833,1762387196,globalroute__timing__setup__tns,-82.3,-25.8,Tighten
sky130hs,riscv32i,468e06947066416441a1c39021a215fd76505833,1762387196,finish__timing__setup__tns,-15.6,-10.5,Tighten
sky130hs,riscv32i,5928e75e42c76c0e67b9f4acd4029ada99997a69,1762347198,globalroute__timing__setup__tns,-33.7,-82.3,Failing
sky130hs,riscv32i,5928e75e42c76c0e67b9f4acd4029ada99997a69,1762347198,finish__timing__setup__tns,-10.3,-15.6,Failing
gf12,bp_dual,62c5fbac85fc29eb4cefdb2fd6d5dd62bb32a83a,1761865461,placeopt__design__instance__area,838053,836829,Tighten
gf12,bp_dual,62c5fbac85fc29eb4cefdb2fd6d5dd62bb32a83a,1761865461,placeopt__design__instance__count__stdcell,912187,908653,Tighten
gf12,bp_dual,62c5fbac85fc29eb4cefdb2fd6d5dd62bb32a83a,1761865461,cts__design__instance__count__setup_buffer,79321,79013,Tighten
gf12,bp_dual,62c5fbac85fc29eb4cefdb2fd6d5dd62bb32a83a,1761865461,cts__design__instance__count__hold_buffer,79321,79013,Tighten
gf12,bp_dual,62c5fbac85fc29eb4cefdb2fd6d5dd62bb32a83a,1761865461,cts__timing__setup__ws,-749.3529,-193.0,Tighten
gf12,bp_dual,62c5fbac85fc29eb4cefdb2fd6d5dd62bb32a83a,1761865461,cts__timing__setup__tns,-319752.0,-4660.0,Tighten
gf12,bp_dual,62c5fbac85fc29eb4cefdb2fd6d5dd62bb32a83a,1761865461,globalroute__timing__setup__ws,-186.2825,-100.0,Tighten
gf12,bp_dual,62c5fbac85fc29eb4cefdb2fd6d5dd62bb32a83a,1761865461,globalroute__timing__setup__tns,-1224.108,-400.0,Tighten
gf12,bp_dual,62c5fbac85fc29eb4cefdb2fd6d5dd62bb32a83a,1761865461,detailedroute__route__wirelength,13768051,12984371,Tighten
gf12,bp_dual,62c5fbac85fc29eb4cefdb2fd6d5dd62bb32a83a,1761865461,detailedroute__timing__setup__ws,-343.209,-307.0,Tighten
gf12,bp_dual,62c5fbac85fc29eb4cefdb2fd6d5dd62bb32a83a,1761865461,detailedroute__timing__setup__tns,-2840.8439,-2500.0,Tighten
gf12,bp_dual,62c5fbac85fc29eb4cefdb2fd6d5dd62bb32a83a,1761865461,detailedroute__timing__hold__tns,-5653.608,-2850.0,Tighten
gf12,bp_dual,62c5fbac85fc29eb4cefdb2fd6d5dd62bb32a83a,1761865461,finish__timing__hold__tns,-40.3385,-443.0,Failing
gf12,bp_dual,62c5fbac85fc29eb4cefdb2fd6d5dd62bb32a83a,1761865461,finish__design__instance__area,852120,851537,Tighten
rapidus2hp,hercules_is_int,62c5fbac85fc29eb4cefdb2fd6d5dd62bb32a83a,1761865461,cts__timing__setup__ws,-344.0,-390.0,Failing
rapidus2hp,hercules_is_int,62c5fbac85fc29eb4cefdb2fd6d5dd62bb32a83a,1761865461,cts__timing__setup__tns,-2480000.0,-3510000.0,Failing
rapidus2hp,hercules_is_int,62c5fbac85fc29eb4cefdb2fd6d5dd62bb32a83a,1761865461,globalroute__timing__setup__ws,-343.0,-316.0,Tighten
rapidus2hp,hercules_is_int,62c5fbac85fc29eb4cefdb2fd6d5dd62bb32a83a,1761865461,globalroute__timing__hold__ws,-58.4,-55.5,Tighten
rapidus2hp,hercules_is_int,62c5fbac85fc29eb4cefdb2fd6d5dd62bb32a83a,1761865461,globalroute__timing__hold__tns,-1810.0,-484.0,Tighten
rapidus2hp,hercules_is_int,62c5fbac85fc29eb4cefdb2fd6d5dd62bb32a83a,1761865461,finish__timing__setup__ws,-343.0,-316.0,Tighten
rapidus2hp,hercules_is_int,62c5fbac85fc29eb4cefdb2fd6d5dd62bb32a83a,1761865461,finish__timing__hold__ws,-58.4,-55.5,Tighten
rapidus2hp,hercules_is_int,62c5fbac85fc29eb4cefdb2fd6d5dd62bb32a83a,1761865461,finish__timing__hold__tns,-1810.0,-484.0,Tighten
nangate45,ariane133,2ed7642f7d4a9298e33966ee22013d1ea28fc444,1761860259,finish__timing__setup__tns,-65.9,-88.9,Failing
gf12,ariane,4b50e7e4bf19af00420210e489487bd06ef4b574,1761748427,placeopt__design__instance__area,215149,214773,Tighten
gf12,ariane,4b50e7e4bf19af00420210e489487bd06ef4b574,1761748427,globalroute__antenna_diodes_count,182,180,Tighten
gf12,ariane,4b50e7e4bf19af00420210e489487bd06ef4b574,1761748427,globalroute__timing__setup__tns,-719.0,-717.0,Tighten
gf12,ariane,4b50e7e4bf19af00420210e489487bd06ef4b574,1761748427,detailedroute__route__wirelength,3818585,3507181,Tighten
gf12,ariane,4b50e7e4bf19af00420210e489487bd06ef4b574,1761748427,detailedroute__route__drc_errors,1,2,Failing
gf12,ariane,4b50e7e4bf19af00420210e489487bd06ef4b574,1761748427,detailedroute__antenna_diodes_count,182,180,Tighten
gf12,ariane,4b50e7e4bf19af00420210e489487bd06ef4b574,1761748427,detailedroute__timing__setup__tns,-702.0,-701.0,Tighten
gf12,ariane,4b50e7e4bf19af00420210e489487bd06ef4b574,1761748427,finish__design__instance__area,217366,217050,Tighten
gf12,bp_single,4b50e7e4bf19af00420210e489487bd06ef4b574,1761748427,cts__timing__setup__ws,-211.0,-100.0,Tighten
gf12,bp_single,4b50e7e4bf19af00420210e489487bd06ef4b574,1761748427,cts__timing__setup__tns,-2620.0,-400.0,Tighten
gf12,bp_single,4b50e7e4bf19af00420210e489487bd06ef4b574,1761748427,cts__timing__hold__ws,-100.0,-355.0,Failing
gf12,bp_single,4b50e7e4bf19af00420210e489487bd06ef4b574,1761748427,cts__timing__hold__tns,-400.0,-5460.0,Failing
gf12,bp_single,4b50e7e4bf19af00420210e489487bd06ef4b574,1761748427,globalroute__timing__hold__tns,-569.0,-1880.0,Failing
gf12,bp_single,4b50e7e4bf19af00420210e489487bd06ef4b574,1761748427,detailedroute__timing__setup__ws,-277.0,-237.0,Tighten
gf12,bp_single,4b50e7e4bf19af00420210e489487bd06ef4b574,1761748427,detailedroute__timing__setup__tns,-2680.0,-2050.0,Tighten
gf12,bp_single,4b50e7e4bf19af00420210e489487bd06ef4b574,1761748427,detailedroute__timing__hold__tns,-1310.0,-7300.0,Failing
gf12,bp_single,4b50e7e4bf19af00420210e489487bd06ef4b574,1761748427,finish__timing__setup__ws,-222.0,-166.0,Tighten
gf12,bp_single,4b50e7e4bf19af00420210e489487bd06ef4b574,1761748427,finish__timing__setup__tns,-1600.0,-931.0,Tighten
asap7,swerv_wrapper,4b50e7e4bf19af00420210e489487bd06ef4b574,1761748427,finish__timing__setup__ws,-546.0,-441.0,Tighten
asap7,swerv_wrapper,4b50e7e4bf19af00420210e489487bd06ef4b574,1761748427,finish__timing__setup__tns,-206000.0,-223000.0,Failing
asap7,swerv_wrapper,4b50e7e4bf19af00420210e489487bd06ef4b574,1761748427,finish__timing__hold__tns,-94300.0,-86400.0,Tighten
nangate45,swerv_wrapper,4b50e7e4bf19af00420210e489487bd06ef4b574,1761748427,cts__timing__setup__tns,-4.31,-40.3,Failing
nangate45,swerv_wrapper,4b50e7e4bf19af00420210e489487bd06ef4b574,1761748427,globalroute__timing__setup__tns,-9.52,-42.4,Failing
nangate45,swerv_wrapper,4b50e7e4bf19af00420210e489487bd06ef4b574,1761748427,detailedroute__timing__hold__tns,-1.92,-0.893,Tighten
nangate45,swerv_wrapper,4b50e7e4bf19af00420210e489487bd06ef4b574,1761748427,finish__timing__setup__tns,-88.0,-115.0,Failing
nangate45,swerv_wrapper,4b50e7e4bf19af00420210e489487bd06ef4b574,1761748427,finish__timing__hold__tns,-7.63,-4.07,Tighten
gf12,bp_single,3df9c270c3e4b6f0d1c6b424e6a6b2f934ea9c85,1761563633,cts__timing__setup__tns,-1640.0,-2620.0,Failing
gf12,bp_single,3df9c270c3e4b6f0d1c6b424e6a6b2f934ea9c85,1761563633,globalroute__timing__hold__ws,-135.0,-117.0,Tighten
gf12,bp_single,3df9c270c3e4b6f0d1c6b424e6a6b2f934ea9c85,1761563633,globalroute__timing__hold__tns,-833.0,-569.0,Tighten
gf12,bp_single,3df9c270c3e4b6f0d1c6b424e6a6b2f934ea9c85,1761563633,detailedroute__timing__hold__ws,-130.0,-120.0,Tighten
gf12,bp_single,3df9c270c3e4b6f0d1c6b424e6a6b2f934ea9c85,1761563633,detailedroute__timing__hold__tns,-3910.0,-1310.0,Tighten
gf12,bp_single,3df9c270c3e4b6f0d1c6b424e6a6b2f934ea9c85,1761563633,finish__timing__setup__ws,-116.0,-222.0,Failing
gf12,ca53,3df9c270c3e4b6f0d1c6b424e6a6b2f934ea9c85,1761563633,globalroute__timing__hold__tns,-856.0,-1410.0,Failing
gf12,ca53,3df9c270c3e4b6f0d1c6b424e6a6b2f934ea9c85,1761563633,detailedroute__timing__hold__ws,-265.0,-241.0,Tighten
gf12,ca53,3df9c270c3e4b6f0d1c6b424e6a6b2f934ea9c85,1761563633,detailedroute__timing__hold__tns,-114000.0,-102000.0,Tighten
gf12,ca53,3df9c270c3e4b6f0d1c6b424e6a6b2f934ea9c85,1761563633,finish__timing__hold__tns,-5150.0,-4850.0,Tighten
gf12,ibex,3df9c270c3e4b6f0d1c6b424e6a6b2f934ea9c85,1761563633,cts__timing__setup__ws,-51.0,-114.0,Failing
gf12,ibex,3df9c270c3e4b6f0d1c6b424e6a6b2f934ea9c85,1761563633,cts__timing__setup__tns,-204.0,-1310.0,Failing
gf12,ibex,3df9c270c3e4b6f0d1c6b424e6a6b2f934ea9c85,1761563633,globalroute__timing__setup__ws,-78.5,-66.4,Tighten
gf12,ibex,3df9c270c3e4b6f0d1c6b424e6a6b2f934ea9c85,1761563633,globalroute__timing__setup__tns,-3890.0,-271.0,Tighten
rapidus2hp,hercules_idecode,3df9c270c3e4b6f0d1c6b424e6a6b2f934ea9c85,1761563633,placeopt__design__instance__area,12567,12565,Tighten
rapidus2hp,hercules_idecode,3df9c270c3e4b6f0d1c6b424e6a6b2f934ea9c85,1761563633,cts__timing__setup__ws,-231.708,-261.0,Failing
rapidus2hp,hercules_idecode,3df9c270c3e4b6f0d1c6b424e6a6b2f934ea9c85,1761563633,cts__timing__setup__tns,-795000.0,-1110000.0,Failing
rapidus2hp,hercules_idecode,3df9c270c3e4b6f0d1c6b424e6a6b2f934ea9c85,1761563633,globalroute__timing__setup__ws,-308.0,-227.0,Tighten
rapidus2hp,hercules_idecode,3df9c270c3e4b6f0d1c6b424e6a6b2f934ea9c85,1761563633,globalroute__timing__setup__tns,-1300000.0,-564000.0,Tighten
rapidus2hp,hercules_idecode,3df9c270c3e4b6f0d1c6b424e6a6b2f934ea9c85,1761563633,finish__timing__setup__ws,-308.0,-227.0,Tighten
rapidus2hp,hercules_idecode,3df9c270c3e4b6f0d1c6b424e6a6b2f934ea9c85,1761563633,finish__timing__setup__tns,-1300000.0,-564000.0,Tighten
rapidus2hp,hercules_idecode,3df9c270c3e4b6f0d1c6b424e6a6b2f934ea9c85,1761563633,finish__design__instance__area,12842,12834,Tighten
rapidus2hp,hercules_is_int,3df9c270c3e4b6f0d1c6b424e6a6b2f934ea9c85,1761563633,cts__timing__setup__ws,-354.0,-344.0,Tighten
rapidus2hp,hercules_is_int,3df9c270c3e4b6f0d1c6b424e6a6b2f934ea9c85,1761563633,cts__timing__setup__tns,-2761572.0,-2480000.0,Tighten
rapidus2hp,hercules_is_int,3df9c270c3e4b6f0d1c6b424e6a6b2f934ea9c85,1761563633,globalroute__timing__setup__ws,-451.0,-343.0,Tighten
rapidus2hp,hercules_is_int,3df9c270c3e4b6f0d1c6b424e6a6b2f934ea9c85,1761563633,globalroute__timing__setup__tns,-3740000.0,-2040000.0,Tighten
rapidus2hp,hercules_is_int,3df9c270c3e4b6f0d1c6b424e6a6b2f934ea9c85,1761563633,globalroute__timing__hold__ws,-12.5,-58.4,Failing
rapidus2hp,hercules_is_int,3df9c270c3e4b6f0d1c6b424e6a6b2f934ea9c85,1761563633,globalroute__timing__hold__tns,-50.0,-1810.0,Failing
rapidus2hp,hercules_is_int,3df9c270c3e4b6f0d1c6b424e6a6b2f934ea9c85,1761563633,finish__timing__setup__ws,-451.0,-343.0,Tighten
rapidus2hp,hercules_is_int,3df9c270c3e4b6f0d1c6b424e6a6b2f934ea9c85,1761563633,finish__timing__setup__tns,-3740000.0,-2040000.0,Tighten
rapidus2hp,hercules_is_int,3df9c270c3e4b6f0d1c6b424e6a6b2f934ea9c85,1761563633,finish__timing__hold__ws,-12.5,-58.4,Failing
rapidus2hp,hercules_is_int,3df9c270c3e4b6f0d1c6b424e6a6b2f934ea9c85,1761563633,finish__timing__hold__tns,-50.0,-1810.0,Failing
asap7,aes-block,d0881c8037ff436a57c6723ccb1497fbb42bf0b5,1761562500,cts__design__instance__count__hold_buffer,1131,1398,Failing
asap7,aes-block,d0881c8037ff436a57c6723ccb1497fbb42bf0b5,1761562500,cts__timing__setup__ws,-131.0,-160.0,Failing
asap7,aes-block,d0881c8037ff436a57c6723ccb1497fbb42bf0b5,1761562500,cts__timing__setup__tns,-8400.0,-13300.0,Failing
asap7,aes-block,d0881c8037ff436a57c6723ccb1497fbb42bf0b5,1761562500,globalroute__timing__setup__tns,-8330.0,-10500.0,Failing
asap7,aes-block,d0881c8037ff436a57c6723ccb1497fbb42bf0b5,1761562500,detailedroute__route__wirelength,56217,55890,Tighten
asap7,aes-block,d0881c8037ff436a57c6723ccb1497fbb42bf0b5,1761562500,finish__timing__setup__ws,-96.9,-127.0,Failing
asap7,aes-block,d0881c8037ff436a57c6723ccb1497fbb42bf0b5,1761562500,finish__timing__setup__tns,-4570.0,-8360.0,Failing
asap7,aes-mbff,d0881c8037ff436a57c6723ccb1497fbb42bf0b5,1761562500,cts__timing__setup__ws,-52.6,-40.1,Tighten
asap7,aes-mbff,d0881c8037ff436a57c6723ccb1497fbb42bf0b5,1761562500,cts__timing__setup__tns,-865.0,-749.0,Tighten
asap7,aes-mbff,d0881c8037ff436a57c6723ccb1497fbb42bf0b5,1761562500,globalroute__timing__setup__ws,-55.5,-51.5,Tighten
asap7,aes-mbff,d0881c8037ff436a57c6723ccb1497fbb42bf0b5,1761562500,globalroute__timing__setup__tns,-2340.0,-2430.0,Failing
asap7,riscv32i,d0881c8037ff436a57c6723ccb1497fbb42bf0b5,1761562500,globalroute__timing__setup__tns,-316.0,-17300.0,Failing
asap7,riscv32i,d0881c8037ff436a57c6723ccb1497fbb42bf0b5,1761562500,finish__timing__setup__ws,-66.3,-119.0,Failing
asap7,riscv32i,d0881c8037ff436a57c6723ccb1497fbb42bf0b5,1761562500,finish__timing__setup__tns,-239.0,-25000.0,Failing
asap7,riscv32i-mock-sram,d0881c8037ff436a57c6723ccb1497fbb42bf0b5,1761562500,placeopt__design__instance__area,2190,2176,Tighten
asap7,riscv32i-mock-sram,d0881c8037ff436a57c6723ccb1497fbb42bf0b5,1761562500,placeopt__design__instance__count__stdcell,11561,11437,Tighten
asap7,riscv32i-mock-sram,d0881c8037ff436a57c6723ccb1497fbb42bf0b5,1761562500,cts__design__instance__count__setup_buffer,1005,994,Tighten
asap7,riscv32i-mock-sram,d0881c8037ff436a57c6723ccb1497fbb42bf0b5,1761562500,cts__design__instance__count__hold_buffer,1005,994,Tighten
asap7,riscv32i-mock-sram,d0881c8037ff436a57c6723ccb1497fbb42bf0b5,1761562500,cts__timing__setup__tns,-768.0,-577.0,Tighten
asap7,riscv32i-mock-sram,d0881c8037ff436a57c6723ccb1497fbb42bf0b5,1761562500,detailedroute__route__wirelength,75124,73967,Tighten
asap7,riscv32i-mock-sram,d0881c8037ff436a57c6723ccb1497fbb42bf0b5,1761562500,finish__timing__setup__tns,-417.0,-1870.0,Failing
asap7,riscv32i-mock-sram,d0881c8037ff436a57c6723ccb1497fbb42bf0b5,1761562500,finish__design__instance__area,2290,2277,Tighten
asap7,uart,d0881c8037ff436a57c6723ccb1497fbb42bf0b5,1761562500,placeopt__design__instance__area,95,110,Failing
asap7,uart,d0881c8037ff436a57c6723ccb1497fbb42bf0b5,1761562500,cts__timing__setup__tns,-594.0,-556.0,Tighten
asap7,uart,d0881c8037ff436a57c6723ccb1497fbb42bf0b5,1761562500,globalroute__timing__setup__tns,-1100.0,-1170.0,Failing
asap7,uart,d0881c8037ff436a57c6723ccb1497fbb42bf0b5,1761562500,finish__timing__setup__tns,-575.0,-658.0,Failing
nangate45,ariane136,d0881c8037ff436a57c6723ccb1497fbb42bf0b5,1761562500,placeopt__design__instance__area,853377,853182,Tighten
nangate45,ariane136,d0881c8037ff436a57c6723ccb1497fbb42bf0b5,1761562500,cts__timing__hold__tns,-3.88,-5.49,Failing
nangate45,ariane136,d0881c8037ff436a57c6723ccb1497fbb42bf0b5,1761562500,detailedroute__timing__hold__ws,-0.334,-0.326,Tighten
nangate45,ariane136,d0881c8037ff436a57c6723ccb1497fbb42bf0b5,1761562500,detailedroute__timing__hold__tns,-3.69,-1.49,Tighten
nangate45,bp_be_top,d0881c8037ff436a57c6723ccb1497fbb42bf0b5,1761562500,cts__timing__setup__ws,-0.344,-0.333,Tighten
nangate45,bp_be_top,d0881c8037ff436a57c6723ccb1497fbb42bf0b5,1761562500,globalroute__timing__setup__ws,-0.344,-0.335,Tighten
nangate45,bp_be_top,d0881c8037ff436a57c6723ccb1497fbb42bf0b5,1761562500,globalroute__timing__setup__tns,-20.9,-19.8,Tighten
nangate45,bp_be_top,d0881c8037ff436a57c6723ccb1497fbb42bf0b5,1761562500,detailedroute__route__wirelength,2571693,2566212,Tighten
nangate45,bp_be_top,d0881c8037ff436a57c6723ccb1497fbb42bf0b5,1761562500,finish__timing__setup__tns,-27.4,-28.7,Failing
nangate45,bp_multi_top,d0881c8037ff436a57c6723ccb1497fbb42bf0b5,1761562500,detailedroute__route__wirelength,4187726,4180077,Tighten
nangate45,bp_multi_top,d0881c8037ff436a57c6723ccb1497fbb42bf0b5,1761562500,detailedroute__timing__setup__ws,-11.1,-6.13,Tighten
nangate45,bp_multi_top,d0881c8037ff436a57c6723ccb1497fbb42bf0b5,1761562500,detailedroute__timing__setup__tns,-785.0,-607.0,Tighten
nangate45,bp_multi_top,d0881c8037ff436a57c6723ccb1497fbb42bf0b5,1761562500,detailedroute__timing__hold__ws,-0.0646,-1.48,Failing
nangate45,bp_multi_top,d0881c8037ff436a57c6723ccb1497fbb42bf0b5,1761562500,detailedroute__timing__hold__tns,-5.05,-105.0,Failing
nangate45,ibex,d0881c8037ff436a57c6723ccb1497fbb42bf0b5,1761562500,cts__timing__setup__ws,-0.134,-0.12,Tighten
nangate45,ibex,d0881c8037ff436a57c6723ccb1497fbb42bf0b5,1761562500,cts__timing__setup__tns,-0.503,-0.45,Tighten
nangate45,ibex,d0881c8037ff436a57c6723ccb1497fbb42bf0b5,1761562500,globalroute__timing__setup__ws,-0.122,-0.118,Tighten
nangate45,ibex,d0881c8037ff436a57c6723ccb1497fbb42bf0b5,1761562500,globalroute__timing__setup__tns,-0.61,-0.456,Tighten
nangate45,ibex,d0881c8037ff436a57c6723ccb1497fbb42bf0b5,1761562500,finish__timing__setup__tns,-1.46,-2.93,Failing
nangate45,swerv,d0881c8037ff436a57c6723ccb1497fbb42bf0b5,1761562500,cts__timing__setup__tns,-41.7,-48.7,Failing
nangate45,swerv,d0881c8037ff436a57c6723ccb1497fbb42bf0b5,1761562500,globalroute__timing__setup__tns,-56.6,-62.2,Failing
nangate45,swerv,d0881c8037ff436a57c6723ccb1497fbb42bf0b5,1761562500,detailedroute__timing__hold__ws,-0.108,-0.107,Tighten
nangate45,swerv,d0881c8037ff436a57c6723ccb1497fbb42bf0b5,1761562500,detailedroute__timing__hold__tns,-3.02,-0.856,Tighten
nangate45,swerv,d0881c8037ff436a57c6723ccb1497fbb42bf0b5,1761562500,finish__timing__setup__tns,-60.4,-72.3,Failing
nangate45,swerv_wrapper,d0881c8037ff436a57c6723ccb1497fbb42bf0b5,1761562500,cts__timing__setup__tns,-14.2,-4.31,Tighten
nangate45,swerv_wrapper,d0881c8037ff436a57c6723ccb1497fbb42bf0b5,1761562500,globalroute__timing__setup__tns,-33.8,-9.52,Tighten
nangate45,swerv_wrapper,d0881c8037ff436a57c6723ccb1497fbb42bf0b5,1761562500,finish__timing__setup__tns,-75.8,-88.0,Failing
nangate45,swerv_wrapper,d0881c8037ff436a57c6723ccb1497fbb42bf0b5,1761562500,finish__timing__hold__tns,-1.33,-7.63,Failing
nangate45,tinyRocket,d0881c8037ff436a57c6723ccb1497fbb42bf0b5,1761562500,placeopt__design__instance__area,61264,61249,Tighten
nangate45,tinyRocket,d0881c8037ff436a57c6723ccb1497fbb42bf0b5,1761562500,cts__timing__setup__tns,-15.0,-11.3,Tighten
nangate45,tinyRocket,d0881c8037ff436a57c6723ccb1497fbb42bf0b5,1761562500,globalroute__timing__setup__tns,-20.1,-24.3,Failing
nangate45,tinyRocket,d0881c8037ff436a57c6723ccb1497fbb42bf0b5,1761562500,detailedroute__timing__setup__ws,-0.0879,-0.0853,Tighten
nangate45,tinyRocket,d0881c8037ff436a57c6723ccb1497fbb42bf0b5,1761562500,finish__timing__setup__tns,-30.4,-27.5,Tighten
sky130hd,chameleon,d0881c8037ff436a57c6723ccb1497fbb42bf0b5,1761562500,globalroute__antenna_diodes_count,110,232,Failing
sky130hd,chameleon,d0881c8037ff436a57c6723ccb1497fbb42bf0b5,1761562500,detailedroute__route__wirelength,788921,784325,Tighten
sky130hd,chameleon,d0881c8037ff436a57c6723ccb1497fbb42bf0b5,1761562500,detailedroute__timing__hold__ws,-0.551,-0.35,Tighten
sky130hd,chameleon,d0881c8037ff436a57c6723ccb1497fbb42bf0b5,1761562500,detailedroute__timing__hold__tns,-3.0,-1.4,Tighten
sky130hd,ibex,d0881c8037ff436a57c6723ccb1497fbb42bf0b5,1761562500,cts__timing__setup__ws,-0.849,-0.683,Tighten
sky130hd,ibex,d0881c8037ff436a57c6723ccb1497fbb42bf0b5,1761562500,cts__timing__setup__tns,-8.15,-3.56,Tighten
sky130hd,ibex,d0881c8037ff436a57c6723ccb1497fbb42bf0b5,1761562500,globalroute__timing__setup__tns,-7.09,-9.3,Failing
sky130hd,ibex,d0881c8037ff436a57c6723ccb1497fbb42bf0b5,1761562500,finish__timing__setup__ws,-0.806,-0.768,Tighten
sky130hd,microwatt,d0881c8037ff436a57c6723ccb1497fbb42bf0b5,1761562500,cts__timing__setup__tns,-371.0,-405.0,Failing
sky130hd,microwatt,d0881c8037ff436a57c6723ccb1497fbb42bf0b5,1761562500,globalroute__antenna_diodes_count,2942,2548,Tighten
sky130hd,microwatt,d0881c8037ff436a57c6723ccb1497fbb42bf0b5,1761562500,globalroute__timing__setup__tns,-415.0,-420.0,Failing
sky130hd,microwatt,d0881c8037ff436a57c6723ccb1497fbb42bf0b5,1761562500,globalroute__timing__hold__ws,-0.752,-0.75,Tighten
sky130hd,microwatt,d0881c8037ff436a57c6723ccb1497fbb42bf0b5,1761562500,detailedroute__antenna__violating__nets,4,0,Tighten
sky130hd,microwatt,d0881c8037ff436a57c6723ccb1497fbb42bf0b5,1761562500,detailedroute__antenna_diodes_count,1980,1274,Tighten
sky130hd,microwatt,d0881c8037ff436a57c6723ccb1497fbb42bf0b5,1761562500,detailedroute__timing__setup__tns,-96.1,-121.0,Failing
sky130hd,microwatt,d0881c8037ff436a57c6723ccb1497fbb42bf0b5,1761562500,detailedroute__timing__hold__tns,-539.0,-428.0,Tighten
sky130hd,microwatt,d0881c8037ff436a57c6723ccb1497fbb42bf0b5,1761562500,finish__timing__setup__tns,-413.0,-399.0,Tighten
sky130hd,riscv32i,d0881c8037ff436a57c6723ccb1497fbb42bf0b5,1761562500,cts__timing__setup__tns,-81.1,-47.5,Tighten
sky130hd,riscv32i,d0881c8037ff436a57c6723ccb1497fbb42bf0b5,1761562500,globalroute__timing__setup__tns,-109.0,-131.0,Failing
sky130hd,riscv32i,d0881c8037ff436a57c6723ccb1497fbb42bf0b5,1761562500,finish__timing__setup__tns,-48.2,-61.0,Failing
sky130hs,aes,d0881c8037ff436a57c6723ccb1497fbb42bf0b5,1761562500,cts__timing__setup__ws,-0.157,-0.357,Failing
sky130hs,aes,d0881c8037ff436a57c6723ccb1497fbb42bf0b5,1761562500,globalroute__timing__setup__ws,-0.375,-0.585,Failing
sky130hs,aes,d0881c8037ff436a57c6723ccb1497fbb42bf0b5,1761562500,globalroute__timing__setup__tns,-8.69,-5.4,Tighten
sky130hs,aes,d0881c8037ff436a57c6723ccb1497fbb42bf0b5,1761562500,finish__timing__setup__tns,-2.45,-1.34,Tighten
sky130hs,jpeg,d0881c8037ff436a57c6723ccb1497fbb42bf0b5,1761562500,globalroute__antenna_diodes_count,212,332,Failing
sky130hs,jpeg,d0881c8037ff436a57c6723ccb1497fbb42bf0b5,1761562500,detailedroute__antenna__violating__nets,3,0,Tighten
sky130hs,riscv32i,d0881c8037ff436a57c6723ccb1497fbb42bf0b5,1761562500,cts__timing__setup__tns,-13.5,-25.6,Failing
sky130hs,riscv32i,d0881c8037ff436a57c6723ccb1497fbb42bf0b5,1761562500,globalroute__timing__setup__tns,-138.0,-33.7,Tighten
sky130hs,riscv32i,d0881c8037ff436a57c6723ccb1497fbb42bf0b5,1761562500,finish__timing__setup__tns,-43.6,-10.3,Tighten
asap7,swerv_wrapper,fa862c6a88e7e35c8a7cee2358bcffe1f00af2c1,1761260526,finish__timing__setup__tns,-198000.0,-206000.0,Failing
asap7,swerv_wrapper,fa862c6a88e7e35c8a7cee2358bcffe1f00af2c1,1761260526,finish__timing__hold__ws,-291.0,-285.0,Tighten
asap7,swerv_wrapper,fa862c6a88e7e35c8a7cee2358bcffe1f00af2c1,1761260526,finish__timing__hold__tns,-105000.0,-94300.0,Tighten
nangate45,swerv_wrapper,fa862c6a88e7e35c8a7cee2358bcffe1f00af2c1,1761260526,globalroute__timing__setup__tns,-47.2,-33.8,Tighten
nangate45,swerv_wrapper,fa862c6a88e7e35c8a7cee2358bcffe1f00af2c1,1761260526,finish__timing__setup__ws,-0.234,-0.225,Tighten
nangate45,swerv_wrapper,fa862c6a88e7e35c8a7cee2358bcffe1f00af2c1,1761260526,finish__timing__setup__tns,-98.5,-75.8,Tighten
nangate45,swerv_wrapper,fa862c6a88e7e35c8a7cee2358bcffe1f00af2c1,1761260526,finish__timing__hold__tns,-0.927,-1.33,Failing
asap7,aes-block,882e102ac722fb11c9ebf247d9142f57dcf442c1,1761231864,cts__design__instance__count__hold_buffer,926,1131,Failing
asap7,aes-block,882e102ac722fb11c9ebf247d9142f57dcf442c1,1761231864,cts__timing__setup__ws,-105.0,-131.0,Failing
asap7,aes-block,882e102ac722fb11c9ebf247d9142f57dcf442c1,1761231864,cts__timing__setup__tns,-6680.0,-8400.0,Failing
asap7,aes-block,882e102ac722fb11c9ebf247d9142f57dcf442c1,1761231864,globalroute__timing__setup__ws,-94.9,-146.0,Failing
asap7,aes-block,882e102ac722fb11c9ebf247d9142f57dcf442c1,1761231864,globalroute__timing__setup__tns,-5740.0,-8330.0,Failing
asap7,aes-block,882e102ac722fb11c9ebf247d9142f57dcf442c1,1761231864,detailedroute__route__wirelength,57271,56217,Tighten
asap7,aes-block,882e102ac722fb11c9ebf247d9142f57dcf442c1,1761231864,finish__timing__setup__ws,-69.2,-96.9,Failing
asap7,aes-block,882e102ac722fb11c9ebf247d9142f57dcf442c1,1761231864,finish__timing__setup__tns,-2520.0,-4570.0,Failing
gf12,ariane,882e102ac722fb11c9ebf247d9142f57dcf442c1,1761231864,detailedroute__route__drc_errors,0,1,Failing
gf12,ariane,882e102ac722fb11c9ebf247d9142f57dcf442c1,1761231864,detailedroute__timing__hold__ws,-180.0,-150.0,Tighten
gf12,ariane,882e102ac722fb11c9ebf247d9142f57dcf442c1,1761231864,detailedroute__timing__hold__tns,-3970.0,-600.0,Tighten
nangate45,bp_multi_top,882e102ac722fb11c9ebf247d9142f57dcf442c1,1761231864,cts__timing__setup__ws,-4.61,-4.6,Tighten
nangate45,bp_multi_top,882e102ac722fb11c9ebf247d9142f57dcf442c1,1761231864,globalroute__timing__setup__ws,-4.72,-4.71,Tighten
nangate45,bp_multi_top,882e102ac722fb11c9ebf247d9142f57dcf442c1,1761231864,globalroute__timing__hold__ws,-0.241,-0.24,Tighten
nangate45,bp_multi_top,882e102ac722fb11c9ebf247d9142f57dcf442c1,1761231864,globalroute__timing__hold__tns,-0.961,-0.96,Tighten
nangate45,bp_multi_top,882e102ac722fb11c9ebf247d9142f57dcf442c1,1761231864,detailedroute__route__wirelength,4644375,4187726,Tighten
nangate45,bp_multi_top,882e102ac722fb11c9ebf247d9142f57dcf442c1,1761231864,detailedroute__timing__setup__ws,-3.89,-11.1,Failing
nangate45,bp_multi_top,882e102ac722fb11c9ebf247d9142f57dcf442c1,1761231864,detailedroute__timing__setup__tns,-5.15,-785.0,Failing
nangate45,bp_multi_top,882e102ac722fb11c9ebf247d9142f57dcf442c1,1761231864,detailedroute__timing__hold__tns,-5.05,-1.09,Tighten
gf12,bp_single,882e102ac722fb11c9ebf247d9142f57dcf442c1,1761231864,cts__flow__warnings__type_count,4,3,Tighten
gf12,bp_single,882e102ac722fb11c9ebf247d9142f57dcf442c1,1761231864,cts__timing__setup__ws,-100.0,-211.0,Failing
gf12,bp_single,882e102ac722fb11c9ebf247d9142f57dcf442c1,1761231864,cts__timing__setup__tns,-400.0,-1640.0,Failing
gf12,bp_single,882e102ac722fb11c9ebf247d9142f57dcf442c1,1761231864,cts__timing__hold__ws,-255.0,-100.0,Tighten
gf12,bp_single,882e102ac722fb11c9ebf247d9142f57dcf442c1,1761231864,cts__timing__hold__tns,-2501.544,-400.0,Tighten
gf12,bp_single,882e102ac722fb11c9ebf247d9142f57dcf442c1,1761231864,globalroute__timing__hold__ws,-263.0,-135.0,Tighten
gf12,bp_single,882e102ac722fb11c9ebf247d9142f57dcf442c1,1761231864,globalroute__timing__hold__tns,-1870.0,-833.0,Tighten
gf12,bp_single,882e102ac722fb11c9ebf247d9142f57dcf442c1,1761231864,detailedroute__timing__setup__ws,-174.0,-277.0,Failing
gf12,bp_single,882e102ac722fb11c9ebf247d9142f57dcf442c1,1761231864,detailedroute__timing__setup__tns,-957,-2680.0,Failing
gf12,bp_single,882e102ac722fb11c9ebf247d9142f57dcf442c1,1761231864,detailedroute__timing__hold__tns,-6150.0,-3910.0,Tighten
gf12,bp_single,882e102ac722fb11c9ebf247d9142f57dcf442c1,1761231864,finish__timing__setup__tns,-421.0,-1600.0,Failing
gf12,bp_single,882e102ac722fb11c9ebf247d9142f57dcf442c1,1761231864,finish__timing__hold__ws,-125.0,-100.0,Tighten
gf12,bp_single,882e102ac722fb11c9ebf247d9142f57dcf442c1,1761231864,finish__timing__hold__tns,-425.0,-400.0,Tighten
sky130hd,microwatt,882e102ac722fb11c9ebf247d9142f57dcf442c1,1761231864,cts__timing__setup__tns,-270.0,-371.0,Failing
sky130hd,microwatt,882e102ac722fb11c9ebf247d9142f57dcf442c1,1761231864,globalroute__antenna_diodes_count,2458,2942,Failing
sky130hd,microwatt,882e102ac722fb11c9ebf247d9142f57dcf442c1,1761231864,globalroute__timing__setup__tns,-267.0,-415.0,Failing
sky130hd,microwatt,882e102ac722fb11c9ebf247d9142f57dcf442c1,1761231864,globalroute__timing__hold__ws,-0.762,-0.752,Tighten
sky130hd,microwatt,882e102ac722fb11c9ebf247d9142f57dcf442c1,1761231864,globalroute__timing__hold__tns,-3.01,-3.0,Tighten
sky130hd,microwatt,882e102ac722fb11c9ebf247d9142f57dcf442c1,1761231864,detailedroute__antenna__violating__nets,4,1,Tighten
sky130hd,microwatt,882e102ac722fb11c9ebf247d9142f57dcf442c1,1761231864,detailedroute__antenna_diodes_count,1980,1415,Tighten
sky130hd,microwatt,882e102ac722fb11c9ebf247d9142f57dcf442c1,1761231864,detailedroute__timing__setup__ws,-1.76,-1.75,Tighten
sky130hd,microwatt,882e102ac722fb11c9ebf247d9142f57dcf442c1,1761231864,detailedroute__timing__hold__ws,-3.76,-3.25,Tighten
sky130hd,microwatt,882e102ac722fb11c9ebf247d9142f57dcf442c1,1761231864,detailedroute__timing__hold__tns,-539.0,-433.0,Tighten
sky130hd,microwatt,882e102ac722fb11c9ebf247d9142f57dcf442c1,1761231864,finish__timing__setup__tns,-230.0,-413.0,Failing
asap7,swerv_wrapper,882e102ac722fb11c9ebf247d9142f57dcf442c1,1761231864,finish__timing__setup__ws,-296.0,-546.0,Failing
asap7,swerv_wrapper,882e102ac722fb11c9ebf247d9142f57dcf442c1,1761231864,finish__timing__setup__tns,-69400.0,-198000.0,Failing
asap7,swerv_wrapper,882e102ac722fb11c9ebf247d9142f57dcf442c1,1761231864,finish__timing__hold__ws,-340.0,-291.0,Tighten
asap7,swerv_wrapper,882e102ac722fb11c9ebf247d9142f57dcf442c1,1761231864,finish__timing__hold__tns,-74800.0,-105000.0,Failing
gf12,swerv_wrapper,882e102ac722fb11c9ebf247d9142f57dcf442c1,1761231864,cts__flow__warnings__type_count,2,1,Tighten
gf12,swerv_wrapper,882e102ac722fb11c9ebf247d9142f57dcf442c1,1761231864,detailedroute__timing__hold__tns,-52400.0,-53200.0,Failing
gf12,swerv_wrapper,882e102ac722fb11c9ebf247d9142f57dcf442c1,1761231864,finish__timing__hold__tns,-1070.0,-765.0,Tighten
nangate45,swerv_wrapper,882e102ac722fb11c9ebf247d9142f57dcf442c1,1761231864,cts__timing__setup__tns,-0.4,-14.2,Failing
nangate45,swerv_wrapper,882e102ac722fb11c9ebf247d9142f57dcf442c1,1761231864,globalroute__timing__setup__tns,-0.4,-47.2,Failing
nangate45,swerv_wrapper,882e102ac722fb11c9ebf247d9142f57dcf442c1,1761231864,detailedroute__timing__hold__tns,-3.62,-1.92,Tighten
nangate45,swerv_wrapper,882e102ac722fb11c9ebf247d9142f57dcf442c1,1761231864,finish__timing__setup__tns,-65.3,-98.5,Failing
nangate45,swerv_wrapper,882e102ac722fb11c9ebf247d9142f57dcf442c1,1761231864,finish__timing__hold__tns,-2.36,-0.927,Tighten
nangate45,tinyRocket,882e102ac722fb11c9ebf247d9142f57dcf442c1,1761231864,cts__timing__setup__tns,-12.4,-15.0,Failing
nangate45,tinyRocket,882e102ac722fb11c9ebf247d9142f57dcf442c1,1761231864,globalroute__timing__setup__tns,-23.8,-17.2,Tighten
nangate45,tinyRocket,882e102ac722fb11c9ebf247d9142f57dcf442c1,1761231864,detailedroute__timing__setup__ws,-0.0983,-0.0879,Tighten
nangate45,tinyRocket,882e102ac722fb11c9ebf247d9142f57dcf442c1,1761231864,detailedroute__timing__setup__tns,-0.517,-0.378,Tighten
nangate45,tinyRocket,882e102ac722fb11c9ebf247d9142f57dcf442c1,1761231864,finish__timing__setup__tns,-24.8,-30.4,Failing
nangate45,tinyRocket,882e102ac722fb11c9ebf247d9142f57dcf442c1,1761231864,finish__design__instance__area,63556,63439,Tighten
gf12,ca53,dff3d5aec90ffc3d360b3456f41428cf04e7fbef,1760568191,detailedroute__timing__hold__ws,-155.0,-265.0,Failing
gf12,ca53,dff3d5aec90ffc3d360b3456f41428cf04e7fbef,1760568191,detailedroute__timing__hold__tns,-89300.0,-114000.0,Failing
gf12,ca53,dff3d5aec90ffc3d360b3456f41428cf04e7fbef,1760568191,finish__timing__hold__tns,-2820.0,-5150.0,Failing
gf12,ariane,4d989d8d46f7bc4c70bc1e0baf4dfcf5def04c86,1760567950,placeopt__design__instance__area,215596,215149,Tighten
gf12,ariane,4d989d8d46f7bc4c70bc1e0baf4dfcf5def04c86,1760567950,cts__timing__setup__ws,-646.0,-208.0,Tighten
gf12,ariane,4d989d8d46f7bc4c70bc1e0baf4dfcf5def04c86,1760567950,cts__timing__setup__tns,-20900.0,-715.0,Tighten
gf12,ariane,4d989d8d46f7bc4c70bc1e0baf4dfcf5def04c86,1760567950,globalroute__antenna_diodes_count,184,182,Tighten
gf12,ariane,4d989d8d46f7bc4c70bc1e0baf4dfcf5def04c86,1760567950,globalroute__timing__setup__tns,-726.0,-719.0,Tighten
gf12,ariane,4d989d8d46f7bc4c70bc1e0baf4dfcf5def04c86,1760567950,detailedroute__route__wirelength,4193512,3818585,Tighten
gf12,ariane,4d989d8d46f7bc4c70bc1e0baf4dfcf5def04c86,1760567950,detailedroute__antenna_diodes_count,184,182,Tighten
gf12,ariane,4d989d8d46f7bc4c70bc1e0baf4dfcf5def04c86,1760567950,detailedroute__timing__setup__ws,-203.0,-202.0,Tighten
gf12,ariane,4d989d8d46f7bc4c70bc1e0baf4dfcf5def04c86,1760567950,detailedroute__timing__hold__tns,-2940.0,-3970.0,Failing
gf12,ariane,4d989d8d46f7bc4c70bc1e0baf4dfcf5def04c86,1760567950,finish__design__instance__area,218068,217366,Tighten
nangate45,swerv_wrapper,8ba8a9c91b47d03611f5085f08c27d8382e8810f,1760567696,placeopt__design__instance__count__stdcell,112943,112854,Tighten
nangate45,swerv_wrapper,8ba8a9c91b47d03611f5085f08c27d8382e8810f,1760567696,cts__design__instance__count__setup_buffer,9821,9813,Tighten
nangate45,swerv_wrapper,8ba8a9c91b47d03611f5085f08c27d8382e8810f,1760567696,cts__design__instance__count__hold_buffer,9821,9813,Tighten
nangate45,swerv_wrapper,8ba8a9c91b47d03611f5085f08c27d8382e8810f,1760567696,cts__timing__setup__ws,-0.245,-0.1,Tighten
nangate45,swerv_wrapper,8ba8a9c91b47d03611f5085f08c27d8382e8810f,1760567696,cts__timing__setup__tns,-115.0,-0.4,Tighten
nangate45,swerv_wrapper,8ba8a9c91b47d03611f5085f08c27d8382e8810f,1760567696,globalroute__antenna_diodes_count,112,109,Tighten
nangate45,swerv_wrapper,8ba8a9c91b47d03611f5085f08c27d8382e8810f,1760567696,globalroute__timing__setup__ws,-0.262,-0.1,Tighten
nangate45,swerv_wrapper,8ba8a9c91b47d03611f5085f08c27d8382e8810f,1760567696,globalroute__timing__setup__tns,-109.0,-0.4,Tighten
nangate45,swerv_wrapper,8ba8a9c91b47d03611f5085f08c27d8382e8810f,1760567696,detailedroute__route__wirelength,4851454,4181462,Tighten
nangate45,swerv_wrapper,8ba8a9c91b47d03611f5085f08c27d8382e8810f,1760567696,detailedroute__antenna_diodes_count,112,109,Tighten
nangate45,swerv_wrapper,8ba8a9c91b47d03611f5085f08c27d8382e8810f,1760567696,detailedroute__timing__setup__ws,-15.7,-0.1,Tighten
nangate45,swerv_wrapper,8ba8a9c91b47d03611f5085f08c27d8382e8810f,1760567696,detailedroute__timing__setup__tns,-322.0,-0.4,Tighten
nangate45,swerv_wrapper,8ba8a9c91b47d03611f5085f08c27d8382e8810f,1760567696,detailedroute__timing__hold__tns,-0.413,-3.62,Failing
nangate45,swerv_wrapper,8ba8a9c91b47d03611f5085f08c27d8382e8810f,1760567696,finish__timing__setup__ws,-0.34,-0.234,Tighten
nangate45,swerv_wrapper,8ba8a9c91b47d03611f5085f08c27d8382e8810f,1760567696,finish__timing__setup__tns,-254.0,-65.3,Tighten
nangate45,swerv_wrapper,8ba8a9c91b47d03611f5085f08c27d8382e8810f,1760567696,finish__timing__hold__ws,-0.129,-0.127,Tighten
nangate45,swerv_wrapper,8ba8a9c91b47d03611f5085f08c27d8382e8810f,1760567696,finish__timing__hold__tns,-2.37,-1.4,Tighten
asap7,swerv_wrapper,ac7b498b1c3a89b774fbb202c40465469eb0b8a8,1760567651,finish__timing__setup__ws,-364.0,-296.0,Tighten
asap7,swerv_wrapper,ac7b498b1c3a89b774fbb202c40465469eb0b8a8,1760567651,finish__timing__setup__tns,-178000.0,-62400.0,Tighten
asap7,swerv_wrapper,ac7b498b1c3a89b774fbb202c40465469eb0b8a8,1760567651,finish__timing__hold__tns,-71526.0,-74800.0,Failing
asap7,riscv32i-mock-sram,32e4bf129d3866cb3fcf96938833d3d8d5b04daf,1760567534,placeopt__design__instance__area,2194,2190,Tighten
asap7,riscv32i-mock-sram,32e4bf129d3866cb3fcf96938833d3d8d5b04daf,1760567534,placeopt__design__instance__count__stdcell,11762,11561,Tighten
asap7,riscv32i-mock-sram,32e4bf129d3866cb3fcf96938833d3d8d5b04daf,1760567534,cts__design__instance__count__setup_buffer,1023,1005,Tighten
asap7,riscv32i-mock-sram,32e4bf129d3866cb3fcf96938833d3d8d5b04daf,1760567534,cts__design__instance__count__hold_buffer,1023,1005,Tighten
asap7,riscv32i-mock-sram,32e4bf129d3866cb3fcf96938833d3d8d5b04daf,1760567534,cts__timing__setup__tns,-500.0,-768.0,Failing
asap7,riscv32i-mock-sram,32e4bf129d3866cb3fcf96938833d3d8d5b04daf,1760567534,detailedroute__route__wirelength,78069,75124,Tighten
asap7,riscv32i-mock-sram,32e4bf129d3866cb3fcf96938833d3d8d5b04daf,1760567534,finish__timing__setup__ws,-129.0,-109.0,Tighten
asap7,riscv32i-mock-sram,32e4bf129d3866cb3fcf96938833d3d8d5b04daf,1760567534,finish__timing__setup__tns,-740.0,-417.0,Tighten
asap7,mock-array,7e7709a0bdbd7f40979cd1c7a39d14eaa157bba6,1760567490,cts__timing__setup__ws,-83.3,-83.2,Tighten
asap7,mock-array,7e7709a0bdbd7f40979cd1c7a39d14eaa157bba6,1760567490,cts__timing__setup__tns,-39300.0,-32700.0,Tighten
asap7,mock-array,7e7709a0bdbd7f40979cd1c7a39d14eaa157bba6,1760567490,cts__timing__hold__ws,-59.2,-105.0,Failing
asap7,mock-array,7e7709a0bdbd7f40979cd1c7a39d14eaa157bba6,1760567490,cts__timing__hold__tns,-4290.0,-4540.0,Failing
asap7,mock-array,7e7709a0bdbd7f40979cd1c7a39d14eaa157bba6,1760567490,globalroute__timing__setup__tns,-39500.0,-32900.0,Tighten
asap7,mock-array,7e7709a0bdbd7f40979cd1c7a39d14eaa157bba6,1760567490,globalroute__timing__hold__ws,-34.7,-61.4,Failing
asap7,mock-array,7e7709a0bdbd7f40979cd1c7a39d14eaa157bba6,1760567490,globalroute__timing__hold__tns,-710.0,-793.0,Failing
asap7,mock-array,7e7709a0bdbd7f40979cd1c7a39d14eaa157bba6,1760567490,detailedroute__timing__setup__tns,-37900.0,-31600.0,Tighten
asap7,mock-array,7e7709a0bdbd7f40979cd1c7a39d14eaa157bba6,1760567490,finish__timing__setup__ws,-83.3,-83.0,Tighten
asap7,mock-array,7e7709a0bdbd7f40979cd1c7a39d14eaa157bba6,1760567490,finish__timing__setup__tns,-38700.0,-32300.0,Tighten
asap7,mock-array,7e7709a0bdbd7f40979cd1c7a39d14eaa157bba6,1760567490,finish__timing__hold__tns,-88.9,-203.0,Failing
nangate45,bp_be_top,980564530e001f4e489df86e2fe75be12771b92c,1760567325,cts__timing__setup__ws,-0.116,-0.344,Failing
nangate45,bp_be_top,980564530e001f4e489df86e2fe75be12771b92c,1760567325,cts__timing__setup__tns,-10.6,-19.9,Failing
nangate45,bp_be_top,980564530e001f4e489df86e2fe75be12771b92c,1760567325,globalroute__timing__setup__ws,-0.149,-0.344,Failing
nangate45,bp_be_top,980564530e001f4e489df86e2fe75be12771b92c,1760567325,globalroute__timing__setup__tns,-14.8989,-20.9,Failing
nangate45,bp_be_top,980564530e001f4e489df86e2fe75be12771b92c,1760567325,finish__timing__setup__ws,-0.199,-0.392,Failing
nangate45,bp_be_top,980564530e001f4e489df86e2fe75be12771b92c,1760567325,finish__timing__setup__tns,-20.77,-27.4,Failing
nangate45,bp_be_top,980564530e001f4e489df86e2fe75be12771b92c,1760567325,finish__design__instance__area,275393,275387,Tighten
nangate45,bp_fe_top,f69b2bd830e0577aa3b07d9b0b3979b4be584b5f,1760567293,globalroute__timing__setup__ws,-0.000621,-0.0931,Failing
nangate45,bp_fe_top,f69b2bd830e0577aa3b07d9b0b3979b4be584b5f,1760567293,globalroute__timing__setup__tns,-0.0007,-0.367,Failing
nangate45,bp_fe_top,f69b2bd830e0577aa3b07d9b0b3979b4be584b5f,1760567293,finish__timing__setup__tns,-10.7,-7.22,Tighten
nangate45,black_parrot,5a08e040e76e977dfbff6d3628834fd89f82159b,1760567167,detailedroute__timing__setup__ws,-3.11,-4.94,Failing
nangate45,black_parrot,5a08e040e76e977dfbff6d3628834fd89f82159b,1760567167,detailedroute__timing__setup__tns,-146.0,-266.0,Failing
nangate45,black_parrot,5a08e040e76e977dfbff6d3628834fd89f82159b,1760567167,detailedroute__timing__hold__ws,-0.276,-0.885,Failing
nangate45,black_parrot,5a08e040e76e977dfbff6d3628834fd89f82159b,1760567167,detailedroute__timing__hold__tns,-7.45,-15.7,Failing
nangate45,ariane133,b5098041ae41b8a7baf9f95088aa15b8d540c91d,1760566708,finish__timing__setup__tns,-15.3,-65.9,Failing
sky130hd,uW,77cc8777bb445edd6bd89fed7974c702755a66ab,1759958590,placeopt__design__instance__area,5449862,5444158,Tighten
sky130hd,uW,77cc8777bb445edd6bd89fed7974c702755a66ab,1759958590,cts__timing__setup__ws,-2.98,-2.8094,Tighten
sky130hd,uW,77cc8777bb445edd6bd89fed7974c702755a66ab,1759958590,cts__timing__setup__tns,-579.49,-450.2784,Tighten
sky130hd,uW,77cc8777bb445edd6bd89fed7974c702755a66ab,1759958590,globalroute__antenna_diodes_count,3011,2016,Tighten
sky130hd,uW,77cc8777bb445edd6bd89fed7974c702755a66ab,1759958590,globalroute__timing__setup__tns,-644.87,-497.9736,Tighten
sky130hd,uW,77cc8777bb445edd6bd89fed7974c702755a66ab,1759958590,globalroute__timing__hold__ws,-0.04,-0.0355,Tighten
sky130hd,uW,77cc8777bb445edd6bd89fed7974c702755a66ab,1759958590,detailedroute__route__wirelength,8784214,8055403,Tighten
sky130hd,uW,77cc8777bb445edd6bd89fed7974c702755a66ab,1759958590,detailedroute__antenna__violating__nets,5,0,Tighten
sky130hd,uW,77cc8777bb445edd6bd89fed7974c702755a66ab,1759958590,detailedroute__antenna_diodes_count,1795,1307,Tighten
sky130hd,uW,77cc8777bb445edd6bd89fed7974c702755a66ab,1759958590,detailedroute__timing__setup__ws,-1.9157,-1.5245,Tighten
sky130hd,uW,77cc8777bb445edd6bd89fed7974c702755a66ab,1759958590,detailedroute__timing__setup__tns,-199.9884,-82.9414,Tighten
sky130hd,uW,77cc8777bb445edd6bd89fed7974c702755a66ab,1759958590,finish__timing__setup__tns,-620.89,-557.0015,Tighten
sky130hd,uW,77cc8777bb445edd6bd89fed7974c702755a66ab,1759958590,finish__timing__hold__ws,-0.27,-0.5048,Failing
sky130hd,uW,77cc8777bb445edd6bd89fed7974c702755a66ab,1759958590,finish__timing__hold__tns,-4.48,-19.2273,Failing
sky130hd,uW,77cc8777bb445edd6bd89fed7974c702755a66ab,1759958590,finish__design__instance__area,5601374,5582894,Tighten
rapidus2hp,hercules_is_int,14d747e60ed2f5bcedac9516d4bb906ff745b24f,1758983668,finish__timing__setup__ws,-476.31,-510.05,Failing
asap7,aes-block,6ae1f9673af6a65bae50113a7d063b0df08fb0f0,1758893675,cts__design__instance__count__hold_buffer,1063,1367,Failing
asap7,aes-block,6ae1f9673af6a65bae50113a7d063b0df08fb0f0,1758893675,finish__timing__setup__ws,-67.71,-65.46,Tighten
asap7,swerv_wrapper,6ae1f9673af6a65bae50113a7d063b0df08fb0f0,1758893675,detailedroute__route__wirelength,1631316,1610613,Tighten
asap7,swerv_wrapper,6ae1f9673af6a65bae50113a7d063b0df08fb0f0,1758893675,finish__timing__setup__ws,-458.69,-576.22,Failing
nangate45,bp_fe_top,6ae1f9673af6a65bae50113a7d063b0df08fb0f0,1758893675,finish__timing__drv__hold_violation_count,100,246,Failing
sky130hd,uW,6ae1f9673af6a65bae50113a7d063b0df08fb0f0,1758893675,detailedroute__antenna__violating__nets,1,0,Tighten
sky130hd,uW,6ae1f9673af6a65bae50113a7d063b0df08fb0f0,1758893675,finish__timing__setup__ws,-2.09,-4.0,Failing
gf12,ariane,76e6f9f4522b1ab86fad2fa95d54c7aeac357806,1758317460,finish__timing__setup__ws,-212.42,-519.08,Failing
gf12,ariane,76e6f9f4522b1ab86fad2fa95d54c7aeac357806,1758317460,finish__timing__wns_percent_delay,-14.79,-33.69,Failing
gf180,aes-hybrid,dbfe229eedd527fbbcff06961a3e525e2648bfdd,1758201739,synth__design__instance__area__stdcell,624425.81,493531.52,Tighten
gf180,aes-hybrid,dbfe229eedd527fbbcff06961a3e525e2648bfdd,1758201739,placeopt__design__instance__area,798562,657615,Tighten
gf180,aes-hybrid,dbfe229eedd527fbbcff06961a3e525e2648bfdd,1758201739,placeopt__design__instance__count__stdcell,22568,22088,Tighten
gf180,aes-hybrid,dbfe229eedd527fbbcff06961a3e525e2648bfdd,1758201739,globalroute__antenna_diodes_count,3,2,Tighten
gf180,aes-hybrid,dbfe229eedd527fbbcff06961a3e525e2648bfdd,1758201739,detailedroute__route__wirelength,1623163,1503800,Tighten
gf180,aes-hybrid,dbfe229eedd527fbbcff06961a3e525e2648bfdd,1758201739,detailedroute__antenna_diodes_count,5,9,Failing
gf180,aes-hybrid,dbfe229eedd527fbbcff06961a3e525e2648bfdd,1758201739,finish__timing__setup__ws,-1.16,-1.35,Failing
gf180,aes-hybrid,dbfe229eedd527fbbcff06961a3e525e2648bfdd,1758201739,finish__design__instance__area,803898,779709,Tighten
ihp-sg13g2,i2c-gpio-expander,ef45de7ddb08210a73a39877f405632bc7d07000,1757729027,globalroute__antenna_diodes_count,16,96,Failing
ihp-sg13g2,i2c-gpio-expander,ef45de7ddb08210a73a39877f405632bc7d07000,1757729027,detailedroute__antenna_diodes_count,14,5,Tighten
sky130hs,ibex,9b059a5e5586c4b9580e13e84fd2b32931a28fcf,1756835477,globalroute__antenna_diodes_count,39,20,Tighten
sky130hs,ibex,9b059a5e5586c4b9580e13e84fd2b32931a28fcf,1756835477,detailedroute__antenna_diodes_count,22,38,Failing
sky130hs,ibex,9b059a5e5586c4b9580e13e84fd2b32931a28fcf,1756835477,finish__design__instance__area,268183,253949,Tighten
asap7,aes-block,19bfc88ba1e961392c5a18deea2abb5ab4ae1971,1756822723,cts__design__instance__count__hold_buffer,966,1155,Failing
ihp-sg13g2,aes,2685bb15863b8caea5df2330bb8781f831317b2f,1756822695,globalroute__antenna_diodes_count,6,14,Failing
ihp-sg13g2,aes,2685bb15863b8caea5df2330bb8781f831317b2f,1756822695,detailedroute__antenna__violating__nets,0,1,Failing
sky130hd,riscv32i,c653766761001eafc0253d739cadde38b371704a,1756822631,globalroute__antenna_diodes_count,0,4,Failing
sky130hd,riscv32i,c653766761001eafc0253d739cadde38b371704a,1756822631,detailedroute__route__wirelength,301382,297104,Tighten
sky130hd,riscv32i,c653766761001eafc0253d739cadde38b371704a,1756822631,detailedroute__antenna_diodes_count,12,9,Tighten
sky130hd,riscv32i,c653766761001eafc0253d739cadde38b371704a,1756822631,finish__timing__setup__ws,-1.37,-1.24,Tighten
sky130hd,riscv32i,c653766761001eafc0253d739cadde38b371704a,1756822631,finish__design__instance__area,90802,83704,Tighten
asap7,aes,a471f5c064d3d114e7f9e0079cc0ed561742782d,1756822580,detailedroute__route__wirelength,73373,73290,Tighten
asap7,aes,a471f5c064d3d114e7f9e0079cc0ed561742782d,1756822580,finish__timing__setup__ws,-48.56,-81.42,Failing
nangate45,swerv,65aaf414d8ebd395841bf63859237617220f26af,1756822386,finish__timing__setup__ws,-0.31,-0.25,Tighten
gf180,ibex,ad7bcf66455c28a109f74426081a70382cc40adc,1756480853,placeopt__design__instance__area,813057,772631,Tighten
gf180,ibex,ad7bcf66455c28a109f74426081a70382cc40adc,1756480853,globalroute__antenna_diodes_count,38,28,Tighten
gf180,ibex,ad7bcf66455c28a109f74426081a70382cc40adc,1756480853,detailedroute__antenna_diodes_count,5,10,Failing
gf180,ibex,ad7bcf66455c28a109f74426081a70382cc40adc,1756480853,finish__timing__setup__ws,-0.77,-0.69,Tighten
gf180,ibex,ad7bcf66455c28a109f74426081a70382cc40adc,1756480853,finish__design__instance__area,985974,980281,Tighten
gf180,ibex,ad7bcf66455c28a109f74426081a70382cc40adc,1756480853,finish__timing__wns_percent_delay,-14.05,-12.79,Tighten
rapidus2hp,jpeg,ad7bcf66455c28a109f74426081a70382cc40adc,1756480853,placeopt__design__instance__area,3853,3464,Tighten
rapidus2hp,jpeg,ad7bcf66455c28a109f74426081a70382cc40adc,1756480853,finish__timing__setup__ws,0.0,-166.18,Failing
rapidus2hp,jpeg,ad7bcf66455c28a109f74426081a70382cc40adc,1756480853,finish__design__instance__area,3959,3603,Tighten
rapidus2hp,jpeg,ad7bcf66455c28a109f74426081a70382cc40adc,1756480853,finish__timing__wns_percent_delay,-10.0,-36.95,Failing
rapidus2hp,ibex,ad7bcf66455c28a109f74426081a70382cc40adc,1756480853,placeopt__design__instance__area,1198,1060,Tighten
rapidus2hp,ibex,ad7bcf66455c28a109f74426081a70382cc40adc,1756480853,finish__timing__setup__ws,0.0,-66.38,Failing
rapidus2hp,ibex,ad7bcf66455c28a109f74426081a70382cc40adc,1756480853,finish__design__instance__area,1247,1105,Tighten
rapidus2hp,hercules_is_int,ad7bcf66455c28a109f74426081a70382cc40adc,1756480853,finish__timing__setup__ws,-86.3,-738.26,Failing
rapidus2hp,hercules_is_int,ad7bcf66455c28a109f74426081a70382cc40adc,1756480853,finish__timing__drv__hold_violation_count,1339,134,Tighten
rapidus2hp,hercules_is_int,ad7bcf66455c28a109f74426081a70382cc40adc,1756480853,finish__timing__wns_percent_delay,-31.2,-80.94,Failing
rapidus2hp,hercules_idecode,ad7bcf66455c28a109f74426081a70382cc40adc,1756480853,placeopt__design__instance__area,17395,13567,Tighten
rapidus2hp,hercules_idecode,ad7bcf66455c28a109f74426081a70382cc40adc,1756480853,finish__timing__setup__ws,-79.25,-484.79,Failing
rapidus2hp,hercules_idecode,ad7bcf66455c28a109f74426081a70382cc40adc,1756480853,finish__design__instance__area,17683,13843,Tighten
rapidus2hp,hercules_idecode,ad7bcf66455c28a109f74426081a70382cc40adc,1756480853,finish__timing__drv__hold_violation_count,149,106,Tighten
rapidus2hp,hercules_idecode,ad7bcf66455c28a109f74426081a70382cc40adc,1756480853,finish__timing__wns_percent_delay,-31.7,-75.41,Failing
rapidus2hp,gcd,ad7bcf66455c28a109f74426081a70382cc40adc,1756480853,placeopt__design__instance__area,31,29,Tighten
rapidus2hp,gcd,ad7bcf66455c28a109f74426081a70382cc40adc,1756480853,placeopt__design__instance__count__stdcell,627,619,Tighten
rapidus2hp,gcd,ad7bcf66455c28a109f74426081a70382cc40adc,1756480853,finish__timing__setup__ws,0.0,-8.71,Failing
rapidus2hp,gcd,ad7bcf66455c28a109f74426081a70382cc40adc,1756480853,finish__design__instance__area,33,31,Tighten
gf12,swerv_wrapper,ad7bcf66455c28a109f74426081a70382cc40adc,1756480853,placeopt__design__instance__area,179894,173453,Tighten
gf12,swerv_wrapper,ad7bcf66455c28a109f74426081a70382cc40adc,1756480853,detailedroute__route__drc_errors,0,1,Failing
gf12,swerv_wrapper,ad7bcf66455c28a109f74426081a70382cc40adc,1756480853,finish__design__instance__area,183285,178573,Tighten
gf12,swerv_wrapper,ad7bcf66455c28a109f74426081a70382cc40adc,1756480853,finish__timing__drv__hold_violation_count,300,250,Tighten
rapidus2hp,hercules_is_int,635b1a25fec7ae20b428649e4cd4ae67849e7d75,1756457639,placeopt__design__instance__area,44052,36863,Tighten
rapidus2hp,hercules_is_int,635b1a25fec7ae20b428649e4cd4ae67849e7d75,1756457639,finish__timing__setup__ws,-109.23,-86.3,Tighten
rapidus2hp,hercules_is_int,635b1a25fec7ae20b428649e4cd4ae67849e7d75,1756457639,finish__design__instance__area,45133,37950,Tighten
rapidus2hp,hercules_is_int,635b1a25fec7ae20b428649e4cd4ae67849e7d75,1756457639,finish__timing__drv__hold_violation_count,481,1339,Failing
asap7,aes-mbff,13b1594cb6f3a9f1027afb0416bb71ebf369d487,1756457306,placeopt__design__instance__area,2214,2177,Tighten
asap7,aes-mbff,13b1594cb6f3a9f1027afb0416bb71ebf369d487,1756457306,detailedroute__route__wirelength,76679,74756,Tighten
asap7,aes-mbff,13b1594cb6f3a9f1027afb0416bb71ebf369d487,1756457306,finish__timing__setup__ws,-42.46,-83.08,Failing
asap7,jpeg,13b1594cb6f3a9f1027afb0416bb71ebf369d487,1756457306,placeopt__design__instance__area,7287,7105,Tighten
asap7,jpeg,13b1594cb6f3a9f1027afb0416bb71ebf369d487,1756457306,detailedroute__route__wirelength,181528,175717,Tighten
asap7,jpeg,13b1594cb6f3a9f1027afb0416bb71ebf369d487,1756457306,finish__timing__setup__ws,0.0,-49.68,Failing
asap7,jpeg,13b1594cb6f3a9f1027afb0416bb71ebf369d487,1756457306,finish__design__instance__area,7375,7254,Tighten
asap7,swerv_wrapper,13b1594cb6f3a9f1027afb0416bb71ebf369d487,1756457306,placeopt__design__instance__area,55948,55912,Tighten
asap7,swerv_wrapper,13b1594cb6f3a9f1027afb0416bb71ebf369d487,1756457306,detailedroute__route__wirelength,1683699,1633400,Tighten
asap7,swerv_wrapper,13b1594cb6f3a9f1027afb0416bb71ebf369d487,1756457306,finish__timing__setup__ws,-460.45,-669.97,Failing
asap7,swerv_wrapper,13b1594cb6f3a9f1027afb0416bb71ebf369d487,1756457306,finish__design__instance__area,56334,56249,Tighten
asap7,swerv_wrapper,13b1594cb6f3a9f1027afb0416bb71ebf369d487,1756457306,finish__timing__drv__hold_violation_count,1005,739,Tighten
nangate45,bp_multi_top,13b1594cb6f3a9f1027afb0416bb71ebf369d487,1756457306,placeopt__design__instance__area,607245,587578,Tighten
nangate45,bp_multi_top,13b1594cb6f3a9f1027afb0416bb71ebf369d487,1756457306,finish__timing__setup__ws,-4.2,-4.47,Failing
nangate45,bp_multi_top,13b1594cb6f3a9f1027afb0416bb71ebf369d487,1756457306,finish__design__instance__area,616495,597100,Tighten
nangate45,gcd,13b1594cb6f3a9f1027afb0416bb71ebf369d487,1756457306,placeopt__design__instance__count__stdcell,695,685,Tighten
nangate45,gcd,13b1594cb6f3a9f1027afb0416bb71ebf369d487,1756457306,finish__timing__setup__ws,-0.08,-0.07,Tighten
nangate45,gcd,13b1594cb6f3a9f1027afb0416bb71ebf369d487,1756457306,finish__design__instance__area,898,1042,Failing
nangate45,gcd,13b1594cb6f3a9f1027afb0416bb71ebf369d487,1756457306,finish__timing__wns_percent_delay,-25.2,-24.48,Tighten
nangate45,aes,13b1594cb6f3a9f1027afb0416bb71ebf369d487,1756457306,placeopt__design__instance__area,26514,26265,Tighten
nangate45,aes,13b1594cb6f3a9f1027afb0416bb71ebf369d487,1756457306,detailedroute__route__wirelength,298800,291564,Tighten
nangate45,aes,13b1594cb6f3a9f1027afb0416bb71ebf369d487,1756457306,finish__design__instance__area,27064,26699,Tighten
sky130hd,aes,13b1594cb6f3a9f1027afb0416bb71ebf369d487,1756457306,placeopt__design__instance__area,152029,136403,Tighten
sky130hd,aes,13b1594cb6f3a9f1027afb0416bb71ebf369d487,1756457306,placeopt__design__instance__count__stdcell,20216,23636,Failing
sky130hd,aes,13b1594cb6f3a9f1027afb0416bb71ebf369d487,1756457306,globalroute__antenna_diodes_count,148,92,Tighten
sky130hd,aes,13b1594cb6f3a9f1027afb0416bb71ebf369d487,1756457306,detailedroute__antenna_diodes_count,48,22,Tighten
sky130hd,aes,13b1594cb6f3a9f1027afb0416bb71ebf369d487,1756457306,finish__design__instance__area,157576,141957,Tighten
sky130hd,ibex,13b1594cb6f3a9f1027afb0416bb71ebf369d487,1756457306,placeopt__design__instance__area,180835,171628,Tighten
sky130hd,ibex,13b1594cb6f3a9f1027afb0416bb71ebf369d487,1756457306,globalroute__antenna_diodes_count,128,51,Tighten
sky130hd,ibex,13b1594cb6f3a9f1027afb0416bb71ebf369d487,1756457306,detailedroute__antenna_diodes_count,64,108,Failing
sky130hd,ibex,13b1594cb6f3a9f1027afb0416bb71ebf369d487,1756457306,finish__timing__setup__ws,-0.98,-0.72,Tighten
sky130hd,ibex,13b1594cb6f3a9f1027afb0416bb71ebf369d487,1756457306,finish__design__instance__area,204569,187672,Tighten
sky130hd,ibex,13b1594cb6f3a9f1027afb0416bb71ebf369d487,1756457306,finish__timing__wns_percent_delay,-16.91,-13.3,Tighten
sky130hs,ibex,13b1594cb6f3a9f1027afb0416bb71ebf369d487,1756457306,placeopt__design__instance__area,266910,235081,Tighten
sky130hs,ibex,13b1594cb6f3a9f1027afb0416bb71ebf369d487,1756457306,globalroute__antenna_diodes_count,22,39,Failing
sky130hs,ibex,13b1594cb6f3a9f1027afb0416bb71ebf369d487,1756457306,detailedroute__antenna_diodes_count,16,26,Failing
sky130hs,jpeg,13b1594cb6f3a9f1027afb0416bb71ebf369d487,1756457306,globalroute__antenna_diodes_count,336,208,Tighten
sky130hs,jpeg,13b1594cb6f3a9f1027afb0416bb71ebf369d487,1756457306,detailedroute__antenna_diodes_count,123,212,Failing
sky130hs,jpeg,06ed96f78ba5d62def73e75ae3acb5cdf39b4181,1756360578,globalroute__antenna_diodes_count,220,336,Failing
sky130hs,jpeg,06ed96f78ba5d62def73e75ae3acb5cdf39b4181,1756360578,detailedroute__antenna__violating__nets,3,0,Tighten
sky130hs,jpeg,06ed96f78ba5d62def73e75ae3acb5cdf39b4181,1756360578,detailedroute__antenna_diodes_count,136,123,Tighten
sky130hs,jpeg,06ed96f78ba5d62def73e75ae3acb5cdf39b4181,1756360578,placeopt__design__instance__area,230231,266910,Failing
sky130hs,jpeg,06ed96f78ba5d62def73e75ae3acb5cdf39b4181,1756360578,globalroute__antenna_diodes_count,32,22,Tighten
sky130hs,jpeg,06ed96f78ba5d62def73e75ae3acb5cdf39b4181,1756360578,detailedroute__antenna_diodes_count,33,16,Tighten
asap7,aes-block,905544bba67edb70cf99d0ec4f0dd76bcfdec8cc,1756312794,placeopt__design__instance__area,7235,7233,Tighten
asap7,aes-block,905544bba67edb70cf99d0ec4f0dd76bcfdec8cc,1756312794,cts__design__instance__count__hold_buffer,1121,1449,Failing
asap7,aes-block,905544bba67edb70cf99d0ec4f0dd76bcfdec8cc,1756312794,finish__timing__setup__ws,-122.15,-99.09,Tighten
sky130hs,ibex,905544bba67edb70cf99d0ec4f0dd76bcfdec8cc,1756312794,placeopt__design__instance__area,261133,230231,Tighten
sky130hs,ibex,905544bba67edb70cf99d0ec4f0dd76bcfdec8cc,1756312794,globalroute__antenna_diodes_count,130,32,Tighten
sky130hs,ibex,905544bba67edb70cf99d0ec4f0dd76bcfdec8cc,1756312794,detailedroute__route__wirelength,908310,845495,Tighten
sky130hs,ibex,905544bba67edb70cf99d0ec4f0dd76bcfdec8cc,1756312794,finish__design__instance__area,280694,268183,Tighten
sky130hs,jpeg,905544bba67edb70cf99d0ec4f0dd76bcfdec8cc,1756312794,placeopt__design__instance__area,723127,685257,Tighten
sky130hs,jpeg,905544bba67edb70cf99d0ec4f0dd76bcfdec8cc,1756312794,globalroute__antenna_diodes_count,336,220,Tighten
sky130hs,jpeg,905544bba67edb70cf99d0ec4f0dd76bcfdec8cc,1756312794,detailedroute__antenna__violating__nets,1,3,Failing
sky130hs,jpeg,905544bba67edb70cf99d0ec4f0dd76bcfdec8cc,1756312794,detailedroute__antenna_diodes_count,142,136,Tighten
sky130hs,jpeg,905544bba67edb70cf99d0ec4f0dd76bcfdec8cc,1756312794,finish__design__instance__area,760037,724792,Tighten
sky130hd,gcd,577e3c7d65b3257d19580156d279a1844e05929e,1756274812,detailedroute__route__wirelength,13998,16435,Failing
sky130hd,gcd,577e3c7d65b3257d19580156d279a1844e05929e,1756274812,finish__timing__setup__ws,-1.76,-1.96,Failing
asap7,aes-block,5e0951c9ac63de3a63244c7e987119cdfb6ae3f7,1756134566,placeopt__design__instance__area,7258,7235,Tighten
asap7,aes-block,5e0951c9ac63de3a63244c7e987119cdfb6ae3f7,1756134566,cts__design__instance__count__hold_buffer,1593,1121,Tighten
asap7,aes-block,5e0951c9ac63de3a63244c7e987119cdfb6ae3f7,1756134566,detailedroute__route__wirelength,62330,57659,Tighten
asap7,aes-block,5e0951c9ac63de3a63244c7e987119cdfb6ae3f7,1756134566,finish__timing__setup__ws,-89.15,-122.15,Failing
nangate45,swerv_wrapper,5e0951c9ac63de3a63244c7e987119cdfb6ae3f7,1756134566,placeopt__design__instance__area,755158,733024,Tighten
nangate45,swerv_wrapper,5e0951c9ac63de3a63244c7e987119cdfb6ae3f7,1756134566,detailedroute__route__wirelength,5365759,5031735,Tighten
nangate45,swerv_wrapper,5e0951c9ac63de3a63244c7e987119cdfb6ae3f7,1756134566,finish__timing__setup__ws,-0.32,-0.45,Failing
nangate45,swerv_wrapper,5e0951c9ac63de3a63244c7e987119cdfb6ae3f7,1756134566,finish__design__instance__area,762884,739736,Tighten
nangate45,swerv_wrapper,5e0951c9ac63de3a63244c7e987119cdfb6ae3f7,1756134566,finish__timing__drv__hold_violation_count,656,578,Tighten
asap7,swerv_wrapper,da2ee5f804161fc1954ca9a001bf4a2dbf239fb6,1755768777,placeopt__design__instance__area,56450,55948,Tighten
asap7,swerv_wrapper,da2ee5f804161fc1954ca9a001bf4a2dbf239fb6,1755768777,detailedroute__route__wirelength,1692500,1683699,Tighten
asap7,swerv_wrapper,da2ee5f804161fc1954ca9a001bf4a2dbf239fb6,1755768777,finish__timing__setup__ws,-359.45,-460.45,Failing
asap7,swerv_wrapper,da2ee5f804161fc1954ca9a001bf4a2dbf239fb6,1755768777,finish__design__instance__area,56888,56334,Tighten
asap7,swerv_wrapper,da2ee5f804161fc1954ca9a001bf4a2dbf239fb6,1755768777,finish__timing__drv__hold_violation_count,1245,1005,Tighten
nangate45,swerv,27604c28e853f7631f5db554102f9927571126c8,1755600392,detailedroute__route__wirelength,3900533,2817047,Tighten
nangate45,swerv,27604c28e853f7631f5db554102f9927571126c8,1755600392,finish__timing__setup__ws,-0.27,-0.21,Tighten
nangate45,swerv,27604c28e853f7631f5db554102f9927571126c8,1755600392,finish__timing__drv__hold_violation_count,1165,100,Tighten
nangate45,swerv,27604c28e853f7631f5db554102f9927571126c8,1755600392,finish__timing__wns_percent_delay,-21.98,-18.17,Tighten
asap7,swerv_wrapper,92ad5bb24db4333c51165a999f94a5f0bb88584c,1755590780,detailedroute__route__wirelength,1867701,1692500,Tighten
asap7,swerv_wrapper,92ad5bb24db4333c51165a999f94a5f0bb88584c,1755590780,finish__timing__setup__ws,0.0,-359.45,Failing
asap7,swerv_wrapper,92ad5bb24db4333c51165a999f94a5f0bb88584c,1755590780,finish__design__instance__area,56945,56888,Tighten
asap7,swerv_wrapper,92ad5bb24db4333c51165a999f94a5f0bb88584c,1755590780,finish__timing__drv__hold_violation_count,286,1245,Failing
asap7,swerv_wrapper,92ad5bb24db4333c51165a999f94a5f0bb88584c,1755590780,finish__timing__wns_percent_delay,-10.0,-24.59,Failing
gf12,bp_quad,b9c024af073949b63a14badb2b003c007fe505b2,1755065512,placeopt__design__instance__area,1591358,1579306,Tighten
gf12,bp_quad,b9c024af073949b63a14badb2b003c007fe505b2,1755065512,placeopt__design__instance__count__stdcell,1457522,1442363,Tighten
gf12,bp_quad,b9c024af073949b63a14badb2b003c007fe505b2,1755065512,cts__design__instance__count__setup_buffer,126741,125423,Tighten
gf12,bp_quad,b9c024af073949b63a14badb2b003c007fe505b2,1755065512,cts__design__instance__count__hold_buffer,126741,125423,Tighten
gf12,bp_quad,b9c024af073949b63a14badb2b003c007fe505b2,1755065512,detailedroute__route__wirelength,29312243,25903866,Tighten
gf12,bp_quad,b9c024af073949b63a14badb2b003c007fe505b2,1755065512,detailedroute__route__drc_errors,0,3,Failing
gf12,bp_quad,b9c024af073949b63a14badb2b003c007fe505b2,1755065512,finish__timing__setup__ws,-114.98,-239.22,Failing
gf12,bp_quad,b9c024af073949b63a14badb2b003c007fe505b2,1755065512,finish__design__instance__area,1622581,1610080,Tighten
gf12,bp_quad,b9c024af073949b63a14badb2b003c007fe505b2,1755065512,finish__timing__drv__setup_violation_count,63370,62711,Tighten
gf12,bp_quad,b9c024af073949b63a14badb2b003c007fe505b2,1755065512,finish__timing__drv__hold_violation_count,341,170,Tighten
gf12,bp_quad,25d16d3fc1a1884ccbbd1a0ac270456fcd9e97ac,1754490382,placeopt__design__instance__area,1652113,1591358,Tighten
gf12,bp_quad,25d16d3fc1a1884ccbbd1a0ac270456fcd9e97ac,1754490382,placeopt__design__instance__count__stdcell,1606228,1457522,Tighten
gf12,bp_quad,25d16d3fc1a1884ccbbd1a0ac270456fcd9e97ac,1754490382,cts__design__instance__count__setup_buffer,139672,126741,Tighten
gf12,bp_quad,25d16d3fc1a1884ccbbd1a0ac270456fcd9e97ac,1754490382,cts__design__instance__count__hold_buffer,139672,126741,Tighten
gf12,bp_quad,25d16d3fc1a1884ccbbd1a0ac270456fcd9e97ac,1754490382,globalroute__antenna_diodes_count,33,0,Tighten
gf12,bp_quad,25d16d3fc1a1884ccbbd1a0ac270456fcd9e97ac,1754490382,detailedroute__route__wirelength,32527768,29312243,Tighten
gf12,bp_quad,25d16d3fc1a1884ccbbd1a0ac270456fcd9e97ac,1754490382,finish__design__instance__area,1688970,1622581,Tighten
gf12,bp_quad,25d16d3fc1a1884ccbbd1a0ac270456fcd9e97ac,1754490382,finish__timing__drv__setup_violation_count,69836,63370,Tighten
gf12,bp_quad,25d16d3fc1a1884ccbbd1a0ac270456fcd9e97ac,1754490382,finish__timing__drv__hold_violation_count,105,341,Failing
gf12,bp_single,6fca7c2c4b66cf5aa3a5f426525f197cc78f0448,1754490306,placeopt__design__instance__area,491681,491017,Tighten
gf12,bp_single,6fca7c2c4b66cf5aa3a5f426525f197cc78f0448,1754490306,detailedroute__route__drc_errors,0,1,Failing
gf12,bp_single,6fca7c2c4b66cf5aa3a5f426525f197cc78f0448,1754490306,finish__design__instance__area,500408,497627,Tighten
gf12,bp_single,6fca7c2c4b66cf5aa3a5f426525f197cc78f0448,1754490306,finish__timing__drv__hold_violation_count,740,108,Tighten
rapidus2hp,hercules_is_int,9039b6da3a51524bb3e40f9f7f223912aa831b49,1754489935,placeopt__design__instance__count__stdcell,764564,750846,Tighten
rapidus2hp,hercules_is_int,9039b6da3a51524bb3e40f9f7f223912aa831b49,1754489935,cts__design__instance__count__setup_buffer,66484,65291,Tighten
rapidus2hp,hercules_is_int,9039b6da3a51524bb3e40f9f7f223912aa831b49,1754489935,cts__design__instance__count__hold_buffer,66484,65291,Tighten
rapidus2hp,hercules_is_int,9039b6da3a51524bb3e40f9f7f223912aa831b49,1754489935,finish__timing__setup__ws,-114.96,-89.66,Tighten
rapidus2hp,hercules_is_int,9039b6da3a51524bb3e40f9f7f223912aa831b49,1754489935,finish__timing__drv__setup_violation_count,33242,32646,Tighten
rapidus2hp,hercules_is_int,9039b6da3a51524bb3e40f9f7f223912aa831b49,1754489935,finish__timing__drv__hold_violation_count,1410,2325,Failing
rapidus2hp,hercules_is_int,9039b6da3a51524bb3e40f9f7f223912aa831b49,1754489935,finish__timing__wns_percent_delay,-36.44,-31.2,Tighten
ihp-sg13g2,i2c-gpio-expander,d80d1cba24ae7be31550d21a5d3db2bb6aaa75c6,1753224841,globalroute__antenna_diodes_count,39,18,Tighten
ihp-sg13g2,i2c-gpio-expander,d80d1cba24ae7be31550d21a5d3db2bb6aaa75c6,1753224841,detailedroute__antenna_diodes_count,5,22,Failing
asap7,aes-block,2c838c96bddafa7998b0de73fdbafb5b10611a0c,1753193909,synth__design__instance__area__stdcell,2131.37,2130.06,Tighten
asap7,aes-block,2c838c96bddafa7998b0de73fdbafb5b10611a0c,1753193909,placeopt__design__instance__area,7290,7258,Tighten
asap7,aes-block,2c838c96bddafa7998b0de73fdbafb5b10611a0c,1753193909,placeopt__design__instance__count__stdcell,11004,10666,Tighten
asap7,aes-block,2c838c96bddafa7998b0de73fdbafb5b10611a0c,1753193909,cts__design__instance__count__setup_buffer,957,928,Tighten
asap7,aes-block,2c838c96bddafa7998b0de73fdbafb5b10611a0c,1753193909,cts__design__instance__count__hold_buffer,1866,985,Tighten
asap7,aes-block,2c838c96bddafa7998b0de73fdbafb5b10611a0c,1753193909,detailedroute__route__wirelength,75984,62805,Tighten
asap7,aes-block,2c838c96bddafa7998b0de73fdbafb5b10611a0c,1753193909,finish__timing__setup__ws,-243.45,-63.56,Tighten
asap7,aes-block,2c838c96bddafa7998b0de73fdbafb5b10611a0c,1753193909,finish__timing__drv__setup_violation_count,478,464,Tighten
asap7,aes-block,2c838c96bddafa7998b0de73fdbafb5b10611a0c,1753193909,finish__timing__wns_percent_delay,-43.48,-17.84,Tighten
ihp-sg13g2,i2c-gpio-expander,7420245a5168dc745d0f7f1e34e200eb28baca10,1753141461,globalroute__antenna_diodes_count,18,39,Failing
ihp-sg13g2,i2c-gpio-expander,7420245a5168dc745d0f7f1e34e200eb28baca10,1753141461,detailedroute__antenna_diodes_count,22,5,Tighten
ihp-sg13g2,i2c-gpio-expander,7420245a5168dc745d0f7f1e34e200eb28baca10,1753141461,finish__design__instance__area,135868,135775,Tighten
ihp-sg13g2,aes,9e6d096956db5f804fbb03fdae9217212d90e17a,1752253435,placeopt__design__instance__count__stdcell,18996,18986,Tighten
ihp-sg13g2,aes,9e6d096956db5f804fbb03fdae9217212d90e17a,1752253435,globalroute__antenna_diodes_count,166,6,Tighten
ihp-sg13g2,aes,9e6d096956db5f804fbb03fdae9217212d90e17a,1752253435,detailedroute__antenna_diodes_count,21,39,Failing
sky130hd,aes,9e6d096956db5f804fbb03fdae9217212d90e17a,1752253435,globalroute__antenna_diodes_count,442,148,Tighten
sky130hd,aes,9e6d096956db5f804fbb03fdae9217212d90e17a,1752253435,detailedroute__route__wirelength,677310,783010,Failing
sky130hd,aes,9e6d096956db5f804fbb03fdae9217212d90e17a,1752253435,detailedroute__antenna_diodes_count,40,16,Tighten
sky130hd,aes,9e6d096956db5f804fbb03fdae9217212d90e17a,1752253435,finish__timing__setup__ws,-0.61,-0.1,Tighten
sky130hs,jpeg,9e6d096956db5f804fbb03fdae9217212d90e17a,1752253435,globalroute__antenna_diodes_count,201,166,Tighten
sky130hs,jpeg,9e6d096956db5f804fbb03fdae9217212d90e17a,1752253435,detailedroute__antenna__violating__nets,0,1,Failing
ihp-sg13g2,riscv32i,9e6d096956db5f804fbb03fdae9217212d90e17a,1752253435,placeopt__design__instance__area,171401,170435,Tighten
ihp-sg13g2,riscv32i,9e6d096956db5f804fbb03fdae9217212d90e17a,1752253435,globalroute__antenna_diodes_count,4,0,Tighten
ihp-sg13g2,riscv32i,9e6d096956db5f804fbb03fdae9217212d90e17a,1752253435,detailedroute__route__wirelength,534072,511850,Tighten
ihp-sg13g2,riscv32i,9e6d096956db5f804fbb03fdae9217212d90e17a,1752253435,detailedroute__antenna_diodes_count,5,12,Failing
gf12,bp_single,a64153d2879de4527a20a741b14498e4e5f062e8,1752178381,finish__timing__setup__ws,-144.83,-97.15,Tighten
gf12,bp_single,a64153d2879de4527a20a741b14498e4e5f062e8,1752178381,finish__timing__drv__hold_violation_count,479,740,Failing
gf12,bp_single,a64153d2879de4527a20a741b14498e4e5f062e8,1752178381,finish__timing__wns_percent_delay,-12.6,-10.0,Tighten
gf12,bp_single,9d0c72493846155034528f94710057685bc2aec1,1750369103,placeopt__design__instance__area,509289,491681,Tighten
gf12,bp_single,9d0c72493846155034528f94710057685bc2aec1,1750369103,placeopt__design__instance__count__stdcell,546190,535708,Tighten
gf12,bp_single,9d0c72493846155034528f94710057685bc2aec1,1750369103,cts__design__instance__count__setup_buffer,47495,46583,Tighten
gf12,bp_single,9d0c72493846155034528f94710057685bc2aec1,1750369103,cts__design__instance__count__hold_buffer,47495,46583,Tighten
gf12,bp_single,9d0c72493846155034528f94710057685bc2aec1,1750369103,detailedroute__route__wirelength,7863419,6200511,Tighten
gf12,bp_single,9d0c72493846155034528f94710057685bc2aec1,1750369103,detailedroute__route__drc_errors,1,0,Tighten
gf12,bp_single,9d0c72493846155034528f94710057685bc2aec1,1750369103,finish__timing__setup__ws,-183.6,-144.83,Tighten
gf12,bp_single,9d0c72493846155034528f94710057685bc2aec1,1750369103,finish__design__instance__area,519153,500408,Tighten
gf12,bp_single,9d0c72493846155034528f94710057685bc2aec1,1750369103,finish__timing__drv__setup_violation_count,23747,23292,Tighten
gf12,bp_single,9d0c72493846155034528f94710057685bc2aec1,1750369103,finish__timing__drv__hold_violation_count,230,479,Failing
ihp-sg13g2,spi,420a15b0dd72a7514bb42699237eb1d0ab85057e,1749905441,finish__timing__drv__setup_violation_count,8,10,Failing
ihp-sg13g2,spi,420a15b0dd72a7514bb42699237eb1d0ab85057e,1749905441,finish__timing__wns_percent_delay,-15.74,-15.68,Tighten
sky130hd,aes,f5a36bba10b3b9e3c4d2676bde49733369c5cde7,1749888619,finish__timing__setup__ws,-0.25,-0.61,Failing
sky130hd,chameleon,f5a36bba10b3b9e3c4d2676bde49733369c5cde7,1749888619,globalroute__antenna_diodes_count,72,196,Failing
sky130hd,microwatt,f5a36bba10b3b9e3c4d2676bde49733369c5cde7,1749888619,globalroute__antenna_diodes_count,5426,2476,Tighten
sky130hd,microwatt,f5a36bba10b3b9e3c4d2676bde49733369c5cde7,1749888619,detailedroute__route__wirelength,11745555,10026505,Tighten
sky130hd,microwatt,f5a36bba10b3b9e3c4d2676bde49733369c5cde7,1749888619,detailedroute__antenna__violating__nets,0,1,Failing
sky130hd,microwatt,f5a36bba10b3b9e3c4d2676bde49733369c5cde7,1749888619,finish__timing__setup__ws,-1.96,-3.13,Failing
sky130hd,microwatt,f5a36bba10b3b9e3c4d2676bde49733369c5cde7,1749888619,finish__timing__drv__hold_violation_count,104,262,Failing
sky130hd,riscv32i,f5a36bba10b3b9e3c4d2676bde49733369c5cde7,1749888619,placeopt__design__instance__area,82077,81702,Tighten
sky130hd,riscv32i,f5a36bba10b3b9e3c4d2676bde49733369c5cde7,1749888619,globalroute__antenna_diodes_count,21,10,Tighten
sky130hd,riscv32i,f5a36bba10b3b9e3c4d2676bde49733369c5cde7,1749888619,detailedroute__route__wirelength,303859,301382,Tighten
sky130hd,riscv32i,f5a36bba10b3b9e3c4d2676bde49733369c5cde7,1749888619,detailedroute__antenna_diodes_count,10,18,Failing
sky130hd,riscv32i,f5a36bba10b3b9e3c4d2676bde49733369c5cde7,1749888619,finish__design__instance__area,95514,94909,Tighten
sky130hs,jpeg,f5a36bba10b3b9e3c4d2676bde49733369c5cde7,1749888619,globalroute__antenna_diodes_count,112,60,Tighten
sky130hs,jpeg,f5a36bba10b3b9e3c4d2676bde49733369c5cde7,1749888619,detailedroute__route__wirelength,1630300,1619030,Tighten
sky130hs,jpeg,f5a36bba10b3b9e3c4d2676bde49733369c5cde7,1749888619,detailedroute__antenna_diodes_count,66,164,Failing
sky130hd,uW,1f8068d2ed05fec0172e21a81c12f6f052249bcf,1747752283,globalroute__antenna_diodes_count,2106,3606,Failing
sky130hd,uW,1f8068d2ed05fec0172e21a81c12f6f052249bcf,1747752283,detailedroute__antenna__violating__nets,3,1,Tighten
sky130hd,uW,1f8068d2ed05fec0172e21a81c12f6f052249bcf,1747752283,finish__timing__setup__ws,-3.28,-2.39,Tighten
sky130hd,uW,1f8068d2ed05fec0172e21a81c12f6f052249bcf,1747752283,finish__timing__wns_percent_delay,-20.52,-20.12,Tighten
nangate45,gcd,228f888266e6b818534a2111253dcb6937c9f860,1746762445,finish__timing__drv__setup_violation_count,35,43,Failing
sky130hd,gcd,228f888266e6b818534a2111253dcb6937c9f860,1746762445,finish__timing__drv__setup_violation_count,76,81,Failing
sky130hd,riscv32i,228f888266e6b818534a2111253dcb6937c9f860,1746762445,globalroute__antenna_diodes_count,20,36,Failing
gf180,aes,5c31abd0510d87bb6e321e62d82ddef1cafb3e58,1746723204,finish__timing__setup__ws,-1.12,-1.28,Failing
sky130hd,jpeg,5c31abd0510d87bb6e321e62d82ddef1cafb3e58,1746723204,globalroute__antenna_diodes_count,182,153,Tighten
sky130hd,jpeg,5c31abd0510d87bb6e321e62d82ddef1cafb3e58,1746723204,detailedroute__antenna_diodes_count,58,146,Failing
sky130hd,jpeg,5c31abd0510d87bb6e321e62d82ddef1cafb3e58,1746723204,finish__timing__setup__ws,-0.83,-0.42,Tighten
sky130hd,jpeg,5c31abd0510d87bb6e321e62d82ddef1cafb3e58,1746723204,globalroute__antenna_diodes_count,27,20,Tighten
sky130hd,jpeg,5c31abd0510d87bb6e321e62d82ddef1cafb3e58,1746723204,detailedroute__antenna_diodes_count,5,10,Failing
sky130hd,jpeg,5c31abd0510d87bb6e321e62d82ddef1cafb3e58,1746723204,finish__design__instance__area,103943,103720,Tighten
ihp-sg13g2,ibex,3a18a7d70eb823a3139676683cf93c652a6228a6,1746632684,globalroute__antenna_diodes_count,468,428,Tighten
ihp-sg13g2,ibex,3a18a7d70eb823a3139676683cf93c652a6228a6,1746632684,detailedroute__route__wirelength,1195027,1194089,Tighten
ihp-sg13g2,ibex,3a18a7d70eb823a3139676683cf93c652a6228a6,1746632684,detailedroute__antenna__violating__nets,42,36,Tighten
ihp-sg13g2,ibex,3a18a7d70eb823a3139676683cf93c652a6228a6,1746632684,finish__design__instance__area,645780,645302,Tighten
ihp-sg13g2,ibex,3a18a7d70eb823a3139676683cf93c652a6228a6,1746632684,finish__timing__wns_percent_delay,-10.0,-22.29,Failing
gf12,bp_quad,a33fd2cf5d23280ab9a8e141bbd981a90503c62b,1746627249,placeopt__design__instance__area,1729278,1652113,Tighten
gf12,bp_quad,a33fd2cf5d23280ab9a8e141bbd981a90503c62b,1746627249,globalroute__antenna_diodes_count,0,33,Failing
gf12,bp_quad,a33fd2cf5d23280ab9a8e141bbd981a90503c62b,1746627249,finish__timing__setup__ws,-255.36,-114.98,Tighten
gf12,bp_quad,a33fd2cf5d23280ab9a8e141bbd981a90503c62b,1746627249,finish__design__instance__area,1765388,1688970,Tighten
gf12,bp_quad,a33fd2cf5d23280ab9a8e141bbd981a90503c62b,1746627249,finish__timing__drv__hold_violation_count,109,105,Tighten
gf12,bp_quad,a33fd2cf5d23280ab9a8e141bbd981a90503c62b,1746627249,finish__timing__wns_percent_delay,-16.47,-10.96,Tighten
sky130hd,microwatt,74e0e2e24a42a93060bc2313d963b5fcc136bd66,1746598005,globalroute__antenna_diodes_count,3810,2980,Tighten
sky130hd,microwatt,74e0e2e24a42a93060bc2313d963b5fcc136bd66,1746598005,detailedroute__route__wirelength,11718141,11071747,Tighten
sky130hd,microwatt,74e0e2e24a42a93060bc2313d963b5fcc136bd66,1746598005,detailedroute__antenna__violating__nets,1,3,Failing
sky130hd,microwatt,74e0e2e24a42a93060bc2313d963b5fcc136bd66,1746598005,detailedroute__antenna_diodes_count,2793,2692,Tighten
gf180,jpeg,20f758c772cf1de5ec32c669f095b331614ad91d,1746501541,synth__design__instance__area__stdcell,2163344.49,2161429.49,Tighten
gf180,jpeg,20f758c772cf1de5ec32c669f095b331614ad91d,1746501541,globalroute__antenna_diodes_count,9,2,Tighten
gf180,jpeg,20f758c772cf1de5ec32c669f095b331614ad91d,1746501541,detailedroute__antenna_diodes_count,9,18,Failing
asap7,mock-array,20f758c772cf1de5ec32c669f095b331614ad91d,1746501541,finish__timing__setup__ws,0.0,-72.77,Failing
gf180,ibex,785a753a91beb3c71c5757917a645ee1800d3fc1,1746433352,detailedroute__route__drc_errors,0,2,Failing
gf180,ibex,785a753a91beb3c71c5757917a645ee1800d3fc1,1746433352,finish__timing__setup__ws,-1.58,-1.31,Tighten
gf180,ibex,785a753a91beb3c71c5757917a645ee1800d3fc1,1746433352,finish__timing__drv__setup_violation_count,1013,785,Tighten
gf180,ibex,785a753a91beb3c71c5757917a645ee1800d3fc1,1746433352,finish__timing__wns_percent_delay,-21.3,-18.32,Tighten
ihp-sg13g2,ibex,785a753a91beb3c71c5757917a645ee1800d3fc1,1746433352,globalroute__antenna_diodes_count,1215,468,Tighten
ihp-sg13g2,ibex,785a753a91beb3c71c5757917a645ee1800d3fc1,1746433352,detailedroute__route__wirelength,1304850,1195027,Tighten
ihp-sg13g2,ibex,785a753a91beb3c71c5757917a645ee1800d3fc1,1746433352,detailedroute__antenna__violating__nets,48,42,Tighten
ihp-sg13g2,ibex,785a753a91beb3c71c5757917a645ee1800d3fc1,1746433352,finish__timing__setup__ws,-0.55,-1.1,Failing
ihp-sg13g2,ibex,785a753a91beb3c71c5757917a645ee1800d3fc1,1746433352,finish__design__instance__area,646738,645780,Tighten
ihp-sg13g2,ibex,785a753a91beb3c71c5757917a645ee1800d3fc1,1746433352,finish__timing__drv__setup_violation_count,1056,986,Tighten
sky130hd,microwatt,785a753a91beb3c71c5757917a645ee1800d3fc1,1746433352,detailedroute__route__wirelength,9717698,11718141,Failing
sky130hd,microwatt,785a753a91beb3c71c5757917a645ee1800d3fc1,1746433352,detailedroute__antenna__violating__nets,5,1,Tighten
sky130hd,microwatt,785a753a91beb3c71c5757917a645ee1800d3fc1,1746433352,finish__timing__setup__ws,-3.56,-2.44,Tighten
sky130hd,microwatt,785a753a91beb3c71c5757917a645ee1800d3fc1,1746433352,finish__timing__wns_percent_delay,-21.23,-20.52,Tighten
gf180,aes-hybrid,2e60f15fa50c3ff0f553a0e1ea71f73a1dcde4ce,1746378637,detailedroute__antenna_diodes_count,9,8,Tighten
gf180,aes-hybrid,2e60f15fa50c3ff0f553a0e1ea71f73a1dcde4ce,1746378637,finish__timing__setup__ws,-1.3,-1.25,Tighten
gf180,aes-hybrid,2e60f15fa50c3ff0f553a0e1ea71f73a1dcde4ce,1746378637,finish__timing__wns_percent_delay,-39.5,-38.19,Tighten
asap7,ethmac,2e60f15fa50c3ff0f553a0e1ea71f73a1dcde4ce,1746378637,finish__timing__setup__ws,-187.76,-172.31,Tighten
asap7,ethmac_lvt,2e60f15fa50c3ff0f553a0e1ea71f73a1dcde4ce,1746378637,finish__timing__setup__ws,-90.17,-225.06,Failing
gf180,jpeg,2e60f15fa50c3ff0f553a0e1ea71f73a1dcde4ce,1746378637,globalroute__antenna_diodes_count,15,9,Tighten
gf180,jpeg,2e60f15fa50c3ff0f553a0e1ea71f73a1dcde4ce,1746378637,finish__timing__setup__ws,-0.08,-0.47,Failing
sky130hd,jpeg,2e60f15fa50c3ff0f553a0e1ea71f73a1dcde4ce,1746378637,globalroute__antenna_diodes_count,410,182,Tighten
sky130hd,jpeg,2e60f15fa50c3ff0f553a0e1ea71f73a1dcde4ce,1746378637,detailedroute__antenna_diodes_count,94,58,Tighten
sky130hd,jpeg,2e60f15fa50c3ff0f553a0e1ea71f73a1dcde4ce,1746378637,finish__timing__setup__ws,-0.47,-0.83,Failing
asap7,jpeg_lvt,2e60f15fa50c3ff0f553a0e1ea71f73a1dcde4ce,1746378637,placeopt__design__instance__count__stdcell,67286,67276,Tighten
asap7,jpeg_lvt,2e60f15fa50c3ff0f553a0e1ea71f73a1dcde4ce,1746378637,cts__design__instance__count__setup_buffer,5851,5850,Tighten
asap7,jpeg_lvt,2e60f15fa50c3ff0f553a0e1ea71f73a1dcde4ce,1746378637,cts__design__instance__count__hold_buffer,5851,5850,Tighten
asap7,jpeg_lvt,2e60f15fa50c3ff0f553a0e1ea71f73a1dcde4ce,1746378637,finish__timing__setup__ws,0.0,-67.87,Failing
asap7,jpeg_lvt,2e60f15fa50c3ff0f553a0e1ea71f73a1dcde4ce,1746378637,finish__timing__drv__setup_violation_count,2926,2925,Tighten
nangate45,swerv,2e60f15fa50c3ff0f553a0e1ea71f73a1dcde4ce,1746378637,finish__timing__setup__ws,-0.37,-0.33,Tighten
nangate45,swerv,2e60f15fa50c3ff0f553a0e1ea71f73a1dcde4ce,1746378637,finish__timing__drv__hold_violation_count,281,861,Failing
gf12,jpeg,12cd060612bcf44036139c66fa569c4847802c4b,1744993273,synth__design__instance__area__stdcell,23085.37,20776.3,Tighten
gf12,jpeg,12cd060612bcf44036139c66fa569c4847802c4b,1744993273,placeopt__design__instance__area,29325,25061,Tighten
gf12,jpeg,12cd060612bcf44036139c66fa569c4847802c4b,1744993273,placeopt__design__instance__count__stdcell,92367,90181,Tighten
gf12,jpeg,12cd060612bcf44036139c66fa569c4847802c4b,1744993273,cts__design__instance__count__setup_buffer,8032,7842,Tighten
gf12,jpeg,12cd060612bcf44036139c66fa569c4847802c4b,1744993273,cts__design__instance__count__hold_buffer,8032,7842,Tighten
gf12,jpeg,12cd060612bcf44036139c66fa569c4847802c4b,1744993273,finish__timing__setup__ws,-0.06,-42.35,Failing
gf12,jpeg,12cd060612bcf44036139c66fa569c4847802c4b,1744993273,finish__design__instance__area,30037,25626,Tighten
gf12,jpeg,12cd060612bcf44036139c66fa569c4847802c4b,1744993273,finish__timing__drv__setup_violation_count,4016,3921,Tighten
nangate45,bp_multi_top,5a0f583d660b85e918f9355ae0dcb3b4f3396541,1744658464,finish__timing__setup__ws,-4.12,-4.36,Failing
nangate45,swerv_wrapper,5a0f583d660b85e918f9355ae0dcb3b4f3396541,1744658464,detailedroute__route__wirelength,5094812,6208106,Failing
nangate45,swerv_wrapper,5a0f583d660b85e918f9355ae0dcb3b4f3396541,1744658464,finish__timing__setup__ws,-0.38,-0.54,Failing
asap7,riscv32i-mock-sram,5a0f583d660b85e918f9355ae0dcb3b4f3396541,1744658464,finish__timing__setup__ws,-34.26,-103.06,Failing
sky130hd,microwatt,5a0f583d660b85e918f9355ae0dcb3b4f3396541,1744658464,globalroute__antenna_diodes_count,2756,4296,Failing
sky130hd,microwatt,5a0f583d660b85e918f9355ae0dcb3b4f3396541,1744658464,detailedroute__antenna__violating__nets,6,0,Tighten
sky130hd,microwatt,5a0f583d660b85e918f9355ae0dcb3b4f3396541,1744658464,detailedroute__antenna_diodes_count,3219,2793,Tighten
sky130hd,microwatt,5a0f583d660b85e918f9355ae0dcb3b4f3396541,1744658464,finish__timing__drv__hold_violation_count,101,252,Failing
gf12,coyote,5a0f583d660b85e918f9355ae0dcb3b4f3396541,1744658464,placeopt__design__instance__area,214239,213956,Tighten
gf12,coyote,5a0f583d660b85e918f9355ae0dcb3b4f3396541,1744658464,detailedroute__route__wirelength,4929050,5770855,Failing
asap7,aes-block,a3abdaf26f8bc5197e6d9485d1dad5e5f1474d31,1743468266,finish__timing__setup__ws,-86.3,-119.26,Failing
asap7,aes-block,a3abdaf26f8bc5197e6d9485d1dad5e5f1474d31,1743468266,finish__timing__drv__hold_violation_count,319,100,Tighten
sky130hd,uW,a3abdaf26f8bc5197e6d9485d1dad5e5f1474d31,1743468266,detailedroute__antenna__violating__nets,0,1,Failing
nangate45,bp_fe_top,c0af97dda132f01ba973bcd2ba0c55bf66feac78,1741900530,finish__timing__drv__hold_violation_count,309,1792,Failing
sky130hd,ibex,a18759b971f880a1962a6c235cd48c3f7852651c,1726974824,globalroute__antenna_diodes_count,70,302,Failing
sky130hd,ibex,a18759b971f880a1962a6c235cd48c3f7852651c,1726974824,detailedroute__route__wirelength,743158,897255,Failing
sky130hd,ibex,a18759b971f880a1962a6c235cd48c3f7852651c,1726974824,detailedroute__antenna_diodes_count,20,74,Failing
sky130hd,ibex,a18759b971f880a1962a6c235cd48c3f7852651c,1726974824,finish__timing__setup__ws,-0.27,-2.06,Failing
sky130hd,ibex,a18759b971f880a1962a6c235cd48c3f7852651c,1726974824,finish__timing__drv__setup_violation_count,926,1139,Failing
sky130hd,ibex,a18759b971f880a1962a6c235cd48c3f7852651c,1726974824,finish__timing__wns_percent_delay,-10.0,-29.67,Failing
sky130hd,riscv32i,32ca7cb692f3ae55fa7b8bb589057005047a1627,1726769940,detailedroute__antenna__violating__nets,8,6,Tighten
sky130hd,riscv32i,32ca7cb692f3ae55fa7b8bb589057005047a1627,1726769940,finish__timing__setup__ws,0.0,-1.35,Failing
sky130hd,riscv32i,32ca7cb692f3ae55fa7b8bb589057005047a1627,1726769940,finish__timing__wns_percent_delay,-10.0,-31.61,Failing
ng45,tinyRocket,7d9c9c4a1eee65fa903de513343ce4a7b015b918,1725077014,finish__timing__setup__ws,0.0,-0.31,Failing
ng45,tinyRocket,7d9c9c4a1eee65fa903de513343ce4a7b015b918,1725077014,finish__timing__wns_percent_delay,-10.0,-27.77,Failing
sky130hd,gcd,ba4cb1572cd3f99cb1b0f18b76bc2716b6d78111,1724988130,detailedroute__route__wirelength,9789,12001,Failing
sky130hd,gcd,ba4cb1572cd3f99cb1b0f18b76bc2716b6d78111,1724988130,finish__timing__setup__ws,-0.03,-0.76,Failing
sky130hd,gcd,ba4cb1572cd3f99cb1b0f18b76bc2716b6d78111,1724988130,finish__design__instance__area,3685,5000,Failing
sky130hd,gcd,ba4cb1572cd3f99cb1b0f18b76bc2716b6d78111,1724988130,finish__timing__drv__setup_violation_count,20,30,Failing
sky130hd,gcd,ba4cb1572cd3f99cb1b0f18b76bc2716b6d78111,1724988130,finish__timing__wns_percent_delay,-10.0,-39.08,Failing
sky130hd,aes,80cd6a84817095ecd667f4e8658236f59938e07e,1724945284,detailedroute__antenna__violating__nets,5,8,Failing
sky130hd,aes,80cd6a84817095ecd667f4e8658236f59938e07e,1724945284,finish__timing__setup__ws,-0.13,-0.36,Failing
ng45,swerv,d78396de6f3f1f6952872060adcc60360bae157c,1724940489,finish__timing__setup__ws,0.0,-0.31,Failing
ng45,swerv_wrapper,d0c09dda440639bf13e6e80b06adfd10b32f039c,1724870669,finish__timing__setup__ws,0.0,-0.73,Failing
ng45,swerv_wrapper,d0c09dda440639bf13e6e80b06adfd10b32f039c,1724870669,finish__timing__drv__hold_violation_count,246,861,Failing
ng45,swerv_wrapper,d0c09dda440639bf13e6e80b06adfd10b32f039c,1724870669,finish__timing__wns_percent_delay,-10.0,-34.72,Failing
ng45,jpeg,1fc0f36bb5a28f95eb69a64e33e93a4a37263458,1724651054,finish__timing__setup__ws,-0.01,-0.21,Failing
ng45,ibex,b3c52179065f4ebd88e5d37434a404bbd68cac2a,1724645811,finish__timing__setup__ws,-0.12,-0.37,Failing
ng45,ibex,b3c52179065f4ebd88e5d37434a404bbd68cac2a,1724645811,finish__timing__drv__setup_violation_count,748,936,Failing
ng45,ibex,b3c52179065f4ebd88e5d37434a404bbd68cac2a,1724645811,finish__timing__drv__hold_violation_count,248,100,Tighten
ng45,ibex,b3c52179065f4ebd88e5d37434a404bbd68cac2a,1724645811,finish__timing__wns_percent_delay,-10.0,-25.95,Failing
ng45,dynamic_node,c3a12e90b5f2decd8ae536be3b4791bde9641a6c,1724643032,detailedroute__route__wirelength,262372,261152,Tighten
ng45,dynamic_node,c3a12e90b5f2decd8ae536be3b4791bde9641a6c,1724643032,finish__timing__setup__ws,-0.06,-0.56,Failing
ng45,dynamic_node,c3a12e90b5f2decd8ae536be3b4791bde9641a6c,1724643032,finish__timing__wns_percent_delay,-10.0,-37.61,Failing
ng45,bp_fe_top,b4036cedac6399a8b5e517679aa4cfbf01e47abe,1724642240,finish__timing__setup__ws,0.0,-0.51,Failing
ng45,bp_fe_top,b4036cedac6399a8b5e517679aa4cfbf01e47abe,1724642240,finish__timing__drv__hold_violation_count,100,935,Failing
ng45,bp_fe_top,b4036cedac6399a8b5e517679aa4cfbf01e47abe,1724642240,finish__timing__wns_percent_delay,-10.0,-37.16,Failing
ng45,bp-bp-top,c049eed06399f92be58ccc6b4359c778d79dc125,1724562602,finish__timing__setup__ws,-0.21,-0.42,Failing
ng45,bp-bp-top,c049eed06399f92be58ccc6b4359c778d79dc125,1724562602,finish__timing__wns_percent_delay,-10.0,-25.3,Failing
gf180,ibex,a1f77320c1fef1e9a21bc99c6880188d6c46590b,1724389893,detailedroute__antenna__violating__nets,13,1,Tighten
gf180,ibex,a1f77320c1fef1e9a21bc99c6880188d6c46590b,1724389893,finish__timing__setup__ws,-0.75,-2.43,Failing
gf180,ibex,a1f77320c1fef1e9a21bc99c6880188d6c46590b,1724389893,finish__timing__drv__setup_violation_count,722,941,Failing
gf180,ibex,a1f77320c1fef1e9a21bc99c6880188d6c46590b,1724389893,finish__timing__wns_percent_delay,-10.0,-33.4,Failing
gf180,aes,3489609e4222e8cd95a41595e70d9c4a68a39cb6,1724362429,finish__timing__setup__ws,0.0,-1.3,Failing
gf180,aes,3489609e4222e8cd95a41595e70d9c4a68a39cb6,1724362429,finish__design__instance__area,642819,778824,Failing
gf180,aes,3489609e4222e8cd95a41595e70d9c4a68a39cb6,1724362429,finish__timing__wns_percent_delay,-10.0,-39.53,Failing
gf180,aes-hybrid,3489609e4222e8cd95a41595e70d9c4a68a39cb6,1724362429,detailedroute__antenna__violating__nets,17,14,Tighten
gf180,aes-hybrid,3489609e4222e8cd95a41595e70d9c4a68a39cb6,1724362429,finish__timing__setup__ws,0.0,-1.69,Failing
gf180,aes-hybrid,3489609e4222e8cd95a41595e70d9c4a68a39cb6,1724362429,finish__timing__wns_percent_delay,-10.0,-46.18,Failing
asap7,riscv32i,6d7e070a37fff5fd574a2758f1453330d862fb47,1724340459,finish__timing__setup__ws,0.0,-142.12,Failing
asap7,riscv32i,6d7e070a37fff5fd574a2758f1453330d862fb47,1724340459,finish__timing__drv__setup_violation_count,567,771,Failing
asap7,ibex,ff7d9add4bd4d950de6a31c63cc53794e60e4bb7,1724339654,finish__timing__setup__ws,0.0,-135.58,Failing
asap7,ibex,ff7d9add4bd4d950de6a31c63cc53794e60e4bb7,1724339654,finish__design__instance__area,2717,3132,Failing
asap7,ethmac_lvt,9565fc8e0c3ceec0b034259153c67d76e4fd0b0f,1724337963,detailedroute__route__wirelength,593316,591959,Tighten
asap7,ethmac_lvt,9565fc8e0c3ceec0b034259153c67d76e4fd0b0f,1724337963,finish__timing__setup__ws,0.0,-90.04,Failing
asap7,ethmac_lvt,9565fc8e0c3ceec0b034259153c67d76e4fd0b0f,1724337963,finish__timing__wns_percent_delay,-10.0,-31.0,Failing
asap7,aes-block,4124f73907471c54544c579ffaa82640b0151b52,1721114662,finish__timing__setup__ws,-325.28,-346.01,Failing
asap7,aes-block,4124f73907471c54544c579ffaa82640b0151b52,1721114662,finish__timing__drv__hold_violation_count,394,376,Tighten
sky130hd,chameleon,4124f73907471c54544c579ffaa82640b0151b52,1721114662,detailedroute__antenna__violating__nets,14,16,Failing
tsmc65lp,gcd,e8174b3584669885f14418a39bebb81ba2eef643,1713827735,cts__design__instance__count__setup_buffer,63,77,Failing
