platform,design,metric,commit,unix_time,prev_unix_time,before,after,rel_change,kind,retargeted
asap7,aes,detailedroute__route__wirelength,11d682b3422f774154f6ad89f403687afdc1809f,1662478866,1659117194,112711,100945,-0.104391,tighten,1
asap7,aes,detailedroute__route__wirelength,f50270aaac2990b084b60db7761a35581c188644,1693498950,1692226288,100945,109618,0.0859183,failing,0
asap7,aes,detailedroute__route__wirelength,3d05440525390fe651bd9ad60df2267f2cb6ad23,1702463869,1699922798,109618,72213,-0.341232,tighten,0
asap7,aes,detailedroute__route__wirelength,53873f6b5a049a999386861e7a9ee80aa61080c5,1727499238,1726801420,72213,75438.3,0.0446625,failing,0
asap7,aes,detailedroute__route__wirelength,edc8f1a28361462e9e9f66adf4a520d95a882a81,1738100296,1727499238,75438.3,75327.8,-0.00146391,tighten,1
asap7,aes,detailedroute__route__wirelength,42c12e80a33d8c34badeff76e9aeeaea0b4e2651,1749917054,1742507021,75327.8,65032.2,-0.136678,tighten,1
asap7,aes,detailedroute__route__wirelength,9753d33a6e24b5daad668aca9cde8918f2af9ebd,1756701107,1752003067,65032.2,63802.6,-0.018907,tighten,1
asap7,aes,detailedroute__route__wirelength,38fcb42969a3f3e0756986eeacf00447d7957fe7,1760370009,1760193246,63802.6,63077.4,-0.0113666,tighten,0
asap7,aes,detailedroute__route__wirelength,e476f58f5155006a0f2c0851e65872a1443cb4f6,1772835964,1772209135,63077.4,59148.7,-0.0622837,tighten,1
asap7,aes,detailedroute__route__wirelength,1ad9ee5203118586cab4535015c5184473e53783,1774531618,1772835964,59148.7,57605.2,-0.0260949,tighten,0
asap7,aes,detailedroute__route__wirelength,442c25202ace17ce42288d502eef557a4ce7f1e5,1779202706,1774759716,57605.2,52739.1,-0.084473,tighten,1
asap7,aes,detailedroute__route__wirelength,d39a7b21e8f23d0220f03ee6e4f727156f236853,1780178044,1779202706,52739.1,52727.8,-0.000214345,tighten,0
asap7,aes,detailedroute__route__wirelength,a89f995a56a40be9b48b39daad94210b36a88d0a,1781720239,1781393401,52727.8,50400.9,-0.0441315,tighten,1
asap7,aes,detailedroute__route__wirelength,19c2b08c4caa7d5fae6fecd81415e808f7a92b83,1784579405,1784194417,50400.9,50228.7,-0.00341609,tighten,0
asap7,aes,finish__design__instance__area,3e85fcd8465d967e20d228c1494b8824e699e5a6,1652820402,1652373207,9564.35,3100,-0.67588,tighten,0
asap7,aes,finish__design__instance__area,11d682b3422f774154f6ad89f403687afdc1809f,1662478866,1659117194,3100,2639.13,-0.148668,tighten,1
asap7,aes,finish__design__instance__area,f50270aaac2990b084b60db7761a35581c188644,1693498950,1692226288,2639.13,2858.26,0.0830313,failing,0
asap7,aes,finish__design__instance__area,3d05440525390fe651bd9ad60df2267f2cb6ad23,1702463869,1699922798,2858.26,1956.52,-0.315485,tighten,0
asap7,aes,finish__design__instance__area,53873f6b5a049a999386861e7a9ee80aa61080c5,1727499238,1726801420,1956.52,2046.96,0.0462222,failing,0
asap7,aes,finish__design__instance__area,edc8f1a28361462e9e9f66adf4a520d95a882a81,1738100296,1727499238,2046.96,2043.48,-0.00169924,tighten,1
asap7,aes,finish__design__instance__area,42c12e80a33d8c34badeff76e9aeeaea0b4e2651,1749917054,1742507021,2043.48,1980.87,-0.0306383,tighten,1
asap7,aes,finish__design__instance__area,b2d224758b1fae76777c5fc5a3493c6bd769404c,1763659797,1763395270,1980.87,1975.65,-0.00263389,tighten,0
asap7,aes,finish__design__instance__area,75c067510af04cf949bb76087ff07757fd050f84,1764088621,1763659797,1975.65,1973.04,-0.00132042,tighten,0
asap7,aes,finish__design__instance__area,e476f58f5155006a0f2c0851e65872a1443cb4f6,1772835964,1772209135,1973.04,1868.7,-0.0528867,tighten,1
asap7,aes,finish__design__instance__area,1ad9ee5203118586cab4535015c5184473e53783,1774531618,1772835964,1868.7,1833.04,-0.0190786,tighten,0
asap7,aes,finish__design__instance__area,442c25202ace17ce42288d502eef557a4ce7f1e5,1779202706,1774759716,1833.04,1638.26,-0.106262,tighten,1
asap7,aes,finish__design__instance__area,a89f995a56a40be9b48b39daad94210b36a88d0a,1781720239,1781393401,1638.26,1446.96,-0.116773,tighten,1
asap7,aes,finish__design__instance__area,19c2b08c4caa7d5fae6fecd81415e808f7a92b83,1784579405,1784194417,1446.96,1446.09,-0.000600962,tighten,0
asap7,aes,placeopt__design__instance__area,3e85fcd8465d967e20d228c1494b8824e699e5a6,1652820402,1652373207,2925.22,2924.35,-0.000297265,tighten,0
asap7,aes,placeopt__design__instance__area,373b724c682c33cdb2681bb95008e334cb2cff23,1658154812,1652820402,2924.35,2922.61,-0.000594707,tighten,0
asap7,aes,placeopt__design__instance__area,11d682b3422f774154f6ad89f403687afdc1809f,1662478866,1659117194,2922.61,2503.48,-0.14341,tighten,1
asap7,aes,placeopt__design__instance__area,0317619cb67f1c77437a0aad479e4902f7cffa1b,1664989164,1662650846,2503.48,2501.74,-0.000694686,tighten,0
asap7,aes,placeopt__design__instance__area,09b386b7086f1a10e11f6e26cebac15e53095626,1665635960,1664989164,2501.74,2500,-0.000695169,tighten,0
asap7,aes,placeopt__design__instance__area,b34f40c79b06af45896fd11f9719657b9f926ca6,1674582080,1672313005,2500,2499.13,-0.000347826,tighten,0
asap7,aes,placeopt__design__instance__area,09c3011a9e97e4a94ce3eb3b0aec303b428f5a7d,1679505623,1674582080,2499.13,2496.52,-0.00104384,tighten,0
asap7,aes,placeopt__design__instance__area,f50270aaac2990b084b60db7761a35581c188644,1693498950,1692226288,2496.52,2494.78,-0.000696621,tighten,0
asap7,aes,placeopt__design__instance__area,3d05440525390fe651bd9ad60df2267f2cb6ad23,1702463869,1699922798,2494.78,1799.13,-0.278843,tighten,0
asap7,aes,placeopt__design__instance__area,53873f6b5a049a999386861e7a9ee80aa61080c5,1727499238,1726801420,1799.13,1976.52,0.0985984,failing,0
asap7,aes,placeopt__design__instance__area,42c12e80a33d8c34badeff76e9aeeaea0b4e2651,1749917054,1742507021,1976.52,1925.22,-0.0259569,tighten,1
asap7,aes,placeopt__design__instance__area,9753d33a6e24b5daad668aca9cde8918f2af9ebd,1756701107,1752003067,1925.22,1893.04,-0.0167118,tighten,1
asap7,aes,placeopt__design__instance__area,b2d224758b1fae76777c5fc5a3493c6bd769404c,1763659797,1763395270,1893.04,1880,-0.00689022,tighten,0
asap7,aes,placeopt__design__instance__area,e476f58f5155006a0f2c0851e65872a1443cb4f6,1772835964,1772209135,1880,1781.74,-0.0522664,tighten,1
asap7,aes,placeopt__design__instance__area,1ad9ee5203118586cab4535015c5184473e53783,1774531618,1772835964,1781.74,1766.96,-0.00829673,tighten,0
asap7,aes,placeopt__design__instance__area,442c25202ace17ce42288d502eef557a4ce7f1e5,1779202706,1774759716,1766.96,1607.83,-0.0900591,tighten,1
asap7,aes,placeopt__design__instance__area,a89f995a56a40be9b48b39daad94210b36a88d0a,1781720239,1781393401,1607.83,1403.48,-0.127096,tighten,1
asap7,aes,placeopt__design__instance__area,19c2b08c4caa7d5fae6fecd81415e808f7a92b83,1784579405,1784194417,1403.48,1388.7,-0.0105328,tighten,0
asap7,aes,placeopt__design__instance__count__stdcell,3e85fcd8465d967e20d228c1494b8824e699e5a6,1652820402,1652373207,22914.8,22913,-7.58956e-05,tighten,0
asap7,aes,placeopt__design__instance__count__stdcell,373b724c682c33cdb2681bb95008e334cb2cff23,1658154812,1652820402,22913,22912.2,-3.79507e-05,tighten,0
asap7,aes,placeopt__design__instance__count__stdcell,11d682b3422f774154f6ad89f403687afdc1809f,1662478866,1659117194,22912.2,22107,-0.0351436,tighten,1
asap7,aes,placeopt__design__instance__count__stdcell,3d05440525390fe651bd9ad60df2267f2cb6ad23,1702463869,1699922798,22107,15347.8,-0.305747,tighten,0
asap7,aes,placeopt__design__instance__count__stdcell,53873f6b5a049a999386861e7a9ee80aa61080c5,1727499238,1726801420,15347.8,17118.3,0.115354,failing,0
asap7,aes,placeopt__design__instance__count__stdcell,42c12e80a33d8c34badeff76e9aeeaea0b4e2651,1749917054,1742507021,17118.3,17038.3,-0.00467337,tighten,1
asap7,aes,placeopt__design__instance__count__stdcell,e476f58f5155006a0f2c0851e65872a1443cb4f6,1772835964,1772209135,17038.3,16807,-0.0135756,tighten,1
asap7,aes,placeopt__design__instance__count__stdcell,1ad9ee5203118586cab4535015c5184473e53783,1774531618,1772835964,16807,16654.8,-0.00905422,tighten,0
asap7,aes,placeopt__design__instance__count__stdcell,442c25202ace17ce42288d502eef557a4ce7f1e5,1779202706,1774759716,16654.8,15197.4,-0.0875059,tighten,1
asap7,aes,placeopt__design__instance__count__stdcell,a89f995a56a40be9b48b39daad94210b36a88d0a,1781720239,1781393401,15197.4,12587.8,-0.171711,tighten,1
asap7,aes,placeopt__design__instance__count__stdcell,19c2b08c4caa7d5fae6fecd81415e808f7a92b83,1784579405,1784194417,12587.8,12453,-0.0107074,tighten,0
asap7,aes-block,detailedroute__route__wirelength,b711f8f692bf7e32aeaf95715993153bc1df2b9b,1698214367,1696968611,100945,75238.3,-0.254662,tighten,0
asap7,aes-block,detailedroute__route__wirelength,bc14f9c2f1bb5d4fa8edb667f36b3a90766b7754,1709852768,1698214367,75238.3,61846.1,-0.177997,tighten,1
asap7,aes-block,detailedroute__route__wirelength,a006172422544ec724ec4f2bd3b3ab46253ba94a,1713471019,1712179451,61846.1,72019.1,0.16449,failing,0
asap7,aes-block,detailedroute__route__wirelength,4ea3a034b4e8fa700a5c04410975109b4b196c36,1715798759,1713471019,72019.1,69900,-0.0294245,tighten,1
asap7,aes-block,detailedroute__route__wirelength,204610eaf40c1d4389d776a3bdc9dfa21554727c,1719417626,1717017279,69900,67695.7,-0.0315357,tighten,0
asap7,aes-block,detailedroute__route__wirelength,3cf22e57f905b4c112a4c39dc124b323dbd284af,1720750184,1719417626,67695.7,67437.4,-0.00381503,tighten,0
asap7,aes-block,detailedroute__route__wirelength,0555668c0f6b5b8c1455dfcae013978794db62ce,1721415217,1721115103,67437.4,63834.8,-0.0534215,tighten,0
asap7,aes-block,detailedroute__route__wirelength,53873f6b5a049a999386861e7a9ee80aa61080c5,1727499238,1726933712,63834.8,71707.8,0.123335,failing,0
asap7,aes-block,detailedroute__route__wirelength,759bc3182091858806b53f09a728eaf5ea6216e5,1735395970,1734995732,71707.8,85881.7,0.197662,failing,0
asap7,aes-block,detailedroute__route__wirelength,faaca5deceec0a6aa9e03bc28b0a0c210a4610fe,1736542147,1735395970,85881.7,76685.2,-0.107084,tighten,0
asap7,aes-block,detailedroute__route__wirelength,f71a924f1c9b4004ac8c45fdfe08cfe4af98e191,1737235499,1736542147,76685.2,66749.6,-0.129564,tighten,1
asap7,aes-block,detailedroute__route__wirelength,32ae955873a87d075ad6929e6b4c44c2427faf86,1738624514,1738263999,66749.6,65693,-0.0158281,tighten,0
asap7,aes-block,detailedroute__route__wirelength,804812ea75e47913c47c50f833524f3577d6b7be,1741306883,1739380119,65693,62765.2,-0.0445683,tighten,1
asap7,aes-block,detailedroute__route__wirelength,87326a791158be03cb2b9523f4552764934d821a,1741437680,1741306883,62765.2,62541.7,-0.00356054,tighten,0
asap7,aes-block,detailedroute__route__wirelength,42178207582b826afda558465d444ace04ccbd4a,1747174692,1744310230,62541.7,72001.7,0.151259,failing,0
asap7,aes-block,detailedroute__route__wirelength,efbc08a20cb0e9999d8ae71e13efdd7faf28c429,1749587125,1747174692,72001.7,67035.7,-0.0689718,tighten,1
asap7,aes-block,detailedroute__route__wirelength,babc69e09d41d6039a4f3e103caaccfca0569e8a,1750294527,1750273217,67035.7,66073,-0.0143597,tighten,0
asap7,aes-block,detailedroute__route__wirelength,c22d243650012f8923f6543fa173aea39adc160e,1753236964,1752187288,66073,54613,-0.173444,tighten,1
asap7,aes-block,detailedroute__route__wirelength,4718111f7552f875b40f9cdd3bb01ed2b5b0d543,1754943686,1753236964,54613,54200,-0.00756309,tighten,0
asap7,aes-block,detailedroute__route__wirelength,449a6add123eed49ba17f11d5154c5c9865a99a4,1756152598,1755785256,54200,50138.3,-0.0749398,tighten,0
asap7,aes-block,detailedroute__route__wirelength,252042c9c294386a7a8594dc3465b542c0184c52,1759899974,1758932959,50138.3,49800.9,-0.00672922,tighten,0
asap7,aes-block,detailedroute__route__wirelength,3da1022ca3cb0782985b0286c2d9ff9c28926514,1761244845,1761193610,49800.9,48884.3,-0.0184037,tighten,0
asap7,aes-block,detailedroute__route__wirelength,73b3e3209165d7c551ebbdcb7f32893d7b384702,1761600294,1761360171,48884.3,48600,-0.00581675,tighten,0
asap7,aes-block,detailedroute__route__wirelength,b2d224758b1fae76777c5fc5a3493c6bd769404c,1763659797,1761600294,48600,48451.3,-0.00305958,tighten,0
asap7,aes-block,detailedroute__route__wirelength,ade358bbed511cea8958a0327c9c0e5ab62bbeee,1763733007,1763683217,48451.3,46207,-0.0463217,tighten,0
asap7,aes-block,detailedroute__route__wirelength,2e7f3ae0cfd828041f40bd18d738fc654a52a5fd,1763795185,1763733007,46207,46020,-0.00404607,tighten,0
asap7,aes-block,detailedroute__route__wirelength,e3f6ead01c33c5c7ffed5824a43d44dfcadba162,1771913295,1771883623,46020,44284.3,-0.0377152,tighten,1
asap7,aes-block,detailedroute__route__wirelength,b688e16c40817d7dd0e713e09ef21e0c026be688,1772576373,1772209135,44284.3,45857.4,0.0355214,failing,1
asap7,aes-block,detailedroute__route__wirelength,4f75afd4cb1ea5150d91d3a010fe278c28955efa,1773561379,1773314750,45857.4,45107,-0.0163645,tighten,0
asap7,aes-block,detailedroute__route__wirelength,9ce62ea3a3d5de666dc93ba4b0350b64c5563fde,1776976785,1776199700,45107,43365.2,-0.0386135,tighten,1
asap7,aes-block,detailedroute__route__wirelength,a89f995a56a40be9b48b39daad94210b36a88d0a,1781720239,1779202706,43365.2,43705.2,0.00784039,failing,0
asap7,aes-block,detailedroute__route__wirelength,993421dfc995dce4d6d2aec2028d7f34546a2f81,1784194417,1781720239,43705.2,42558.3,-0.026243,tighten,0
asap7,aes-block,detailedroute__route__wirelength,19c2b08c4caa7d5fae6fecd81415e808f7a92b83,1784579405,1784194417,42558.3,42153,-0.00952147,tighten,0
asap7,aes-block,detailedroute__route__wirelength,8c0616910615e843780ba527526f2b83a564ba70,1788312546,1786034690,42153,42025.2,-0.00303243,tighten,0
asap7,aes-block,finish__design__instance__area,bc14f9c2f1bb5d4fa8edb667f36b3a90766b7754,1709852768,1698214367,8280,6383.48,-0.229049,tighten,1
asap7,aes-block,finish__design__instance__area,b1022822977b88f5291ec4fdcd1b11dfa7769224,1710368324,1709852768,6383.48,6375.65,-0.00122599,tighten,0
asap7,aes-block,finish__design__instance__area,33d43e861a4971fc4ffc1f8102f6871b1a32edf8,1712179451,1710588510,6375.65,6371.3,-0.000681942,tighten,0
asap7,aes-block,finish__design__instance__area,53873f6b5a049a999386861e7a9ee80aa61080c5,1727499238,1726933712,6371.3,6493.91,0.0192439,failing,0
asap7,aes-block,finish__design__instance__area,759bc3182091858806b53f09a728eaf5ea6216e5,1735395970,1734995732,6493.91,6488.7,-0.000803428,tighten,0
asap7,aes-block,finish__design__instance__area,faaca5deceec0a6aa9e03bc28b0a0c210a4610fe,1736542147,1735395970,6488.7,6472.17,-0.00254623,tighten,0
asap7,aes-block,finish__design__instance__area,f71a924f1c9b4004ac8c45fdfe08cfe4af98e191,1737235499,1736542147,6472.17,6409.57,-0.00967352,tighten,1
asap7,aes-block,finish__design__instance__area,804812ea75e47913c47c50f833524f3577d6b7be,1741306883,1739380119,6409.57,6401.74,-0.001221,tighten,1
asap7,aes-block,finish__design__instance__area,87326a791158be03cb2b9523f4552764934d821a,1741437680,1741306883,6401.74,6394.78,-0.00108666,tighten,0
asap7,aes-block,finish__design__instance__area,20a3b2c0f8eba1ba0c69e78893ea04760c580c76,1742507021,1742416962,6394.78,6389.57,-0.000815883,tighten,0
asap7,aes-block,finish__design__instance__area,252042c9c294386a7a8594dc3465b542c0184c52,1759899974,1758932959,6389.57,6375.65,-0.00217746,tighten,0
asap7,aes-block,finish__design__instance__area,b688e16c40817d7dd0e713e09ef21e0c026be688,1772576373,1772209135,6375.65,6266.09,-0.0171849,tighten,1
asap7,aes-block,finish__design__instance__area,4f75afd4cb1ea5150d91d3a010fe278c28955efa,1773561379,1773314750,6266.09,6265.22,-0.000138773,tighten,0
asap7,aes-block,finish__design__instance__area,442c25202ace17ce42288d502eef557a4ce7f1e5,1779202706,1776976785,6265.22,5862.61,-0.0642609,tighten,1
asap7,aes-block,finish__design__instance__area,a89f995a56a40be9b48b39daad94210b36a88d0a,1781720239,1779202706,5862.61,5869.57,0.00118659,failing,0
asap7,aes-block,finish__design__instance__area,19c2b08c4caa7d5fae6fecd81415e808f7a92b83,1784579405,1784194417,5869.57,5866.09,-0.000592593,tighten,0
asap7,aes-block,placeopt__design__instance__area,bc14f9c2f1bb5d4fa8edb667f36b3a90766b7754,1709852768,1698214367,8119.13,6293.04,-0.224912,tighten,1
asap7,aes-block,placeopt__design__instance__area,b25454973f2d0d42e01bf37f8e50ed77ad2eb8c7,1710588510,1710368324,6293.04,6265.22,-0.00442172,tighten,0
asap7,aes-block,placeopt__design__instance__area,53873f6b5a049a999386861e7a9ee80aa61080c5,1727499238,1726933712,6265.22,6376.52,0.0177654,failing,0
asap7,aes-block,placeopt__design__instance__area,25018afbf2ae7b0c5b4d98a6e425491bda0ed1a7,1729003961,1727499238,6376.52,6375.65,-0.00013637,tighten,1
asap7,aes-block,placeopt__design__instance__area,f71a924f1c9b4004ac8c45fdfe08cfe4af98e191,1737235499,1736542147,6375.65,6339.13,-0.00572831,tighten,1
asap7,aes-block,placeopt__design__instance__area,c22d243650012f8923f6543fa173aea39adc160e,1753236964,1752187288,6339.13,6311.3,-0.00438957,tighten,1
asap7,aes-block,placeopt__design__instance__area,449a6add123eed49ba17f11d5154c5c9865a99a4,1756152598,1755785256,6311.3,6291.3,-0.00316892,tighten,0
asap7,aes-block,placeopt__design__instance__area,b36848c1ad43f98fff1e23f9efd823179f713366,1756315375,1756152598,6291.3,6289.57,-0.000276434,tighten,0
asap7,aes-block,placeopt__design__instance__area,9753d33a6e24b5daad668aca9cde8918f2af9ebd,1756701107,1756315375,6289.57,6287.83,-0.00027651,tighten,0
asap7,aes-block,placeopt__design__instance__area,4ee6469a2d53f71c6289a6b2395d7acdc4ec8071,1757516308,1756852624,6287.83,6286.09,-0.000276587,tighten,0
asap7,aes-block,placeopt__design__instance__area,252042c9c294386a7a8594dc3465b542c0184c52,1759899974,1758932959,6286.09,6274.78,-0.00179831,tighten,0
asap7,aes-block,placeopt__design__instance__area,ade358bbed511cea8958a0327c9c0e5ab62bbeee,1763733007,1763683217,6274.78,6273.91,-0.000138581,tighten,0
asap7,aes-block,placeopt__design__instance__area,2e7f3ae0cfd828041f40bd18d738fc654a52a5fd,1763795185,1763733007,6273.91,6272.17,-0.0002772,tighten,0
asap7,aes-block,placeopt__design__instance__area,4a06a65c58f4b630161485e15fa14086877512e1,1767210623,1765990388,6272.17,6269.57,-0.000415916,tighten,0
asap7,aes-block,placeopt__design__instance__area,b688e16c40817d7dd0e713e09ef21e0c026be688,1772576373,1772209135,6269.57,6207.83,-0.00984743,tighten,1
asap7,aes-block,placeopt__design__instance__area,442c25202ace17ce42288d502eef557a4ce7f1e5,1779202706,1776976785,6207.83,5825.22,-0.0616333,tighten,1
asap7,aes-block,placeopt__design__instance__area,a89f995a56a40be9b48b39daad94210b36a88d0a,1781720239,1779202706,5825.22,5830.43,0.000895656,failing,0
asap7,aes-block,placeopt__design__instance__area,19c2b08c4caa7d5fae6fecd81415e808f7a92b83,1784579405,1784194417,5830.43,5829.57,-0.000149142,tighten,0
asap7,aes-block,placeopt__design__instance__count__stdcell,b711f8f692bf7e32aeaf95715993153bc1df2b9b,1698214367,1696968611,22107,11461.7,-0.481532,tighten,0
asap7,aes-block,placeopt__design__instance__count__stdcell,bc14f9c2f1bb5d4fa8edb667f36b3a90766b7754,1709852768,1698214367,11461.7,9866.96,-0.13914,tighten,1
asap7,aes-block,placeopt__design__instance__count__stdcell,b25454973f2d0d42e01bf37f8e50ed77ad2eb8c7,1710588510,1710368324,9866.96,9832.17,-0.00352516,tighten,0
asap7,aes-block,placeopt__design__instance__count__stdcell,53873f6b5a049a999386861e7a9ee80aa61080c5,1727499238,1726933712,9832.17,10618.3,0.0799505,failing,0
asap7,aes-block,placeopt__design__instance__count__stdcell,ad1b24dbd83dbaadaf5b5df8effc6c9d643b1421,1734995732,1729003961,10618.3,10611.3,-0.000655147,tighten,1
asap7,aes-block,placeopt__design__instance__count__stdcell,faaca5deceec0a6aa9e03bc28b0a0c210a4610fe,1736542147,1735395970,10611.3,10307,-0.0286815,tighten,0
asap7,aes-block,placeopt__design__instance__count__stdcell,f71a924f1c9b4004ac8c45fdfe08cfe4af98e191,1737235499,1736542147,10307,9568.7,-0.0716274,tighten,1
asap7,aes-block,placeopt__design__instance__count__stdcell,c22d243650012f8923f6543fa173aea39adc160e,1753236964,1752187288,9568.7,9274.78,-0.0307161,tighten,1
asap7,aes-block,placeopt__design__instance__count__stdcell,252042c9c294386a7a8594dc3465b542c0184c52,1759899974,1758932959,9274.78,9257.39,-0.00187512,tighten,0
asap7,aes-block,placeopt__design__instance__count__stdcell,ade358bbed511cea8958a0327c9c0e5ab62bbeee,1763733007,1763683217,9257.39,9240.87,-0.00178471,tighten,0
asap7,aes-block,placeopt__design__instance__count__stdcell,2e7f3ae0cfd828041f40bd18d738fc654a52a5fd,1763795185,1763733007,9240.87,9224.35,-0.0017879,tighten,0
asap7,aes-block,placeopt__design__instance__count__stdcell,4a06a65c58f4b630161485e15fa14086877512e1,1767210623,1765990388,9224.35,9193.91,-0.0032994,tighten,0
asap7,aes-block,placeopt__design__instance__count__stdcell,e3f6ead01c33c5c7ffed5824a43d44dfcadba162,1771913295,1771883623,9193.91,9131.3,-0.0068098,tighten,1
asap7,aes-block,placeopt__design__instance__count__stdcell,b688e16c40817d7dd0e713e09ef21e0c026be688,1772576373,1772209135,9131.3,8366.09,-0.0838015,tighten,1
asap7,aes-block,placeopt__design__instance__count__stdcell,a89f995a56a40be9b48b39daad94210b36a88d0a,1781720239,1779202706,8366.09,8881.74,0.061636,failing,0
asap7,aes-block,placeopt__design__instance__count__stdcell,19c2b08c4caa7d5fae6fecd81415e808f7a92b83,1784579405,1784194417,8881.74,8838.26,-0.00489524,tighten,0
asap7,aes-mbff,detailedroute__route__wirelength,fc5c0b19fed5486b0166b0e7f34f94f878700c8e,1700605975,1700175783,109618,78334.8,-0.285386,tighten,0
asap7,aes-mbff,detailedroute__route__wirelength,c72ffd7dcd317c337df2535314289f8d0a593467,1700687046,1700605975,78334.8,114989,0.467914,failing,0
asap7,aes-mbff,detailedroute__route__wirelength,3d05440525390fe651bd9ad60df2267f2cb6ad23,1702463869,1700977459,114989,73507.8,-0.360739,tighten,0
asap7,aes-mbff,detailedroute__route__wirelength,53873f6b5a049a999386861e7a9ee80aa61080c5,1727499238,1726801420,73507.8,77686.1,0.056841,failing,0
asap7,aes-mbff,detailedroute__route__wirelength,42c12e80a33d8c34badeff76e9aeeaea0b4e2651,1749917054,1741437680,77686.1,66677.4,-0.141707,tighten,0
asap7,aes-mbff,detailedroute__route__wirelength,457549938522cbf74360fab4520cc93d40adeb9c,1756497923,1749917054,66677.4,65005.2,-0.0250786,tighten,1
asap7,aes-mbff,detailedroute__route__wirelength,9753d33a6e24b5daad668aca9cde8918f2af9ebd,1756701107,1756497923,65005.2,64941.7,-0.00097651,tighten,0
asap7,aes-mbff,detailedroute__route__wirelength,aad6b36d2a98876e019315f4711e7e7eb8efa058,1760067789,1759899974,64941.7,64494.8,-0.00688242,tighten,0
asap7,aes-mbff,detailedroute__route__wirelength,442c25202ace17ce42288d502eef557a4ce7f1e5,1779202706,1776976785,64494.8,60008.7,-0.0695574,tighten,1
asap7,aes-mbff,detailedroute__route__wirelength,d39a7b21e8f23d0220f03ee6e4f727156f236853,1780178044,1779202706,60008.7,59984.3,-0.000405738,tighten,0
asap7,aes-mbff,detailedroute__route__wirelength,a89f995a56a40be9b48b39daad94210b36a88d0a,1781720239,1780178044,59984.3,60104.3,0.00200052,failing,0
asap7,aes-mbff,detailedroute__route__wirelength,6c7028f16cf3edf11439f9f609f70176e5a4be55,1782632631,1781720239,60104.3,59254.8,-0.0141348,tighten,0
asap7,aes-mbff,finish__design__instance__area,fc5c0b19fed5486b0166b0e7f34f94f878700c8e,1700605975,1700175783,2858.26,1945.22,-0.31944,tighten,0
asap7,aes-mbff,finish__design__instance__area,c72ffd7dcd317c337df2535314289f8d0a593467,1700687046,1700605975,1945.22,2905.22,0.493518,failing,0
asap7,aes-mbff,finish__design__instance__area,3d05440525390fe651bd9ad60df2267f2cb6ad23,1702463869,1700977459,2905.22,1924.35,-0.337623,tighten,0
asap7,aes-mbff,finish__design__instance__area,53873f6b5a049a999386861e7a9ee80aa61080c5,1727499238,1726801420,1924.35,2052.17,0.0664257,failing,0
asap7,aes-mbff,finish__design__instance__area,87326a791158be03cb2b9523f4552764934d821a,1741437680,1741306883,2052.17,2051.3,-0.000423729,tighten,0
asap7,aes-mbff,finish__design__instance__area,42c12e80a33d8c34badeff76e9aeeaea0b4e2651,1749917054,1741437680,2051.3,1975.65,-0.03688,tighten,0
asap7,aes-mbff,finish__design__instance__area,aad6b36d2a98876e019315f4711e7e7eb8efa058,1760067789,1759899974,1975.65,1960,-0.00792254,tighten,0
asap7,aes-mbff,finish__design__instance__area,1ad9ee5203118586cab4535015c5184473e53783,1774531618,1772209135,1960,1918.26,-0.0212955,tighten,0
asap7,aes-mbff,finish__design__instance__area,9ce62ea3a3d5de666dc93ba4b0350b64c5563fde,1776976785,1774531618,1918.26,1895.65,-0.011786,tighten,1
asap7,aes-mbff,finish__design__instance__area,442c25202ace17ce42288d502eef557a4ce7f1e5,1779202706,1776976785,1895.65,1697.39,-0.104587,tighten,1
asap7,aes-mbff,finish__design__instance__area,d39a7b21e8f23d0220f03ee6e4f727156f236853,1780178044,1779202706,1697.39,1693.04,-0.00256148,tighten,0
asap7,aes-mbff,finish__design__instance__area,a89f995a56a40be9b48b39daad94210b36a88d0a,1781720239,1780178044,1693.04,1688.7,-0.00256805,tighten,0
asap7,aes-mbff,finish__design__instance__area,6c7028f16cf3edf11439f9f609f70176e5a4be55,1782632631,1781720239,1688.7,1661.74,-0.0159629,tighten,0
asap7,aes-mbff,finish__design__instance__area,19c2b08c4caa7d5fae6fecd81415e808f7a92b83,1784579405,1782632631,1661.74,1649.57,-0.00732601,tighten,0
asap7,aes-mbff,placeopt__design__instance__area,fc5c0b19fed5486b0166b0e7f34f94f878700c8e,1700605975,1700175783,2494.78,1800,-0.278494,tighten,0
asap7,aes-mbff,placeopt__design__instance__area,c72ffd7dcd317c337df2535314289f8d0a593467,1700687046,1700605975,1800,2533.04,0.407246,failing,0
asap7,aes-mbff,placeopt__design__instance__area,3d05440525390fe651bd9ad60df2267f2cb6ad23,1702463869,1700977459,2533.04,1793.04,-0.292139,tighten,0
asap7,aes-mbff,placeopt__design__instance__area,53873f6b5a049a999386861e7a9ee80aa61080c5,1727499238,1726801420,1793.04,1976.52,0.102328,failing,0
asap7,aes-mbff,placeopt__design__instance__area,42c12e80a33d8c34badeff76e9aeeaea0b4e2651,1749917054,1741437680,1976.52,1925.22,-0.0259569,tighten,0
asap7,aes-mbff,placeopt__design__instance__area,457549938522cbf74360fab4520cc93d40adeb9c,1756497923,1749917054,1925.22,1893.04,-0.0167118,tighten,1
asap7,aes-mbff,placeopt__design__instance__area,aad6b36d2a98876e019315f4711e7e7eb8efa058,1760067789,1759899974,1893.04,1874.78,-0.0096463,tighten,0
asap7,aes-mbff,placeopt__design__instance__area,1ad9ee5203118586cab4535015c5184473e53783,1774531618,1772209135,1874.78,1828.7,-0.0245826,tighten,0
asap7,aes-mbff,placeopt__design__instance__area,9ce62ea3a3d5de666dc93ba4b0350b64c5563fde,1776976785,1774531618,1828.7,1814.78,-0.00760818,tighten,1
asap7,aes-mbff,placeopt__design__instance__area,442c25202ace17ce42288d502eef557a4ce7f1e5,1779202706,1776976785,1814.78,1650.43,-0.0905606,tighten,1
asap7,aes-mbff,placeopt__design__instance__area,a89f995a56a40be9b48b39daad94210b36a88d0a,1781720239,1780178044,1650.43,1649.57,-0.00052687,tighten,0
asap7,aes-mbff,placeopt__design__instance__area,6c7028f16cf3edf11439f9f609f70176e5a4be55,1782632631,1781720239,1649.57,1632.17,-0.010543,tighten,0
asap7,aes-mbff,placeopt__design__instance__area,19c2b08c4caa7d5fae6fecd81415e808f7a92b83,1784579405,1782632631,1632.17,1618.26,-0.00852424,tighten,0
asap7,aes-mbff,placeopt__design__instance__count__stdcell,fc5c0b19fed5486b0166b0e7f34f94f878700c8e,1700605975,1700175783,21864.3,15401.7,-0.295577,tighten,0
asap7,aes-mbff,placeopt__design__instance__count__stdcell,c72ffd7dcd317c337df2535314289f8d0a593467,1700687046,1700605975,15401.7,21864.3,0.419603,failing,0
asap7,aes-mbff,placeopt__design__instance__count__stdcell,3d05440525390fe651bd9ad60df2267f2cb6ad23,1702463869,1700977459,21864.3,14977.4,-0.314986,tighten,0
asap7,aes-mbff,placeopt__design__instance__count__stdcell,53873f6b5a049a999386861e7a9ee80aa61080c5,1727499238,1726801420,14977.4,17118.3,0.14294,failing,0
asap7,aes-mbff,placeopt__design__instance__count__stdcell,42c12e80a33d8c34badeff76e9aeeaea0b4e2651,1749917054,1741437680,17118.3,17038.3,-0.00467337,tighten,0
asap7,aes-mbff,placeopt__design__instance__count__stdcell,442c25202ace17ce42288d502eef557a4ce7f1e5,1779202706,1776976785,17038.3,15781.7,-0.0737471,tighten,1
asap7,aes-mbff,placeopt__design__instance__count__stdcell,d39a7b21e8f23d0220f03ee6e4f727156f236853,1780178044,1779202706,15781.7,15775.7,-0.000385696,tighten,0
asap7,aes-mbff,placeopt__design__instance__count__stdcell,a89f995a56a40be9b48b39daad94210b36a88d0a,1781720239,1780178044,15775.7,15768.7,-0.000440966,tighten,0
asap7,aes-mbff,placeopt__design__instance__count__stdcell,6c7028f16cf3edf11439f9f609f70176e5a4be55,1782632631,1781720239,15768.7,15593,-0.0111393,tighten,0
asap7,aes-mbff,placeopt__design__instance__count__stdcell,19c2b08c4caa7d5fae6fecd81415e808f7a92b83,1784579405,1782632631,15593,15442.6,-0.00964756,tighten,0
asap7,aes_lvt,detailedroute__route__wirelength,f50270aaac2990b084b60db7761a35581c188644,1693498950,1692283204,100945,102161,0.0120427,failing,1
asap7,aes_lvt,detailedroute__route__wirelength,3d05440525390fe651bd9ad60df2267f2cb6ad23,1702463869,1700977459,102161,68519.1,-0.329302,tighten,0
asap7,aes_lvt,detailedroute__route__wirelength,3cf22e57f905b4c112a4c39dc124b323dbd284af,1720750184,1713471019,68519.1,67740.9,-0.0113583,tighten,1
asap7,aes_lvt,detailedroute__route__wirelength,42c12e80a33d8c34badeff76e9aeeaea0b4e2651,1749917054,1742518862,67740.9,63086.1,-0.0687145,tighten,1
asap7,aes_lvt,detailedroute__route__wirelength,9753d33a6e24b5daad668aca9cde8918f2af9ebd,1756701107,1751918507,63086.1,60240.9,-0.0451006,tighten,1
asap7,aes_lvt,detailedroute__route__wirelength,b2d224758b1fae76777c5fc5a3493c6bd769404c,1763659797,1763395270,60240.9,59961.7,-0.00463357,tighten,0
asap7,aes_lvt,detailedroute__route__wirelength,9ce62ea3a3d5de666dc93ba4b0350b64c5563fde,1776976785,1774531618,59961.7,56567,-0.0566158,tighten,1
asap7,aes_lvt,detailedroute__route__wirelength,19c2b08c4caa7d5fae6fecd81415e808f7a92b83,1784579405,1781393401,56567,52238.3,-0.0765234,tighten,0
asap7,aes_lvt,finish__design__instance__area,f50270aaac2990b084b60db7761a35581c188644,1693498950,1692283204,2639.13,2581.74,-0.0217463,tighten,1
asap7,aes_lvt,finish__design__instance__area,3d05440525390fe651bd9ad60df2267f2cb6ad23,1702463869,1700977459,2581.74,1862.61,-0.278545,tighten,0
asap7,aes_lvt,finish__design__instance__area,42c12e80a33d8c34badeff76e9aeeaea0b4e2651,1749917054,1742518862,1862.61,1828.7,-0.0182073,tighten,1
asap7,aes_lvt,finish__design__instance__area,9753d33a6e24b5daad668aca9cde8918f2af9ebd,1756701107,1751918507,1828.7,1765.22,-0.0347123,tighten,1
asap7,aes_lvt,finish__design__instance__area,4ee6469a2d53f71c6289a6b2395d7acdc4ec8071,1757516308,1756701107,1765.22,1761.74,-0.00197044,tighten,0
asap7,aes_lvt,finish__design__instance__area,b2d224758b1fae76777c5fc5a3493c6bd769404c,1763659797,1763395270,1761.74,1753.91,-0.00444225,tighten,0
asap7,aes_lvt,finish__design__instance__area,1ad9ee5203118586cab4535015c5184473e53783,1774531618,1768241546,1753.91,1732.17,-0.0123946,tighten,1
asap7,aes_lvt,finish__design__instance__area,9ce62ea3a3d5de666dc93ba4b0350b64c5563fde,1776976785,1774531618,1732.17,1605.22,-0.0732932,tighten,1
asap7,aes_lvt,finish__design__instance__area,19c2b08c4caa7d5fae6fecd81415e808f7a92b83,1784579405,1781393401,1605.22,1303.48,-0.187974,tighten,0
asap7,aes_lvt,placeopt__design__instance__area,f50270aaac2990b084b60db7761a35581c188644,1693498950,1692283204,2496.52,2495.65,-0.000348311,tighten,1
asap7,aes_lvt,placeopt__design__instance__area,3d05440525390fe651bd9ad60df2267f2cb6ad23,1702463869,1700977459,2495.65,1786.09,-0.284321,tighten,0
asap7,aes_lvt,placeopt__design__instance__area,9753d33a6e24b5daad668aca9cde8918f2af9ebd,1756701107,1751918507,1786.09,1729.57,-0.0316456,tighten,1
asap7,aes_lvt,placeopt__design__instance__area,4ee6469a2d53f71c6289a6b2395d7acdc4ec8071,1757516308,1756701107,1729.57,1727.83,-0.00100553,tighten,0
asap7,aes_lvt,placeopt__design__instance__area,b2d224758b1fae76777c5fc5a3493c6bd769404c,1763659797,1763395270,1727.83,1722.61,-0.00301963,tighten,0
asap7,aes_lvt,placeopt__design__instance__area,75c067510af04cf949bb76087ff07757fd050f84,1764088621,1763659797,1722.61,1720,-0.00151439,tighten,0
asap7,aes_lvt,placeopt__design__instance__area,1ad9ee5203118586cab4535015c5184473e53783,1774531618,1768241546,1720,1699.13,-0.0121335,tighten,1
asap7,aes_lvt,placeopt__design__instance__area,9ce62ea3a3d5de666dc93ba4b0350b64c5563fde,1776976785,1774531618,1699.13,1580.87,-0.0696008,tighten,1
asap7,aes_lvt,placeopt__design__instance__area,19c2b08c4caa7d5fae6fecd81415e808f7a92b83,1784579405,1781393401,1580.87,1285.22,-0.187019,tighten,0
asap7,aes_lvt,placeopt__design__instance__count__stdcell,f50270aaac2990b084b60db7761a35581c188644,1693498950,1692283204,22107,22322.6,0.00975495,failing,1
asap7,aes_lvt,placeopt__design__instance__count__stdcell,3d05440525390fe651bd9ad60df2267f2cb6ad23,1702463869,1700977459,22322.6,15426.1,-0.308948,tighten,0
asap7,aes_lvt,placeopt__design__instance__count__stdcell,9ce62ea3a3d5de666dc93ba4b0350b64c5563fde,1776976785,1774531618,15426.1,15173.9,-0.0163472,tighten,1
asap7,aes_lvt,placeopt__design__instance__count__stdcell,19c2b08c4caa7d5fae6fecd81415e808f7a92b83,1784579405,1781393401,15173.9,11567.8,-0.23765,tighten,0
asap7,cva6,detailedroute__route__wirelength,10cf97425b29659baaffca8d07b4e38bbff53fb0,1746644930,1742243128,1.07925e+06,1.27547e+06,0.18181,failing,1
asap7,cva6,detailedroute__route__wirelength,9b1f36c637e4e3bc0f4deb109d84a47e6057879a,1748561498,1748482032,1.27547e+06,1.40783e+06,0.103768,failing,1
asap7,cva6,detailedroute__route__wirelength,864358994a3054e69854d62f838ecbc7d5a64aad,1749674923,1748561498,1.40783e+06,1.63875e+06,0.164029,failing,1
asap7,cva6,detailedroute__route__wirelength,7cadc3e9e4a825f099ee2320d4f71a8b631ace73,1750086475,1749674923,1.63875e+06,1.15833e+06,-0.293161,tighten,1
asap7,cva6,detailedroute__route__wirelength,a6b96066cc4912745dd26fe87be7c3b4abd8b9a0,1750111926,1750086475,1.15833e+06,978216,-0.155496,tighten,1
asap7,cva6,detailedroute__route__wirelength,6f56bca487b744785bdbe27763d79245bdd94dc1,1750448058,1750111926,978216,934416,-0.0447754,tighten,1
asap7,cva6,detailedroute__route__wirelength,a375894dd2c701e78d048b36b28f5300ade40042,1754026399,1750448058,934416,622637,-0.333661,tighten,1
asap7,cva6,detailedroute__route__wirelength,252042c9c294386a7a8594dc3465b542c0184c52,1759899974,1757516308,622637,599004,-0.0379564,tighten,1
asap7,cva6,finish__design__instance__area,10cf97425b29659baaffca8d07b4e38bbff53fb0,1746644930,1742243128,14010.4,17488.7,0.248262,failing,1
asap7,cva6,finish__design__instance__area,19538fbb29c8102be1ed18b30e60275ce65b1595,1748482032,1746730085,17488.7,39404.3,1.25313,failing,1
asap7,cva6,finish__design__instance__area,7cadc3e9e4a825f099ee2320d4f71a8b631ace73,1750086475,1749674923,39404.3,20804.3,-0.472029,tighten,1
asap7,cva6,finish__design__instance__area,a6b96066cc4912745dd26fe87be7c3b4abd8b9a0,1750111926,1750086475,20804.3,18202.6,-0.125057,tighten,1
asap7,cva6,finish__design__instance__area,6f56bca487b744785bdbe27763d79245bdd94dc1,1750448058,1750111926,18202.6,18130.4,-0.00396503,tighten,1
asap7,cva6,finish__design__instance__area,a375894dd2c701e78d048b36b28f5300ade40042,1754026399,1750448058,18130.4,17273,-0.0472902,tighten,1
asap7,cva6,finish__design__instance__area,9753d33a6e24b5daad668aca9cde8918f2af9ebd,1756701107,1754026399,17273,17023.5,-0.0144482,tighten,1
asap7,cva6,finish__design__instance__area,252042c9c294386a7a8594dc3465b542c0184c52,1759899974,1757516308,17023.5,17563.5,0.0317209,failing,1
asap7,cva6,placeopt__design__instance__area,10cf97425b29659baaffca8d07b4e38bbff53fb0,1746644930,1742243128,13737.4,17208.7,0.25269,failing,1
asap7,cva6,placeopt__design__instance__area,19538fbb29c8102be1ed18b30e60275ce65b1595,1748482032,1746730085,17208.7,39167.8,1.27605,failing,1
asap7,cva6,placeopt__design__instance__area,7cadc3e9e4a825f099ee2320d4f71a8b631ace73,1750086475,1749674923,39167.8,20598.3,-0.474103,tighten,1
asap7,cva6,placeopt__design__instance__area,a6b96066cc4912745dd26fe87be7c3b4abd8b9a0,1750111926,1750086475,20598.3,18037.4,-0.124325,tighten,1
asap7,cva6,placeopt__design__instance__area,6f56bca487b744785bdbe27763d79245bdd94dc1,1750448058,1750111926,18037.4,17991.3,-0.00255508,tighten,1
asap7,cva6,placeopt__design__instance__area,a375894dd2c701e78d048b36b28f5300ade40042,1754026399,1750448058,17991.3,17138.3,-0.0474142,tighten,1
asap7,cva6,placeopt__design__instance__area,9753d33a6e24b5daad668aca9cde8918f2af9ebd,1756701107,1754026399,17138.3,16836.5,-0.0176062,tighten,1
asap7,cva6,placeopt__design__instance__area,252042c9c294386a7a8594dc3465b542c0184c52,1759899974,1757516308,16836.5,17282.6,0.0264952,failing,1
asap7,cva6,placeopt__design__instance__count__stdcell,19538fbb29c8102be1ed18b30e60275ce65b1595,1748482032,1746730085,113730,142711,0.25483,failing,1
asap7,cva6,placeopt__design__instance__count__stdcell,864358994a3054e69854d62f838ecbc7d5a64aad,1749674923,1748561498,142711,141782,-0.00651361,tighten,1
asap7,cva6,placeopt__design__instance__count__stdcell,7cadc3e9e4a825f099ee2320d4f71a8b631ace73,1750086475,1749674923,141782,132187,-0.0676729,tighten,1
asap7,cva6,placeopt__design__instance__count__stdcell,a6b96066cc4912745dd26fe87be7c3b4abd8b9a0,1750111926,1750086475,132187,119233,-0.0979969,tighten,1
asap7,cva6,placeopt__design__instance__count__stdcell,6f56bca487b744785bdbe27763d79245bdd94dc1,1750448058,1750111926,119233,118627,-0.00508321,tighten,1
asap7,cva6,placeopt__design__instance__count__stdcell,a375894dd2c701e78d048b36b28f5300ade40042,1754026399,1750448058,118627,107342,-0.095132,tighten,1
asap7,cva6,placeopt__design__instance__count__stdcell,252042c9c294386a7a8594dc3465b542c0184c52,1759899974,1757516308,107342,116643,0.0866473,failing,1
asap7,ethmac,detailedroute__route__wirelength,373b724c682c33cdb2681bb95008e334cb2cff23,1658154812,1652820402,255559,254464,-0.00428387,tighten,0
asap7,ethmac,detailedroute__route__wirelength,1b69a427d480eea98cd74b0a3ac248dc515d9a35,1658891881,1658154812,254464,249904,-0.01792,tighten,0
asap7,ethmac,detailedroute__route__wirelength,11d682b3422f774154f6ad89f403687afdc1809f,1662478866,1659117194,249904,222079,-0.111343,tighten,1
asap7,ethmac,detailedroute__route__wirelength,10f0392286d7f9084cd7e57431a65b90a907e363,1670719457,1667495167,222079,221867,-0.000955398,tighten,0
asap7,ethmac,detailedroute__route__wirelength,20552c2b44b6f9e33cd40a957a442fdd68631a93,1671117394,1670719457,221867,221154,-0.00321383,tighten,0
asap7,ethmac,detailedroute__route__wirelength,085ec3e1140673788ea46e5d2be55ff333320faa,1671142322,1671117394,221154,221065,-0.000401058,tighten,0
asap7,ethmac,detailedroute__route__wirelength,fe2285037bbf087c7fe4c562aa6229d799b6f798,1675712611,1671287778,221065,218178,-0.0130593,tighten,1
asap7,ethmac,detailedroute__route__wirelength,09c3011a9e97e4a94ce3eb3b0aec303b428f5a7d,1679505623,1676313682,218178,218105,-0.000334788,tighten,0
asap7,ethmac,detailedroute__route__wirelength,f50270aaac2990b084b60db7761a35581c188644,1693498950,1687058647,218105,220158,0.00941309,failing,0
asap7,ethmac,detailedroute__route__wirelength,3d05440525390fe651bd9ad60df2267f2cb6ad23,1702463869,1693498950,220158,214604,-0.0252269,tighten,0
asap7,ethmac,detailedroute__route__wirelength,292a586ef4d47252ac6fa553d05d57bb5486229e,1723903819,1720750184,214604,504550,1.35107,failing,0
asap7,ethmac,detailedroute__route__wirelength,9c859cc507727a9830de3c7552bdda2406d64f6b,1724317991,1723903819,504550,487282,-0.0342242,tighten,1
asap7,ethmac,detailedroute__route__wirelength,80d28863e882049bbdbddc5676cef590e196906c,1726801420,1724866939,487282,486257,-0.00210217,tighten,0
asap7,ethmac,detailedroute__route__wirelength,53873f6b5a049a999386861e7a9ee80aa61080c5,1727499238,1726801420,486257,486429,0.000352292,failing,0
asap7,ethmac,detailedroute__route__wirelength,42c12e80a33d8c34badeff76e9aeeaea0b4e2651,1749917054,1742507021,486429,202555,-0.583588,tighten,0
asap7,ethmac,detailedroute__route__wirelength,9753d33a6e24b5daad668aca9cde8918f2af9ebd,1756701107,1749917054,202555,183443,-0.0943556,tighten,1
asap7,ethmac,detailedroute__route__wirelength,faa7fe5f7e7c424bb2ca4b05ed18e113f2d482ac,1756800730,1756701107,183443,183434,-4.74026e-05,tighten,0
asap7,ethmac,detailedroute__route__wirelength,b688e16c40817d7dd0e713e09ef21e0c026be688,1772576373,1772209135,183434,211865,0.154995,failing,1
asap7,ethmac,detailedroute__route__wirelength,1ad9ee5203118586cab4535015c5184473e53783,1774531618,1772576373,211865,210250,-0.00762585,tighten,0
asap7,ethmac,detailedroute__route__wirelength,a89f995a56a40be9b48b39daad94210b36a88d0a,1781720239,1781147335,210250,212699,0.0116508,failing,1
asap7,ethmac,detailedroute__route__wirelength,993421dfc995dce4d6d2aec2028d7f34546a2f81,1784194417,1784084356,212699,209389,-0.0155639,tighten,0
asap7,ethmac,detailedroute__route__wirelength,19c2b08c4caa7d5fae6fecd81415e808f7a92b83,1784579405,1784194417,209389,209331,-0.00027409,tighten,0
asap7,ethmac,finish__design__instance__area,3e85fcd8465d967e20d228c1494b8824e699e5a6,1652820402,1652373207,20293,8384.35,-0.586836,tighten,0
asap7,ethmac,finish__design__instance__area,373b724c682c33cdb2681bb95008e334cb2cff23,1658154812,1652820402,8384.35,8379.13,-0.000622278,tighten,0
asap7,ethmac,finish__design__instance__area,526fd7aa3497c2b706d9202811c9e02a0b957252,1659117194,1658891881,8379.13,8378.26,-0.000103778,tighten,0
asap7,ethmac,finish__design__instance__area,11d682b3422f774154f6ad89f403687afdc1809f,1662478866,1659117194,8378.26,7680,-0.083342,tighten,1
asap7,ethmac,finish__design__instance__area,0317619cb67f1c77437a0aad479e4902f7cffa1b,1664989164,1662650846,7680,7676.52,-0.000452899,tighten,0
asap7,ethmac,finish__design__instance__area,10f0392286d7f9084cd7e57431a65b90a907e363,1670719457,1667495167,7676.52,7660,-0.00215224,tighten,0
asap7,ethmac,finish__design__instance__area,20552c2b44b6f9e33cd40a957a442fdd68631a93,1671117394,1670719457,7660,7655.65,-0.000567601,tighten,0
asap7,ethmac,finish__design__instance__area,085ec3e1140673788ea46e5d2be55ff333320faa,1671142322,1671117394,7655.65,7654.78,-0.000113585,tighten,0
asap7,ethmac,finish__design__instance__area,93cec18e4b060d6eadba735a14a6867f9c7e6dd1,1687058647,1679505623,7654.78,7653.91,-0.000113598,tighten,0
asap7,ethmac,finish__design__instance__area,53873f6b5a049a999386861e7a9ee80aa61080c5,1727499238,1726801420,7653.91,8795.65,0.149171,failing,0
asap7,ethmac,finish__design__instance__area,0237d84dbf0b1cb2fd3455e6cc0ede497ac27009,1737487889,1727499238,8795.65,8737.39,-0.00662383,tighten,1
asap7,ethmac,finish__design__instance__area,42c12e80a33d8c34badeff76e9aeeaea0b4e2651,1749917054,1742507021,8737.39,8266.96,-0.0538416,tighten,0
asap7,ethmac,finish__design__instance__area,9753d33a6e24b5daad668aca9cde8918f2af9ebd,1756701107,1749917054,8266.96,7742.61,-0.0634269,tighten,1
asap7,ethmac,finish__design__instance__area,a89f995a56a40be9b48b39daad94210b36a88d0a,1781720239,1781147335,7742.61,8208.7,0.0601977,failing,1
asap7,ethmac,finish__design__instance__area,993421dfc995dce4d6d2aec2028d7f34546a2f81,1784194417,1784084356,8208.7,8140.87,-0.00826271,tighten,0
asap7,ethmac,finish__design__instance__area,19c2b08c4caa7d5fae6fecd81415e808f7a92b83,1784579405,1784194417,8140.87,8137.39,-0.000427259,tighten,0
asap7,ethmac,placeopt__design__instance__area,373b724c682c33cdb2681bb95008e334cb2cff23,1658154812,1652820402,8340.87,8337.39,-0.000417014,tighten,0
asap7,ethmac,placeopt__design__instance__area,11d682b3422f774154f6ad89f403687afdc1809f,1662478866,1659117194,8337.39,7637.39,-0.0839591,tighten,1
asap7,ethmac,placeopt__design__instance__area,0317619cb67f1c77437a0aad479e4902f7cffa1b,1664989164,1662650846,7637.39,7632.17,-0.000683138,tighten,0
asap7,ethmac,placeopt__design__instance__area,09b386b7086f1a10e11f6e26cebac15e53095626,1665635960,1664989164,7632.17,7630.43,-0.000227868,tighten,0
asap7,ethmac,placeopt__design__instance__area,e5c149b9fe67d4756469268004e733fe4e572e21,1667304522,1666884783,7630.43,7626.09,-0.000569801,tighten,0
asap7,ethmac,placeopt__design__instance__area,10f0392286d7f9084cd7e57431a65b90a907e363,1670719457,1667495167,7626.09,7613.04,-0.00171038,tighten,0
asap7,ethmac,placeopt__design__instance__area,20552c2b44b6f9e33cd40a957a442fdd68631a93,1671117394,1670719457,7613.04,7606.96,-0.000799543,tighten,0
asap7,ethmac,placeopt__design__instance__area,fe2285037bbf087c7fe4c562aa6229d799b6f798,1675712611,1671287778,7606.96,7603.48,-0.000457247,tighten,1
asap7,ethmac,placeopt__design__instance__area,f50270aaac2990b084b60db7761a35581c188644,1693498950,1687058647,7603.48,7612.17,0.00114364,failing,0
asap7,ethmac,placeopt__design__instance__area,53873f6b5a049a999386861e7a9ee80aa61080c5,1727499238,1726801420,7612.17,8480,0.114005,failing,0
asap7,ethmac,placeopt__design__instance__area,0237d84dbf0b1cb2fd3455e6cc0ede497ac27009,1737487889,1727499238,8480,8401.74,-0.00922888,tighten,1
asap7,ethmac,placeopt__design__instance__area,42c12e80a33d8c34badeff76e9aeeaea0b4e2651,1749917054,1742507021,8401.74,8124.35,-0.0330159,tighten,0
asap7,ethmac,placeopt__design__instance__area,9753d33a6e24b5daad668aca9cde8918f2af9ebd,1756701107,1749917054,8124.35,7610.43,-0.0632559,tighten,1
asap7,ethmac,placeopt__design__instance__area,252042c9c294386a7a8594dc3465b542c0184c52,1759899974,1757956713,7610.43,7544.35,-0.00868373,tighten,0
asap7,ethmac,placeopt__design__instance__area,b2d224758b1fae76777c5fc5a3493c6bd769404c,1763659797,1763395270,7544.35,7537.39,-0.000922084,tighten,0
asap7,ethmac,placeopt__design__instance__area,75c067510af04cf949bb76087ff07757fd050f84,1764088621,1763659797,7537.39,7534.78,-0.000346101,tighten,0
asap7,ethmac,placeopt__design__instance__area,a89f995a56a40be9b48b39daad94210b36a88d0a,1781720239,1781147335,7534.78,7637.39,0.013618,failing,1
asap7,ethmac,placeopt__design__instance__area,993421dfc995dce4d6d2aec2028d7f34546a2f81,1784194417,1784084356,7637.39,7568.7,-0.00899465,tighten,0
asap7,ethmac,placeopt__design__instance__area,19c2b08c4caa7d5fae6fecd81415e808f7a92b83,1784579405,1784194417,7568.7,7564.35,-0.000574449,tighten,0
asap7,ethmac,placeopt__design__instance__count__stdcell,373b724c682c33cdb2681bb95008e334cb2cff23,1658154812,1652820402,60621.7,60607.8,-0.000229506,tighten,0
asap7,ethmac,placeopt__design__instance__count__stdcell,11d682b3422f774154f6ad89f403687afdc1809f,1662478866,1659117194,60607.8,57840,-0.0456678,tighten,1
asap7,ethmac,placeopt__design__instance__count__stdcell,0317619cb67f1c77437a0aad479e4902f7cffa1b,1664989164,1662650846,57840,57812.2,-0.000481087,tighten,0
asap7,ethmac,placeopt__design__instance__count__stdcell,09b386b7086f1a10e11f6e26cebac15e53095626,1665635960,1664989164,57812.2,57807.8,-7.52061e-05,tighten,0
asap7,ethmac,placeopt__design__instance__count__stdcell,e5c149b9fe67d4756469268004e733fe4e572e21,1667304522,1666884783,57807.8,57801.7,-0.000105296,tighten,0
asap7,ethmac,placeopt__design__instance__count__stdcell,10f0392286d7f9084cd7e57431a65b90a907e363,1670719457,1667495167,57801.7,57752.2,-0.000857504,tighten,0
asap7,ethmac,placeopt__design__instance__count__stdcell,f50270aaac2990b084b60db7761a35581c188644,1693498950,1687058647,57752.2,57788.7,0.000632387,failing,0
asap7,ethmac,placeopt__design__instance__count__stdcell,b1022822977b88f5291ec4fdcd1b11dfa7769224,1710368324,1702929357,57788.7,57720,-0.00118874,tighten,0
asap7,ethmac,placeopt__design__instance__count__stdcell,53873f6b5a049a999386861e7a9ee80aa61080c5,1727499238,1726801420,57720,62647,0.0853596,failing,0
asap7,ethmac,placeopt__design__instance__count__stdcell,0237d84dbf0b1cb2fd3455e6cc0ede497ac27009,1737487889,1727499238,62647,62022.6,-0.00996613,tighten,1
asap7,ethmac,placeopt__design__instance__count__stdcell,42c12e80a33d8c34badeff76e9aeeaea0b4e2651,1749917054,1742507021,62022.6,61798.3,-0.00361719,tighten,0
asap7,ethmac,placeopt__design__instance__count__stdcell,9753d33a6e24b5daad668aca9cde8918f2af9ebd,1756701107,1749917054,61798.3,61171.3,-0.0101452,tighten,1
asap7,ethmac,placeopt__design__instance__count__stdcell,252042c9c294386a7a8594dc3465b542c0184c52,1759899974,1757956713,61171.3,60522.6,-0.0106046,tighten,0
asap7,ethmac,placeopt__design__instance__count__stdcell,b2d224758b1fae76777c5fc5a3493c6bd769404c,1763659797,1763395270,60522.6,60405.2,-0.00193963,tighten,0
asap7,ethmac,placeopt__design__instance__count__stdcell,75c067510af04cf949bb76087ff07757fd050f84,1764088621,1763659797,60405.2,60367.8,-0.000619008,tighten,0
asap7,ethmac,placeopt__design__instance__count__stdcell,1ad9ee5203118586cab4535015c5184473e53783,1774531618,1772576373,60367.8,59930.4,-0.00724544,tighten,0
asap7,ethmac,placeopt__design__instance__count__stdcell,442c25202ace17ce42288d502eef557a4ce7f1e5,1779202706,1776199700,59930.4,59718.3,-0.00354034,tighten,1
asap7,ethmac,placeopt__design__instance__count__stdcell,a89f995a56a40be9b48b39daad94210b36a88d0a,1781720239,1781147335,59718.3,59749.6,0.000524201,failing,1
asap7,ethmac,placeopt__design__instance__count__stdcell,993421dfc995dce4d6d2aec2028d7f34546a2f81,1784194417,1784084356,59749.6,59747.8,-2.9107e-05,tighten,0
asap7,ethmac,placeopt__design__instance__count__stdcell,19c2b08c4caa7d5fae6fecd81415e808f7a92b83,1784579405,1784194417,59747.8,59698.3,-0.000829574,tighten,0
asap7,ethmac_lvt,detailedroute__route__wirelength,f50270aaac2990b084b60db7761a35581c188644,1693498950,1692844782,218105,232701,0.0669202,failing,0
asap7,ethmac_lvt,detailedroute__route__wirelength,3d05440525390fe651bd9ad60df2267f2cb6ad23,1702463869,1696525344,232701,232345,-0.00152837,tighten,0
asap7,ethmac_lvt,detailedroute__route__wirelength,3cf22e57f905b4c112a4c39dc124b323dbd284af,1720750184,1709227107,232345,215347,-0.0731595,tighten,1
asap7,ethmac_lvt,detailedroute__route__wirelength,292a586ef4d47252ac6fa553d05d57bb5486229e,1723903819,1720750184,215347,515927,1.39579,failing,0
asap7,ethmac_lvt,detailedroute__route__wirelength,639775880afbc57e2d969dac2dd5409480d3706c,1724361971,1723903819,515927,514747,-0.00228715,tighten,1
asap7,ethmac_lvt,detailedroute__route__wirelength,fabc855b4aeca0b29e97639f33900972c0ba6ad0,1724866939,1724361971,514747,514698,-9.46011e-05,tighten,0
asap7,ethmac_lvt,detailedroute__route__wirelength,1b2abed1a3d0628769aa99ed747128159ab2fc77,1727222371,1726801420,514698,592341,0.150851,failing,0
asap7,ethmac_lvt,detailedroute__route__wirelength,53873f6b5a049a999386861e7a9ee80aa61080c5,1727499238,1727222371,592341,515858,-0.129119,tighten,0
asap7,ethmac_lvt,detailedroute__route__wirelength,36e13b02baaaf1e9529a4e27908b5fdbda55661c,1735740249,1727499238,515858,594545,0.152536,failing,1
asap7,ethmac_lvt,detailedroute__route__wirelength,804812ea75e47913c47c50f833524f3577d6b7be,1741306883,1739380119,594545,568587,-0.0436607,tighten,0
asap7,ethmac_lvt,detailedroute__route__wirelength,42c12e80a33d8c34badeff76e9aeeaea0b4e2651,1749917054,1746460200,568587,217905,-0.61676,tighten,0
asap7,ethmac_lvt,detailedroute__route__wirelength,9753d33a6e24b5daad668aca9cde8918f2af9ebd,1756701107,1749917054,217905,204702,-0.0605928,tighten,1
asap7,ethmac_lvt,detailedroute__route__wirelength,252042c9c294386a7a8594dc3465b542c0184c52,1759899974,1757956713,204702,203504,-0.00584944,tighten,0
asap7,ethmac_lvt,detailedroute__route__wirelength,a89f995a56a40be9b48b39daad94210b36a88d0a,1781720239,1779202706,203504,229912,0.129765,failing,1
asap7,ethmac_lvt,detailedroute__route__wirelength,19c2b08c4caa7d5fae6fecd81415e808f7a92b83,1784579405,1784084356,229912,219903,-0.0435365,tighten,0
asap7,ethmac_lvt,finish__design__instance__area,f50270aaac2990b084b60db7761a35581c188644,1693498950,1692844782,7629.57,7632.17,0.000341919,failing,0
asap7,ethmac_lvt,finish__design__instance__area,53873f6b5a049a999386861e7a9ee80aa61080c5,1727499238,1727222371,7632.17,8653.91,0.133873,failing,0
asap7,ethmac_lvt,finish__design__instance__area,fca2249dd22e6aad55d5cacc786e6c94fb7dbb86,1742416962,1741306883,8653.91,8646.09,-0.000904341,tighten,0
asap7,ethmac_lvt,finish__design__instance__area,42c12e80a33d8c34badeff76e9aeeaea0b4e2651,1749917054,1746460200,8646.09,7657.39,-0.114352,tighten,0
asap7,ethmac_lvt,finish__design__instance__area,9753d33a6e24b5daad668aca9cde8918f2af9ebd,1756701107,1749917054,7657.39,7423.48,-0.0305474,tighten,1
asap7,ethmac_lvt,finish__design__instance__area,a89f995a56a40be9b48b39daad94210b36a88d0a,1781720239,1779202706,7423.48,7563.48,0.0188591,failing,1
asap7,ethmac_lvt,finish__design__instance__area,aaf99bfae2bd77848e9778e902d0f4b4c8e1f11c,1784640606,1784579405,7563.48,7539.13,-0.00321913,tighten,0
asap7,ethmac_lvt,placeopt__design__instance__area,f50270aaac2990b084b60db7761a35581c188644,1693498950,1692844782,7588.7,7591.3,0.000343761,failing,0
asap7,ethmac_lvt,placeopt__design__instance__area,53873f6b5a049a999386861e7a9ee80aa61080c5,1727499238,1727222371,7591.3,8354.78,0.100573,failing,0
asap7,ethmac_lvt,placeopt__design__instance__area,fca2249dd22e6aad55d5cacc786e6c94fb7dbb86,1742416962,1741306883,8354.78,8333.04,-0.002602,tighten,0
asap7,ethmac_lvt,placeopt__design__instance__area,42c12e80a33d8c34badeff76e9aeeaea0b4e2651,1749917054,1746460200,8333.04,7530.43,-0.0963164,tighten,0
asap7,ethmac_lvt,placeopt__design__instance__area,9753d33a6e24b5daad668aca9cde8918f2af9ebd,1756701107,1749917054,7530.43,7286.96,-0.0323326,tighten,1
asap7,ethmac_lvt,placeopt__design__instance__area,4ee6469a2d53f71c6289a6b2395d7acdc4ec8071,1757516308,1756701107,7286.96,7270.43,-0.0022673,tighten,0
asap7,ethmac_lvt,placeopt__design__instance__area,252042c9c294386a7a8594dc3465b542c0184c52,1759899974,1757956713,7270.43,7201.74,-0.00944863,tighten,0
asap7,ethmac_lvt,placeopt__design__instance__area,a89f995a56a40be9b48b39daad94210b36a88d0a,1781720239,1779202706,7201.74,7240.87,0.00543347,failing,1
asap7,ethmac_lvt,placeopt__design__instance__area,19c2b08c4caa7d5fae6fecd81415e808f7a92b83,1784579405,1784084356,7240.87,7238.26,-0.000360274,tighten,0
asap7,ethmac_lvt,placeopt__design__instance__area,28b73dc76c51287fe3cfedd1da43c2245439d58a,1788181231,1786034690,7238.26,7224.35,-0.00192215,tighten,0
asap7,ethmac_lvt,placeopt__design__instance__count__stdcell,f50270aaac2990b084b60db7761a35581c188644,1693498950,1692844782,57107,57108.7,3.04539e-05,failing,0
asap7,ethmac_lvt,placeopt__design__instance__count__stdcell,47ed28588427c75486322c73c5ed159a33399f17,1709227107,1702463869,57108.7,57081.7,-0.000472021,tighten,0
asap7,ethmac_lvt,placeopt__design__instance__count__stdcell,53873f6b5a049a999386861e7a9ee80aa61080c5,1727499238,1727222371,57081.7,60492.2,0.0597465,failing,0
asap7,ethmac_lvt,placeopt__design__instance__count__stdcell,42c12e80a33d8c34badeff76e9aeeaea0b4e2651,1749917054,1746460200,60492.2,57455.7,-0.0501969,tighten,0
asap7,ethmac_lvt,placeopt__design__instance__count__stdcell,4ee6469a2d53f71c6289a6b2395d7acdc4ec8071,1757516308,1756701107,57455.7,57292.2,-0.00284529,tighten,0
asap7,ethmac_lvt,placeopt__design__instance__count__stdcell,252042c9c294386a7a8594dc3465b542c0184c52,1759899974,1757956713,57292.2,56539.1,-0.0131439,tighten,0
asap7,ethmac_lvt,placeopt__design__instance__count__stdcell,a89f995a56a40be9b48b39daad94210b36a88d0a,1781720239,1779202706,56539.1,56689.6,0.00266072,failing,1
asap7,ethmac_lvt,placeopt__design__instance__count__stdcell,aaf99bfae2bd77848e9778e902d0f4b4c8e1f11c,1784640606,1784579405,56689.6,56361.7,-0.00578283,tighten,0
asap7,gcd,detailedroute__route__wirelength,3e85fcd8465d967e20d228c1494b8824e699e5a6,1652820402,1652373207,1201.74,1199.13,-0.00217077,tighten,0
asap7,gcd,detailedroute__route__wirelength,373b724c682c33cdb2681bb95008e334cb2cff23,1658154812,1652820402,1199.13,1198.26,-0.000725163,tighten,0
asap7,gcd,detailedroute__route__wirelength,f50270aaac2990b084b60db7761a35581c188644,1693498950,1692253690,1198.26,1228.7,0.0253991,failing,0
asap7,gcd,detailedroute__route__wirelength,47ed28588427c75486322c73c5ed159a33399f17,1709227107,1693498950,1228.7,1227.83,-0.000707714,tighten,0
asap7,gcd,detailedroute__route__wirelength,a006172422544ec724ec4f2bd3b3ab46253ba94a,1713471019,1709227107,1227.83,1178.26,-0.0403683,tighten,1
asap7,gcd,detailedroute__route__wirelength,ba65ce9e4a0adb436600b4577aaf61f89c2f640b,1718165607,1714884652,1178.26,1145.22,-0.0280443,tighten,1
asap7,gcd,detailedroute__route__wirelength,3395328e1dd9952de67871f6c4d5963788082fcc,1721331380,1720750184,1145.22,1319.13,0.15186,failing,0
asap7,gcd,detailedroute__route__wirelength,53873f6b5a049a999386861e7a9ee80aa61080c5,1727499238,1726801420,1319.13,1393.91,0.0566908,failing,0
asap7,gcd,detailedroute__route__wirelength,09ec72a7354c364b458c5c1b63bbaaad9bbd08c3,1738015257,1727499238,1393.91,1295.65,-0.0704928,tighten,1
asap7,gcd,detailedroute__route__wirelength,fe77cbcfd1bcf40fbd80dc27be908210288a2b17,1738194375,1738015257,1295.65,1526.09,0.177852,failing,0
asap7,gcd,detailedroute__route__wirelength,804812ea75e47913c47c50f833524f3577d6b7be,1741306883,1739380119,1526.09,1264.35,-0.17151,tighten,1
asap7,gcd,detailedroute__route__wirelength,87326a791158be03cb2b9523f4552764934d821a,1741437680,1741306883,1264.35,1261.74,-0.00206327,tighten,0
asap7,gcd,detailedroute__route__wirelength,fca2249dd22e6aad55d5cacc786e6c94fb7dbb86,1742416962,1741437680,1261.74,1237.39,-0.019297,tighten,0
asap7,gcd,detailedroute__route__wirelength,20a3b2c0f8eba1ba0c69e78893ea04760c580c76,1742507021,1742416962,1237.39,1226.09,-0.00913563,tighten,0
asap7,gcd,detailedroute__route__wirelength,42c12e80a33d8c34badeff76e9aeeaea0b4e2651,1749917054,1742507021,1226.09,1118.26,-0.0879433,tighten,1
asap7,gcd,detailedroute__route__wirelength,8d0141e7c9e671b87b7dbecc83c1a8bd9d81b0f4,1752003067,1749917054,1118.26,1105.22,-0.0116641,tighten,1
asap7,gcd,detailedroute__route__wirelength,9753d33a6e24b5daad668aca9cde8918f2af9ebd,1756701107,1752003067,1105.22,1081.74,-0.0212431,tighten,0
asap7,gcd,detailedroute__route__wirelength,4ee6469a2d53f71c6289a6b2395d7acdc4ec8071,1757516308,1756701107,1081.74,1020.87,-0.0562701,tighten,0
asap7,gcd,detailedroute__route__wirelength,edfa2befffccc1d987cfdc9df7bd2ebaf1911c37,1765208251,1764992860,1020.87,1206.96,0.182283,failing,0
asap7,gcd,detailedroute__route__wirelength,2ee6de90b83bfbf8168a79a6340fe5f735b8d98e,1768241546,1767727881,1206.96,1175.65,-0.0259366,tighten,0
asap7,gcd,detailedroute__route__wirelength,e476f58f5155006a0f2c0851e65872a1443cb4f6,1772835964,1769102322,1175.65,915.652,-0.221154,tighten,1
asap7,gcd,detailedroute__route__wirelength,1ad9ee5203118586cab4535015c5184473e53783,1774531618,1772835964,915.652,874.783,-0.0446344,tighten,1
asap7,gcd,detailedroute__route__wirelength,ae73a7dd2d4d01b12a9aa2448aba72c16ea8d5c6,1776199700,1774531618,874.783,1151.3,0.316103,failing,0
asap7,gcd,detailedroute__route__wirelength,442c25202ace17ce42288d502eef557a4ce7f1e5,1779202706,1776199700,1151.3,1132.17,-0.0166163,tighten,1
asap7,gcd,detailedroute__route__wirelength,19c2b08c4caa7d5fae6fecd81415e808f7a92b83,1784579405,1781720239,1132.17,799.13,-0.294163,tighten,1
asap7,gcd,detailedroute__route__wirelength,8c0616910615e843780ba527526f2b83a564ba70,1788312546,1784579405,799.13,789.565,-0.0119695,tighten,1
asap7,gcd,finish__design__instance__area,3e85fcd8465d967e20d228c1494b8824e699e5a6,1652820402,1652373207,197.391,48.6957,-0.753304,tighten,0
asap7,gcd,finish__design__instance__area,11d682b3422f774154f6ad89f403687afdc1809f,1662478866,1658154812,48.6957,46.9565,-0.0357143,tighten,1
asap7,gcd,finish__design__instance__area,ba65ce9e4a0adb436600b4577aaf61f89c2f640b,1718165607,1714884652,46.9565,53.913,0.148148,failing,1
asap7,gcd,finish__design__instance__area,3395328e1dd9952de67871f6c4d5963788082fcc,1721331380,1720750184,53.913,62.6087,0.16129,failing,0
asap7,gcd,finish__design__instance__area,fabc855b4aeca0b29e97639f33900972c0ba6ad0,1724866939,1721331380,62.6087,60.8696,-0.0277778,tighten,1
asap7,gcd,finish__design__instance__area,09ec72a7354c364b458c5c1b63bbaaad9bbd08c3,1738015257,1727499238,60.8696,52.1739,-0.142857,tighten,1
asap7,gcd,finish__design__instance__area,fe77cbcfd1bcf40fbd80dc27be908210288a2b17,1738194375,1738015257,52.1739,69.5652,0.333333,failing,0
asap7,gcd,finish__design__instance__area,804812ea75e47913c47c50f833524f3577d6b7be,1741306883,1739380119,69.5652,53.913,-0.225,tighten,1
asap7,gcd,finish__design__instance__area,20a3b2c0f8eba1ba0c69e78893ea04760c580c76,1742507021,1742416962,53.913,52.1739,-0.0322581,tighten,0
asap7,gcd,finish__design__instance__area,42c12e80a33d8c34badeff76e9aeeaea0b4e2651,1749917054,1742507021,52.1739,51.3043,-0.0166667,tighten,1
asap7,gcd,finish__design__instance__area,9753d33a6e24b5daad668aca9cde8918f2af9ebd,1756701107,1752003067,51.3043,47.8261,-0.0677966,tighten,0
asap7,gcd,finish__design__instance__area,ae73a7dd2d4d01b12a9aa2448aba72c16ea8d5c6,1776199700,1774531618,47.8261,57.3913,0.2,failing,0
asap7,gcd,finish__design__instance__area,19c2b08c4caa7d5fae6fecd81415e808f7a92b83,1784579405,1781720239,57.3913,46.087,-0.19697,tighten,1
asap7,gcd,placeopt__design__instance__area,11d682b3422f774154f6ad89f403687afdc1809f,1662478866,1658154812,46.087,44.3478,-0.0377358,tighten,1
asap7,gcd,placeopt__design__instance__area,3395328e1dd9952de67871f6c4d5963788082fcc,1721331380,1720750184,44.3478,53.913,0.215686,failing,0
asap7,gcd,placeopt__design__instance__area,53873f6b5a049a999386861e7a9ee80aa61080c5,1727499238,1726801420,53.913,56.5217,0.0483871,failing,0
asap7,gcd,placeopt__design__instance__area,09ec72a7354c364b458c5c1b63bbaaad9bbd08c3,1738015257,1727499238,56.5217,46.087,-0.184615,tighten,1
asap7,gcd,placeopt__design__instance__area,fe77cbcfd1bcf40fbd80dc27be908210288a2b17,1738194375,1738015257,46.087,56.5217,0.226415,failing,0
asap7,gcd,placeopt__design__instance__area,804812ea75e47913c47c50f833524f3577d6b7be,1741306883,1739380119,56.5217,46.087,-0.184615,tighten,1
asap7,gcd,placeopt__design__instance__area,9753d33a6e24b5daad668aca9cde8918f2af9ebd,1756701107,1752003067,46.087,45.2174,-0.0188679,tighten,0
asap7,gcd,placeopt__design__instance__area,e476f58f5155006a0f2c0851e65872a1443cb4f6,1772835964,1769102322,45.2174,43.4783,-0.0384615,tighten,1
asap7,gcd,placeopt__design__instance__area,ae73a7dd2d4d01b12a9aa2448aba72c16ea8d5c6,1776199700,1774531618,43.4783,53.0435,0.22,failing,0
asap7,gcd,placeopt__design__instance__area,19c2b08c4caa7d5fae6fecd81415e808f7a92b83,1784579405,1781720239,53.0435,44.3478,-0.163934,tighten,1
asap7,gcd,placeopt__design__instance__count__stdcell,f50270aaac2990b084b60db7761a35581c188644,1693498950,1692253690,446.957,450.435,0.0077821,failing,0
asap7,gcd,placeopt__design__instance__count__stdcell,47ed28588427c75486322c73c5ed159a33399f17,1709227107,1693498950,450.435,441.739,-0.019305,tighten,0
asap7,gcd,placeopt__design__instance__count__stdcell,3395328e1dd9952de67871f6c4d5963788082fcc,1721331380,1720750184,441.739,527.826,0.194882,failing,0
asap7,gcd,placeopt__design__instance__count__stdcell,53873f6b5a049a999386861e7a9ee80aa61080c5,1727499238,1726801420,527.826,554.783,0.0510708,failing,0
asap7,gcd,placeopt__design__instance__count__stdcell,09ec72a7354c364b458c5c1b63bbaaad9bbd08c3,1738015257,1727499238,554.783,473.043,-0.147335,tighten,1
asap7,gcd,placeopt__design__instance__count__stdcell,fe77cbcfd1bcf40fbd80dc27be908210288a2b17,1738194375,1738015257,473.043,555.652,0.174632,failing,0
asap7,gcd,placeopt__design__instance__count__stdcell,804812ea75e47913c47c50f833524f3577d6b7be,1741306883,1739380119,555.652,472.174,-0.150235,tighten,1
asap7,gcd,placeopt__design__instance__count__stdcell,252042c9c294386a7a8594dc3465b542c0184c52,1759899974,1757956713,472.174,467.826,-0.0092081,tighten,0
asap7,gcd,placeopt__design__instance__count__stdcell,edfa2befffccc1d987cfdc9df7bd2ebaf1911c37,1765208251,1764992860,467.826,461.739,-0.0130112,tighten,0
asap7,gcd,placeopt__design__instance__count__stdcell,e476f58f5155006a0f2c0851e65872a1443cb4f6,1772835964,1769102322,461.739,411.304,-0.109228,tighten,1
asap7,gcd,placeopt__design__instance__count__stdcell,ae73a7dd2d4d01b12a9aa2448aba72c16ea8d5c6,1776199700,1774531618,411.304,531.304,0.291755,failing,0
asap7,gcd,placeopt__design__instance__count__stdcell,19c2b08c4caa7d5fae6fecd81415e808f7a92b83,1784579405,1781720239,531.304,413.913,-0.220949,tighten,1
asap7,gcd,placeopt__design__instance__count__stdcell,8c0616910615e843780ba527526f2b83a564ba70,1788312546,1784579405,413.913,411.304,-0.00630252,tighten,1
asap7,gcd-ccs,detailedroute__route__wirelength,e938ba6d0e8275ea8f5702ceacb830cd9ed34c56,1717596379,1716042464,1155.65,1087.83,-0.0586907,tighten,0
asap7,gcd-ccs,detailedroute__route__wirelength,72eb2556108ca90c9afff7c24fbe978df07d25cf,1738956145,1720750184,1087.83,1488.7,0.368505,failing,0
asap7,gcd-ccs,detailedroute__route__wirelength,804812ea75e47913c47c50f833524f3577d6b7be,1741306883,1738956145,1488.7,1180,-0.20736,tighten,0
asap7,gcd-ccs,detailedroute__route__wirelength,42c12e80a33d8c34badeff76e9aeeaea0b4e2651,1749917054,1743182132,1180,1064.35,-0.0980103,tighten,0
asap7,gcd-ccs,detailedroute__route__wirelength,9753d33a6e24b5daad668aca9cde8918f2af9ebd,1756701107,1749917054,1064.35,1022.61,-0.0392157,tighten,0
asap7,gcd-ccs,detailedroute__route__wirelength,edfa2befffccc1d987cfdc9df7bd2ebaf1911c37,1765208251,1764992860,1022.61,1180.87,0.154762,failing,0
asap7,gcd-ccs,detailedroute__route__wirelength,1ad9ee5203118586cab4535015c5184473e53783,1774531618,1768241546,1180.87,804.348,-0.318851,tighten,0
asap7,gcd-ccs,detailedroute__route__wirelength,ae73a7dd2d4d01b12a9aa2448aba72c16ea8d5c6,1776199700,1774531618,804.348,1013.04,0.259459,failing,0
asap7,gcd-ccs,detailedroute__route__wirelength,442c25202ace17ce42288d502eef557a4ce7f1e5,1779202706,1776199700,1013.04,1010.43,-0.00257511,tighten,1
asap7,gcd-ccs,detailedroute__route__wirelength,d39a7b21e8f23d0220f03ee6e4f727156f236853,1780178044,1779202706,1010.43,1007.83,-0.00258176,tighten,0
asap7,gcd-ccs,detailedroute__route__wirelength,19c2b08c4caa7d5fae6fecd81415e808f7a92b83,1784579405,1781720239,1007.83,800,-0.206212,tighten,0
asap7,gcd-ccs,finish__design__instance__area,72eb2556108ca90c9afff7c24fbe978df07d25cf,1738956145,1720750184,46.9565,65.2174,0.388889,failing,0
asap7,gcd-ccs,finish__design__instance__area,804812ea75e47913c47c50f833524f3577d6b7be,1741306883,1738956145,65.2174,50.4348,-0.226667,tighten,0
asap7,gcd-ccs,finish__design__instance__area,20a3b2c0f8eba1ba0c69e78893ea04760c580c76,1742507021,1742416962,50.4348,49.5652,-0.0172414,tighten,0
asap7,gcd-ccs,finish__design__instance__area,42c12e80a33d8c34badeff76e9aeeaea0b4e2651,1749917054,1743182132,49.5652,48.6957,-0.0175439,tighten,0
asap7,gcd-ccs,finish__design__instance__area,9753d33a6e24b5daad668aca9cde8918f2af9ebd,1756701107,1749917054,48.6957,47.8261,-0.0178571,tighten,0
asap7,gcd-ccs,finish__design__instance__area,cddcedb9d559b67a6b598a2c4b38ad0e04fd2bde,1759261996,1757956713,47.8261,46.9565,-0.0181818,tighten,0
asap7,gcd-ccs,finish__design__instance__area,1ad9ee5203118586cab4535015c5184473e53783,1774531618,1768241546,46.9565,46.087,-0.0185185,tighten,0
asap7,gcd-ccs,finish__design__instance__area,ae73a7dd2d4d01b12a9aa2448aba72c16ea8d5c6,1776199700,1774531618,46.087,54.7826,0.188679,failing,0
asap7,gcd-ccs,finish__design__instance__area,19c2b08c4caa7d5fae6fecd81415e808f7a92b83,1784579405,1781720239,54.7826,45.2174,-0.174603,tighten,0
asap7,gcd-ccs,placeopt__design__instance__area,72eb2556108ca90c9afff7c24fbe978df07d25cf,1738956145,1720750184,44.3478,55.6522,0.254902,failing,0
asap7,gcd-ccs,placeopt__design__instance__area,804812ea75e47913c47c50f833524f3577d6b7be,1741306883,1738956145,55.6522,46.087,-0.171875,tighten,0
asap7,gcd-ccs,placeopt__design__instance__area,9753d33a6e24b5daad668aca9cde8918f2af9ebd,1756701107,1749917054,46.087,44.3478,-0.0377358,tighten,0
asap7,gcd-ccs,placeopt__design__instance__area,ae73a7dd2d4d01b12a9aa2448aba72c16ea8d5c6,1776199700,1774531618,44.3478,53.0435,0.196078,failing,0
asap7,gcd-ccs,placeopt__design__instance__area,19c2b08c4caa7d5fae6fecd81415e808f7a92b83,1784579405,1781720239,53.0435,44.3478,-0.163934,tighten,0
asap7,gcd-ccs,placeopt__design__instance__count__stdcell,72eb2556108ca90c9afff7c24fbe978df07d25cf,1738956145,1720750184,441.739,555.652,0.257874,failing,0
asap7,gcd-ccs,placeopt__design__instance__count__stdcell,804812ea75e47913c47c50f833524f3577d6b7be,1741306883,1738956145,555.652,472.174,-0.150235,tighten,0
asap7,gcd-ccs,placeopt__design__instance__count__stdcell,42c12e80a33d8c34badeff76e9aeeaea0b4e2651,1749917054,1743182132,472.174,469.565,-0.00552486,tighten,0
asap7,gcd-ccs,placeopt__design__instance__count__stdcell,9753d33a6e24b5daad668aca9cde8918f2af9ebd,1756701107,1749917054,469.565,465.217,-0.00925926,tighten,0
asap7,gcd-ccs,placeopt__design__instance__count__stdcell,cddcedb9d559b67a6b598a2c4b38ad0e04fd2bde,1759261996,1757956713,465.217,457.391,-0.0168224,tighten,0
asap7,gcd-ccs,placeopt__design__instance__count__stdcell,edfa2befffccc1d987cfdc9df7bd2ebaf1911c37,1765208251,1764992860,457.391,452.174,-0.0114068,tighten,0
asap7,gcd-ccs,placeopt__design__instance__count__stdcell,1ad9ee5203118586cab4535015c5184473e53783,1774531618,1768241546,452.174,425.217,-0.0596154,tighten,0
asap7,gcd-ccs,placeopt__design__instance__count__stdcell,ae73a7dd2d4d01b12a9aa2448aba72c16ea8d5c6,1776199700,1774531618,425.217,526.957,0.239264,failing,0
asap7,gcd-ccs,placeopt__design__instance__count__stdcell,19c2b08c4caa7d5fae6fecd81415e808f7a92b83,1784579405,1781720239,526.957,418.261,-0.206271,tighten,0
asap7,ibex,detailedroute__route__wirelength,3e85fcd8465d967e20d228c1494b8824e699e5a6,1652820402,1652373207,122613,122081,-0.00434027,tighten,0
asap7,ibex,detailedroute__route__wirelength,2c3ed45f6381484ee8fb0501f7c273c91db531eb,1659010324,1658154812,122081,100015,-0.18075,tighten,0
asap7,ibex,detailedroute__route__wirelength,11d682b3422f774154f6ad89f403687afdc1809f,1662478866,1659010324,100015,96345.2,-0.0366902,tighten,1
asap7,ibex,detailedroute__route__wirelength,0317619cb67f1c77437a0aad479e4902f7cffa1b,1664989164,1662650846,96345.2,95740.9,-0.00627273,tighten,0
asap7,ibex,detailedroute__route__wirelength,8307935f0f186cbfea4cc14dcbd17a0c9c8fafd1,1676313682,1667495167,95740.9,88674.8,-0.0738043,tighten,0
asap7,ibex,detailedroute__route__wirelength,f50270aaac2990b084b60db7761a35581c188644,1693498950,1692253690,88674.8,89300,0.00705068,failing,0
asap7,ibex,detailedroute__route__wirelength,292a586ef4d47252ac6fa553d05d57bb5486229e,1723903819,1720750184,89300,116024,0.299265,failing,0
asap7,ibex,detailedroute__route__wirelength,53873f6b5a049a999386861e7a9ee80aa61080c5,1727499238,1726801420,116024,117126,0.00949576,failing,0
asap7,ibex,detailedroute__route__wirelength,51b45ac604ab8649cf6c02279538d45819230189,1738278862,1727499238,117126,115245,-0.0160585,tighten,1
asap7,ibex,detailedroute__route__wirelength,42c12e80a33d8c34badeff76e9aeeaea0b4e2651,1749917054,1741437680,115245,92593.9,-0.196549,tighten,1
asap7,ibex,detailedroute__route__wirelength,9753d33a6e24b5daad668aca9cde8918f2af9ebd,1756701107,1755604051,92593.9,88553.9,-0.0436314,tighten,0
asap7,ibex,detailedroute__route__wirelength,1d0b5091d57a278d080fb4eb0639718dcdbb2e63,1770953622,1770743745,88553.9,87761.7,-0.00894567,tighten,0
asap7,ibex,detailedroute__route__wirelength,523bbbb42e8e33b40d3979b873a422a2fdb01e00,1778014104,1777160412,87761.7,86360.9,-0.0159622,tighten,0
asap7,ibex,detailedroute__route__wirelength,442c25202ace17ce42288d502eef557a4ce7f1e5,1779202706,1778014104,86360.9,86071.3,-0.00335297,tighten,1
asap7,ibex,finish__design__instance__area,3e85fcd8465d967e20d228c1494b8824e699e5a6,1652820402,1652373207,10327.8,2928.7,-0.716427,tighten,0
asap7,ibex,finish__design__instance__area,373b724c682c33cdb2681bb95008e334cb2cff23,1658154812,1652820402,2928.7,2906.96,-0.0074228,tighten,0
asap7,ibex,finish__design__instance__area,2c3ed45f6381484ee8fb0501f7c273c91db531eb,1659010324,1658154812,2906.96,2397.39,-0.175292,tighten,0
asap7,ibex,finish__design__instance__area,11d682b3422f774154f6ad89f403687afdc1809f,1662478866,1659010324,2397.39,2387.83,-0.00398984,tighten,1
asap7,ibex,finish__design__instance__area,0317619cb67f1c77437a0aad479e4902f7cffa1b,1664989164,1662650846,2387.83,2385.22,-0.0010925,tighten,0
asap7,ibex,finish__design__instance__area,b459e9447c176b22902653912b6b3c2709e32985,1683090721,1676313682,2385.22,2364.35,-0.00874954,tighten,1
asap7,ibex,finish__design__instance__area,533686274bc7711df4ab6240b9e27bb1c85059c7,1689626103,1683090721,2364.35,2363.48,-0.000367782,tighten,1
asap7,ibex,finish__design__instance__area,f50270aaac2990b084b60db7761a35581c188644,1693498950,1692253690,2363.48,2362.61,-0.000367918,tighten,0
asap7,ibex,finish__design__instance__area,c84cae4f43a452162acca3d44aca21c9eb116cfb,1724351850,1723903819,2362.61,2723.48,0.152742,failing,1
asap7,ibex,finish__design__instance__area,53873f6b5a049a999386861e7a9ee80aa61080c5,1727499238,1726801420,2723.48,2730.43,0.00255428,failing,0
asap7,ibex,finish__design__instance__area,51b45ac604ab8649cf6c02279538d45819230189,1738278862,1727499238,2730.43,2639.13,-0.0334395,tighten,1
asap7,ibex,finish__design__instance__area,42c12e80a33d8c34badeff76e9aeeaea0b4e2651,1749917054,1741437680,2639.13,2493.04,-0.0553542,tighten,1
asap7,ibex,finish__design__instance__area,52b6f9dd8143eb72d47c2fc58fc6ce95c2165637,1777048191,1776199700,2493.04,2459.13,-0.0136031,tighten,0
asap7,ibex,finish__design__instance__area,523bbbb42e8e33b40d3979b873a422a2fdb01e00,1778014104,1777160412,2459.13,2448.7,-0.00424328,tighten,0
asap7,ibex,finish__design__instance__area,442c25202ace17ce42288d502eef557a4ce7f1e5,1779202706,1778014104,2448.7,2438.26,-0.00426136,tighten,1
asap7,ibex,finish__design__instance__area,19c2b08c4caa7d5fae6fecd81415e808f7a92b83,1784579405,1781720239,2438.26,2400.87,-0.0153352,tighten,0
asap7,ibex,placeopt__design__instance__area,2c3ed45f6381484ee8fb0501f7c273c91db531eb,1659010324,1658154812,2704.35,2389.57,-0.116399,tighten,0
asap7,ibex,placeopt__design__instance__area,11d682b3422f774154f6ad89f403687afdc1809f,1662478866,1659010324,2389.57,2373.04,-0.00691412,tighten,1
asap7,ibex,placeopt__design__instance__area,8307935f0f186cbfea4cc14dcbd17a0c9c8fafd1,1676313682,1667495167,2373.04,2340.87,-0.0135581,tighten,0
asap7,ibex,placeopt__design__instance__area,53873f6b5a049a999386861e7a9ee80aa61080c5,1727499238,1726801420,2340.87,2583.48,0.10364,failing,0
asap7,ibex,placeopt__design__instance__area,51b45ac604ab8649cf6c02279538d45819230189,1738278862,1727499238,2583.48,2565.22,-0.00706833,tighten,1
asap7,ibex,placeopt__design__instance__area,42c12e80a33d8c34badeff76e9aeeaea0b4e2651,1749917054,1741437680,2565.22,2439.13,-0.0491525,tighten,1
asap7,ibex,placeopt__design__instance__area,9753d33a6e24b5daad668aca9cde8918f2af9ebd,1756701107,1755604051,2439.13,2436.52,-0.00106952,tighten,0
asap7,ibex,placeopt__design__instance__area,4ee6469a2d53f71c6289a6b2395d7acdc4ec8071,1757516308,1756701107,2436.52,2418.26,-0.00749465,tighten,0
asap7,ibex,placeopt__design__instance__area,20dc208b49af875cfa5ba1c4490f68d635d8d621,1768019333,1767727881,2418.26,2386.96,-0.012945,tighten,1
asap7,ibex,placeopt__design__instance__area,52b6f9dd8143eb72d47c2fc58fc6ce95c2165637,1777048191,1776199700,2386.96,2330.43,-0.0236794,tighten,0
asap7,ibex,placeopt__design__instance__area,19c2b08c4caa7d5fae6fecd81415e808f7a92b83,1784579405,1781720239,2330.43,2324.35,-0.00261194,tighten,0
asap7,ibex,placeopt__design__instance__count__stdcell,2c3ed45f6381484ee8fb0501f7c273c91db531eb,1659010324,1658154812,22220,20020.9,-0.0989708,tighten,0
asap7,ibex,placeopt__design__instance__count__stdcell,11d682b3422f774154f6ad89f403687afdc1809f,1662478866,1659010324,20020.9,19613,-0.02037,tighten,1
asap7,ibex,placeopt__design__instance__count__stdcell,0317619cb67f1c77437a0aad479e4902f7cffa1b,1664989164,1662650846,19613,19610.4,-0.000133008,tighten,0
asap7,ibex,placeopt__design__instance__count__stdcell,8307935f0f186cbfea4cc14dcbd17a0c9c8fafd1,1676313682,1667495167,19610.4,19279.1,-0.0168943,tighten,0
asap7,ibex,placeopt__design__instance__count__stdcell,f50270aaac2990b084b60db7761a35581c188644,1693498950,1692253690,19279.1,19278.3,-4.5104e-05,tighten,0
asap7,ibex,placeopt__design__instance__count__stdcell,53873f6b5a049a999386861e7a9ee80aa61080c5,1727499238,1726801420,19278.3,21561.7,0.118448,failing,0
asap7,ibex,placeopt__design__instance__count__stdcell,51b45ac604ab8649cf6c02279538d45819230189,1738278862,1727499238,21561.7,21240.9,-0.0148814,tighten,1
asap7,ibex,placeopt__design__instance__count__stdcell,42c12e80a33d8c34badeff76e9aeeaea0b4e2651,1749917054,1741437680,21240.9,19948.7,-0.0608343,tighten,1
asap7,jpeg,detailedroute__route__wirelength,3e85fcd8465d967e20d228c1494b8824e699e5a6,1652820402,1652373207,173963,173700,-0.00150957,tighten,0
asap7,jpeg,detailedroute__route__wirelength,11d682b3422f774154f6ad89f403687afdc1809f,1662478866,1659117194,173700,163431,-0.0591174,tighten,1
asap7,jpeg,detailedroute__route__wirelength,10f0392286d7f9084cd7e57431a65b90a907e363,1670719457,1667495167,163431,164214,0.00478861,failing,0
asap7,jpeg,detailedroute__route__wirelength,20552c2b44b6f9e33cd40a957a442fdd68631a93,1671117394,1670719457,164214,159805,-0.0268473,tighten,0
asap7,jpeg,detailedroute__route__wirelength,f50270aaac2990b084b60db7761a35581c188644,1693498950,1692253690,159805,159110,-0.00435313,tighten,0
asap7,jpeg,detailedroute__route__wirelength,a006172422544ec724ec4f2bd3b3ab46253ba94a,1713471019,1710588510,159110,204550,0.285589,failing,0
asap7,jpeg,detailedroute__route__wirelength,56eb1b98643be631cea1c6d23dba8bf3f8547cc1,1720472131,1713471019,204550,169384,-0.171915,tighten,1
asap7,jpeg,detailedroute__route__wirelength,292a586ef4d47252ac6fa553d05d57bb5486229e,1723903819,1721331380,169384,297856,0.75846,failing,0
asap7,jpeg,detailedroute__route__wirelength,fabc855b4aeca0b29e97639f33900972c0ba6ad0,1724866939,1723903819,297856,297853,-8.75825e-06,tighten,0
asap7,jpeg,detailedroute__route__wirelength,80d28863e882049bbdbddc5676cef590e196906c,1726801420,1724866939,297853,297779,-0.000248153,tighten,0
asap7,jpeg,detailedroute__route__wirelength,53873f6b5a049a999386861e7a9ee80aa61080c5,1727499238,1726801420,297779,297989,0.000703761,failing,0
asap7,jpeg,detailedroute__route__wirelength,6b38aeeb7dc30c5957eb750e478f2d5a421c7913,1738101105,1727499238,297989,296280,-0.0057341,tighten,1
asap7,jpeg,detailedroute__route__wirelength,fe77cbcfd1bcf40fbd80dc27be908210288a2b17,1738194375,1738101105,296280,276116,-0.0680584,tighten,0
asap7,jpeg,detailedroute__route__wirelength,42c12e80a33d8c34badeff76e9aeeaea0b4e2651,1749917054,1747346731,276116,157850,-0.428318,tighten,0
asap7,jpeg,detailedroute__route__wirelength,457549938522cbf74360fab4520cc93d40adeb9c,1756497923,1749917054,157850,152797,-0.0320116,tighten,1
asap7,jpeg,detailedroute__route__wirelength,9753d33a6e24b5daad668aca9cde8918f2af9ebd,1756701107,1756497923,152797,152745,-0.000341458,tighten,0
asap7,jpeg,detailedroute__route__wirelength,4ee6469a2d53f71c6289a6b2395d7acdc4ec8071,1757516308,1756701107,152745,150126,-0.0171471,tighten,0
asap7,jpeg,detailedroute__route__wirelength,e79a174e30f63fd031fb72cdd264e7358caaadfb,1757956713,1757516308,150126,150113,-8.68835e-05,tighten,0
asap7,jpeg,detailedroute__route__wirelength,205191eb2258fba7f674fe64c982e8e2ac40e5ba,1787584319,1784579405,150113,182078,0.212941,failing,1
asap7,jpeg,finish__design__instance__area,3e85fcd8465d967e20d228c1494b8824e699e5a6,1652820402,1652373207,22747,7053.04,-0.689935,tighten,0
asap7,jpeg,finish__design__instance__area,11d682b3422f774154f6ad89f403687afdc1809f,1662478866,1659117194,7053.04,6615.65,-0.0620145,tighten,1
asap7,jpeg,finish__design__instance__area,10f0392286d7f9084cd7e57431a65b90a907e363,1670719457,1667495167,6615.65,6613.04,-0.000394322,tighten,0
asap7,jpeg,finish__design__instance__area,20552c2b44b6f9e33cd40a957a442fdd68631a93,1671117394,1670719457,6613.04,6611.3,-0.000262985,tighten,0
asap7,jpeg,finish__design__instance__area,533686274bc7711df4ab6240b9e27bb1c85059c7,1689626103,1683090721,6611.3,6607.83,-0.000526108,tighten,1
asap7,jpeg,finish__design__instance__area,f50270aaac2990b084b60db7761a35581c188644,1693498950,1692253690,6607.83,6606.96,-0.000131596,tighten,0
asap7,jpeg,finish__design__instance__area,3395328e1dd9952de67871f6c4d5963788082fcc,1721331380,1720750184,6606.96,7632.17,0.155172,failing,0
asap7,jpeg,finish__design__instance__area,53873f6b5a049a999386861e7a9ee80aa61080c5,1727499238,1726801420,7632.17,7910.43,0.0364589,failing,0
asap7,jpeg,finish__design__instance__area,6b38aeeb7dc30c5957eb750e478f2d5a421c7913,1738101105,1727499238,7910.43,7906.09,-0.000549632,tighten,1
asap7,jpeg,finish__design__instance__area,fe77cbcfd1bcf40fbd80dc27be908210288a2b17,1738194375,1738101105,7906.09,6933.04,-0.123075,tighten,0
asap7,jpeg,finish__design__instance__area,77d1bd60d1abc6c2c50e90663f912f99616ec531,1747346731,1742507021,6933.04,6728.7,-0.0294745,tighten,0
asap7,jpeg,finish__design__instance__area,42c12e80a33d8c34badeff76e9aeeaea0b4e2651,1749917054,1747346731,6728.7,6413.04,-0.0469113,tighten,0
asap7,jpeg,finish__design__instance__area,457549938522cbf74360fab4520cc93d40adeb9c,1756497923,1749917054,6413.04,6307.83,-0.0164068,tighten,1
asap7,jpeg,finish__design__instance__area,9753d33a6e24b5daad668aca9cde8918f2af9ebd,1756701107,1756497923,6307.83,6306.96,-0.000137855,tighten,0
asap7,jpeg,finish__design__instance__area,205191eb2258fba7f674fe64c982e8e2ac40e5ba,1787584319,1784579405,6306.96,7388.7,0.171515,failing,1
asap7,jpeg,placeopt__design__instance__area,3e85fcd8465d967e20d228c1494b8824e699e5a6,1652820402,1652373207,7034.78,7031.3,-0.000494438,tighten,0
asap7,jpeg,placeopt__design__instance__area,11d682b3422f774154f6ad89f403687afdc1809f,1662478866,1659117194,7031.3,6591.3,-0.0625773,tighten,1
asap7,jpeg,placeopt__design__instance__area,10f0392286d7f9084cd7e57431a65b90a907e363,1670719457,1667495167,6591.3,6586.96,-0.000659631,tighten,0
asap7,jpeg,placeopt__design__instance__area,20552c2b44b6f9e33cd40a957a442fdd68631a93,1671117394,1670719457,6586.96,6586.09,-0.000132013,tighten,0
asap7,jpeg,placeopt__design__instance__area,b459e9447c176b22902653912b6b3c2709e32985,1683090721,1671117394,6586.09,6546.09,-0.00607341,tighten,1
asap7,jpeg,placeopt__design__instance__area,f50270aaac2990b084b60db7761a35581c188644,1693498950,1692253690,6546.09,6588.7,0.00650903,failing,0
asap7,jpeg,placeopt__design__instance__area,292a586ef4d47252ac6fa553d05d57bb5486229e,1723903819,1721331380,6588.7,7756.52,0.177247,failing,0
asap7,jpeg,placeopt__design__instance__area,fe77cbcfd1bcf40fbd80dc27be908210288a2b17,1738194375,1738101105,7756.52,6783.48,-0.125448,tighten,0
asap7,jpeg,placeopt__design__instance__area,77d1bd60d1abc6c2c50e90663f912f99616ec531,1747346731,1742507021,6783.48,6650.43,-0.0196129,tighten,0
asap7,jpeg,placeopt__design__instance__area,42c12e80a33d8c34badeff76e9aeeaea0b4e2651,1749917054,1747346731,6650.43,6336.52,-0.0472019,tighten,0
asap7,jpeg,placeopt__design__instance__area,457549938522cbf74360fab4520cc93d40adeb9c,1756497923,1749917054,6336.52,6178.26,-0.024976,tighten,1
asap7,jpeg,placeopt__design__instance__area,205191eb2258fba7f674fe64c982e8e2ac40e5ba,1787584319,1784579405,6178.26,7046.96,0.140605,failing,1
asap7,jpeg,placeopt__design__instance__count__stdcell,3e85fcd8465d967e20d228c1494b8824e699e5a6,1652820402,1652373207,57372.2,57365.2,-0.000121253,tighten,0
asap7,jpeg,placeopt__design__instance__count__stdcell,11d682b3422f774154f6ad89f403687afdc1809f,1662478866,1659117194,57365.2,54989.6,-0.0414128,tighten,1
asap7,jpeg,placeopt__design__instance__count__stdcell,0317619cb67f1c77437a0aad479e4902f7cffa1b,1664989164,1662650846,54989.6,54987,-4.74398e-05,tighten,0
asap7,jpeg,placeopt__design__instance__count__stdcell,10f0392286d7f9084cd7e57431a65b90a907e363,1670719457,1667495167,54987,54962.6,-0.000442793,tighten,0
asap7,jpeg,placeopt__design__instance__count__stdcell,b459e9447c176b22902653912b6b3c2709e32985,1683090721,1671117394,54962.6,54526.1,-0.00794216,tighten,1
asap7,jpeg,placeopt__design__instance__count__stdcell,f50270aaac2990b084b60db7761a35581c188644,1693498950,1692253690,54526.1,54980,0.0083247,failing,0
asap7,jpeg,placeopt__design__instance__count__stdcell,a006172422544ec724ec4f2bd3b3ab46253ba94a,1713471019,1710588510,54980,63351.3,0.152261,failing,0
asap7,jpeg,placeopt__design__instance__count__stdcell,56eb1b98643be631cea1c6d23dba8bf3f8547cc1,1720472131,1713471019,63351.3,63313,-0.000603948,tighten,1
asap7,jpeg,placeopt__design__instance__count__stdcell,53873f6b5a049a999386861e7a9ee80aa61080c5,1727499238,1726801420,63313,66819.1,0.055377,failing,0
asap7,jpeg,placeopt__design__instance__count__stdcell,fe77cbcfd1bcf40fbd80dc27be908210288a2b17,1738194375,1738101105,66819.1,58147,-0.129786,tighten,0
asap7,jpeg,placeopt__design__instance__count__stdcell,77d1bd60d1abc6c2c50e90663f912f99616ec531,1747346731,1742507021,58147,56855.7,-0.0222076,tighten,0
asap7,jpeg,placeopt__design__instance__count__stdcell,42c12e80a33d8c34badeff76e9aeeaea0b4e2651,1749917054,1747346731,56855.7,55298.3,-0.027392,tighten,0
asap7,jpeg,placeopt__design__instance__count__stdcell,19c2b08c4caa7d5fae6fecd81415e808f7a92b83,1784579405,1781720239,55298.3,51461.7,-0.0693787,tighten,0
asap7,jpeg,placeopt__design__instance__count__stdcell,205191eb2258fba7f674fe64c982e8e2ac40e5ba,1787584319,1784579405,51461.7,58442.6,0.135652,failing,1
asap7,jpeg_lvt,detailedroute__route__wirelength,3d05440525390fe651bd9ad60df2267f2cb6ad23,1702463869,1693498950,166337,160857,-0.0329451,tighten,0
asap7,jpeg_lvt,detailedroute__route__wirelength,a006172422544ec724ec4f2bd3b3ab46253ba94a,1713471019,1710368324,160857,204864,0.273577,failing,0
asap7,jpeg_lvt,detailedroute__route__wirelength,3cf22e57f905b4c112a4c39dc124b323dbd284af,1720750184,1713471019,204864,169668,-0.171804,tighten,1
asap7,jpeg_lvt,detailedroute__route__wirelength,292a586ef4d47252ac6fa553d05d57bb5486229e,1723903819,1721763351,169668,302333,0.781911,failing,0
asap7,jpeg_lvt,detailedroute__route__wirelength,53873f6b5a049a999386861e7a9ee80aa61080c5,1727499238,1726801420,302333,299077,-0.0107684,tighten,0
asap7,jpeg_lvt,detailedroute__route__wirelength,36e13b02baaaf1e9529a4e27908b5fdbda55661c,1735740249,1727499238,299077,295775,-0.0110427,tighten,1
asap7,jpeg_lvt,detailedroute__route__wirelength,fe77cbcfd1bcf40fbd80dc27be908210288a2b17,1738194375,1738101105,295775,274369,-0.0723729,tighten,0
asap7,jpeg_lvt,detailedroute__route__wirelength,42c12e80a33d8c34badeff76e9aeeaea0b4e2651,1749917054,1746460200,274369,163144,-0.405383,tighten,1
asap7,jpeg_lvt,detailedroute__route__wirelength,9753d33a6e24b5daad668aca9cde8918f2af9ebd,1756701107,1749917054,163144,153868,-0.0568608,tighten,1
asap7,jpeg_lvt,finish__design__instance__area,a006172422544ec724ec4f2bd3b3ab46253ba94a,1713471019,1710368324,6564.35,7636.52,0.163333,failing,0
asap7,jpeg_lvt,finish__design__instance__area,3cf22e57f905b4c112a4c39dc124b323dbd284af,1720750184,1713471019,7636.52,7617.39,-0.00250512,tighten,1
asap7,jpeg_lvt,finish__design__instance__area,53873f6b5a049a999386861e7a9ee80aa61080c5,1727499238,1726801420,7617.39,7937.39,0.0420091,failing,0
asap7,jpeg_lvt,finish__design__instance__area,36e13b02baaaf1e9529a4e27908b5fdbda55661c,1735740249,1727499238,7937.39,7841.74,-0.0120508,tighten,1
asap7,jpeg_lvt,finish__design__instance__area,fe77cbcfd1bcf40fbd80dc27be908210288a2b17,1738194375,1738101105,7841.74,6840,-0.127745,tighten,0
asap7,jpeg_lvt,finish__design__instance__area,fca2249dd22e6aad55d5cacc786e6c94fb7dbb86,1742416962,1741306883,6840,6763.48,-0.0111874,tighten,0
asap7,jpeg_lvt,finish__design__instance__area,42c12e80a33d8c34badeff76e9aeeaea0b4e2651,1749917054,1746460200,6763.48,6559.13,-0.0302134,tighten,1
asap7,jpeg_lvt,finish__design__instance__area,9753d33a6e24b5daad668aca9cde8918f2af9ebd,1756701107,1749917054,6559.13,6194.78,-0.0555482,tighten,1
asap7,jpeg_lvt,placeopt__design__instance__area,3395328e1dd9952de67871f6c4d5963788082fcc,1721331380,1720750184,6546.96,7565.22,0.155532,failing,0
asap7,jpeg_lvt,placeopt__design__instance__area,53873f6b5a049a999386861e7a9ee80aa61080c5,1727499238,1726801420,7565.22,7861.74,0.0391954,failing,0
asap7,jpeg_lvt,placeopt__design__instance__area,36e13b02baaaf1e9529a4e27908b5fdbda55661c,1735740249,1727499238,7861.74,7790.43,-0.00906979,tighten,1
asap7,jpeg_lvt,placeopt__design__instance__area,fe77cbcfd1bcf40fbd80dc27be908210288a2b17,1738194375,1738101105,7790.43,6761.74,-0.132046,tighten,0
asap7,jpeg_lvt,placeopt__design__instance__area,fca2249dd22e6aad55d5cacc786e6c94fb7dbb86,1742416962,1741306883,6761.74,6701.74,-0.00887346,tighten,0
asap7,jpeg_lvt,placeopt__design__instance__area,42c12e80a33d8c34badeff76e9aeeaea0b4e2651,1749917054,1746460200,6701.74,6501.74,-0.029843,tighten,1
asap7,jpeg_lvt,placeopt__design__instance__area,9753d33a6e24b5daad668aca9cde8918f2af9ebd,1756701107,1749917054,6501.74,6119.13,-0.0588471,tighten,1
asap7,jpeg_lvt,placeopt__design__instance__area,4ee6469a2d53f71c6289a6b2395d7acdc4ec8071,1757516308,1756701107,6119.13,6118.26,-0.000142106,tighten,0
asap7,jpeg_lvt,placeopt__design__instance__area,252042c9c294386a7a8594dc3465b542c0184c52,1759899974,1757516308,6118.26,6103.48,-0.00241615,tighten,0
asap7,jpeg_lvt,placeopt__design__instance__count__stdcell,f50270aaac2990b084b60db7761a35581c188644,1693498950,1691790113,51162.6,54271.3,0.0607611,failing,1
asap7,jpeg_lvt,placeopt__design__instance__count__stdcell,a006172422544ec724ec4f2bd3b3ab46253ba94a,1713471019,1710368324,54271.3,66034.8,0.216753,failing,0
asap7,jpeg_lvt,placeopt__design__instance__count__stdcell,3cf22e57f905b4c112a4c39dc124b323dbd284af,1720750184,1713471019,66034.8,65987,-0.000724256,tighten,1
asap7,jpeg_lvt,placeopt__design__instance__count__stdcell,53873f6b5a049a999386861e7a9ee80aa61080c5,1727499238,1726801420,65987,69220,0.0489952,failing,0
asap7,jpeg_lvt,placeopt__design__instance__count__stdcell,36e13b02baaaf1e9529a4e27908b5fdbda55661c,1735740249,1727499238,69220,68775.7,-0.00641936,tighten,1
asap7,jpeg_lvt,placeopt__design__instance__count__stdcell,6b38aeeb7dc30c5957eb750e478f2d5a421c7913,1738101105,1735740249,68775.7,68312.2,-0.00673899,tighten,0
asap7,jpeg_lvt,placeopt__design__instance__count__stdcell,fe77cbcfd1bcf40fbd80dc27be908210288a2b17,1738194375,1738101105,68312.2,58607,-0.142072,tighten,0
asap7,jpeg_lvt,placeopt__design__instance__count__stdcell,804812ea75e47913c47c50f833524f3577d6b7be,1741306883,1739380119,58607,58513,-0.00160242,tighten,0
asap7,jpeg_lvt,placeopt__design__instance__count__stdcell,20a3b2c0f8eba1ba0c69e78893ea04760c580c76,1742507021,1742416962,58513,58509.6,-5.94442e-05,tighten,0
asap7,jpeg_lvt,placeopt__design__instance__count__stdcell,69f27a624fef3623b1d61e9394fab02f3b9532dc,1746460200,1742507021,58509.6,58500.9,-0.000148619,tighten,0
asap7,jpeg_lvt,placeopt__design__instance__count__stdcell,42c12e80a33d8c34badeff76e9aeeaea0b4e2651,1749917054,1746460200,58500.9,57978.3,-0.00893335,tighten,1
asap7,jpeg_lvt,placeopt__design__instance__count__stdcell,9753d33a6e24b5daad668aca9cde8918f2af9ebd,1756701107,1749917054,57978.3,56240.9,-0.0299663,tighten,1
asap7,jpeg_lvt,placeopt__design__instance__count__stdcell,4ee6469a2d53f71c6289a6b2395d7acdc4ec8071,1757516308,1756701107,56240.9,56214.8,-0.000463843,tighten,0
asap7,jpeg_lvt,placeopt__design__instance__count__stdcell,252042c9c294386a7a8594dc3465b542c0184c52,1759899974,1757516308,56214.8,55914.8,-0.00533667,tighten,0
asap7,jpeg_lvt,placeopt__design__instance__count__stdcell,19c2b08c4caa7d5fae6fecd81415e808f7a92b83,1784579405,1781393401,55914.8,49218.3,-0.119763,tighten,1
asap7,mock-alu,detailedroute__route__wirelength,f50270aaac2990b084b60db7761a35581c188644,1693498950,1693344088,64187,63239.1,-0.0147666,tighten,0
asap7,mock-alu,detailedroute__route__wirelength,10bcfa8486ac864cf3c46e983129c0003ea4f27d,1705421598,1695844735,63239.1,57411.3,-0.0921554,tighten,0
asap7,mock-alu,detailedroute__route__wirelength,cdaf07dc3f9db05ab46d0c4ced2d6aefea87a7b3,1710693725,1705421598,57411.3,54564.3,-0.0495888,tighten,0
asap7,mock-alu,detailedroute__route__wirelength,038f0783894b19f0a641f7509adac99201163a2c,1710887896,1710693725,54564.3,54481.7,-0.00151397,tighten,0
asap7,mock-alu,detailedroute__route__wirelength,a006172422544ec724ec4f2bd3b3ab46253ba94a,1713471019,1710887896,54481.7,53605.2,-0.0160884,tighten,0
asap7,mock-alu,detailedroute__route__wirelength,3cf22e57f905b4c112a4c39dc124b323dbd284af,1720750184,1717596379,53605.2,46644.3,-0.129854,tighten,0
asap7,mock-alu,detailedroute__route__wirelength,5d37debd687dccb78c7a9680b81729a29d477ffd,1721517691,1720750184,46644.3,67919.1,0.456106,failing,1
asap7,mock-alu,detailedroute__route__wirelength,fabc855b4aeca0b29e97639f33900972c0ba6ad0,1724866939,1721955804,67919.1,54484.3,-0.197806,tighten,0
asap7,mock-alu,detailedroute__route__wirelength,53873f6b5a049a999386861e7a9ee80aa61080c5,1727499238,1726801420,54484.3,53387,-0.0201414,tighten,0
asap7,mock-alu,detailedroute__route__wirelength,42c12e80a33d8c34badeff76e9aeeaea0b4e2651,1749917054,1747346731,53387,51347,-0.0382116,tighten,0
asap7,mock-alu,detailedroute__route__wirelength,9753d33a6e24b5daad668aca9cde8918f2af9ebd,1756701107,1749917054,51347,43546.1,-0.151925,tighten,1
asap7,mock-alu,finish__design__instance__area,f50270aaac2990b084b60db7761a35581c188644,1693498950,1693344088,119916,1600,-0.986657,tighten,0
asap7,mock-alu,finish__design__instance__area,10bcfa8486ac864cf3c46e983129c0003ea4f27d,1705421598,1695844735,1600,1572.17,-0.0173913,tighten,0
asap7,mock-alu,finish__design__instance__area,53873f6b5a049a999386861e7a9ee80aa61080c5,1727499238,1726801420,1572.17,1752.17,0.114491,failing,0
asap7,mock-alu,finish__design__instance__area,fca2249dd22e6aad55d5cacc786e6c94fb7dbb86,1742416962,1741306883,1752.17,1669.57,-0.0471464,tighten,1
asap7,mock-alu,finish__design__instance__area,9753d33a6e24b5daad668aca9cde8918f2af9ebd,1756701107,1749917054,1669.57,1615.65,-0.0322917,tighten,1
asap7,mock-alu,placeopt__design__instance__area,f50270aaac2990b084b60db7761a35581c188644,1693498950,1693344088,119914,1531.3,-0.98723,tighten,0
asap7,mock-alu,placeopt__design__instance__area,10bcfa8486ac864cf3c46e983129c0003ea4f27d,1705421598,1695844735,1531.3,1526.09,-0.00340716,tighten,0
asap7,mock-alu,placeopt__design__instance__area,53873f6b5a049a999386861e7a9ee80aa61080c5,1727499238,1726801420,1526.09,1659.13,0.0871795,failing,0
asap7,mock-alu,placeopt__design__instance__area,804812ea75e47913c47c50f833524f3577d6b7be,1741306883,1739380119,1659.13,1650.43,-0.00524109,tighten,1
asap7,mock-alu,placeopt__design__instance__area,fca2249dd22e6aad55d5cacc786e6c94fb7dbb86,1742416962,1741306883,1650.43,1595.65,-0.0331928,tighten,1
asap7,mock-alu,placeopt__design__instance__area,9753d33a6e24b5daad668aca9cde8918f2af9ebd,1756701107,1749917054,1595.65,1580,-0.00980926,tighten,1
asap7,mock-alu,placeopt__design__instance__area,4ee6469a2d53f71c6289a6b2395d7acdc4ec8071,1757516308,1756701107,1580,1579.13,-0.000550358,tighten,0
asap7,mock-alu,placeopt__design__instance__area,20dc208b49af875cfa5ba1c4490f68d635d8d621,1768019333,1767727881,1579.13,1572.17,-0.00440529,tighten,1
asap7,mock-alu,placeopt__design__instance__area,1ad9ee5203118586cab4535015c5184473e53783,1774531618,1772209135,1572.17,1556.52,-0.00995575,tighten,0
asap7,mock-alu,placeopt__design__instance__area,19c2b08c4caa7d5fae6fecd81415e808f7a92b83,1784579405,1784084356,1556.52,1555.65,-0.000558659,tighten,0
asap7,mock-alu,placeopt__design__instance__count__stdcell,3cd808ae8a328d12d7e30bb283adab85c22e72c8,1692132883,1691771075,10020,11795.7,0.177211,failing,1
asap7,mock-alu,placeopt__design__instance__count__stdcell,10bcfa8486ac864cf3c46e983129c0003ea4f27d,1705421598,1695844735,11795.7,11753.9,-0.00353852,tighten,0
asap7,mock-alu,placeopt__design__instance__count__stdcell,53873f6b5a049a999386861e7a9ee80aa61080c5,1727499238,1726801420,11753.9,12866.1,0.0946216,failing,0
asap7,mock-alu,placeopt__design__instance__count__stdcell,804812ea75e47913c47c50f833524f3577d6b7be,1741306883,1739380119,12866.1,12860.9,-0.000405515,tighten,1
asap7,mock-array,detailedroute__route__wirelength,b4f73d00227454d49c1c90db0fa434cc49fc7693,1687379408,1687278462,68284.3,39465.2,-0.422046,tighten,1
asap7,mock-array,detailedroute__route__wirelength,75f61e59a0ebfea5fd6b54a1d56993d24766772a,1687541969,1687379408,39465.2,9770.43,-0.752429,tighten,1
asap7,mock-array,detailedroute__route__wirelength,c039f18d8157ad74ca93ed74dda44930c45d6e14,1688780967,1687541969,9770.43,355680,35.4037,failing,1
asap7,mock-array,detailedroute__route__wirelength,7747838f2d46b4cff620fcb55f820701cb9aec03,1689054810,1688780967,355680,63573.9,-0.821261,tighten,1
asap7,mock-array,detailedroute__route__wirelength,5e0b223fe433f18f1ac75f35c224fadf40321791,1689093853,1689054810,63573.9,48652.2,-0.234715,tighten,1
asap7,mock-array,detailedroute__route__wirelength,077cb25732f7162ac688f0944aa5020d32c5af42,1689281353,1689093853,48652.2,173172,2.55939,failing,1
asap7,mock-array,detailedroute__route__wirelength,caaf08566f8f03eda55f76c280b1d4aaf1f14ac9,1690318507,1689281353,173172,236659,0.366612,failing,1
asap7,mock-array,detailedroute__route__wirelength,d14bf69f6fe75690f73348acb34214167f08967e,1691080436,1690318507,236659,64187,-0.728779,tighten,1
asap7,mock-array,detailedroute__route__wirelength,f50270aaac2990b084b60db7761a35581c188644,1693498950,1691110098,64187,64332.2,0.00226241,failing,1
asap7,mock-array,detailedroute__route__wirelength,51f507d1a65af78ebc2b3bb0483d8a01ff27e601,1707759584,1694010284,64332.2,63980.9,-0.00546079,tighten,1
asap7,mock-array,detailedroute__route__wirelength,fabc855b4aeca0b29e97639f33900972c0ba6ad0,1724866939,1721331380,63980.9,63961.7,-0.000299002,tighten,1
asap7,mock-array,detailedroute__route__wirelength,80d28863e882049bbdbddc5676cef590e196906c,1726801420,1724866939,63961.7,63959.1,-4.07853e-05,tighten,1
asap7,mock-array,detailedroute__route__wirelength,53873f6b5a049a999386861e7a9ee80aa61080c5,1727499238,1726801420,63959.1,63960.9,2.71913e-05,failing,0
asap7,mock-array,finish__design__instance__area,b4f73d00227454d49c1c90db0fa434cc49fc7693,1687379408,1687278462,10864.3,5075.65,-0.532816,tighten,1
asap7,mock-array,finish__design__instance__area,75f61e59a0ebfea5fd6b54a1d56993d24766772a,1687541969,1687379408,5075.65,4862.61,-0.0419736,tighten,1
asap7,mock-array,finish__design__instance__area,c039f18d8157ad74ca93ed74dda44930c45d6e14,1688780967,1687541969,4862.61,120705,23.8231,failing,1
asap7,mock-array,finish__design__instance__area,7747838f2d46b4cff620fcb55f820701cb9aec03,1689054810,1688780967,120705,119916,-0.00654127,tighten,1
asap7,mock-array,finish__design__instance__area,f50270aaac2990b084b60db7761a35581c188644,1693498950,1691110098,119916,119975,0.0004931,failing,1
asap7,mock-array,finish__design__instance__area,51f507d1a65af78ebc2b3bb0483d8a01ff27e601,1707759584,1694010284,119975,119970,-3.62395e-05,tighten,1
asap7,mock-array,finish__design__instance__area,53873f6b5a049a999386861e7a9ee80aa61080c5,1727499238,1726801420,119970,119971,7.24816e-06,failing,0
asap7,mock-array,placeopt__design__instance__area,b4f73d00227454d49c1c90db0fa434cc49fc7693,1687379408,1687278462,10863.5,5073.91,-0.532938,tighten,1
asap7,mock-array,placeopt__design__instance__area,75f61e59a0ebfea5fd6b54a1d56993d24766772a,1687541969,1687379408,5073.91,4861.74,-0.0418166,tighten,1
asap7,mock-array,placeopt__design__instance__area,c039f18d8157ad74ca93ed74dda44930c45d6e14,1688780967,1687541969,4861.74,120652,23.8167,failing,1
asap7,mock-array,placeopt__design__instance__area,7747838f2d46b4cff620fcb55f820701cb9aec03,1689054810,1688780967,120652,119914,-0.00611892,tighten,1
asap7,mock-array,placeopt__design__instance__area,f50270aaac2990b084b60db7761a35581c188644,1693498950,1691110098,119914,119956,0.000348076,failing,1
asap7,mock-array,placeopt__design__instance__area,51f507d1a65af78ebc2b3bb0483d8a01ff27e601,1707759584,1694010284,119956,119955,-7.24906e-06,tighten,1
asap7,mock-array,placeopt__design__instance__count__stdcell,b4f73d00227454d49c1c90db0fa434cc49fc7693,1687379408,1687278462,14993.9,9279.13,-0.38114,tighten,1
asap7,mock-array,placeopt__design__instance__count__stdcell,75f61e59a0ebfea5fd6b54a1d56993d24766772a,1687541969,1687379408,9279.13,2006.09,-0.783807,tighten,1
asap7,mock-array,placeopt__design__instance__count__stdcell,c039f18d8157ad74ca93ed74dda44930c45d6e14,1688780967,1687541969,2006.09,35307.8,16.6003,failing,1
asap7,mock-array,placeopt__design__instance__count__stdcell,7747838f2d46b4cff620fcb55f820701cb9aec03,1689054810,1688780967,35307.8,10020,-0.71621,tighten,1
asap7,mock-array,placeopt__design__instance__count__stdcell,f50270aaac2990b084b60db7761a35581c188644,1693498950,1691110098,10020,10727,0.0705545,failing,1
asap7,mock-array,placeopt__design__instance__count__stdcell,51f507d1a65af78ebc2b3bb0483d8a01ff27e601,1707759584,1694010284,10727,10726.1,-8.10636e-05,tighten,1
asap7,mock-array-big,detailedroute__route__wirelength,43a21fa0f1f2da6315bc60125bf6b6f15685f9fa,1675384711,1674145156,38895.7,38642.6,-0.0065057,tighten,1
asap7,mock-array-big,detailedroute__route__wirelength,543ce2c4106cc994589b79a5784bf238a6e00f35,1676312101,1675384711,38642.6,27122.6,-0.298117,tighten,1
asap7,mock-array-big,detailedroute__route__wirelength,82bf4595760599f193eb6bca2a578626f286b2d6,1680293795,1676312101,27122.6,39452.2,0.454586,failing,1
asap7,mock-array-big,detailedroute__route__wirelength,a2f687212d672e86108b06f7e15671a885803e80,1680798679,1680293795,39452.2,39442.6,-0.000242451,tighten,1
asap7,mock-array-big,detailedroute__route__wirelength,bb925a3dfcf5c3c11d8c04bdcc9c73416ab8c12b,1686058960,1684257037,39442.6,19275.7,-0.511299,tighten,1
asap7,mock-array-big,detailedroute__route__wirelength,8cdd51fb3fc6462a3892efe81b1007503b7ce14a,1687192439,1686058960,19275.7,68284.3,2.54252,failing,1
asap7,mock-array-big,finish__design__instance__area,543ce2c4106cc994589b79a5784bf238a6e00f35,1676312101,1675384711,9343.48,12706.1,0.359888,failing,1
asap7,mock-array-big,finish__design__instance__area,82bf4595760599f193eb6bca2a578626f286b2d6,1680293795,1676312101,12706.1,9568.7,-0.24692,tighten,1
asap7,mock-array-big,finish__design__instance__area,335feceac75c8d26f956c85290b3f3a153cf8d2f,1684257037,1682030263,9568.7,11120,0.162123,failing,1
asap7,mock-array-big,finish__design__instance__area,bb925a3dfcf5c3c11d8c04bdcc9c73416ab8c12b,1686058960,1684257037,11120,10864.3,-0.0229903,tighten,1
asap7,mock-array-big,placeopt__design__instance__area,543ce2c4106cc994589b79a5784bf238a6e00f35,1676312101,1675384711,9045.22,12585.2,0.391367,failing,1
asap7,mock-array-big,placeopt__design__instance__area,82bf4595760599f193eb6bca2a578626f286b2d6,1680293795,1676312101,12585.2,9561.74,-0.24024,tighten,1
asap7,mock-array-big,placeopt__design__instance__area,335feceac75c8d26f956c85290b3f3a153cf8d2f,1684257037,1682030263,9561.74,11118.3,0.162786,failing,1
asap7,mock-array-big,placeopt__design__instance__area,bb925a3dfcf5c3c11d8c04bdcc9c73416ab8c12b,1686058960,1684257037,11118.3,10863.5,-0.0229157,tighten,1
asap7,mock-array-big,placeopt__design__instance__count__stdcell,bb925a3dfcf5c3c11d8c04bdcc9c73416ab8c12b,1686058960,1684257037,10933.9,3012.17,-0.724511,tighten,1
asap7,mock-array-big,placeopt__design__instance__count__stdcell,8cdd51fb3fc6462a3892efe81b1007503b7ce14a,1687192439,1686058960,3012.17,14993.9,3.97777,failing,1
asap7,mock-cpu,detailedroute__route__wirelength,47ed28588427c75486322c73c5ed159a33399f17,1709227107,1706744688,51273.9,51015.7,-0.00503689,tighten,0
asap7,mock-cpu,detailedroute__route__wirelength,3cf22e57f905b4c112a4c39dc124b323dbd284af,1720750184,1713811120,51015.7,48394.8,-0.0513738,tighten,0
asap7,mock-cpu,detailedroute__route__wirelength,f61d7a1e8461db171479b0fcb3b0dcdd46835da1,1729021606,1720750184,48394.8,48305.2,-0.00185072,tighten,1
asap7,mock-cpu,detailedroute__route__wirelength,804812ea75e47913c47c50f833524f3577d6b7be,1741306883,1739380119,48305.2,48215.7,-0.00185415,tighten,0
asap7,mock-cpu,detailedroute__route__wirelength,20a3b2c0f8eba1ba0c69e78893ea04760c580c76,1742507021,1741306883,48215.7,46840.9,-0.0285132,tighten,0
asap7,mock-cpu,detailedroute__route__wirelength,42c12e80a33d8c34badeff76e9aeeaea0b4e2651,1749917054,1742507021,46840.9,45605.2,-0.0263798,tighten,1
asap7,mock-cpu,detailedroute__route__wirelength,9753d33a6e24b5daad668aca9cde8918f2af9ebd,1756701107,1749917054,45605.2,44342.6,-0.0276856,tighten,1
asap7,mock-cpu,detailedroute__route__wirelength,ceb386103ac58f0f6fe250e7de65897c4cb865f6,1776867467,1776199700,44342.6,48267.8,0.0885202,failing,1
asap7,mock-cpu,detailedroute__route__wirelength,442c25202ace17ce42288d502eef557a4ce7f1e5,1779202706,1776867467,48267.8,47991.3,-0.0057289,tighten,1
asap7,mock-cpu,finish__design__instance__area,20a3b2c0f8eba1ba0c69e78893ea04760c580c76,1742507021,1741306883,7066.96,6922.61,-0.0204257,tighten,0
asap7,mock-cpu,finish__design__instance__area,42c12e80a33d8c34badeff76e9aeeaea0b4e2651,1749917054,1742507021,6922.61,6641.74,-0.0405728,tighten,1
asap7,mock-cpu,finish__design__instance__area,9753d33a6e24b5daad668aca9cde8918f2af9ebd,1756701107,1749917054,6641.74,6623.48,-0.00274941,tighten,1
asap7,mock-cpu,finish__design__instance__area,ceb386103ac58f0f6fe250e7de65897c4cb865f6,1776867467,1776199700,6623.48,6999.13,0.0567152,failing,1
asap7,mock-cpu,finish__design__instance__area,442c25202ace17ce42288d502eef557a4ce7f1e5,1779202706,1776867467,6999.13,6995.65,-0.000496956,tighten,1
asap7,mock-cpu,placeopt__design__instance__area,3cf22e57f905b4c112a4c39dc124b323dbd284af,1720750184,1713811120,6952.17,6937.39,-0.00212633,tighten,0
asap7,mock-cpu,placeopt__design__instance__area,20a3b2c0f8eba1ba0c69e78893ea04760c580c76,1742507021,1741306883,6937.39,6433.04,-0.0726999,tighten,0
asap7,mock-cpu,placeopt__design__instance__area,42c12e80a33d8c34badeff76e9aeeaea0b4e2651,1749917054,1742507021,6433.04,6425.22,-0.00121655,tighten,1
asap7,mock-cpu,placeopt__design__instance__area,9753d33a6e24b5daad668aca9cde8918f2af9ebd,1756701107,1749917054,6425.22,6416.52,-0.00135336,tighten,1
asap7,mock-cpu,placeopt__design__instance__area,ceb386103ac58f0f6fe250e7de65897c4cb865f6,1776867467,1776199700,6416.52,6496.52,0.0124678,failing,1
asap7,mock-cpu,placeopt__design__instance__count__stdcell,ceb386103ac58f0f6fe250e7de65897c4cb865f6,1776867467,1776199700,40238.3,41018.3,0.0193845,failing,1
asap7,mock-cpu,placeopt__design__instance__count__stdcell,442c25202ace17ce42288d502eef557a4ce7f1e5,1779202706,1776867467,41018.3,41015.7,-6.35984e-05,tighten,1
asap7,riscv32i,detailedroute__route__wirelength,06d6b578c3cc570d939cad84adc5ab59d330f191,1680104528,1677536134,58181.7,53669.6,-0.0775531,tighten,1
asap7,riscv32i,detailedroute__route__wirelength,3990f5f81eda7d6a3889a2a079abf874f45525f3,1692152671,1691683004,53669.6,66621.7,0.241332,failing,0
asap7,riscv32i,detailedroute__route__wirelength,f50270aaac2990b084b60db7761a35581c188644,1693498950,1692283204,66621.7,70634.8,0.0602362,failing,0
asap7,riscv32i,detailedroute__route__wirelength,9c3417be3f38e634e0005c36e532d17cc8766b9d,1700864075,1696436615,70634.8,62695.7,-0.112397,tighten,1
asap7,riscv32i,detailedroute__route__wirelength,85694ee6b9de5ab69d11255a68205bf5c0a63e13,1700977459,1700864075,62695.7,62342.6,-0.00563107,tighten,0
asap7,riscv32i,detailedroute__route__wirelength,3cf22e57f905b4c112a4c39dc124b323dbd284af,1720750184,1712253071,62342.6,60839.1,-0.0241164,tighten,1
asap7,riscv32i,detailedroute__route__wirelength,3395328e1dd9952de67871f6c4d5963788082fcc,1721331380,1720750184,60839.1,60006.1,-0.0136926,tighten,0
asap7,riscv32i,detailedroute__route__wirelength,292a586ef4d47252ac6fa553d05d57bb5486229e,1723903819,1721331380,60006.1,96435.7,0.607098,failing,1
asap7,riscv32i,detailedroute__route__wirelength,53873f6b5a049a999386861e7a9ee80aa61080c5,1727499238,1726801420,96435.7,96634.8,0.0020649,failing,0
asap7,riscv32i,detailedroute__route__wirelength,faaca5deceec0a6aa9e03bc28b0a0c210a4610fe,1736542147,1727499238,96634.8,126081,0.304715,failing,1
asap7,riscv32i,detailedroute__route__wirelength,804812ea75e47913c47c50f833524f3577d6b7be,1741306883,1739380119,126081,121558,-0.0358707,tighten,0
asap7,riscv32i,detailedroute__route__wirelength,6f9b40efcda7efc846161710b316de1de0e0e7c6,1742350927,1741306883,121558,121475,-0.000686735,tighten,1
asap7,riscv32i,detailedroute__route__wirelength,fca2249dd22e6aad55d5cacc786e6c94fb7dbb86,1742416962,1742397693,121475,120914,-0.00461717,tighten,0
asap7,riscv32i,detailedroute__route__wirelength,20a3b2c0f8eba1ba0c69e78893ea04760c580c76,1742507021,1742416962,120914,119826,-0.0089967,tighten,0
asap7,riscv32i,detailedroute__route__wirelength,42c12e80a33d8c34badeff76e9aeeaea0b4e2651,1749917054,1745005473,119826,72740,-0.392954,tighten,1
asap7,riscv32i,detailedroute__route__wirelength,9753d33a6e24b5daad668aca9cde8918f2af9ebd,1756701107,1749917054,72740,65105.2,-0.10496,tighten,1
asap7,riscv32i,detailedroute__route__wirelength,ade358bbed511cea8958a0327c9c0e5ab62bbeee,1763733007,1763659797,65105.2,64601.7,-0.0077333,tighten,0
asap7,riscv32i,detailedroute__route__wirelength,75c067510af04cf949bb76087ff07757fd050f84,1764088621,1763733007,64601.7,64534.8,-0.00103645,tighten,0
asap7,riscv32i,detailedroute__route__wirelength,929503646578d4c1cf91dd94b3fa424eab2043d0,1770336350,1768590962,64534.8,62124.3,-0.0373509,tighten,1
asap7,riscv32i,detailedroute__route__wirelength,97aecfe86bb40641d175526f6ed0101cdeceefe2,1770391497,1770336350,62124.3,61326.1,-0.0128494,tighten,1
asap7,riscv32i,detailedroute__route__wirelength,1426c0532d3d759be3e09a25c96ed9e31ab7df71,1770743745,1770391497,61326.1,61299.1,-0.00043956,tighten,0
asap7,riscv32i,detailedroute__route__wirelength,1ad9ee5203118586cab4535015c5184473e53783,1774531618,1772209135,61299.1,58500.9,-0.0456493,tighten,0
asap7,riscv32i,detailedroute__route__wirelength,52b6f9dd8143eb72d47c2fc58fc6ce95c2165637,1777048191,1775429724,58500.9,56234.8,-0.038736,tighten,0
asap7,riscv32i,detailedroute__route__wirelength,442c25202ace17ce42288d502eef557a4ce7f1e5,1779202706,1777048191,56234.8,53155.7,-0.0547549,tighten,1
asap7,riscv32i,detailedroute__route__wirelength,a89f995a56a40be9b48b39daad94210b36a88d0a,1781720239,1781147335,53155.7,53044.3,-0.00209393,tighten,1
asap7,riscv32i,finish__design__instance__area,06d6b578c3cc570d939cad84adc5ab59d330f191,1680104528,1677536134,2503.48,2500.87,-0.00104203,tighten,1
asap7,riscv32i,finish__design__instance__area,b459e9447c176b22902653912b6b3c2709e32985,1683090721,1680104528,2500.87,2423.48,-0.0309458,tighten,1
asap7,riscv32i,finish__design__instance__area,f50270aaac2990b084b60db7761a35581c188644,1693498950,1692283204,2423.48,2736.52,0.129171,failing,0
asap7,riscv32i,finish__design__instance__area,9c3417be3f38e634e0005c36e532d17cc8766b9d,1700864075,1696436615,2736.52,2658.26,-0.0285987,tighten,1
asap7,riscv32i,finish__design__instance__area,85694ee6b9de5ab69d11255a68205bf5c0a63e13,1700977459,1700864075,2658.26,2657.39,-0.000327118,tighten,0
asap7,riscv32i,finish__design__instance__area,b0425c94462bc1e90e3f6425671e47949a17f593,1705084848,1700977459,2657.39,2654.78,-0.000981675,tighten,1
asap7,riscv32i,finish__design__instance__area,e827c5979cf065c9fdb9413ebfdda8c642283eee,1705351960,1705084848,2654.78,2653.91,-0.000327547,tighten,0
asap7,riscv32i,finish__design__instance__area,53873f6b5a049a999386861e7a9ee80aa61080c5,1727499238,1726801420,2653.91,2812.17,0.059633,failing,0
asap7,riscv32i,finish__design__instance__area,42c12e80a33d8c34badeff76e9aeeaea0b4e2651,1749917054,1745005473,2812.17,2765.22,-0.0166976,tighten,1
asap7,riscv32i,finish__design__instance__area,9753d33a6e24b5daad668aca9cde8918f2af9ebd,1756701107,1749917054,2765.22,2669.57,-0.0345912,tighten,1
asap7,riscv32i,finish__design__instance__area,442c25202ace17ce42288d502eef557a4ce7f1e5,1779202706,1777048191,2669.57,2653.91,-0.00586319,tighten,1
asap7,riscv32i,finish__design__instance__area,a89f995a56a40be9b48b39daad94210b36a88d0a,1781720239,1781147335,2653.91,2661.74,0.00294889,failing,1
asap7,riscv32i,finish__design__instance__area,19c2b08c4caa7d5fae6fecd81415e808f7a92b83,1784579405,1784224077,2661.74,2652.17,-0.0035936,tighten,0
asap7,riscv32i,placeopt__design__instance__area,06d6b578c3cc570d939cad84adc5ab59d330f191,1680104528,1677536134,2378.26,2374.78,-0.00146252,tighten,1
asap7,riscv32i,placeopt__design__instance__area,f50270aaac2990b084b60db7761a35581c188644,1693498950,1692283204,2374.78,2686.96,0.131454,failing,0
asap7,riscv32i,placeopt__design__instance__area,9c3417be3f38e634e0005c36e532d17cc8766b9d,1700864075,1696436615,2686.96,2650.43,-0.0135922,tighten,1
asap7,riscv32i,placeopt__design__instance__area,85694ee6b9de5ab69d11255a68205bf5c0a63e13,1700977459,1700864075,2650.43,2649.57,-0.000328084,tighten,0
asap7,riscv32i,placeopt__design__instance__area,b0425c94462bc1e90e3f6425671e47949a17f593,1705084848,1700977459,2649.57,2626.96,-0.00853298,tighten,1
asap7,riscv32i,placeopt__design__instance__area,e827c5979cf065c9fdb9413ebfdda8c642283eee,1705351960,1705084848,2626.96,2626.09,-0.000331016,tighten,0
asap7,riscv32i,placeopt__design__instance__area,53873f6b5a049a999386861e7a9ee80aa61080c5,1727499238,1726801420,2626.09,2774.78,0.0566225,failing,0
asap7,riscv32i,placeopt__design__instance__area,42c12e80a33d8c34badeff76e9aeeaea0b4e2651,1749917054,1745005473,2774.78,2703.48,-0.0256973,tighten,1
asap7,riscv32i,placeopt__design__instance__area,9753d33a6e24b5daad668aca9cde8918f2af9ebd,1756701107,1749917054,2703.48,2595.65,-0.0398842,tighten,1
asap7,riscv32i,placeopt__design__instance__area,252042c9c294386a7a8594dc3465b542c0184c52,1759899974,1756701107,2595.65,2593.04,-0.00100503,tighten,0
asap7,riscv32i,placeopt__design__instance__area,a89f995a56a40be9b48b39daad94210b36a88d0a,1781720239,1781147335,2593.04,2595.65,0.00100604,failing,1
asap7,riscv32i,placeopt__design__instance__area,19c2b08c4caa7d5fae6fecd81415e808f7a92b83,1784579405,1784224077,2595.65,2584.35,-0.00435511,tighten,0
asap7,riscv32i,placeopt__design__instance__count__stdcell,06d6b578c3cc570d939cad84adc5ab59d330f191,1680104528,1677536134,12821.7,12815.7,-0.000474737,tighten,1
asap7,riscv32i,placeopt__design__instance__count__stdcell,fd07501c9390452013f4b58ba73b6a6ed84b4cbe,1684781594,1683090721,12815.7,12492.2,-0.0252409,tighten,1
asap7,riscv32i,placeopt__design__instance__count__stdcell,93cec18e4b060d6eadba735a14a6867f9c7e6dd1,1687058647,1685483577,12492.2,12489.6,-0.000208826,tighten,0
asap7,riscv32i,placeopt__design__instance__count__stdcell,0d97930c857277857c2e9773e8d367d3798d731b,1690301287,1689626103,12489.6,12488.7,-6.96233e-05,tighten,0
asap7,riscv32i,placeopt__design__instance__count__stdcell,f50270aaac2990b084b60db7761a35581c188644,1693498950,1692283204,12488.7,11664.3,-0.0660075,tighten,0
asap7,riscv32i,placeopt__design__instance__count__stdcell,9c3417be3f38e634e0005c36e532d17cc8766b9d,1700864075,1696436615,11664.3,11473.9,-0.0163262,tighten,1
asap7,riscv32i,placeopt__design__instance__count__stdcell,85694ee6b9de5ab69d11255a68205bf5c0a63e13,1700977459,1700864075,11473.9,11471.3,-0.000227359,tighten,0
asap7,riscv32i,placeopt__design__instance__count__stdcell,b0425c94462bc1e90e3f6425671e47949a17f593,1705084848,1700977459,11471.3,10294.8,-0.102562,tighten,1
asap7,riscv32i,placeopt__design__instance__count__stdcell,53873f6b5a049a999386861e7a9ee80aa61080c5,1727499238,1726801420,10294.8,11334.8,0.101022,failing,0
asap7,riscv32i,placeopt__design__instance__count__stdcell,804812ea75e47913c47c50f833524f3577d6b7be,1741306883,1739380119,11334.8,10875.7,-0.0405063,tighten,0
asap7,riscv32i,placeopt__design__instance__count__stdcell,42c12e80a33d8c34badeff76e9aeeaea0b4e2651,1749917054,1745005473,10875.7,10240.9,-0.0583673,tighten,1
asap7,riscv32i,placeopt__design__instance__count__stdcell,a89f995a56a40be9b48b39daad94210b36a88d0a,1781720239,1781147335,10240.9,10258.3,0.00169823,failing,1
asap7,riscv32i,placeopt__design__instance__count__stdcell,19c2b08c4caa7d5fae6fecd81415e808f7a92b83,1784579405,1784224077,10258.3,10148.7,-0.0106807,tighten,0
asap7,riscv32i-mock-sram,detailedroute__route__wirelength,3cf22e57f905b4c112a4c39dc124b323dbd284af,1720750184,1714513918,67800,66694.8,-0.0163011,tighten,1
asap7,riscv32i-mock-sram,detailedroute__route__wirelength,72eb2556108ca90c9afff7c24fbe978df07d25cf,1738956145,1720750184,66694.8,114973,0.723869,failing,1
asap7,riscv32i-mock-sram,detailedroute__route__wirelength,804812ea75e47913c47c50f833524f3577d6b7be,1741306883,1738956145,114973,111848,-0.0271822,tighten,1
asap7,riscv32i-mock-sram,detailedroute__route__wirelength,fca2249dd22e6aad55d5cacc786e6c94fb7dbb86,1742416962,1741306883,111848,110823,-0.00916618,tighten,1
asap7,riscv32i-mock-sram,detailedroute__route__wirelength,42178207582b826afda558465d444ace04ccbd4a,1747174692,1744678380,110823,128873,0.162877,failing,0
asap7,riscv32i-mock-sram,detailedroute__route__wirelength,42c12e80a33d8c34badeff76e9aeeaea0b4e2651,1749917054,1749159324,128873,82748.7,-0.357905,tighten,0
asap7,riscv32i-mock-sram,detailedroute__route__wirelength,9753d33a6e24b5daad668aca9cde8918f2af9ebd,1756701107,1755785256,82748.7,76453,-0.0760816,tighten,0
asap7,riscv32i-mock-sram,detailedroute__route__wirelength,18e7e1499ae5617745ab86e1e871bcd90097ad27,1757034643,1756701107,76453,76020.9,-0.0056528,tighten,0
asap7,riscv32i-mock-sram,detailedroute__route__wirelength,252042c9c294386a7a8594dc3465b542c0184c52,1759899974,1757956713,76020.9,67886.1,-0.107007,tighten,0
asap7,riscv32i-mock-sram,detailedroute__route__wirelength,b31abb52d66b377d02766ec029c33e1eef38624c,1760587812,1760426794,67886.1,65325.2,-0.037723,tighten,0
asap7,riscv32i-mock-sram,detailedroute__route__wirelength,73b3e3209165d7c551ebbdcb7f32893d7b384702,1761600294,1761360171,65325.2,64319.1,-0.0154012,tighten,0
asap7,riscv32i-mock-sram,detailedroute__route__wirelength,b2d224758b1fae76777c5fc5a3493c6bd769404c,1763659797,1763395270,64319.1,64128.7,-0.00296078,tighten,0
asap7,riscv32i-mock-sram,detailedroute__route__wirelength,edfa2befffccc1d987cfdc9df7bd2ebaf1911c37,1765208251,1764088621,64128.7,77264.3,0.204833,failing,0
asap7,riscv32i-mock-sram,detailedroute__route__wirelength,1be034e737a02fe70284f707097323db943e71cf,1765297538,1765208251,77264.3,76967,-0.00384901,tighten,0
asap7,riscv32i-mock-sram,detailedroute__route__wirelength,2ee6de90b83bfbf8168a79a6340fe5f735b8d98e,1768241546,1767727881,76967,73664.3,-0.0429094,tighten,0
asap7,riscv32i-mock-sram,detailedroute__route__wirelength,929503646578d4c1cf91dd94b3fa424eab2043d0,1770336350,1769102322,73664.3,72135.7,-0.0207522,tighten,0
asap7,riscv32i-mock-sram,detailedroute__route__wirelength,97aecfe86bb40641d175526f6ed0101cdeceefe2,1770391497,1770336350,72135.7,63725.2,-0.116592,tighten,0
asap7,riscv32i-mock-sram,detailedroute__route__wirelength,1426c0532d3d759be3e09a25c96ed9e31ab7df71,1770743745,1770391497,63725.2,63477.4,-0.00388898,tighten,0
asap7,riscv32i-mock-sram,detailedroute__route__wirelength,4f75afd4cb1ea5150d91d3a010fe278c28955efa,1773561379,1772146813,63477.4,58557.4,-0.0775079,tighten,0
asap7,riscv32i-mock-sram,detailedroute__route__wirelength,1ad9ee5203118586cab4535015c5184473e53783,1774531618,1773561379,58557.4,57024.3,-0.0261802,tighten,0
asap7,riscv32i-mock-sram,detailedroute__route__wirelength,442c25202ace17ce42288d502eef557a4ce7f1e5,1779202706,1777048191,57024.3,56004.3,-0.0178871,tighten,1
asap7,riscv32i-mock-sram,detailedroute__route__wirelength,d39a7b21e8f23d0220f03ee6e4f727156f236853,1780178044,1780067044,56004.3,55924.3,-0.00142846,tighten,0
asap7,riscv32i-mock-sram,detailedroute__route__wirelength,dd16357d8e468bf10bbcaad074f42067030ff483,1780539925,1780178044,55924.3,54980.9,-0.0168706,tighten,0
asap7,riscv32i-mock-sram,detailedroute__route__wirelength,a89f995a56a40be9b48b39daad94210b36a88d0a,1781720239,1781147335,54980.9,56207,0.0223002,failing,0
asap7,riscv32i-mock-sram,detailedroute__route__wirelength,6c7028f16cf3edf11439f9f609f70176e5a4be55,1782632631,1781720239,56207,53553.9,-0.0472013,tighten,0
asap7,riscv32i-mock-sram,finish__design__instance__area,42178207582b826afda558465d444ace04ccbd4a,1747174692,1744678380,2006.09,2319.13,0.156047,failing,0
asap7,riscv32i-mock-sram,finish__design__instance__area,42c12e80a33d8c34badeff76e9aeeaea0b4e2651,1749917054,1749159324,2319.13,2142.61,-0.0761155,tighten,0
asap7,riscv32i-mock-sram,finish__design__instance__area,9753d33a6e24b5daad668aca9cde8918f2af9ebd,1756701107,1755785256,2142.61,2056.52,-0.0401786,tighten,0
asap7,riscv32i-mock-sram,finish__design__instance__area,18e7e1499ae5617745ab86e1e871bcd90097ad27,1757034643,1756701107,2056.52,2055.65,-0.000422833,tighten,0
asap7,riscv32i-mock-sram,finish__design__instance__area,252042c9c294386a7a8594dc3465b542c0184c52,1759899974,1757956713,2055.65,1991.3,-0.0313029,tighten,0
asap7,riscv32i-mock-sram,finish__design__instance__area,73b3e3209165d7c551ebbdcb7f32893d7b384702,1761600294,1761360171,1991.3,1980,-0.00567686,tighten,0
asap7,riscv32i-mock-sram,finish__design__instance__area,b2d224758b1fae76777c5fc5a3493c6bd769404c,1763659797,1763395270,1980,1973.91,-0.00307422,tighten,0
asap7,riscv32i-mock-sram,finish__design__instance__area,a89f995a56a40be9b48b39daad94210b36a88d0a,1781720239,1781147335,1973.91,2063.48,0.0453744,failing,0
asap7,riscv32i-mock-sram,finish__design__instance__area,6c7028f16cf3edf11439f9f609f70176e5a4be55,1782632631,1781720239,2063.48,2058.26,-0.00252845,tighten,0
asap7,riscv32i-mock-sram,finish__design__instance__area,19c2b08c4caa7d5fae6fecd81415e808f7a92b83,1784579405,1782632631,2058.26,2050.43,-0.00380228,tighten,0
asap7,riscv32i-mock-sram,placeopt__design__instance__area,7ad0ca8f8a98ea96b529f69b3e7a078db5734d01,1749159324,1747174692,1973.04,2274.78,0.152931,failing,1
asap7,riscv32i-mock-sram,placeopt__design__instance__area,42c12e80a33d8c34badeff76e9aeeaea0b4e2651,1749917054,1749159324,2274.78,2082.61,-0.0844801,tighten,0
asap7,riscv32i-mock-sram,placeopt__design__instance__area,9753d33a6e24b5daad668aca9cde8918f2af9ebd,1756701107,1755785256,2082.61,1983.48,-0.0475992,tighten,0
asap7,riscv32i-mock-sram,placeopt__design__instance__area,252042c9c294386a7a8594dc3465b542c0184c52,1759899974,1757956713,1983.48,1907.83,-0.0381412,tighten,0
asap7,riscv32i-mock-sram,placeopt__design__instance__area,b31abb52d66b377d02766ec029c33e1eef38624c,1760587812,1760426794,1907.83,1904.35,-0.00182315,tighten,0
asap7,riscv32i-mock-sram,placeopt__design__instance__area,73b3e3209165d7c551ebbdcb7f32893d7b384702,1761600294,1761360171,1904.35,1892.17,-0.00639269,tighten,0
asap7,riscv32i-mock-sram,placeopt__design__instance__area,a89f995a56a40be9b48b39daad94210b36a88d0a,1781720239,1781147335,1892.17,1996.52,0.0551471,failing,0
asap7,riscv32i-mock-sram,placeopt__design__instance__area,6c7028f16cf3edf11439f9f609f70176e5a4be55,1782632631,1781720239,1996.52,1992.17,-0.0021777,tighten,0
asap7,riscv32i-mock-sram,placeopt__design__instance__area,19c2b08c4caa7d5fae6fecd81415e808f7a92b83,1784579405,1782632631,1992.17,1986.09,-0.00305543,tighten,0
asap7,riscv32i-mock-sram,placeopt__design__instance__count__stdcell,252042c9c294386a7a8594dc3465b542c0184c52,1759899974,1757956713,10641.7,10227.8,-0.0388952,tighten,0
asap7,riscv32i-mock-sram,placeopt__design__instance__count__stdcell,b31abb52d66b377d02766ec029c33e1eef38624c,1760587812,1760426794,10227.8,10053,-0.0170889,tighten,0
asap7,riscv32i-mock-sram,placeopt__design__instance__count__stdcell,73b3e3209165d7c551ebbdcb7f32893d7b384702,1761600294,1761360171,10053,9945.22,-0.0107257,tighten,0
asap7,riscv32i-mock-sram,placeopt__design__instance__count__stdcell,a89f995a56a40be9b48b39daad94210b36a88d0a,1781720239,1781147335,9945.22,10187,0.0243071,failing,0
asap7,riscv32i-mock-sram,placeopt__design__instance__count__stdcell,6c7028f16cf3edf11439f9f609f70176e5a4be55,1782632631,1781720239,10187,10134.8,-0.00512164,tighten,0
asap7,riscv32i-mock-sram,placeopt__design__instance__count__stdcell,19c2b08c4caa7d5fae6fecd81415e808f7a92b83,1784579405,1782632631,10134.8,10077.4,-0.00566281,tighten,0
asap7,sha3,detailedroute__route__wirelength,11d682b3422f774154f6ad89f403687afdc1809f,1662478866,1658891881,66045.2,62829.6,-0.0486886,tighten,1
asap7,sha3,detailedroute__route__wirelength,b34f40c79b06af45896fd11f9719657b9f926ca6,1674582080,1671117394,62829.6,61834.8,-0.015833,tighten,0
asap7,sha3,detailedroute__route__wirelength,8307935f0f186cbfea4cc14dcbd17a0c9c8fafd1,1676313682,1674582080,61834.8,61615.7,-0.00354381,tighten,0
asap7,sha3,detailedroute__route__wirelength,b459e9447c176b22902653912b6b3c2709e32985,1683090721,1676313682,61615.7,61251.3,-0.00591323,tighten,1
asap7,sha3,detailedroute__route__wirelength,f50270aaac2990b084b60db7761a35581c188644,1693498950,1692253690,61251.3,62233,0.0160281,failing,0
asap7,sha3,finish__design__instance__area,3e85fcd8465d967e20d228c1494b8824e699e5a6,1652820402,1652373207,5598.26,2357.39,-0.578906,tighten,0
asap7,sha3,finish__design__instance__area,1b69a427d480eea98cd74b0a3ac248dc515d9a35,1658891881,1658154812,2357.39,2344.35,-0.00553301,tighten,0
asap7,sha3,finish__design__instance__area,11d682b3422f774154f6ad89f403687afdc1809f,1662478866,1658891881,2344.35,2241.74,-0.0437685,tighten,1
asap7,sha3,finish__design__instance__area,0317619cb67f1c77437a0aad479e4902f7cffa1b,1664989164,1662650846,2241.74,2224.35,-0.00775795,tighten,0
asap7,sha3,finish__design__instance__area,93cec18e4b060d6eadba735a14a6867f9c7e6dd1,1687058647,1683090721,2224.35,2185.22,-0.0175919,tighten,1
asap7,sha3,finish__design__instance__area,f50270aaac2990b084b60db7761a35581c188644,1693498950,1692253690,2185.22,2188.7,0.00159172,failing,0
asap7,sha3,placeopt__design__instance__area,1b69a427d480eea98cd74b0a3ac248dc515d9a35,1658891881,1658154812,2268.7,2260.87,-0.0034496,tighten,0
asap7,sha3,placeopt__design__instance__area,11d682b3422f774154f6ad89f403687afdc1809f,1662478866,1658891881,2260.87,2165.22,-0.0423077,tighten,1
asap7,sha3,placeopt__design__instance__area,20552c2b44b6f9e33cd40a957a442fdd68631a93,1671117394,1670719457,2165.22,2160.87,-0.00200803,tighten,0
asap7,sha3,placeopt__design__instance__area,93cec18e4b060d6eadba735a14a6867f9c7e6dd1,1687058647,1683090721,2160.87,2158.26,-0.00120724,tighten,1
asap7,sha3,placeopt__design__instance__area,f50270aaac2990b084b60db7761a35581c188644,1693498950,1692253690,2158.26,2165.22,0.00322321,failing,0
asap7,sha3,placeopt__design__instance__count__stdcell,96a2d6ac16327adb6e9d220c289d1dd0af623136,1656620391,1653240872,16913.9,16912.2,-0.000102822,tighten,0
asap7,sha3,placeopt__design__instance__count__stdcell,1b69a427d480eea98cd74b0a3ac248dc515d9a35,1658891881,1658154812,16912.2,16855.7,-0.00334207,tighten,0
asap7,sha3,placeopt__design__instance__count__stdcell,f50270aaac2990b084b60db7761a35581c188644,1693498950,1692253690,16855.7,16988.7,0.00789311,failing,0
asap7,sram-64x16,detailedroute__route__wirelength,f50270aaac2990b084b60db7761a35581c188644,1693498950,1692253690,16435.7,16844.3,0.0248664,failing,1
asap7,sram-64x16,detailedroute__route__wirelength,960a711f8faf3798dbb22b519fefa65093065655,1693889372,1693498950,16844.3,16997.4,0.00908575,failing,1
asap7,sram-64x16,finish__design__instance__area,f50270aaac2990b084b60db7761a35581c188644,1693498950,1692253690,2748.7,2846.09,0.0354318,failing,1
asap7,sram-64x16,placeopt__design__instance__area,f50270aaac2990b084b60db7761a35581c188644,1693498950,1692253690,2743.48,2791.3,0.0174326,failing,1
asap7,sram-64x16,placeopt__design__instance__count__stdcell,f50270aaac2990b084b60db7761a35581c188644,1693498950,1692253690,3322.61,3598.26,0.0829626,failing,1
asap7,swerv_wrapper,detailedroute__route__wirelength,df9a44242f8474591b0dcdd19c67f059b3d7eebe,1683848405,1680104528,1.82451e+06,1.73177e+06,-0.0508302,tighten,0
asap7,swerv_wrapper,detailedroute__route__wirelength,ca88d27909bfe849443d77927e67088dd190f239,1689716734,1685979279,1.73177e+06,1.72805e+06,-0.0021481,tighten,0
asap7,swerv_wrapper,detailedroute__route__wirelength,f50270aaac2990b084b60db7761a35581c188644,1693498950,1692283204,1.72805e+06,1.70787e+06,-0.0116724,tighten,0
asap7,swerv_wrapper,detailedroute__route__wirelength,00560b86a37a6b62257f7e6e09a04536273e30a2,1709243794,1693498950,1.70787e+06,1.60874e+06,-0.0580467,tighten,1
asap7,swerv_wrapper,detailedroute__route__wirelength,5d37debd687dccb78c7a9680b81729a29d477ffd,1721517691,1709243794,1.60874e+06,1.4116e+06,-0.122545,tighten,1
asap7,swerv_wrapper,detailedroute__route__wirelength,0ff3a4b899de83f7a2fde97ff80d78d51e5c9891,1736698172,1727799197,1.4116e+06,1.67674e+06,0.187831,failing,1
asap7,swerv_wrapper,detailedroute__route__wirelength,51d9aa5af1f4fc89c29ad8213b52f5988d5bc403,1740943496,1739380119,1.67674e+06,1.66955e+06,-0.00428731,tighten,0
asap7,swerv_wrapper,detailedroute__route__wirelength,42c12e80a33d8c34badeff76e9aeeaea0b4e2651,1749917054,1745637922,1.66955e+06,1.62409e+06,-0.0272294,tighten,1
asap7,swerv_wrapper,detailedroute__route__wirelength,708458750afc7764eedc6e18228430c3f99bd9ed,1755604051,1749917054,1.62409e+06,1.47174e+06,-0.0938057,tighten,1
asap7,swerv_wrapper,detailedroute__route__wirelength,aad91813f6449c7015dc05fa71156bb3da2ed9d2,1755785256,1755604051,1.47174e+06,1.46409e+06,-0.0052,tighten,0
asap7,swerv_wrapper,detailedroute__route__wirelength,457549938522cbf74360fab4520cc93d40adeb9c,1756497923,1755785256,1.46409e+06,1.42035e+06,-0.0298741,tighten,0
asap7,swerv_wrapper,detailedroute__route__wirelength,9753d33a6e24b5daad668aca9cde8918f2af9ebd,1756701107,1756497923,1.42035e+06,1.41854e+06,-0.00127587,tighten,0
asap7,swerv_wrapper,detailedroute__route__wirelength,e6bb8333f211a1b8759fde6b973499aef1b0a92b,1758932959,1758645668,1.41854e+06,1.40053e+06,-0.012691,tighten,0
asap7,swerv_wrapper,detailedroute__route__wirelength,93c42b2e6877550589af655e0eb299038426e915,1763490640,1763395270,1.40053e+06,1.37863e+06,-0.01564,tighten,0
asap7,swerv_wrapper,detailedroute__route__wirelength,3d866e64815b9382a527a52b9848b4283bb32209,1770224518,1769182033,1.37863e+06,1.58789e+06,0.151793,failing,0
asap7,swerv_wrapper,detailedroute__route__wirelength,e0f1ad381d76fce62eb9703e978d0734548bf7d5,1772209135,1771883623,1.58789e+06,1.48812e+06,-0.0628335,tighten,0
asap7,swerv_wrapper,detailedroute__route__wirelength,1ad9ee5203118586cab4535015c5184473e53783,1774531618,1773836695,1.48812e+06,1.29027e+06,-0.132951,tighten,0
asap7,swerv_wrapper,detailedroute__route__wirelength,ceb03b9a89661ab44292cb183c26fea1b142c837,1775429724,1774531618,1.29027e+06,1.12043e+06,-0.131634,tighten,1
asap7,swerv_wrapper,detailedroute__route__wirelength,9ce62ea3a3d5de666dc93ba4b0350b64c5563fde,1776976785,1775429724,1.12043e+06,1.11997e+06,-0.000406676,tighten,1
asap7,swerv_wrapper,detailedroute__route__wirelength,0bcfb41764ea2aa89b2872ff24a0ab5986e748bf,1788894849,1784579405,1.11997e+06,880761,-0.213588,tighten,1
asap7,swerv_wrapper,finish__design__instance__area,df9a44242f8474591b0dcdd19c67f059b3d7eebe,1683848405,1680104528,47852.2,46746.1,-0.0231147,tighten,0
asap7,swerv_wrapper,finish__design__instance__area,f50270aaac2990b084b60db7761a35581c188644,1693498950,1692283204,46746.1,52563.5,0.124447,failing,0
asap7,swerv_wrapper,finish__design__instance__area,00560b86a37a6b62257f7e6e09a04536273e30a2,1709243794,1693498950,52563.5,50233.9,-0.0443191,tighten,1
asap7,swerv_wrapper,finish__design__instance__area,5d37debd687dccb78c7a9680b81729a29d477ffd,1721517691,1709243794,50233.9,49517.4,-0.0142637,tighten,1
asap7,swerv_wrapper,finish__design__instance__area,708458750afc7764eedc6e18228430c3f99bd9ed,1755604051,1749917054,49517.4,49467.8,-0.00100097,tighten,1
asap7,swerv_wrapper,finish__design__instance__area,aad91813f6449c7015dc05fa71156bb3da2ed9d2,1755785256,1755604051,49467.8,48986.1,-0.00973843,tighten,0
asap7,swerv_wrapper,finish__design__instance__area,457549938522cbf74360fab4520cc93d40adeb9c,1756497923,1755785256,48986.1,48912.2,-0.00150886,tighten,0
asap7,swerv_wrapper,finish__design__instance__area,1ad9ee5203118586cab4535015c5184473e53783,1774531618,1773836695,48912.2,48287,-0.0127824,tighten,0
asap7,swerv_wrapper,finish__design__instance__area,ceb03b9a89661ab44292cb183c26fea1b142c837,1775429724,1774531618,48287,48197.4,-0.00185485,tighten,1
asap7,swerv_wrapper,finish__design__instance__area,442c25202ace17ce42288d502eef557a4ce7f1e5,1779202706,1776976785,48197.4,48149.6,-0.000992296,tighten,1
asap7,swerv_wrapper,finish__design__instance__area,0bcfb41764ea2aa89b2872ff24a0ab5986e748bf,1788894849,1784579405,48149.6,47865.2,-0.00590551,tighten,1
asap7,swerv_wrapper,placeopt__design__instance__area,df9a44242f8474591b0dcdd19c67f059b3d7eebe,1683848405,1680104528,46491.3,46323.5,-0.00360984,tighten,0
asap7,swerv_wrapper,placeopt__design__instance__area,f50270aaac2990b084b60db7761a35581c188644,1693498950,1692283204,46323.5,52131.3,0.125375,failing,0
asap7,swerv_wrapper,placeopt__design__instance__area,00560b86a37a6b62257f7e6e09a04536273e30a2,1709243794,1693498950,52131.3,49633.9,-0.0479058,tighten,1
asap7,swerv_wrapper,placeopt__design__instance__area,5d37debd687dccb78c7a9680b81729a29d477ffd,1721517691,1709243794,49633.9,49087,-0.0110198,tighten,1
asap7,swerv_wrapper,placeopt__design__instance__area,aad91813f6449c7015dc05fa71156bb3da2ed9d2,1755785256,1755604051,49087,48650.4,-0.00889283,tighten,0
asap7,swerv_wrapper,placeopt__design__instance__area,457549938522cbf74360fab4520cc93d40adeb9c,1756497923,1755785256,48650.4,48619.1,-0.000643455,tighten,0
asap7,swerv_wrapper,placeopt__design__instance__area,aad6b36d2a98876e019315f4711e7e7eb8efa058,1760067789,1760033903,48619.1,48607,-0.000250393,tighten,0
asap7,swerv_wrapper,placeopt__design__instance__area,93c42b2e6877550589af655e0eb299038426e915,1763490640,1763395270,48607,48581.7,-0.000518802,tighten,0
asap7,swerv_wrapper,placeopt__design__instance__area,20dc208b49af875cfa5ba1c4490f68d635d8d621,1768019333,1767727881,48581.7,48553,-0.000590667,tighten,1
asap7,swerv_wrapper,placeopt__design__instance__area,1c28718ca51b3304afd944bee53809790d1692bf,1768367918,1768332750,48553,48520,-0.000680565,tighten,0
asap7,swerv_wrapper,placeopt__design__instance__area,b688e16c40817d7dd0e713e09ef21e0c026be688,1772576373,1772209135,48520,48509.6,-0.000215061,tighten,0
asap7,swerv_wrapper,placeopt__design__instance__area,1ad9ee5203118586cab4535015c5184473e53783,1774531618,1773836695,48509.6,47913.9,-0.0122791,tighten,0
asap7,swerv_wrapper,placeopt__design__instance__area,ceb03b9a89661ab44292cb183c26fea1b142c837,1775429724,1774531618,47913.9,47817.4,-0.00201448,tighten,1
asap7,swerv_wrapper,placeopt__design__instance__area,9ce62ea3a3d5de666dc93ba4b0350b64c5563fde,1776976785,1775429724,47817.4,47812.2,-0.000109111,tighten,1
asap7,swerv_wrapper,placeopt__design__instance__area,442c25202ace17ce42288d502eef557a4ce7f1e5,1779202706,1776976785,47812.2,47762.6,-0.00103667,tighten,1
asap7,swerv_wrapper,placeopt__design__instance__area,0bcfb41764ea2aa89b2872ff24a0ab5986e748bf,1788894849,1784579405,47762.6,47440,-0.00675442,tighten,1
asap7,swerv_wrapper,placeopt__design__instance__count__stdcell,df9a44242f8474591b0dcdd19c67f059b3d7eebe,1683848405,1680104528,185769,185238,-0.00285535,tighten,0
asap7,swerv_wrapper,placeopt__design__instance__count__stdcell,f50270aaac2990b084b60db7761a35581c188644,1693498950,1692283204,185238,165226,-0.108035,tighten,0
asap7,swerv_wrapper,placeopt__design__instance__count__stdcell,00560b86a37a6b62257f7e6e09a04536273e30a2,1709243794,1693498950,165226,145881,-0.117083,tighten,1
asap7,swerv_wrapper,placeopt__design__instance__count__stdcell,1ad9ee5203118586cab4535015c5184473e53783,1774531618,1773836695,145881,136187,-0.0664509,tighten,0
asap7,swerv_wrapper,placeopt__design__instance__count__stdcell,ceb03b9a89661ab44292cb183c26fea1b142c837,1775429724,1774531618,136187,135169,-0.00747693,tighten,1
asap7,swerv_wrapper,placeopt__design__instance__count__stdcell,9ce62ea3a3d5de666dc93ba4b0350b64c5563fde,1776976785,1775429724,135169,135125,-0.000321659,tighten,1
asap7,swerv_wrapper,placeopt__design__instance__count__stdcell,442c25202ace17ce42288d502eef557a4ce7f1e5,1779202706,1776976785,135125,134959,-0.00122913,tighten,1
asap7,swerv_wrapper,placeopt__design__instance__count__stdcell,19c2b08c4caa7d5fae6fecd81415e808f7a92b83,1784579405,1780178044,134959,122885,-0.0894635,tighten,1
asap7,swerv_wrapper,placeopt__design__instance__count__stdcell,0bcfb41764ea2aa89b2872ff24a0ab5986e748bf,1788894849,1784579405,122885,113867,-0.0733877,tighten,1
asap7,uart,detailedroute__route__wirelength,3e85fcd8465d967e20d228c1494b8824e699e5a6,1652820402,1652373207,1733.04,1717.39,-0.00903161,tighten,0
asap7,uart,detailedroute__route__wirelength,11d682b3422f774154f6ad89f403687afdc1809f,1662478866,1658154812,1717.39,1653.91,-0.036962,tighten,1
asap7,uart,detailedroute__route__wirelength,99af1aca7b0b7c835f95f16c401716134e154ec9,1662650846,1662478866,1653.91,1653.04,-0.000525762,tighten,0
asap7,uart,detailedroute__route__wirelength,b30dd927e4cd470fdd409ef28a779b92e154878d,1699922798,1693498950,1653.04,1422.61,-0.1394,tighten,1
asap7,uart,detailedroute__route__wirelength,a006172422544ec724ec4f2bd3b3ab46253ba94a,1713471019,1709227107,1422.61,1645.22,0.156479,failing,0
asap7,uart,detailedroute__route__wirelength,a80f70e9fd15ebe4e8b232ad507749a3f0379f79,1720493067,1713471019,1645.22,1473.91,-0.104123,tighten,0
asap7,uart,detailedroute__route__wirelength,53873f6b5a049a999386861e7a9ee80aa61080c5,1727499238,1726801420,1473.91,1525.22,0.0348083,failing,0
asap7,uart,detailedroute__route__wirelength,52671e62635e2d0af21b8c715f3eb8220e2c0b62,1769814722,1769102322,1525.22,1765.22,0.157355,failing,0
asap7,uart,detailedroute__route__wirelength,1ad9ee5203118586cab4535015c5184473e53783,1774531618,1772209135,1765.22,1454.78,-0.175862,tighten,0
asap7,uart,detailedroute__route__wirelength,a89f995a56a40be9b48b39daad94210b36a88d0a,1781720239,1781147335,1454.78,1628.7,0.119546,failing,1
asap7,uart,finish__design__instance__area,3e85fcd8465d967e20d228c1494b8824e699e5a6,1652820402,1652373207,220.87,111.304,-0.496063,tighten,0
asap7,uart,finish__design__instance__area,11d682b3422f774154f6ad89f403687afdc1809f,1662478866,1658154812,111.304,109.565,-0.015625,tighten,1
asap7,uart,finish__design__instance__area,b30dd927e4cd470fdd409ef28a779b92e154878d,1699922798,1693498950,109.565,80,-0.269841,tighten,1
asap7,uart,finish__design__instance__area,53873f6b5a049a999386861e7a9ee80aa61080c5,1727499238,1726801420,80,91.3043,0.141304,failing,0
asap7,uart,finish__design__instance__area,804812ea75e47913c47c50f833524f3577d6b7be,1741306883,1739380119,91.3043,89.5652,-0.0190476,tighten,0
asap7,uart,finish__design__instance__area,1c28718ca51b3304afd944bee53809790d1692bf,1768367918,1768241546,89.5652,103.478,0.15534,failing,0
asap7,uart,finish__design__instance__area,1ad9ee5203118586cab4535015c5184473e53783,1774531618,1772209135,103.478,94.7826,-0.0840336,tighten,0
asap7,uart,finish__design__instance__area,a89f995a56a40be9b48b39daad94210b36a88d0a,1781720239,1781147335,94.7826,102.609,0.0825688,failing,1
asap7,uart,placeopt__design__instance__area,11d682b3422f774154f6ad89f403687afdc1809f,1662478866,1658154812,84.3478,81.7391,-0.0309278,tighten,1
asap7,uart,placeopt__design__instance__area,b30dd927e4cd470fdd409ef28a779b92e154878d,1699922798,1693498950,81.7391,75.6522,-0.0744681,tighten,1
asap7,uart,placeopt__design__instance__area,53873f6b5a049a999386861e7a9ee80aa61080c5,1727499238,1726801420,75.6522,83.4783,0.103448,failing,0
asap7,uart,placeopt__design__instance__area,804812ea75e47913c47c50f833524f3577d6b7be,1741306883,1739380119,83.4783,82.6087,-0.0104167,tighten,0
asap7,uart,placeopt__design__instance__area,73b3e3209165d7c551ebbdcb7f32893d7b384702,1761600294,1761360171,82.6087,95.6522,0.157895,failing,0
asap7,uart,placeopt__design__instance__area,edfa2befffccc1d987cfdc9df7bd2ebaf1911c37,1765208251,1764992860,95.6522,93.0435,-0.0272727,tighten,0
asap7,uart,placeopt__design__instance__area,6226277a16a3f669a899a2a68d68a18b98417bf0,1767159508,1767137577,93.0435,86.9565,-0.0654206,tighten,0
asap7,uart,placeopt__design__instance__area,a89f995a56a40be9b48b39daad94210b36a88d0a,1781720239,1781147335,86.9565,93.913,0.08,failing,1
asap7,uart,placeopt__design__instance__count__stdcell,f50270aaac2990b084b60db7761a35581c188644,1693498950,1667495167,719.13,727.826,0.0120919,failing,1
asap7,uart,placeopt__design__instance__count__stdcell,b30dd927e4cd470fdd409ef28a779b92e154878d,1699922798,1693498950,727.826,661.739,-0.0908005,tighten,1
asap7,uart,placeopt__design__instance__count__stdcell,53873f6b5a049a999386861e7a9ee80aa61080c5,1727499238,1726801420,661.739,735.652,0.111695,failing,0
asap7,uart,placeopt__design__instance__count__stdcell,804812ea75e47913c47c50f833524f3577d6b7be,1741306883,1739380119,735.652,726.087,-0.0130024,tighten,0
asap7,uart,placeopt__design__instance__count__stdcell,cddcedb9d559b67a6b598a2c4b38ad0e04fd2bde,1759261996,1757956713,726.087,873.043,0.202395,failing,0
asap7,uart,placeopt__design__instance__count__stdcell,edfa2befffccc1d987cfdc9df7bd2ebaf1911c37,1765208251,1764992860,873.043,866.087,-0.00796813,tighten,0
asap7,uart,placeopt__design__instance__count__stdcell,6226277a16a3f669a899a2a68d68a18b98417bf0,1767159508,1767137577,866.087,793.043,-0.0843373,tighten,0
asap7,uart,placeopt__design__instance__count__stdcell,a89f995a56a40be9b48b39daad94210b36a88d0a,1781720239,1781147335,793.043,866.957,0.0932018,failing,1
asap7,uart,placeopt__design__instance__count__stdcell,19c2b08c4caa7d5fae6fecd81415e808f7a92b83,1784579405,1781720239,866.957,858.261,-0.0100301,tighten,0
asap7,uart-blocks,detailedroute__route__wirelength,533686274bc7711df4ab6240b9e27bb1c85059c7,1689626103,1672091650,2217.39,2200.87,-0.00745098,tighten,1
asap7,uart-blocks,finish__design__instance__area,533686274bc7711df4ab6240b9e27bb1c85059c7,1689626103,1672091650,316.522,314.783,-0.00549451,tighten,1
asap7,uart-blocks,placeopt__design__instance__area,533686274bc7711df4ab6240b9e27bb1c85059c7,1689626103,1672091650,313.913,311.304,-0.00831025,tighten,1
asap7,uart-blocks,placeopt__design__instance__count__stdcell,533686274bc7711df4ab6240b9e27bb1c85059c7,1689626103,1672091650,1026.96,1022.61,-0.0042337,tighten,1
gf12,aes,detailedroute__route__wirelength,10f0392286d7f9084cd7e57431a65b90a907e363,1670719457,1667495167,143790,143232,-0.00387644,tighten,0
gf12,aes,detailedroute__route__wirelength,071de4231f923c76b37bd9605276cd278f3f0e59,1672923481,1670719457,143232,142854,-0.00264089,tighten,1
gf12,aes,detailedroute__route__wirelength,f50270aaac2990b084b60db7761a35581c188644,1693498950,1691093844,142854,143589,0.00514359,failing,1
gf12,aes,detailedroute__route__wirelength,3d05440525390fe651bd9ad60df2267f2cb6ad23,1702463869,1693498950,143589,90086.1,-0.37261,tighten,1
gf12,aes,detailedroute__route__wirelength,292a586ef4d47252ac6fa553d05d57bb5486229e,1723903819,1720750184,90086.1,111733,0.240292,failing,0
gf12,aes,detailedroute__route__wirelength,11fe8583a68951cda994f3749f4ab4e033785393,1740159758,1739380119,111733,130113,0.164499,failing,0
gf12,aes,detailedroute__route__wirelength,a2e7a0fe4d14cb0382446a3843ee594f696f7de8,1740697470,1740159758,130113,129337,-0.00596137,tighten,0
gf12,aes,detailedroute__route__wirelength,6c8dd1103d4f87aec14802c309d2b3b9dfeee9d7,1756355532,1740697470,129337,94113,-0.272345,tighten,1
gf12,aes,detailedroute__route__wirelength,1eba4c263e85d441e035abeb066dfce330b049b1,1776358870,1770953622,94113,110022,0.169038,failing,0
gf12,aes,detailedroute__route__wirelength,a16fb344899f51d75bee31ad18650a2aa91d8c53,1788542093,1784640606,110022,108886,-0.0103221,tighten,1
gf12,aes,finish__design__instance__area,5e16d3e90191aa74f11062ee97fede607f33a5af,1657833468,1652820402,5415.65,5414.78,-0.000160565,tighten,1
gf12,aes,finish__design__instance__area,b34f40c79b06af45896fd11f9719657b9f926ca6,1674582080,1672923481,5414.78,5413.04,-0.000321182,tighten,0
gf12,aes,finish__design__instance__area,f50270aaac2990b084b60db7761a35581c188644,1693498950,1691093844,5413.04,5420,0.00128514,failing,1
gf12,aes,finish__design__instance__area,3d05440525390fe651bd9ad60df2267f2cb6ad23,1702463869,1693498950,5420,3991.3,-0.263597,tighten,1
gf12,aes,finish__design__instance__area,337cf2f55ad9d8b56a987319a8c2b9a1572b4849,1732560471,1726801420,3991.3,4720,0.182571,failing,1
gf12,aes,finish__design__instance__area,0237d84dbf0b1cb2fd3455e6cc0ede497ac27009,1737487889,1732560471,4720,4715.65,-0.00092115,tighten,0
gf12,aes,finish__design__instance__area,11fe8583a68951cda994f3749f4ab4e033785393,1740159758,1739380119,4715.65,4711.3,-0.000921999,tighten,0
gf12,aes,finish__design__instance__area,6c8dd1103d4f87aec14802c309d2b3b9dfeee9d7,1756355532,1740697470,4711.3,4088.7,-0.132152,tighten,1
gf12,aes,finish__design__instance__area,252042c9c294386a7a8594dc3465b542c0184c52,1759899974,1756355532,4088.7,3715.65,-0.0912378,tighten,0
gf12,aes,finish__design__instance__area,cd48cac6843355786ef16a2afd16340826f48747,1768432207,1767727881,3715.65,3683.48,-0.00865902,tighten,0
gf12,aes,finish__design__instance__area,aaf99bfae2bd77848e9778e902d0f4b4c8e1f11c,1784640606,1781720239,3683.48,4248.7,0.153447,failing,0
gf12,aes,placeopt__design__instance__area,071de4231f923c76b37bd9605276cd278f3f0e59,1672923481,1670719457,5402.61,5399.13,-0.000643811,tighten,1
gf12,aes,placeopt__design__instance__area,b34f40c79b06af45896fd11f9719657b9f926ca6,1674582080,1672923481,5399.13,5397.39,-0.000322113,tighten,0
gf12,aes,placeopt__design__instance__area,f50270aaac2990b084b60db7761a35581c188644,1693498950,1691093844,5397.39,5402.61,0.000966651,failing,1
gf12,aes,placeopt__design__instance__area,3d05440525390fe651bd9ad60df2267f2cb6ad23,1702463869,1693498950,5402.61,3938.26,-0.271045,tighten,1
gf12,aes,placeopt__design__instance__area,3cf22e57f905b4c112a4c39dc124b323dbd284af,1720750184,1702463869,3938.26,3935.65,-0.000662398,tighten,1
gf12,aes,placeopt__design__instance__area,337cf2f55ad9d8b56a987319a8c2b9a1572b4849,1732560471,1726801420,3935.65,4658.26,0.183606,failing,1
gf12,aes,placeopt__design__instance__area,0237d84dbf0b1cb2fd3455e6cc0ede497ac27009,1737487889,1732560471,4658.26,4653.04,-0.00112003,tighten,0
gf12,aes,placeopt__design__instance__area,11fe8583a68951cda994f3749f4ab4e033785393,1740159758,1739380119,4653.04,4651.3,-0.000373762,tighten,0
gf12,aes,placeopt__design__instance__area,6c8dd1103d4f87aec14802c309d2b3b9dfeee9d7,1756355532,1740697470,4651.3,3996.52,-0.140774,tighten,1
gf12,aes,placeopt__design__instance__area,252042c9c294386a7a8594dc3465b542c0184c52,1759899974,1756355532,3996.52,3646.96,-0.0874674,tighten,0
gf12,aes,placeopt__design__instance__area,cd48cac6843355786ef16a2afd16340826f48747,1768432207,1767727881,3646.96,3616.52,-0.00834526,tighten,0
gf12,aes,placeopt__design__instance__area,aaf99bfae2bd77848e9778e902d0f4b4c8e1f11c,1784640606,1781720239,3616.52,4182.61,0.156528,failing,0
gf12,aes,placeopt__design__instance__count__stdcell,3e85fcd8465d967e20d228c1494b8824e699e5a6,1652820402,1652373207,20117.4,20115.7,-8.64491e-05,tighten,0
gf12,aes,placeopt__design__instance__count__stdcell,99af1aca7b0b7c835f95f16c401716134e154ec9,1662650846,1657833468,20115.7,20113,-0.000129685,tighten,0
gf12,aes,placeopt__design__instance__count__stdcell,10f0392286d7f9084cd7e57431a65b90a907e363,1670719457,1667495167,20113,20108.7,-0.000216169,tighten,0
gf12,aes,placeopt__design__instance__count__stdcell,f50270aaac2990b084b60db7761a35581c188644,1693498950,1691093844,20108.7,20109.6,4.32432e-05,failing,1
gf12,aes,placeopt__design__instance__count__stdcell,3d05440525390fe651bd9ad60df2267f2cb6ad23,1702463869,1693498950,20109.6,14182.6,-0.294733,tighten,1
gf12,aes,placeopt__design__instance__count__stdcell,1d0b5091d57a278d080fb4eb0639718dcdbb2e63,1770953622,1768432207,14182.6,13594.8,-0.041447,tighten,1
gf12,ariane,detailedroute__route__wirelength,3e85fcd8465d967e20d228c1494b8824e699e5a6,1652820402,1652373207,2.99623e+06,2.96923e+06,-0.00900959,tighten,1
gf12,ariane,detailedroute__route__wirelength,c9cb6802b0b5a858e4993159102664bcb54de02c,1664716388,1663804585,2.96923e+06,2.82452e+06,-0.0487387,tighten,1
gf12,ariane,detailedroute__route__wirelength,96da59ee4540f5f3643e2314c709fef33d6502da,1670947900,1669678339,2.82452e+06,2.78935e+06,-0.0124506,tighten,0
gf12,ariane,detailedroute__route__wirelength,510b8a1771ecc6c2a7f65508d1753ba7794c4a01,1673834248,1670947900,2.78935e+06,3.41405e+06,0.22396,failing,1
gf12,ariane,detailedroute__route__wirelength,b34f40c79b06af45896fd11f9719657b9f926ca6,1674582080,1673834248,3.41405e+06,3.40431e+06,-0.00285215,tighten,0
gf12,ariane,detailedroute__route__wirelength,fd07501c9390452013f4b58ba73b6a6ed84b4cbe,1684781594,1676585443,3.40431e+06,3.29954e+06,-0.0307763,tighten,1
gf12,ariane,detailedroute__route__wirelength,f50270aaac2990b084b60db7761a35581c188644,1693498950,1691962183,3.29954e+06,3.38665e+06,0.0263987,failing,0
gf12,ariane,detailedroute__route__wirelength,c37857c8255820e771e0dec335ff8eedddc85015,1699546561,1693498950,3.38665e+06,3.3198e+06,-0.0197392,tighten,1
gf12,ariane,detailedroute__route__wirelength,2eb0979e79837ac0f97f1437898879ad36ba7d72,1710448981,1708004423,3.3198e+06,3.14139e+06,-0.0537385,tighten,0
gf12,ariane,detailedroute__route__wirelength,0555668c0f6b5b8c1455dfcae013978794db62ce,1721415217,1720750184,3.14139e+06,3.71121e+06,0.181389,failing,0
gf12,ariane,detailedroute__route__wirelength,292a586ef4d47252ac6fa553d05d57bb5486229e,1723903819,1721415217,3.71121e+06,4.54333e+06,0.224218,failing,1
gf12,ariane,detailedroute__route__wirelength,fabc855b4aeca0b29e97639f33900972c0ba6ad0,1724866939,1723903819,4.54333e+06,3.06989e+06,-0.324309,tighten,1
gf12,ariane,detailedroute__route__wirelength,80d28863e882049bbdbddc5676cef590e196906c,1726801420,1724866939,3.06989e+06,3.06936e+06,-0.000172503,tighten,0
gf12,ariane,detailedroute__route__wirelength,1a629f5a309069fccd6ab3684234d178762fc9f0,1738793252,1732560471,3.06936e+06,3.53961e+06,0.153207,failing,1
gf12,ariane,detailedroute__route__wirelength,152c0a5277e76bfcf79aa0b0c7cb718d5364c39b,1741717272,1739380119,3.53961e+06,3.23754e+06,-0.0853394,tighten,0
gf12,ariane,detailedroute__route__wirelength,a18e59ab118bce594914c6b7ec493e382cddfb25,1753074771,1741717272,3.23754e+06,3.18472e+06,-0.0163149,tighten,1
gf12,ariane,detailedroute__route__wirelength,18e7e1499ae5617745ab86e1e871bcd90097ad27,1757034643,1756355532,3.18472e+06,4.26096e+06,0.337939,failing,0
gf12,ariane,detailedroute__route__wirelength,252042c9c294386a7a8594dc3465b542c0184c52,1759899974,1758574349,4.26096e+06,3.65259e+06,-0.142778,tighten,0
gf12,ariane,detailedroute__route__wirelength,aad6b36d2a98876e019315f4711e7e7eb8efa058,1760067789,1759899974,3.65259e+06,3.64653e+06,-0.00165791,tighten,0
gf12,ariane,detailedroute__route__wirelength,b31abb52d66b377d02766ec029c33e1eef38624c,1760587812,1760426794,3.64653e+06,3.32051e+06,-0.0894064,tighten,0
gf12,ariane,detailedroute__route__wirelength,8c985e9b2ac113bf6f1dc8befd1e623a3c9194d7,1761921249,1761360171,3.32051e+06,3.04972e+06,-0.0815496,tighten,0
gf12,ariane,detailedroute__route__wirelength,e768a6934f2adf5c3d928bd83e7b7efbbd75b156,1762915582,1761921249,3.04972e+06,3.79048e+06,0.242894,failing,0
gf12,ariane,detailedroute__route__wirelength,752766703db070f4f3538c771a9df1e3e5b2d2f6,1763683217,1762915582,3.79048e+06,3.49724e+06,-0.0773626,tighten,0
gf12,ariane,detailedroute__route__wirelength,de91c955b15a62e6be0075bec77247568dd525de,1764992860,1763795185,3.49724e+06,3.27907e+06,-0.0623828,tighten,0
gf12,ariane,detailedroute__route__wirelength,faa86137feb5521b3e0a8d2937cd81da7b99bf0d,1765675176,1764992860,3.27907e+06,2.98074e+06,-0.0909806,tighten,0
gf12,ariane,detailedroute__route__wirelength,5101376937a58731b5038683b2cb7b70404da7fc,1772917750,1770953622,2.98074e+06,3.43368e+06,0.151957,failing,1
gf12,ariane,detailedroute__route__wirelength,bdb262792fef3797730e1b8341b946426272dcdc,1776607464,1772917750,3.43368e+06,3.2781e+06,-0.0453099,tighten,1
gf12,ariane,detailedroute__route__wirelength,a89f995a56a40be9b48b39daad94210b36a88d0a,1781720239,1776607464,3.2781e+06,3.31426e+06,0.0110292,failing,1
gf12,ariane,detailedroute__route__wirelength,993421dfc995dce4d6d2aec2028d7f34546a2f81,1784194417,1781720239,3.31426e+06,3.08182e+06,-0.0701338,tighten,0
gf12,ariane,detailedroute__route__wirelength,0b1abc5affabb268ec17e728018ecec3da8cf299,1784835888,1784194417,3.08182e+06,3.02018e+06,-0.0200001,tighten,0
gf12,ariane,finish__design__instance__area,3e85fcd8465d967e20d228c1494b8824e699e5a6,1652820402,1652373207,194857,194313,-0.00279357,tighten,1
gf12,ariane,finish__design__instance__area,4a72fe0e58ca7cb1a2b02b7b997cb1b38df64daa,1655248644,1652820402,194313,193711,-0.00309675,tighten,1
gf12,ariane,finish__design__instance__area,99af1aca7b0b7c835f95f16c401716134e154ec9,1662650846,1655248644,193711,193672,-0.000202004,tighten,1
gf12,ariane,finish__design__instance__area,c9cb6802b0b5a858e4993159102664bcb54de02c,1664716388,1663804585,193672,193188,-0.00250086,tighten,1
gf12,ariane,finish__design__instance__area,710a6af4e2934ad968e3967e5ae99707206e7e1a,1669678339,1667495167,193188,193073,-0.00059415,tighten,0
gf12,ariane,finish__design__instance__area,96da59ee4540f5f3643e2314c709fef33d6502da,1670947900,1669678339,193073,192425,-0.00335534,tighten,0
gf12,ariane,finish__design__instance__area,f50270aaac2990b084b60db7761a35581c188644,1693498950,1691962183,192425,199051,0.0344346,failing,0
gf12,ariane,finish__design__instance__area,a18e59ab118bce594914c6b7ec493e382cddfb25,1753074771,1741717272,199051,198712,-0.00170373,tighten,1
gf12,ariane,finish__design__instance__area,18e7e1499ae5617745ab86e1e871bcd90097ad27,1757034643,1756355532,198712,190429,-0.0416858,tighten,0
gf12,ariane,finish__design__instance__area,252042c9c294386a7a8594dc3465b542c0184c52,1759899974,1758574349,190429,189845,-0.00306402,tighten,0
gf12,ariane,finish__design__instance__area,aad6b36d2a98876e019315f4711e7e7eb8efa058,1760067789,1759899974,189845,189624,-0.00116342,tighten,0
gf12,ariane,finish__design__instance__area,b31abb52d66b377d02766ec029c33e1eef38624c,1760587812,1760426794,189624,189014,-0.00321918,tighten,0
gf12,ariane,finish__design__instance__area,8c985e9b2ac113bf6f1dc8befd1e623a3c9194d7,1761921249,1761360171,189014,188739,-0.00145377,tighten,0
gf12,ariane,finish__design__instance__area,faa86137feb5521b3e0a8d2937cd81da7b99bf0d,1765675176,1764992860,188739,188723,-8.75374e-05,tighten,0
gf12,ariane,finish__design__instance__area,cd48cac6843355786ef16a2afd16340826f48747,1768432207,1767727881,188723,188658,-0.000340965,tighten,0
gf12,ariane,finish__design__instance__area,1d0b5091d57a278d080fb4eb0639718dcdbb2e63,1770953622,1768432207,188658,188101,-0.0029545,tighten,1
gf12,ariane,finish__design__instance__area,bdb262792fef3797730e1b8341b946426272dcdc,1776607464,1772917750,188101,187452,-0.00344866,tighten,1
gf12,ariane,finish__design__instance__area,a89f995a56a40be9b48b39daad94210b36a88d0a,1781720239,1776607464,187452,187457,2.78332e-05,failing,1
gf12,ariane,finish__design__instance__area,993421dfc995dce4d6d2aec2028d7f34546a2f81,1784194417,1781720239,187457,186878,-0.0030894,tighten,0
gf12,ariane,finish__design__instance__area,0b1abc5affabb268ec17e728018ecec3da8cf299,1784835888,1784194417,186878,186282,-0.00319203,tighten,0
gf12,ariane,finish__design__instance__area,a7de7c42f960d6109adb0688d48186ab9499840d,1788236928,1784835888,186282,183659,-0.0140787,tighten,1
gf12,ariane,placeopt__design__instance__area,4a72fe0e58ca7cb1a2b02b7b997cb1b38df64daa,1655248644,1652820402,192457,192139,-0.00165367,tighten,1
gf12,ariane,placeopt__design__instance__area,99af1aca7b0b7c835f95f16c401716134e154ec9,1662650846,1655248644,192139,192138,-4.52571e-06,tighten,1
gf12,ariane,placeopt__design__instance__area,c9cb6802b0b5a858e4993159102664bcb54de02c,1664716388,1663804585,192138,191401,-0.00383782,tighten,1
gf12,ariane,placeopt__design__instance__area,710a6af4e2934ad968e3967e5ae99707206e7e1a,1669678339,1667495167,191401,191302,-0.000517921,tighten,0
gf12,ariane,placeopt__design__instance__area,96da59ee4540f5f3643e2314c709fef33d6502da,1670947900,1669678339,191302,190876,-0.0022273,tighten,0
gf12,ariane,placeopt__design__instance__area,f50270aaac2990b084b60db7761a35581c188644,1693498950,1691962183,190876,198084,0.0377664,failing,0
gf12,ariane,placeopt__design__instance__area,c37857c8255820e771e0dec335ff8eedddc85015,1699546561,1693498950,198084,197650,-0.00219494,tighten,1
gf12,ariane,placeopt__design__instance__area,2eb0979e79837ac0f97f1437898879ad36ba7d72,1710448981,1708004423,197650,197296,-0.00179061,tighten,0
gf12,ariane,placeopt__design__instance__area,a18e59ab118bce594914c6b7ec493e382cddfb25,1753074771,1741717272,197296,196594,-0.00355679,tighten,1
gf12,ariane,placeopt__design__instance__area,18e7e1499ae5617745ab86e1e871bcd90097ad27,1757034643,1756355532,196594,188351,-0.0419271,tighten,0
gf12,ariane,placeopt__design__instance__area,252042c9c294386a7a8594dc3465b542c0184c52,1759899974,1758574349,188351,187675,-0.00359181,tighten,0
gf12,ariane,placeopt__design__instance__area,aad6b36d2a98876e019315f4711e7e7eb8efa058,1760067789,1759899974,187675,187475,-0.00106567,tighten,0
gf12,ariane,placeopt__design__instance__area,b31abb52d66b377d02766ec029c33e1eef38624c,1760587812,1760426794,187475,187086,-0.00207332,tighten,0
gf12,ariane,placeopt__design__instance__area,8c985e9b2ac113bf6f1dc8befd1e623a3c9194d7,1761921249,1761360171,187086,186759,-0.00174763,tighten,0
gf12,ariane,placeopt__design__instance__area,faa86137feb5521b3e0a8d2937cd81da7b99bf0d,1765675176,1764992860,186759,186627,-0.000707724,tighten,0
gf12,ariane,placeopt__design__instance__area,1d0b5091d57a278d080fb4eb0639718dcdbb2e63,1770953622,1768432207,186627,186147,-0.00257198,tighten,1
gf12,ariane,placeopt__design__instance__area,bdb262792fef3797730e1b8341b946426272dcdc,1776607464,1772917750,186147,185360,-0.00422761,tighten,1
gf12,ariane,placeopt__design__instance__area,a89f995a56a40be9b48b39daad94210b36a88d0a,1781720239,1776607464,185360,185369,4.69122e-05,failing,1
gf12,ariane,placeopt__design__instance__area,993421dfc995dce4d6d2aec2028d7f34546a2f81,1784194417,1781720239,185369,184912,-0.00246278,tighten,0
gf12,ariane,placeopt__design__instance__area,0b1abc5affabb268ec17e728018ecec3da8cf299,1784835888,1784194417,184912,184224,-0.00371974,tighten,0
gf12,ariane,placeopt__design__instance__area,a7de7c42f960d6109adb0688d48186ab9499840d,1788236928,1784835888,184224,181642,-0.0140188,tighten,1
gf12,ariane,placeopt__design__instance__count__stdcell,3e85fcd8465d967e20d228c1494b8824e699e5a6,1652820402,1652373207,160727,160305,-0.00262395,tighten,1
gf12,ariane,placeopt__design__instance__count__stdcell,4a72fe0e58ca7cb1a2b02b7b997cb1b38df64daa,1655248644,1652820402,160305,159447,-0.00535392,tighten,1
gf12,ariane,placeopt__design__instance__count__stdcell,99af1aca7b0b7c835f95f16c401716134e154ec9,1662650846,1655248644,159447,159184,-0.001647,tighten,1
gf12,ariane,placeopt__design__instance__count__stdcell,c9cb6802b0b5a858e4993159102664bcb54de02c,1664716388,1663804585,159184,158596,-0.0036982,tighten,1
gf12,ariane,placeopt__design__instance__count__stdcell,96da59ee4540f5f3643e2314c709fef33d6502da,1670947900,1669678339,158596,158085,-0.00321847,tighten,0
gf12,ariane,placeopt__design__instance__count__stdcell,510b8a1771ecc6c2a7f65508d1753ba7794c4a01,1673834248,1670947900,158085,199086,0.259359,failing,1
gf12,ariane,placeopt__design__instance__count__stdcell,b34f40c79b06af45896fd11f9719657b9f926ca6,1674582080,1673834248,199086,198975,-0.000559076,tighten,0
gf12,ariane,placeopt__design__instance__count__stdcell,8c78b885f072d7c262d333f06dc260243ef6bc14,1676585443,1675278235,198975,198366,-0.00305916,tighten,0
gf12,ariane,placeopt__design__instance__count__stdcell,fd07501c9390452013f4b58ba73b6a6ed84b4cbe,1684781594,1676585443,198366,188882,-0.0478123,tighten,1
gf12,ariane,placeopt__design__instance__count__stdcell,f50270aaac2990b084b60db7761a35581c188644,1693498950,1691962183,188882,189806,0.00489379,failing,0
gf12,ariane,placeopt__design__instance__count__stdcell,c37857c8255820e771e0dec335ff8eedddc85015,1699546561,1693498950,189806,189048,-0.00399492,tighten,1
gf12,ariane,placeopt__design__instance__count__stdcell,2eb0979e79837ac0f97f1437898879ad36ba7d72,1710448981,1708004423,189048,188402,-0.00341758,tighten,0
gf12,ariane,placeopt__design__instance__count__stdcell,a89f995a56a40be9b48b39daad94210b36a88d0a,1781720239,1776607464,188402,195551,0.0379485,failing,1
gf12,ariane,placeopt__design__instance__count__stdcell,993421dfc995dce4d6d2aec2028d7f34546a2f81,1784194417,1781720239,195551,195110,-0.00225894,tighten,0
gf12,ariane,placeopt__design__instance__count__stdcell,0b1abc5affabb268ec17e728018ecec3da8cf299,1784835888,1784194417,195110,191891,-0.0164946,tighten,0
gf12,ariane,placeopt__design__instance__count__stdcell,a7de7c42f960d6109adb0688d48186ab9499840d,1788236928,1784835888,191891,187943,-0.0205778,tighten,1
gf12,ariane133,detailedroute__route__wirelength,fd07501c9390452013f4b58ba73b6a6ed84b4cbe,1684781594,1680565623,2.93388e+06,3.47307e+06,0.183783,failing,1
gf12,ariane133,detailedroute__route__wirelength,349f3546df173d553ab22b4ec79ebd7e7e3f9138,1742503412,1693498950,3.47307e+06,3.34436e+06,-0.0370595,tighten,1
gf12,ariane133,detailedroute__route__wirelength,252042c9c294386a7a8594dc3465b542c0184c52,1759899974,1742503412,3.34436e+06,3.0395e+06,-0.0911564,tighten,1
gf12,ariane133,detailedroute__route__wirelength,c604834aa75019325c693c29c749648a29374746,1787165671,1767727881,3.0395e+06,3.70665e+06,0.219494,failing,1
gf12,ariane133,finish__design__instance__area,f50270aaac2990b084b60db7761a35581c188644,1693498950,1684781594,255526,262439,0.0270542,failing,0
gf12,ariane133,finish__design__instance__area,252042c9c294386a7a8594dc3465b542c0184c52,1759899974,1742503412,262439,252612,-0.0374447,tighten,1
gf12,ariane133,finish__design__instance__area,c604834aa75019325c693c29c749648a29374746,1787165671,1767727881,252612,245348,-0.0287569,tighten,1
gf12,ariane133,placeopt__design__instance__area,f50270aaac2990b084b60db7761a35581c188644,1693498950,1684781594,255027,261946,0.027131,failing,0
gf12,ariane133,placeopt__design__instance__area,252042c9c294386a7a8594dc3465b542c0184c52,1759899974,1742503412,261946,250610,-0.0432748,tighten,1
gf12,ariane133,placeopt__design__instance__area,c604834aa75019325c693c29c749648a29374746,1787165671,1767727881,250610,243049,-0.0301733,tighten,1
gf12,ariane133,placeopt__design__instance__count__stdcell,f50270aaac2990b084b60db7761a35581c188644,1693498950,1684781594,137481,147371,0.0719404,failing,0
gf12,ariane133,placeopt__design__instance__count__stdcell,c604834aa75019325c693c29c749648a29374746,1787165671,1767727881,147371,135850,-0.0781758,tighten,1
gf12,bp_dual,detailedroute__route__wirelength,67929bfa304f165a54fd19ddcf521ca02ca18edb,1756747903,1741975624,1.30048e+07,1.22907e+07,-0.0549082,tighten,1
gf12,bp_dual,detailedroute__route__wirelength,252042c9c294386a7a8594dc3465b542c0184c52,1759899974,1756747903,1.22907e+07,1.19722e+07,-0.0259128,tighten,0
gf12,bp_dual,detailedroute__route__wirelength,2e2d1d627e643233f2f57d9fa30380f9a51db6ee,1762349963,1759899974,1.19722e+07,1.12908e+07,-0.0569202,tighten,0
gf12,bp_dual,detailedroute__route__wirelength,42f0fee01bbcbe9c0b396e2fc280ea7bd877140a,1763587621,1762349963,1.12908e+07,1.03272e+07,-0.0853417,tighten,0
gf12,bp_dual,detailedroute__route__wirelength,36661735d8061bc5bdf7a2cb57fbfa2a9bc0a671,1770051034,1767727881,1.03272e+07,1.19463e+07,0.15678,failing,0
gf12,bp_dual,detailedroute__route__wirelength,49cff1a92433abac0e13d3dad29c1093bb08a60c,1777492917,1770051034,1.19463e+07,1.17687e+07,-0.0148628,tighten,1
gf12,bp_dual,detailedroute__route__wirelength,fcc3cf53750dac8c3cc92fa38107896abcd43a2c,1786726511,1784518921,1.17687e+07,1.06031e+07,-0.0990471,tighten,1
gf12,bp_dual,finish__design__instance__area,67929bfa304f165a54fd19ddcf521ca02ca18edb,1756747903,1741975624,849905,740974,-0.128169,tighten,1
gf12,bp_dual,finish__design__instance__area,2e2d1d627e643233f2f57d9fa30380f9a51db6ee,1762349963,1759899974,740974,740467,-0.000684176,tighten,0
gf12,bp_dual,finish__design__instance__area,42f0fee01bbcbe9c0b396e2fc280ea7bd877140a,1763587621,1762349963,740467,738595,-0.00252837,tighten,0
gf12,bp_dual,finish__design__instance__area,fcc3cf53750dac8c3cc92fa38107896abcd43a2c,1786726511,1784518921,738595,727792,-0.0146259,tighten,1
gf12,bp_dual,placeopt__design__instance__area,67929bfa304f165a54fd19ddcf521ca02ca18edb,1756747903,1741975624,834019,729421,-0.125415,tighten,1
gf12,bp_dual,placeopt__design__instance__area,252042c9c294386a7a8594dc3465b542c0184c52,1759899974,1756747903,729421,728742,-0.000931054,tighten,0
gf12,bp_dual,placeopt__design__instance__area,2e2d1d627e643233f2f57d9fa30380f9a51db6ee,1762349963,1759899974,728742,727677,-0.00146053,tighten,0
gf12,bp_dual,placeopt__design__instance__area,42f0fee01bbcbe9c0b396e2fc280ea7bd877140a,1763587621,1762349963,727677,726222,-0.00200041,tighten,0
gf12,bp_dual,placeopt__design__instance__area,fcc3cf53750dac8c3cc92fa38107896abcd43a2c,1786726511,1784518921,726222,705007,-0.0292125,tighten,1
gf12,bp_dual,placeopt__design__instance__count__stdcell,67929bfa304f165a54fd19ddcf521ca02ca18edb,1756747903,1741975624,847970,795957,-0.0613373,tighten,1
gf12,bp_dual,placeopt__design__instance__count__stdcell,252042c9c294386a7a8594dc3465b542c0184c52,1759899974,1756747903,795957,793206,-0.0034566,tighten,0
gf12,bp_dual,placeopt__design__instance__count__stdcell,2e2d1d627e643233f2f57d9fa30380f9a51db6ee,1762349963,1759899974,793206,790133,-0.00387421,tighten,0
gf12,bp_dual,placeopt__design__instance__count__stdcell,42f0fee01bbcbe9c0b396e2fc280ea7bd877140a,1763587621,1762349963,790133,785202,-0.00624111,tighten,0
gf12,bp_dual,placeopt__design__instance__count__stdcell,fcc3cf53750dac8c3cc92fa38107896abcd43a2c,1786726511,1784518921,785202,736989,-0.0614021,tighten,1
gf12,bp_quad,detailedroute__route__wirelength,42a203d4dbf846d0b7bb26d49bf78c478a3f4a2a,1754490944,1746628483,2.8285e+07,2.54889e+07,-0.0988548,tighten,0
gf12,bp_quad,detailedroute__route__wirelength,1362738f139d7ca6cdb054f9e769dfadc4f007e6,1755066167,1754490944,2.54889e+07,2.25251e+07,-0.116278,tighten,0
gf12,bp_quad,detailedroute__route__wirelength,4633349c06a5a60d25c2f58ceed07c3320d6723d,1766528584,1755066167,2.25251e+07,2.14167e+07,-0.0492054,tighten,0
gf12,bp_quad,detailedroute__route__wirelength,a1df7ccc622066451b5b0ea063c469b2992d5495,1772857107,1770051034,2.14167e+07,2.28026e+07,0.0647084,failing,1
gf12,bp_quad,detailedroute__route__wirelength,bf79f4422621e1b4d3ea01cb2cb309f7e818117f,1786737091,1784835888,2.28026e+07,2.20462e+07,-0.0331697,tighten,1
gf12,bp_quad,detailedroute__route__wirelength,241a7b5907548a805ef141e2c5ff0b8c2b8df13d,1788462597,1786737091,2.20462e+07,2.18733e+07,-0.00784316,tighten,1
gf12,bp_quad,finish__design__instance__area,cd5645f0ae477d845eb3c091622f44c111b20966,1746628483,1741975624,1.53512e+06,1.46867e+06,-0.0432868,tighten,0
gf12,bp_quad,finish__design__instance__area,42a203d4dbf846d0b7bb26d49bf78c478a3f4a2a,1754490944,1746628483,1.46867e+06,1.41094e+06,-0.0393074,tighten,0
gf12,bp_quad,finish__design__instance__area,1362738f139d7ca6cdb054f9e769dfadc4f007e6,1755066167,1754490944,1.41094e+06,1.40007e+06,-0.00770439,tighten,0
gf12,bp_quad,finish__design__instance__area,4633349c06a5a60d25c2f58ceed07c3320d6723d,1766528584,1755066167,1.40007e+06,1.325e+06,-0.0536185,tighten,0
gf12,bp_quad,finish__design__instance__area,a1df7ccc622066451b5b0ea063c469b2992d5495,1772857107,1770051034,1.325e+06,1.33461e+06,0.0072525,failing,1
gf12,bp_quad,finish__design__instance__area,21f74110bbb7319634e124f8c3414e6c034a6634,1782411734,1772857107,1.33461e+06,1.3254e+06,-0.00690057,tighten,0
gf12,bp_quad,finish__design__instance__area,bf79f4422621e1b4d3ea01cb2cb309f7e818117f,1786737091,1784835888,1.3254e+06,1.31799e+06,-0.00559109,tighten,1
gf12,bp_quad,finish__design__instance__area,241a7b5907548a805ef141e2c5ff0b8c2b8df13d,1788462597,1786737091,1.31799e+06,1.30953e+06,-0.00641821,tighten,1
gf12,bp_quad,placeopt__design__instance__area,cd5645f0ae477d845eb3c091622f44c111b20966,1746628483,1741975624,1.50372e+06,1.43662e+06,-0.0446227,tighten,0
gf12,bp_quad,placeopt__design__instance__area,42a203d4dbf846d0b7bb26d49bf78c478a3f4a2a,1754490944,1746628483,1.43662e+06,1.38379e+06,-0.0367741,tighten,0
gf12,bp_quad,placeopt__design__instance__area,1362738f139d7ca6cdb054f9e769dfadc4f007e6,1755066167,1754490944,1.38379e+06,1.37331e+06,-0.00757341,tighten,0
gf12,bp_quad,placeopt__design__instance__area,4633349c06a5a60d25c2f58ceed07c3320d6723d,1766528584,1755066167,1.37331e+06,1.30102e+06,-0.0526389,tighten,0
gf12,bp_quad,placeopt__design__instance__area,a1df7ccc622066451b5b0ea063c469b2992d5495,1772857107,1770051034,1.30102e+06,1.30773e+06,0.00515783,failing,1
gf12,bp_quad,placeopt__design__instance__area,21f74110bbb7319634e124f8c3414e6c034a6634,1782411734,1772857107,1.30773e+06,1.30191e+06,-0.00445112,tighten,0
gf12,bp_quad,placeopt__design__instance__area,0b1abc5affabb268ec17e728018ecec3da8cf299,1784835888,1783697868,1.30191e+06,1.29708e+06,-0.0037096,tighten,0
gf12,bp_quad,placeopt__design__instance__area,bf79f4422621e1b4d3ea01cb2cb309f7e818117f,1786737091,1784835888,1.29708e+06,1.2825e+06,-0.0112406,tighten,1
gf12,bp_quad,placeopt__design__instance__count__stdcell,42a203d4dbf846d0b7bb26d49bf78c478a3f4a2a,1754490944,1746628483,1.39672e+06,1.26741e+06,-0.0925809,tighten,0
gf12,bp_quad,placeopt__design__instance__count__stdcell,1362738f139d7ca6cdb054f9e769dfadc4f007e6,1755066167,1754490944,1.26741e+06,1.25423e+06,-0.0104005,tighten,0
gf12,bp_quad,placeopt__design__instance__count__stdcell,a1df7ccc622066451b5b0ea063c469b2992d5495,1772857107,1770051034,1.25423e+06,1.28014e+06,0.0206612,failing,1
gf12,bp_quad,placeopt__design__instance__count__stdcell,21f74110bbb7319634e124f8c3414e6c034a6634,1782411734,1772857107,1.28014e+06,1.26555e+06,-0.0114009,tighten,0
gf12,bp_quad,placeopt__design__instance__count__stdcell,0b1abc5affabb268ec17e728018ecec3da8cf299,1784835888,1783697868,1.26555e+06,1.23965e+06,-0.0204599,tighten,0
gf12,bp_quad,placeopt__design__instance__count__stdcell,bf79f4422621e1b4d3ea01cb2cb309f7e818117f,1786737091,1784835888,1.23965e+06,1.21697e+06,-0.018301,tighten,1
gf12,bp_single,detailedroute__route__wirelength,3e85fcd8465d967e20d228c1494b8824e699e5a6,1652820402,1652373207,7.58801e+06,7.58623e+06,-0.000235154,tighten,0
gf12,bp_single,detailedroute__route__wirelength,b154c659254feaecadb18b160a09b8d5e8a0fdcc,1670636485,1669733495,7.58623e+06,7.56755e+06,-0.00246236,tighten,0
gf12,bp_single,detailedroute__route__wirelength,87082166ac28cd0eb8899a06eb80ea70bdf9e495,1672673631,1670636485,7.56755e+06,7.46158e+06,-0.0140032,tighten,0
gf12,bp_single,detailedroute__route__wirelength,f50270aaac2990b084b60db7761a35581c188644,1693498950,1691962183,7.46158e+06,7.48535e+06,0.00318641,failing,0
gf12,bp_single,detailedroute__route__wirelength,292a586ef4d47252ac6fa553d05d57bb5486229e,1723903819,1720750184,7.48535e+06,9.41801e+06,0.258191,failing,1
gf12,bp_single,detailedroute__route__wirelength,ae5333d6985c116f074ad2914bd7387ede193b03,1729447063,1726801420,9.41801e+06,6.83776e+06,-0.27397,tighten,1
gf12,bp_single,detailedroute__route__wirelength,31051214f77dc22ecfec376c7d42965dc3e63444,1750369574,1743433610,6.83776e+06,5.39175e+06,-0.211474,tighten,1
gf12,bp_single,detailedroute__route__wirelength,252042c9c294386a7a8594dc3465b542c0184c52,1759899974,1756355532,5.39175e+06,5.34833e+06,-0.00805192,tighten,0
gf12,bp_single,detailedroute__route__wirelength,fcc3cf53750dac8c3cc92fa38107896abcd43a2c,1786726511,1783697868,5.34833e+06,4.80481e+06,-0.101624,tighten,1
gf12,bp_single,detailedroute__route__wirelength,19480a228f583dcb2fc8f4bd6427dbab5253bc70,1788398076,1786726511,4.80481e+06,4.76123e+06,-0.00907152,tighten,1
gf12,bp_single,finish__design__instance__area,2ac6355c381a23c85d4c23ba6b8a5dcd2089b22a,1657768229,1653240872,472843,469707,-0.00663149,tighten,1
gf12,bp_single,finish__design__instance__area,a1052b758ccecdb8a4b64d96a4c6a974b57b104e,1664903311,1662650846,469707,469170,-0.00114225,tighten,1
gf12,bp_single,finish__design__instance__area,b154c659254feaecadb18b160a09b8d5e8a0fdcc,1670636485,1669733495,469170,468737,-0.000922998,tighten,0
gf12,bp_single,finish__design__instance__area,87082166ac28cd0eb8899a06eb80ea70bdf9e495,1672673631,1670636485,468737,467459,-0.00272703,tighten,0
gf12,bp_single,finish__design__instance__area,b34f40c79b06af45896fd11f9719657b9f926ca6,1674582080,1672673631,467459,467342,-0.000251126,tighten,0
gf12,bp_single,finish__design__instance__area,f50270aaac2990b084b60db7761a35581c188644,1693498950,1691962183,467342,467944,0.00128944,failing,0
gf12,bp_single,finish__design__instance__area,20a3b2c0f8eba1ba0c69e78893ea04760c580c76,1742507021,1739397469,467944,451437,-0.0352755,tighten,0
gf12,bp_single,finish__design__instance__area,31051214f77dc22ecfec376c7d42965dc3e63444,1750369574,1743433610,451437,435137,-0.0361069,tighten,1
gf12,bp_single,finish__design__instance__area,42a203d4dbf846d0b7bb26d49bf78c478a3f4a2a,1754490944,1752183708,435137,432719,-0.00555747,tighten,1
gf12,bp_single,finish__design__instance__area,6c8dd1103d4f87aec14802c309d2b3b9dfeee9d7,1756355532,1754490944,432719,430842,-0.00433859,tighten,0
gf12,bp_single,finish__design__instance__area,252042c9c294386a7a8594dc3465b542c0184c52,1759899974,1756355532,430842,417627,-0.030672,tighten,0
gf12,bp_single,finish__design__instance__area,917131bde7a5165ed57eb6d323c153aef2ee2223,1760193246,1759899974,417627,417508,-0.000285256,tighten,0
gf12,bp_single,finish__design__instance__area,93c42b2e6877550589af655e0eb299038426e915,1763490640,1762448358,417508,417458,-0.000118717,tighten,0
gf12,bp_single,finish__design__instance__area,752766703db070f4f3538c771a9df1e3e5b2d2f6,1763683217,1763490640,417458,417221,-0.000568659,tighten,0
gf12,bp_single,finish__design__instance__area,fcc3cf53750dac8c3cc92fa38107896abcd43a2c,1786726511,1783697868,417221,413302,-0.00939342,tighten,1
gf12,bp_single,placeopt__design__instance__area,2ac6355c381a23c85d4c23ba6b8a5dcd2089b22a,1657768229,1653240872,468590,465414,-0.00677704,tighten,1
gf12,bp_single,placeopt__design__instance__area,a1052b758ccecdb8a4b64d96a4c6a974b57b104e,1664903311,1662650846,465414,465300,-0.000244756,tighten,1
gf12,bp_single,placeopt__design__instance__area,215a87e62a127390d00fc5b16daeab750e0a838f,1665433690,1664903311,465300,465247,-0.000113998,tighten,0
gf12,bp_single,placeopt__design__instance__area,87082166ac28cd0eb8899a06eb80ea70bdf9e495,1672673631,1670636485,465247,464641,-0.00130272,tighten,0
gf12,bp_single,placeopt__design__instance__area,f50270aaac2990b084b60db7761a35581c188644,1693498950,1691962183,464641,465316,0.00145227,failing,0
gf12,bp_single,placeopt__design__instance__area,20a3b2c0f8eba1ba0c69e78893ea04760c580c76,1742507021,1739397469,465316,442860,-0.048259,tighten,0
gf12,bp_single,placeopt__design__instance__area,31051214f77dc22ecfec376c7d42965dc3e63444,1750369574,1743433610,442860,427549,-0.0345737,tighten,1
gf12,bp_single,placeopt__design__instance__area,42a203d4dbf846d0b7bb26d49bf78c478a3f4a2a,1754490944,1752183708,427549,426971,-0.00135047,tighten,1
gf12,bp_single,placeopt__design__instance__area,252042c9c294386a7a8594dc3465b542c0184c52,1759899974,1756355532,426971,410521,-0.0385282,tighten,0
gf12,bp_single,placeopt__design__instance__area,0e8bca68ad681b5284fb77af05ccc4680f4f529e,1762448358,1761921249,410521,410468,-0.00012921,tighten,0
gf12,bp_single,placeopt__design__instance__area,752766703db070f4f3538c771a9df1e3e5b2d2f6,1763683217,1763490640,410468,410369,-0.000241506,tighten,0
gf12,bp_single,placeopt__design__instance__area,fcc3cf53750dac8c3cc92fa38107896abcd43a2c,1786726511,1783697868,410369,404932,-0.0132479,tighten,1
gf12,bp_single,placeopt__design__instance__count__stdcell,2ac6355c381a23c85d4c23ba6b8a5dcd2089b22a,1657768229,1653240872,481969,476149,-0.0120755,tighten,1
gf12,bp_single,placeopt__design__instance__count__stdcell,805f4a02b227d644f517a7195151d21f133b6754,1661972156,1657833468,476149,474601,-0.00325072,tighten,0
gf12,bp_single,placeopt__design__instance__count__stdcell,87082166ac28cd0eb8899a06eb80ea70bdf9e495,1672673631,1670636485,474601,473613,-0.00208138,tighten,0
gf12,bp_single,placeopt__design__instance__count__stdcell,f50270aaac2990b084b60db7761a35581c188644,1693498950,1691962183,473613,474948,0.0028183,failing,0
gf12,bp_single,placeopt__design__instance__count__stdcell,31051214f77dc22ecfec376c7d42965dc3e63444,1750369574,1743433610,474948,465833,-0.0191911,tighten,1
gf12,bp_single,placeopt__design__instance__count__stdcell,fcc3cf53750dac8c3cc92fa38107896abcd43a2c,1786726511,1783697868,465833,455059,-0.0231283,tighten,1
gf12,bp_single,placeopt__design__instance__count__stdcell,19480a228f583dcb2fc8f4bd6427dbab5253bc70,1788398076,1786726511,455059,455041,-4.01286e-05,tighten,1
gf12,ca53,detailedroute__route__wirelength,99af1aca7b0b7c835f95f16c401716134e154ec9,1662650846,1657833468,1.5954e+07,1.59278e+07,-0.00163781,tighten,0
gf12,ca53,detailedroute__route__wirelength,f50270aaac2990b084b60db7761a35581c188644,1693498950,1692283204,1.59278e+07,1.64412e+07,0.0322281,failing,0
gf12,ca53,detailedroute__route__wirelength,12c56a8e8fc5552a07065f4e405037739e397250,1710355177,1693498950,1.64412e+07,1.49821e+07,-0.0887432,tighten,1
gf12,ca53,detailedroute__route__wirelength,fabc855b4aeca0b29e97639f33900972c0ba6ad0,1724866939,1720750184,1.49821e+07,1.47333e+07,-0.0166099,tighten,1
gf12,ca53,detailedroute__route__wirelength,38bcca61563df0f88c736b1092a507cbed221b92,1726735110,1724866939,1.47333e+07,1.47271e+07,-0.000420108,tighten,0
gf12,ca53,detailedroute__route__wirelength,80d28863e882049bbdbddc5676cef590e196906c,1726801420,1726735110,1.47271e+07,1.47267e+07,-2.68066e-05,tighten,0
gf12,ca53,finish__design__instance__area,3e85fcd8465d967e20d228c1494b8824e699e5a6,1652820402,1652373207,370011,369772,-0.000646279,tighten,0
gf12,ca53,finish__design__instance__area,5e16d3e90191aa74f11062ee97fede607f33a5af,1657833468,1653240872,369772,367307,-0.00666685,tighten,1
gf12,ca53,finish__design__instance__area,99af1aca7b0b7c835f95f16c401716134e154ec9,1662650846,1657833468,367307,367239,-0.000184658,tighten,0
gf12,ca53,finish__design__instance__area,f50270aaac2990b084b60db7761a35581c188644,1693498950,1692283204,367239,370385,0.00856686,failing,0
gf12,ca53,finish__design__instance__area,252042c9c294386a7a8594dc3465b542c0184c52,1759899974,1756355532,370385,355581,-0.0399701,tighten,1
gf12,ca53,finish__design__instance__area,02608ee8e3f1b49741bf2b3931a68bdddd631c2a,1786986034,1784518921,355581,350811,-0.0134134,tighten,1
gf12,ca53,placeopt__design__instance__area,5e16d3e90191aa74f11062ee97fede607f33a5af,1657833468,1653240872,361705,359127,-0.00712807,tighten,1
gf12,ca53,placeopt__design__instance__area,f50270aaac2990b084b60db7761a35581c188644,1693498950,1692283204,359127,362570,0.00958605,failing,0
gf12,ca53,placeopt__design__instance__area,252042c9c294386a7a8594dc3465b542c0184c52,1759899974,1756355532,362570,326113,-0.10055,tighten,1
gf12,ca53,placeopt__design__instance__area,02608ee8e3f1b49741bf2b3931a68bdddd631c2a,1786986034,1784518921,326113,320248,-0.0179852,tighten,1
gf12,ca53,placeopt__design__instance__area,95bcb0ed233cfa1ba4291477b9f8a214f7b7bb44,1787267685,1786986034,320248,320196,-0.000162917,tighten,1
gf12,ca53,placeopt__design__instance__count__stdcell,5e16d3e90191aa74f11062ee97fede607f33a5af,1657833468,1653240872,541537,536921,-0.00852484,tighten,1
gf12,ca53,placeopt__design__instance__count__stdcell,99af1aca7b0b7c835f95f16c401716134e154ec9,1662650846,1657833468,536921,536720,-0.000374114,tighten,0
gf12,ca53,placeopt__design__instance__count__stdcell,f50270aaac2990b084b60db7761a35581c188644,1693498950,1692283204,536720,538444,0.00321275,failing,0
gf12,ca53,placeopt__design__instance__count__stdcell,12c56a8e8fc5552a07065f4e405037739e397250,1710355177,1693498950,538444,530904,-0.0140033,tighten,1
gf12,coyote,detailedroute__route__wirelength,5e16d3e90191aa74f11062ee97fede607f33a5af,1657833468,1652820402,3.88211e+06,3.88177e+06,-8.64613e-05,tighten,1
gf12,coyote,detailedroute__route__wirelength,f50270aaac2990b084b60db7761a35581c188644,1693498950,1689980518,3.88177e+06,4.28613e+06,0.104168,failing,0
gf12,coyote,detailedroute__route__wirelength,b434ab0f9eaa83373567f1bb5f067e9707d4e02d,1744678380,1739380119,4.28613e+06,5.01813e+06,0.170784,failing,1
gf12,coyote,detailedroute__route__wirelength,e7280472214522cbcf8ffa3594d2afbe34e6febc,1751075962,1744678380,5.01813e+06,4.93741e+06,-0.016087,tighten,0
gf12,coyote,detailedroute__route__wirelength,6c8dd1103d4f87aec14802c309d2b3b9dfeee9d7,1756355532,1751075962,4.93741e+06,3.7018e+06,-0.250254,tighten,1
gf12,coyote,detailedroute__route__wirelength,bdb262792fef3797730e1b8341b946426272dcdc,1776607464,1770953622,3.7018e+06,3.58755e+06,-0.0308628,tighten,0
gf12,coyote,finish__design__instance__area,3e85fcd8465d967e20d228c1494b8824e699e5a6,1652820402,1652373207,193109,190246,-0.0148238,tighten,1
gf12,coyote,finish__design__instance__area,5e16d3e90191aa74f11062ee97fede607f33a5af,1657833468,1652820402,190246,190133,-0.000594196,tighten,1
gf12,coyote,finish__design__instance__area,99af1aca7b0b7c835f95f16c401716134e154ec9,1662650846,1657833468,190133,187199,-0.0154308,tighten,1
gf12,coyote,finish__design__instance__area,f50270aaac2990b084b60db7761a35581c188644,1693498950,1689980518,187199,187554,0.00189522,failing,0
gf12,coyote,finish__design__instance__area,252042c9c294386a7a8594dc3465b542c0184c52,1759899974,1756355532,187554,176512,-0.0588723,tighten,0
gf12,coyote,finish__design__instance__area,aad6b36d2a98876e019315f4711e7e7eb8efa058,1760067789,1759899974,176512,176440,-0.000408889,tighten,0
gf12,coyote,finish__design__instance__area,2e7f3ae0cfd828041f40bd18d738fc654a52a5fd,1763795185,1761360171,176440,175380,-0.00600771,tighten,0
gf12,coyote,finish__design__instance__area,bdb262792fef3797730e1b8341b946426272dcdc,1776607464,1770953622,175380,174558,-0.00468548,tighten,0
gf12,coyote,placeopt__design__instance__area,3e85fcd8465d967e20d228c1494b8824e699e5a6,1652820402,1652373207,191308,188757,-0.0133316,tighten,1
gf12,coyote,placeopt__design__instance__area,5e16d3e90191aa74f11062ee97fede607f33a5af,1657833468,1652820402,188757,188701,-0.000299441,tighten,1
gf12,coyote,placeopt__design__instance__area,99af1aca7b0b7c835f95f16c401716134e154ec9,1662650846,1657833468,188701,185866,-0.0150226,tighten,1
gf12,coyote,placeopt__design__instance__area,f50270aaac2990b084b60db7761a35581c188644,1693498950,1689980518,185866,186556,0.00371001,failing,0
gf12,coyote,placeopt__design__instance__area,fabc855b4aeca0b29e97639f33900972c0ba6ad0,1724866939,1720750184,186556,186295,-0.00139835,tighten,0
gf12,coyote,placeopt__design__instance__area,b434ab0f9eaa83373567f1bb5f067e9707d4e02d,1744678380,1739380119,186295,186049,-0.00132095,tighten,1
gf12,coyote,placeopt__design__instance__area,6c8dd1103d4f87aec14802c309d2b3b9dfeee9d7,1756355532,1751075962,186049,183932,-0.0113762,tighten,1
gf12,coyote,placeopt__design__instance__area,252042c9c294386a7a8594dc3465b542c0184c52,1759899974,1756355532,183932,172522,-0.0620361,tighten,0
gf12,coyote,placeopt__design__instance__area,2e7f3ae0cfd828041f40bd18d738fc654a52a5fd,1763795185,1761360171,172522,171488,-0.00599294,tighten,0
gf12,coyote,placeopt__design__instance__area,bdb262792fef3797730e1b8341b946426272dcdc,1776607464,1770953622,171488,170878,-0.00355457,tighten,0
gf12,coyote,placeopt__design__instance__area,0bcfb41764ea2aa89b2872ff24a0ab5986e748bf,1788894849,1781720239,170878,169219,-0.00970943,tighten,1
gf12,coyote,placeopt__design__instance__area,ef0868d47dc6068191f447021b1a4809a0200285,1788987991,1788894849,169219,170878,0.00980463,failing,1
gf12,coyote,placeopt__design__instance__count__stdcell,3e85fcd8465d967e20d228c1494b8824e699e5a6,1652820402,1652373207,332906,328298,-0.0138412,tighten,1
gf12,coyote,placeopt__design__instance__count__stdcell,5e16d3e90191aa74f11062ee97fede607f33a5af,1657833468,1652820402,328298,327485,-0.00247654,tighten,1
gf12,coyote,placeopt__design__instance__count__stdcell,f50270aaac2990b084b60db7761a35581c188644,1693498950,1689980518,327485,330272,0.00851018,failing,0
gf12,coyote,placeopt__design__instance__count__stdcell,1d0b5091d57a278d080fb4eb0639718dcdbb2e63,1770953622,1768432207,330272,278034,-0.158167,tighten,1
gf12,coyote,placeopt__design__instance__count__stdcell,bdb262792fef3797730e1b8341b946426272dcdc,1776607464,1770953622,278034,275037,-0.0107775,tighten,0
gf12,gcd,detailedroute__route__wirelength,5e16d3e90191aa74f11062ee97fede607f33a5af,1657833468,1652820402,3600.87,3591.3,-0.00265636,tighten,1
gf12,gcd,detailedroute__route__wirelength,60c202001de3eed3110c499e69e7d6de2f8b5420,1665804700,1664716388,3591.3,3581.74,-0.00266344,tighten,0
gf12,gcd,detailedroute__route__wirelength,a4d5082c5e3d8823a9dd5678fd52e6c2ad6207fb,1683128820,1667495167,3581.74,3580,-0.000485555,tighten,1
gf12,gcd,detailedroute__route__wirelength,f50270aaac2990b084b60db7761a35581c188644,1693498950,1689626103,3580,3589.57,0.00267185,failing,0
gf12,gcd,detailedroute__route__wirelength,292a586ef4d47252ac6fa553d05d57bb5486229e,1723903819,1721415217,3589.57,4366.96,0.21657,failing,1
gf12,gcd,detailedroute__route__wirelength,fabc855b4aeca0b29e97639f33900972c0ba6ad0,1724866939,1723903819,4366.96,4365.22,-0.000398248,tighten,0
gf12,gcd,detailedroute__route__wirelength,6c8dd1103d4f87aec14802c309d2b3b9dfeee9d7,1756355532,1739380119,4365.22,3873.91,-0.11255,tighten,1
gf12,gcd,detailedroute__route__wirelength,6c92a772fbc94cb88f4850d3813ff20f54ad070c,1759358816,1756355532,3873.91,3868.7,-0.0013468,tighten,0
gf12,gcd,detailedroute__route__wirelength,a16fb344899f51d75bee31ad18650a2aa91d8c53,1788542093,1781720239,3868.7,1761.74,-0.544617,tighten,1
gf12,gcd,finish__design__instance__area,5e16d3e90191aa74f11062ee97fede607f33a5af,1657833468,1652820402,442.609,440.87,-0.00392927,tighten,1
gf12,gcd,finish__design__instance__area,c9cb6802b0b5a858e4993159102664bcb54de02c,1664716388,1662650846,440.87,436.522,-0.00986193,tighten,0
gf12,gcd,finish__design__instance__area,60c202001de3eed3110c499e69e7d6de2f8b5420,1665804700,1664716388,436.522,433.913,-0.0059761,tighten,0
gf12,gcd,finish__design__instance__area,f50270aaac2990b084b60db7761a35581c188644,1693498950,1689626103,433.913,438.261,0.01002,failing,0
gf12,gcd,finish__design__instance__area,292a586ef4d47252ac6fa553d05d57bb5486229e,1723903819,1721415217,438.261,526.087,0.200397,failing,1
gf12,gcd,finish__design__instance__area,fabc855b4aeca0b29e97639f33900972c0ba6ad0,1724866939,1723903819,526.087,525.217,-0.00165289,tighten,0
gf12,gcd,finish__design__instance__area,6c8dd1103d4f87aec14802c309d2b3b9dfeee9d7,1756355532,1739380119,525.217,434.783,-0.172185,tighten,1
gf12,gcd,finish__design__instance__area,6c92a772fbc94cb88f4850d3813ff20f54ad070c,1759358816,1756355532,434.783,426.087,-0.02,tighten,0
gf12,gcd,finish__design__instance__area,a16fb344899f51d75bee31ad18650a2aa91d8c53,1788542093,1781720239,426.087,208.696,-0.510204,tighten,1
gf12,gcd,placeopt__design__instance__area,f50270aaac2990b084b60db7761a35581c188644,1693498950,1689626103,426.087,426.957,0.00204082,failing,0
gf12,gcd,placeopt__design__instance__area,292a586ef4d47252ac6fa553d05d57bb5486229e,1723903819,1721415217,426.957,494.783,0.158859,failing,1
gf12,gcd,placeopt__design__instance__area,6c8dd1103d4f87aec14802c309d2b3b9dfeee9d7,1756355532,1739380119,494.783,415.652,-0.15993,tighten,1
gf12,gcd,placeopt__design__instance__area,6c92a772fbc94cb88f4850d3813ff20f54ad070c,1759358816,1756355532,415.652,410.435,-0.0125523,tighten,0
gf12,gcd,placeopt__design__instance__area,a16fb344899f51d75bee31ad18650a2aa91d8c53,1788542093,1781720239,410.435,198.261,-0.516949,tighten,1
gf12,gcd,placeopt__design__instance__count__stdcell,38fcb42969a3f3e0756986eeacf00447d7957fe7,1760370009,1760193246,778.261,846.957,0.0882682,failing,0
gf12,gcd,placeopt__design__instance__count__stdcell,a16fb344899f51d75bee31ad18650a2aa91d8c53,1788542093,1781720239,846.957,527.826,-0.376797,tighten,1
gf12,ibex,detailedroute__route__wirelength,b34f40c79b06af45896fd11f9719657b9f926ca6,1674582080,1672923481,144883,140903,-0.0274705,tighten,0
gf12,ibex,detailedroute__route__wirelength,f50270aaac2990b084b60db7761a35581c188644,1693498950,1691617103,140903,145441,0.0322085,failing,0
gf12,ibex,detailedroute__route__wirelength,292a586ef4d47252ac6fa553d05d57bb5486229e,1723903819,1720750184,145441,184581,0.269113,failing,0
gf12,ibex,detailedroute__route__wirelength,fabc855b4aeca0b29e97639f33900972c0ba6ad0,1724866939,1723903819,184581,182433,-0.0116362,tighten,0
gf12,ibex,detailedroute__route__wirelength,0237d84dbf0b1cb2fd3455e6cc0ede497ac27009,1737487889,1726801420,182433,180754,-0.00920409,tighten,1
gf12,ibex,detailedroute__route__wirelength,6c8dd1103d4f87aec14802c309d2b3b9dfeee9d7,1756355532,1742416962,180754,154718,-0.144039,tighten,1
gf12,ibex,detailedroute__route__wirelength,252042c9c294386a7a8594dc3465b542c0184c52,1759899974,1756355532,154718,142496,-0.0789991,tighten,0
gf12,ibex,detailedroute__route__wirelength,aad6b36d2a98876e019315f4711e7e7eb8efa058,1760067789,1759899974,142496,140605,-0.0132666,tighten,0
gf12,ibex,detailedroute__route__wirelength,e768a6934f2adf5c3d928bd83e7b7efbbd75b156,1762915582,1761600294,140605,139546,-0.00753265,tighten,0
gf12,ibex,finish__design__instance__area,b34f40c79b06af45896fd11f9719657b9f926ca6,1674582080,1672923481,7546.96,7492.17,-0.0072589,tighten,0
gf12,ibex,finish__design__instance__area,93cec18e4b060d6eadba735a14a6867f9c7e6dd1,1687058647,1674582080,7492.17,7491.3,-0.000116063,tighten,0
gf12,ibex,finish__design__instance__area,f50270aaac2990b084b60db7761a35581c188644,1693498950,1691617103,7491.3,7509.57,0.00243761,failing,0
gf12,ibex,finish__design__instance__area,252042c9c294386a7a8594dc3465b542c0184c52,1759899974,1756355532,7509.57,7006.96,-0.0669291,tighten,0
gf12,ibex,finish__design__instance__area,aad6b36d2a98876e019315f4711e7e7eb8efa058,1760067789,1759899974,7006.96,6921.74,-0.0121618,tighten,0
gf12,ibex,finish__design__instance__area,e768a6934f2adf5c3d928bd83e7b7efbbd75b156,1762915582,1761600294,6921.74,6844.35,-0.0111809,tighten,0
gf12,ibex,placeopt__design__instance__area,5e16d3e90191aa74f11062ee97fede607f33a5af,1657833468,1652820402,6862.61,6861.74,-0.000126711,tighten,1
gf12,ibex,placeopt__design__instance__area,071de4231f923c76b37bd9605276cd278f3f0e59,1672923481,1667495167,6861.74,6858.26,-0.000506907,tighten,1
gf12,ibex,placeopt__design__instance__area,b34f40c79b06af45896fd11f9719657b9f926ca6,1674582080,1672923481,6858.26,6853.91,-0.000633955,tighten,0
gf12,ibex,placeopt__design__instance__area,f50270aaac2990b084b60db7761a35581c188644,1693498950,1691617103,6853.91,6861.74,0.00114184,failing,0
gf12,ibex,placeopt__design__instance__area,292a586ef4d47252ac6fa553d05d57bb5486229e,1723903819,1720750184,6861.74,8028.7,0.170067,failing,0
gf12,ibex,placeopt__design__instance__area,fabc855b4aeca0b29e97639f33900972c0ba6ad0,1724866939,1723903819,8028.7,7710.43,-0.0396404,tighten,0
gf12,ibex,placeopt__design__instance__area,152c0a5277e76bfcf79aa0b0c7cb718d5364c39b,1741717272,1739380119,7710.43,7681.74,-0.00372166,tighten,0
gf12,ibex,placeopt__design__instance__area,fca2249dd22e6aad55d5cacc786e6c94fb7dbb86,1742416962,1741717272,7681.74,6972.17,-0.0923704,tighten,0
gf12,ibex,placeopt__design__instance__area,6c8dd1103d4f87aec14802c309d2b3b9dfeee9d7,1756355532,1742416962,6972.17,6826.09,-0.0209529,tighten,1
gf12,ibex,placeopt__design__instance__area,252042c9c294386a7a8594dc3465b542c0184c52,1759899974,1756355532,6826.09,5980,-0.123949,tighten,0
gf12,ibex,placeopt__design__instance__area,aad6b36d2a98876e019315f4711e7e7eb8efa058,1760067789,1759899974,5980,5977.39,-0.000436237,tighten,0
gf12,ibex,placeopt__design__instance__count__stdcell,5e16d3e90191aa74f11062ee97fede607f33a5af,1657833468,1652820402,14469.6,14466.1,-0.000240385,tighten,1
gf12,ibex,placeopt__design__instance__count__stdcell,99af1aca7b0b7c835f95f16c401716134e154ec9,1662650846,1657833468,14466.1,14464.3,-0.000120221,tighten,0
gf12,ibex,placeopt__design__instance__count__stdcell,c9cb6802b0b5a858e4993159102664bcb54de02c,1664716388,1662650846,14464.3,14462.6,-0.000120236,tighten,0
gf12,ibex,placeopt__design__instance__count__stdcell,071de4231f923c76b37bd9605276cd278f3f0e59,1672923481,1667495167,14462.6,14451.3,-0.000781626,tighten,1
gf12,ibex,placeopt__design__instance__count__stdcell,b34f40c79b06af45896fd11f9719657b9f926ca6,1674582080,1672923481,14451.3,14446.1,-0.000361033,tighten,0
gf12,ibex,placeopt__design__instance__count__stdcell,f50270aaac2990b084b60db7761a35581c188644,1693498950,1691617103,14446.1,14450.4,0.000300969,failing,0
gf12,ibex,placeopt__design__instance__count__stdcell,292a586ef4d47252ac6fa553d05d57bb5486229e,1723903819,1720750184,14450.4,17970.4,0.243591,failing,0
gf12,ibex,placeopt__design__instance__count__stdcell,fabc855b4aeca0b29e97639f33900972c0ba6ad0,1724866939,1723903819,17970.4,16342.6,-0.0905836,tighten,0
gf12,ibex,placeopt__design__instance__count__stdcell,0237d84dbf0b1cb2fd3455e6cc0ede497ac27009,1737487889,1726801420,16342.6,15999.1,-0.0210173,tighten,1
gf12,ibex,placeopt__design__instance__count__stdcell,152c0a5277e76bfcf79aa0b0c7cb718d5364c39b,1741717272,1739380119,15999.1,15986.1,-0.000815262,tighten,0
gf12,ibex,placeopt__design__instance__count__stdcell,6c8dd1103d4f87aec14802c309d2b3b9dfeee9d7,1756355532,1742416962,15986.1,15700,-0.017896,tighten,1
gf12,ibex,placeopt__design__instance__count__stdcell,252042c9c294386a7a8594dc3465b542c0184c52,1759899974,1756355532,15700,15378.3,-0.0204929,tighten,0
gf12,ibex,placeopt__design__instance__count__stdcell,aad6b36d2a98876e019315f4711e7e7eb8efa058,1760067789,1759899974,15378.3,15373.9,-0.000282725,tighten,0
gf12,jpeg,detailedroute__route__wirelength,5e16d3e90191aa74f11062ee97fede607f33a5af,1657833468,1653240872,375676,375258,-0.00111104,tighten,1
gf12,jpeg,detailedroute__route__wirelength,c9cb6802b0b5a858e4993159102664bcb54de02c,1664716388,1662650846,375258,368591,-0.0177663,tighten,0
gf12,jpeg,detailedroute__route__wirelength,071de4231f923c76b37bd9605276cd278f3f0e59,1672923481,1667495167,368591,364496,-0.0111116,tighten,1
gf12,jpeg,detailedroute__route__wirelength,f50270aaac2990b084b60db7761a35581c188644,1693498950,1691093844,364496,368149,0.0100222,failing,1
gf12,jpeg,detailedroute__route__wirelength,292a586ef4d47252ac6fa553d05d57bb5486229e,1723903819,1720750184,368149,738607,1.00627,failing,1
gf12,jpeg,detailedroute__route__wirelength,fabc855b4aeca0b29e97639f33900972c0ba6ad0,1724866939,1723903819,738607,738393,-0.000289617,tighten,0
gf12,jpeg,detailedroute__route__wirelength,6c8dd1103d4f87aec14802c309d2b3b9dfeee9d7,1756355532,1745005473,738393,371950,-0.496272,tighten,1
gf12,jpeg,detailedroute__route__wirelength,252042c9c294386a7a8594dc3465b542c0184c52,1759899974,1756355532,371950,371314,-0.00170897,tighten,0
gf12,jpeg,detailedroute__route__wirelength,ec636555b170d282f48a528e77cea5baa6842eca,1776811471,1776607464,371314,359850,-0.0308751,tighten,0
gf12,jpeg,detailedroute__route__wirelength,4f5b9c687c9883fdecf8855b2ebe160f8c6ad58c,1778691096,1776811471,359850,356160,-0.0102531,tighten,0
gf12,jpeg,finish__design__instance__area,c9cb6802b0b5a858e4993159102664bcb54de02c,1664716388,1662650846,22242.6,22228.7,-0.000625513,tighten,0
gf12,jpeg,finish__design__instance__area,60c202001de3eed3110c499e69e7d6de2f8b5420,1665804700,1664716388,22228.7,22227.8,-3.9119e-05,tighten,0
gf12,jpeg,finish__design__instance__area,071de4231f923c76b37bd9605276cd278f3f0e59,1672923481,1667495167,22227.8,22197.4,-0.00136922,tighten,1
gf12,jpeg,finish__design__instance__area,b34f40c79b06af45896fd11f9719657b9f926ca6,1674582080,1672923481,22197.4,22190.4,-0.000313394,tighten,0
gf12,jpeg,finish__design__instance__area,f50270aaac2990b084b60db7761a35581c188644,1693498950,1691093844,22190.4,22316.5,0.00568204,failing,1
gf12,jpeg,finish__design__instance__area,1b2abed1a3d0628769aa99ed747128159ab2fc77,1727222371,1726801420,22316.5,26119.1,0.170394,failing,0
gf12,jpeg,finish__design__instance__area,4515b44091d58644331224081aa4d7c58f3e953a,1745005473,1739380119,26119.1,22283.5,-0.146852,tighten,0
gf12,jpeg,finish__design__instance__area,6c8dd1103d4f87aec14802c309d2b3b9dfeee9d7,1756355532,1745005473,22283.5,20571.3,-0.076836,tighten,1
gf12,jpeg,finish__design__instance__area,252042c9c294386a7a8594dc3465b542c0184c52,1759899974,1756355532,20571.3,19123.5,-0.0703809,tighten,0
gf12,jpeg,placeopt__design__instance__area,c9cb6802b0b5a858e4993159102664bcb54de02c,1664716388,1662650846,22101.7,22093.9,-0.000354094,tighten,0
gf12,jpeg,placeopt__design__instance__area,60c202001de3eed3110c499e69e7d6de2f8b5420,1665804700,1664716388,22093.9,22081.7,-0.000551008,tighten,0
gf12,jpeg,placeopt__design__instance__area,071de4231f923c76b37bd9605276cd278f3f0e59,1672923481,1667495167,22081.7,22055.7,-0.00118138,tighten,1
gf12,jpeg,placeopt__design__instance__area,b34f40c79b06af45896fd11f9719657b9f926ca6,1674582080,1672923481,22055.7,22048.7,-0.000315408,tighten,0
gf12,jpeg,placeopt__design__instance__area,533686274bc7711df4ab6240b9e27bb1c85059c7,1689626103,1674582080,22048.7,22047.8,-3.94384e-05,tighten,1
gf12,jpeg,placeopt__design__instance__area,1b2abed1a3d0628769aa99ed747128159ab2fc77,1727222371,1726801420,22047.8,25500,0.156577,failing,0
gf12,jpeg,placeopt__design__instance__area,4515b44091d58644331224081aa4d7c58f3e953a,1745005473,1739380119,25500,21792.2,-0.145405,tighten,0
gf12,jpeg,placeopt__design__instance__area,6c8dd1103d4f87aec14802c309d2b3b9dfeee9d7,1756355532,1745005473,21792.2,20000,-0.0822393,tighten,1
gf12,jpeg,placeopt__design__instance__area,252042c9c294386a7a8594dc3465b542c0184c52,1759899974,1756355532,20000,18676.5,-0.0661739,tighten,0
gf12,jpeg,placeopt__design__instance__count__stdcell,5e16d3e90191aa74f11062ee97fede607f33a5af,1657833468,1653240872,80372.2,80360.9,-0.00014065,tighten,1
gf12,jpeg,placeopt__design__instance__count__stdcell,99af1aca7b0b7c835f95f16c401716134e154ec9,1662650846,1659117194,80360.9,80359.1,-2.16415e-05,tighten,0
gf12,jpeg,placeopt__design__instance__count__stdcell,c9cb6802b0b5a858e4993159102664bcb54de02c,1664716388,1662650846,80359.1,80348.7,-0.000129852,tighten,0
gf12,jpeg,placeopt__design__instance__count__stdcell,60c202001de3eed3110c499e69e7d6de2f8b5420,1665804700,1664716388,80348.7,80345.2,-4.32896e-05,tighten,0
gf12,jpeg,placeopt__design__instance__count__stdcell,071de4231f923c76b37bd9605276cd278f3f0e59,1672923481,1667495167,80345.2,80320,-0.000313863,tighten,1
gf12,jpeg,placeopt__design__instance__count__stdcell,533686274bc7711df4ab6240b9e27bb1c85059c7,1689626103,1674582080,80320,80319.1,-1.08263e-05,tighten,1
gf12,jpeg,placeopt__design__instance__count__stdcell,392edae54a52586959855228f9fbfee50ebb56e4,1690901525,1689626103,80319.1,80315.7,-4.33055e-05,tighten,0
gf12,jpeg,placeopt__design__instance__count__stdcell,f50270aaac2990b084b60db7761a35581c188644,1693498950,1691093844,80315.7,80319.1,4.33074e-05,failing,1
gf12,jpeg,placeopt__design__instance__count__stdcell,4515b44091d58644331224081aa4d7c58f3e953a,1745005473,1739380119,80319.1,78418.3,-0.0236665,tighten,0
gf12,jpeg,placeopt__design__instance__count__stdcell,6c8dd1103d4f87aec14802c309d2b3b9dfeee9d7,1756355532,1745005473,78418.3,75633.9,-0.0355064,tighten,1
gf12,jpeg,placeopt__design__instance__count__stdcell,e05a2d12f343a80cb07c7bffb653c055bf4a9ffb,1770854470,1768432207,75633.9,89085.2,0.177848,failing,1
gf12,jpeg,placeopt__design__instance__count__stdcell,bdb262792fef3797730e1b8341b946426272dcdc,1776607464,1772640436,89085.2,83126.1,-0.0668925,tighten,0
gf12,swerv_wrapper,detailedroute__route__wirelength,3e85fcd8465d967e20d228c1494b8824e699e5a6,1652820402,1652373207,2.01636e+06,1.98966e+06,-0.0132447,tighten,1
gf12,swerv_wrapper,detailedroute__route__wirelength,2ac6355c381a23c85d4c23ba6b8a5dcd2089b22a,1657768229,1653240872,1.98966e+06,1.98478e+06,-0.0024505,tighten,1
gf12,swerv_wrapper,detailedroute__route__wirelength,c9cb6802b0b5a858e4993159102664bcb54de02c,1664716388,1663804585,1.98478e+06,1.98445e+06,-0.000167799,tighten,1
gf12,swerv_wrapper,detailedroute__route__wirelength,60c202001de3eed3110c499e69e7d6de2f8b5420,1665804700,1664716388,1.98445e+06,1.98433e+06,-5.74029e-05,tighten,0
gf12,swerv_wrapper,detailedroute__route__wirelength,7943c160c9f2dd8c518debe127b33e2999ec53a0,1673366454,1667495167,1.98433e+06,1.95405e+06,-0.0152622,tighten,0
gf12,swerv_wrapper,detailedroute__route__wirelength,fd07501c9390452013f4b58ba73b6a6ed84b4cbe,1684781594,1674582080,1.95405e+06,1.85738e+06,-0.049471,tighten,1
gf12,swerv_wrapper,detailedroute__route__wirelength,f50270aaac2990b084b60db7761a35581c188644,1693498950,1691962183,1.85738e+06,2.05513e+06,0.106467,failing,0
gf12,swerv_wrapper,detailedroute__route__wirelength,3cf22e57f905b4c112a4c39dc124b323dbd284af,1720750184,1693498950,2.05513e+06,1.85409e+06,-0.097824,tighten,1
gf12,swerv_wrapper,detailedroute__route__wirelength,0a5008b61e52270c274703e0d1a206d125eaef14,1729625491,1726801420,1.85409e+06,1.8518e+06,-0.00123159,tighten,1
gf12,swerv_wrapper,detailedroute__route__wirelength,d12bbc7d8b49ff23f8769ea0b8f69f53cd6921f0,1729733195,1729625491,1.8518e+06,1.85409e+06,0.00123311,failing,0
gf12,swerv_wrapper,detailedroute__route__wirelength,759bc3182091858806b53f09a728eaf5ea6216e5,1735395970,1734995732,1.85409e+06,2.16678e+06,0.16865,failing,0
gf12,swerv_wrapper,detailedroute__route__wirelength,24e99ab383d050db517a050a9c3ea3ab8a7239e9,1737567191,1735395970,2.16678e+06,1.97389e+06,-0.0890197,tighten,0
gf12,swerv_wrapper,detailedroute__route__wirelength,fe77cbcfd1bcf40fbd80dc27be908210288a2b17,1738194375,1737567191,1.97389e+06,2.32062e+06,0.175655,failing,1
gf12,swerv_wrapper,detailedroute__route__wirelength,dc5f44bfb0475deba4aaeebac3223ef4519982b3,1753129059,1739380119,2.32062e+06,2.01011e+06,-0.133803,tighten,1
gf12,swerv_wrapper,detailedroute__route__wirelength,de91c955b15a62e6be0075bec77247568dd525de,1764992860,1763795185,2.01011e+06,1.90891e+06,-0.050345,tighten,0
gf12,swerv_wrapper,detailedroute__route__wirelength,792ce465f711fc473af51a2614a01381d75193e8,1765990388,1765675176,1.90891e+06,2.21512e+06,0.160408,failing,0
gf12,swerv_wrapper,detailedroute__route__wirelength,187a07abd8b8091ec42e5b9c221c74added6b27e,1766343742,1765990388,2.21512e+06,2.20494e+06,-0.00459334,tighten,0
gf12,swerv_wrapper,detailedroute__route__wirelength,4a06a65c58f4b630161485e15fa14086877512e1,1767210623,1766343742,2.20494e+06,2.07717e+06,-0.0579504,tighten,0
gf12,swerv_wrapper,detailedroute__route__wirelength,99923e3fd7b4c50892a8cd9ea7262c287ef9668d,1767637134,1767210623,2.07717e+06,2.07702e+06,-6.90741e-05,tighten,0
gf12,swerv_wrapper,detailedroute__route__wirelength,cc3eba7744b76ebe4c864d20a735e07bd7d357c6,1769182033,1768432207,2.07702e+06,2.06017e+06,-0.00811195,tighten,0
gf12,swerv_wrapper,detailedroute__route__wirelength,5101376937a58731b5038683b2cb7b70404da7fc,1772917750,1770743745,2.06017e+06,2.38048e+06,0.155475,failing,0
gf12,swerv_wrapper,detailedroute__route__wirelength,dbf7e2bc2c935b1e309314fa770f467749160c2c,1775130306,1772917750,2.38048e+06,2.19024e+06,-0.0799174,tighten,0
gf12,swerv_wrapper,detailedroute__route__wirelength,bdb262792fef3797730e1b8341b946426272dcdc,1776607464,1775130306,2.19024e+06,2.00625e+06,-0.0840044,tighten,0
gf12,swerv_wrapper,detailedroute__route__wirelength,6c7028f16cf3edf11439f9f609f70176e5a4be55,1782632631,1781720239,2.00625e+06,1.97895e+06,-0.0136058,tighten,0
gf12,swerv_wrapper,finish__design__instance__area,99af1aca7b0b7c835f95f16c401716134e154ec9,1662650846,1657833468,160459,160426,-0.000205931,tighten,1
gf12,swerv_wrapper,finish__design__instance__area,7943c160c9f2dd8c518debe127b33e2999ec53a0,1673366454,1667495167,160426,158203,-0.0138598,tighten,0
gf12,swerv_wrapper,finish__design__instance__area,f50270aaac2990b084b60db7761a35581c188644,1693498950,1691962183,158203,159378,0.00743131,failing,0
gf12,swerv_wrapper,finish__design__instance__area,457549938522cbf74360fab4520cc93d40adeb9c,1756497923,1756355532,159378,155281,-0.0257086,tighten,0
gf12,swerv_wrapper,finish__design__instance__area,252042c9c294386a7a8594dc3465b542c0184c52,1759899974,1756497923,155281,154718,-0.00362317,tighten,0
gf12,swerv_wrapper,finish__design__instance__area,de91c955b15a62e6be0075bec77247568dd525de,1764992860,1763795185,154718,154602,-0.000753122,tighten,0
gf12,swerv_wrapper,finish__design__instance__area,bdb262792fef3797730e1b8341b946426272dcdc,1776607464,1775130306,154602,154370,-0.00149613,tighten,0
gf12,swerv_wrapper,finish__design__instance__area,6c7028f16cf3edf11439f9f609f70176e5a4be55,1782632631,1781720239,154370,154318,-0.000337979,tighten,0
gf12,swerv_wrapper,placeopt__design__instance__area,3e85fcd8465d967e20d228c1494b8824e699e5a6,1652820402,1652373207,156171,155958,-0.00136417,tighten,1
gf12,swerv_wrapper,placeopt__design__instance__area,2ac6355c381a23c85d4c23ba6b8a5dcd2089b22a,1657768229,1653240872,155958,155715,-0.00156118,tighten,1
gf12,swerv_wrapper,placeopt__design__instance__area,c9cb6802b0b5a858e4993159102664bcb54de02c,1664716388,1663804585,155715,155670,-0.000284802,tighten,1
gf12,swerv_wrapper,placeopt__design__instance__area,7943c160c9f2dd8c518debe127b33e2999ec53a0,1673366454,1667495167,155670,155444,-0.00145234,tighten,0
gf12,swerv_wrapper,placeopt__design__instance__area,f50270aaac2990b084b60db7761a35581c188644,1693498950,1691962183,155444,156539,0.00704292,failing,0
gf12,swerv_wrapper,placeopt__design__instance__area,3cf22e57f905b4c112a4c39dc124b323dbd284af,1720750184,1693498950,156539,156430,-0.000699922,tighten,1
gf12,swerv_wrapper,placeopt__design__instance__area,457549938522cbf74360fab4520cc93d40adeb9c,1756497923,1756355532,156430,150829,-0.0358044,tighten,0
gf12,swerv_wrapper,placeopt__design__instance__area,252042c9c294386a7a8594dc3465b542c0184c52,1759899974,1756497923,150829,150723,-0.000703361,tighten,0
gf12,swerv_wrapper,placeopt__design__instance__area,de91c955b15a62e6be0075bec77247568dd525de,1764992860,1763795185,150723,150538,-0.00122309,tighten,0
gf12,swerv_wrapper,placeopt__design__instance__area,bdb262792fef3797730e1b8341b946426272dcdc,1776607464,1775130306,150538,150227,-0.00206794,tighten,0
gf12,swerv_wrapper,placeopt__design__instance__area,6c7028f16cf3edf11439f9f609f70176e5a4be55,1782632631,1781720239,150227,150200,-0.000179439,tighten,0
gf12,swerv_wrapper,placeopt__design__instance__count__stdcell,3e85fcd8465d967e20d228c1494b8824e699e5a6,1652820402,1652373207,103648,103329,-0.00307899,tighten,1
gf12,swerv_wrapper,placeopt__design__instance__count__stdcell,2ac6355c381a23c85d4c23ba6b8a5dcd2089b22a,1657768229,1653240872,103329,103039,-0.00280237,tighten,1
gf12,swerv_wrapper,placeopt__design__instance__count__stdcell,99af1aca7b0b7c835f95f16c401716134e154ec9,1662650846,1657833468,103039,102935,-0.0010127,tighten,1
gf12,swerv_wrapper,placeopt__design__instance__count__stdcell,7943c160c9f2dd8c518debe127b33e2999ec53a0,1673366454,1667495167,102935,102663,-0.00264414,tighten,0
gf12,swerv_wrapper,placeopt__design__instance__count__stdcell,f50270aaac2990b084b60db7761a35581c188644,1693498950,1691962183,102663,105940,0.0319239,failing,0
gf12,tinyRocket,detailedroute__route__wirelength,c9cb6802b0b5a858e4993159102664bcb54de02c,1664716388,1662650846,383365,382716,-0.00169438,tighten,0
gf12,tinyRocket,detailedroute__route__wirelength,60c202001de3eed3110c499e69e7d6de2f8b5420,1665804700,1664716388,382716,381358,-0.00354674,tighten,0
gf12,tinyRocket,detailedroute__route__wirelength,b34f40c79b06af45896fd11f9719657b9f926ca6,1674582080,1668126704,381358,379820,-0.00403364,tighten,1
gf12,tinyRocket,detailedroute__route__wirelength,533686274bc7711df4ab6240b9e27bb1c85059c7,1689626103,1687058647,379820,379360,-0.0012111,tighten,0
gf12,tinyRocket,detailedroute__route__wirelength,f50270aaac2990b084b60db7761a35581c188644,1693498950,1691962183,379360,412469,0.0872751,failing,0
gf12,tinyRocket,detailedroute__route__wirelength,292a586ef4d47252ac6fa553d05d57bb5486229e,1723903819,1720750184,412469,484586,0.174843,failing,1
gf12,tinyRocket,detailedroute__route__wirelength,6c8dd1103d4f87aec14802c309d2b3b9dfeee9d7,1756355532,1739380119,484586,415167,-0.143254,tighten,1
gf12,tinyRocket,detailedroute__route__wirelength,aa9330a3b652d1889d43c63659dfa04219d352d1,1789048471,1787330289,415167,233156,-0.438405,tighten,1
gf12,tinyRocket,finish__design__instance__area,60c202001de3eed3110c499e69e7d6de2f8b5420,1665804700,1664716388,16567.8,16567,-5.24852e-05,tighten,0
gf12,tinyRocket,finish__design__instance__area,b34f40c79b06af45896fd11f9719657b9f926ca6,1674582080,1668126704,16567,16487.8,-0.0047764,tighten,1
gf12,tinyRocket,finish__design__instance__area,f50270aaac2990b084b60db7761a35581c188644,1693498950,1691962183,16487.8,17070.4,0.0353357,failing,0
gf12,tinyRocket,finish__design__instance__area,6c8dd1103d4f87aec14802c309d2b3b9dfeee9d7,1756355532,1739380119,17070.4,16707,-0.0212929,tighten,1
gf12,tinyRocket,finish__design__instance__area,252042c9c294386a7a8594dc3465b542c0184c52,1759899974,1756355532,16707,15099.1,-0.0962369,tighten,0
gf12,tinyRocket,finish__design__instance__area,aad6b36d2a98876e019315f4711e7e7eb8efa058,1760067789,1759899974,15099.1,15091.3,-0.000518314,tighten,0
gf12,tinyRocket,finish__design__instance__area,8898c60ac214528b5b78e7439cc1f147198168d3,1764094483,1763795185,15091.3,14975.7,-0.0076635,tighten,0
gf12,tinyRocket,finish__design__instance__area,8c64471f09488e06558e2fc3bc47a6009d93c211,1768579904,1768432207,14975.7,14971.3,-0.000290326,tighten,0
gf12,tinyRocket,finish__design__instance__area,be7c423dfd8d1c19e7334cedd8ca7cf82d4443ff,1787330289,1786725772,14971.3,14933.9,-0.00249753,tighten,0
gf12,tinyRocket,finish__design__instance__area,aa9330a3b652d1889d43c63659dfa04219d352d1,1789048471,1787330289,14933.9,13323.5,-0.107837,tighten,1
gf12,tinyRocket,placeopt__design__instance__area,5e16d3e90191aa74f11062ee97fede607f33a5af,1657833468,1653240872,16313,16297.4,-0.000959488,tighten,1
gf12,tinyRocket,placeopt__design__instance__area,b34f40c79b06af45896fd11f9719657b9f926ca6,1674582080,1668126704,16297.4,16234.8,-0.00384164,tighten,1
gf12,tinyRocket,placeopt__design__instance__area,93cec18e4b060d6eadba735a14a6867f9c7e6dd1,1687058647,1674582080,16234.8,16223.5,-0.000696304,tighten,0
gf12,tinyRocket,placeopt__design__instance__area,f50270aaac2990b084b60db7761a35581c188644,1693498950,1691962183,16223.5,16914.8,0.0426114,failing,0
gf12,tinyRocket,placeopt__design__instance__area,6c8dd1103d4f87aec14802c309d2b3b9dfeee9d7,1756355532,1739380119,16914.8,15914.8,-0.0591199,tighten,1
gf12,tinyRocket,placeopt__design__instance__area,252042c9c294386a7a8594dc3465b542c0184c52,1759899974,1756355532,15914.8,14544.3,-0.0861108,tighten,0
gf12,tinyRocket,placeopt__design__instance__area,8898c60ac214528b5b78e7439cc1f147198168d3,1764094483,1763795185,14544.3,14509.6,-0.00239149,tighten,0
gf12,tinyRocket,placeopt__design__instance__area,be7c423dfd8d1c19e7334cedd8ca7cf82d4443ff,1787330289,1786725772,14509.6,14455.7,-0.00371569,tighten,0
gf12,tinyRocket,placeopt__design__instance__area,aa9330a3b652d1889d43c63659dfa04219d352d1,1789048471,1787330289,14455.7,12822.6,-0.112969,tighten,1
gf12,tinyRocket,placeopt__design__instance__count__stdcell,5e16d3e90191aa74f11062ee97fede607f33a5af,1657833468,1653240872,28358.3,28327.8,-0.00107322,tighten,1
gf12,tinyRocket,placeopt__design__instance__count__stdcell,99af1aca7b0b7c835f95f16c401716134e154ec9,1662650846,1659117194,28327.8,28309.6,-0.000644627,tighten,0
gf12,tinyRocket,placeopt__design__instance__count__stdcell,c9cb6802b0b5a858e4993159102664bcb54de02c,1664716388,1662650846,28309.6,28295.7,-0.000491461,tighten,0
gf12,tinyRocket,placeopt__design__instance__count__stdcell,60c202001de3eed3110c499e69e7d6de2f8b5420,1665804700,1664716388,28295.7,28293.9,-6.14628e-05,tighten,0
gf12,tinyRocket,placeopt__design__instance__count__stdcell,b34f40c79b06af45896fd11f9719657b9f926ca6,1674582080,1668126704,28293.9,28226.1,-0.0023972,tighten,1
gf12,tinyRocket,placeopt__design__instance__count__stdcell,93cec18e4b060d6eadba735a14a6867f9c7e6dd1,1687058647,1674582080,28226.1,28207,-0.000677757,tighten,0
gf12,tinyRocket,placeopt__design__instance__count__stdcell,f50270aaac2990b084b60db7761a35581c188644,1693498950,1691962183,28207,29601.7,0.0494482,failing,0
gf180,aes,detailedroute__route__wirelength,b34f40c79b06af45896fd11f9719657b9f926ca6,1674582080,1668719586,1.73795e+06,1.72069e+06,-0.00993372,tighten,0
gf180,aes,detailedroute__route__wirelength,f50270aaac2990b084b60db7761a35581c188644,1693498950,1689626103,1.72069e+06,1.83677e+06,0.0674603,failing,0
gf180,aes,detailedroute__route__wirelength,3cf22e57f905b4c112a4c39dc124b323dbd284af,1720750184,1693498950,1.83677e+06,1.07667e+06,-0.413825,tighten,0
gf180,aes,detailedroute__route__wirelength,3395328e1dd9952de67871f6c4d5963788082fcc,1721331380,1720750184,1.07667e+06,1.05175e+06,-0.0231455,tighten,0
gf180,aes,detailedroute__route__wirelength,292a586ef4d47252ac6fa553d05d57bb5486229e,1723903819,1721331380,1.05175e+06,1.2755e+06,0.212744,failing,0
gf180,aes,detailedroute__route__wirelength,53873f6b5a049a999386861e7a9ee80aa61080c5,1727499238,1726801420,1.2755e+06,1.31504e+06,0.0309982,failing,1
gf180,aes,detailedroute__route__wirelength,42c12e80a33d8c34badeff76e9aeeaea0b4e2651,1749917054,1746729873,1.31504e+06,1.28471e+06,-0.0230603,tighten,0
gf180,aes,detailedroute__route__wirelength,9753d33a6e24b5daad668aca9cde8918f2af9ebd,1756701107,1754448894,1.28471e+06,1.20819e+06,-0.0595619,tighten,0
gf180,aes,detailedroute__route__wirelength,4ee6469a2d53f71c6289a6b2395d7acdc4ec8071,1757516308,1756701107,1.20819e+06,1.20364e+06,-0.00376703,tighten,0
gf180,aes,detailedroute__route__wirelength,e79a174e30f63fd031fb72cdd264e7358caaadfb,1757956713,1757516308,1.20364e+06,1.20253e+06,-0.000921117,tighten,0
gf180,aes,detailedroute__route__wirelength,252042c9c294386a7a8594dc3465b542c0184c52,1759899974,1757956713,1.20253e+06,1.19628e+06,-0.005197,tighten,0
gf180,aes,detailedroute__route__wirelength,b2d224758b1fae76777c5fc5a3493c6bd769404c,1763659797,1761360171,1.19628e+06,1.19012e+06,-0.00515509,tighten,0
gf180,aes,detailedroute__route__wirelength,1ad9ee5203118586cab4535015c5184473e53783,1774531618,1772209135,1.19012e+06,1.18234e+06,-0.00653717,tighten,0
gf180,aes,detailedroute__route__wirelength,442c25202ace17ce42288d502eef557a4ce7f1e5,1779202706,1774531618,1.18234e+06,1.14839e+06,-0.0287095,tighten,1
gf180,aes,detailedroute__route__wirelength,d39a7b21e8f23d0220f03ee6e4f727156f236853,1780178044,1779202706,1.14839e+06,1.14705e+06,-0.00116836,tighten,0
gf180,aes,detailedroute__route__wirelength,a89f995a56a40be9b48b39daad94210b36a88d0a,1781720239,1780178044,1.14705e+06,1.12648e+06,-0.0179333,tighten,1
gf180,aes,finish__design__instance__area,b34f40c79b06af45896fd11f9719657b9f926ca6,1674582080,1668719586,753880,750600,-0.00435083,tighten,0
gf180,aes,finish__design__instance__area,f50270aaac2990b084b60db7761a35581c188644,1693498950,1689626103,750600,792950,0.056421,failing,0
gf180,aes,finish__design__instance__area,3cf22e57f905b4c112a4c39dc124b323dbd284af,1720750184,1693498950,792950,558973,-0.295071,tighten,0
gf180,aes,finish__design__instance__area,ec2d40a8b89b4656874f6d047fe24c1e2301704c,1724401372,1723903819,558973,677238,0.211576,failing,1
gf180,aes,finish__design__instance__area,80d28863e882049bbdbddc5676cef590e196906c,1726801420,1724920061,677238,670924,-0.00932303,tighten,0
gf180,aes,finish__design__instance__area,53873f6b5a049a999386861e7a9ee80aa61080c5,1727499238,1726801420,670924,681694,0.0160518,failing,1
gf180,aes,finish__design__instance__area,10637aa0c1619c864d166343f69abd92c71207e3,1727820328,1727499238,681694,677133,-0.00669049,tighten,0
gf180,aes,finish__design__instance__area,0237d84dbf0b1cb2fd3455e6cc0ede497ac27009,1737487889,1735740249,677133,675073,-0.00304224,tighten,0
gf180,aes,finish__design__instance__area,8bdaf88ba23291f2e8482d7a38fdc9c0a08e0aed,1738455179,1737487889,675073,663027,-0.0178441,tighten,0
gf180,aes,finish__design__instance__area,42c12e80a33d8c34badeff76e9aeeaea0b4e2651,1749917054,1746729873,663027,787249,0.187355,failing,0
gf180,aes,finish__design__instance__area,9753d33a6e24b5daad668aca9cde8918f2af9ebd,1756701107,1754448894,787249,760738,-0.0336748,tighten,0
gf180,aes,finish__design__instance__area,4ee6469a2d53f71c6289a6b2395d7acdc4ec8071,1757516308,1756701107,760738,747199,-0.0177974,tighten,0
gf180,aes,finish__design__instance__area,e79a174e30f63fd031fb72cdd264e7358caaadfb,1757956713,1757516308,747199,746355,-0.00113002,tighten,0
gf180,aes,finish__design__instance__area,252042c9c294386a7a8594dc3465b542c0184c52,1759899974,1757956713,746355,741837,-0.00605261,tighten,0
gf180,aes,finish__design__instance__area,b2d224758b1fae76777c5fc5a3493c6bd769404c,1763659797,1761360171,741837,738410,-0.00462072,tighten,0
gf180,aes,finish__design__instance__area,6e3bcbe960c3763af531c9518513409a3d5a34da,1764698552,1764088621,738410,734095,-0.00584335,tighten,0
gf180,aes,finish__design__instance__area,442c25202ace17ce42288d502eef557a4ce7f1e5,1779202706,1774531618,734095,703184,-0.0421069,tighten,1
gf180,aes,finish__design__instance__area,d39a7b21e8f23d0220f03ee6e4f727156f236853,1780178044,1779202706,703184,701491,-0.00240768,tighten,0
gf180,aes,finish__design__instance__area,a89f995a56a40be9b48b39daad94210b36a88d0a,1781720239,1780178044,701491,705165,0.00523729,failing,1
gf180,aes,finish__design__instance__area,6c7028f16cf3edf11439f9f609f70176e5a4be55,1782632631,1781720239,705165,699806,-0.00759982,tighten,0
gf180,aes,placeopt__design__instance__area,b34f40c79b06af45896fd11f9719657b9f926ca6,1674582080,1668719586,743034,742969,-8.77718e-05,tighten,0
gf180,aes,placeopt__design__instance__area,f50270aaac2990b084b60db7761a35581c188644,1693498950,1689626103,742969,785245,0.0569022,failing,0
gf180,aes,placeopt__design__instance__area,3cf22e57f905b4c112a4c39dc124b323dbd284af,1720750184,1693498950,785245,555908,-0.292058,tighten,0
gf180,aes,placeopt__design__instance__area,53873f6b5a049a999386861e7a9ee80aa61080c5,1727499238,1726801420,555908,624594,0.123557,failing,1
gf180,aes,placeopt__design__instance__area,09f99d674c46964abd773bcb887d0df145d6a307,1754448894,1749917054,624594,735774,0.178004,failing,1
gf180,aes,placeopt__design__instance__area,9753d33a6e24b5daad668aca9cde8918f2af9ebd,1756701107,1754448894,735774,703390,-0.044014,tighten,0
gf180,aes,placeopt__design__instance__area,252042c9c294386a7a8594dc3465b542c0184c52,1759899974,1757956713,703390,702106,-0.0018247,tighten,0
gf180,aes,placeopt__design__instance__area,b2d224758b1fae76777c5fc5a3493c6bd769404c,1763659797,1761360171,702106,701434,-0.000957368,tighten,0
gf180,aes,placeopt__design__instance__area,442c25202ace17ce42288d502eef557a4ce7f1e5,1779202706,1774531618,701434,648777,-0.0750698,tighten,1
gf180,aes,placeopt__design__instance__area,a89f995a56a40be9b48b39daad94210b36a88d0a,1781720239,1780178044,648777,649127,0.000538806,failing,1
gf180,aes,placeopt__design__instance__area,aaf99bfae2bd77848e9778e902d0f4b4c8e1f11c,1784640606,1784084356,649127,648060,-0.00164368,tighten,0
gf180,aes,placeopt__design__instance__count__stdcell,f50270aaac2990b084b60db7761a35581c188644,1693498950,1689626103,27394.8,28848.7,0.0530726,failing,0
gf180,aes,placeopt__design__instance__count__stdcell,3cf22e57f905b4c112a4c39dc124b323dbd284af,1720750184,1693498950,28848.7,17988.7,-0.376447,tighten,0
gf180,aes,placeopt__design__instance__count__stdcell,53873f6b5a049a999386861e7a9ee80aa61080c5,1727499238,1726801420,17988.7,18952.2,0.0535602,failing,1
gf180,aes,placeopt__design__instance__count__stdcell,87326a791158be03cb2b9523f4552764934d821a,1741437680,1741306883,18952.2,18949.6,-0.000137646,tighten,0
gf180,aes,placeopt__design__instance__count__stdcell,42c12e80a33d8c34badeff76e9aeeaea0b4e2651,1749917054,1746729873,18949.6,22500.9,0.187408,failing,0
gf180,aes,placeopt__design__instance__count__stdcell,9753d33a6e24b5daad668aca9cde8918f2af9ebd,1756701107,1754448894,22500.9,21211.3,-0.0573118,tighten,0
gf180,aes,placeopt__design__instance__count__stdcell,252042c9c294386a7a8594dc3465b542c0184c52,1759899974,1757956713,21211.3,21138.3,-0.00344361,tighten,0
gf180,aes,placeopt__design__instance__count__stdcell,b2d224758b1fae76777c5fc5a3493c6bd769404c,1763659797,1761360171,21138.3,21120.9,-0.000822741,tighten,0
gf180,aes,placeopt__design__instance__count__stdcell,75c067510af04cf949bb76087ff07757fd050f84,1764088621,1763795185,21120.9,21107.8,-0.000617564,tighten,0
gf180,aes,placeopt__design__instance__count__stdcell,929503646578d4c1cf91dd94b3fa424eab2043d0,1770336350,1769814722,21107.8,20685.2,-0.0200214,tighten,1
gf180,aes,placeopt__design__instance__count__stdcell,442c25202ace17ce42288d502eef557a4ce7f1e5,1779202706,1774531618,20685.2,19318.3,-0.0660837,tighten,1
gf180,aes,placeopt__design__instance__count__stdcell,a89f995a56a40be9b48b39daad94210b36a88d0a,1781720239,1780178044,19318.3,19295.7,-0.00117033,tighten,1
gf180,aes,placeopt__design__instance__count__stdcell,aaf99bfae2bd77848e9778e902d0f4b4c8e1f11c,1784640606,1784084356,19295.7,19293,-0.000135196,tighten,0
gf180,aes-hybrid,detailedroute__route__wirelength,3d05440525390fe651bd9ad60df2267f2cb6ad23,1702463869,1701997214,2.09396e+06,1.3748e+06,-0.343447,tighten,0
gf180,aes-hybrid,detailedroute__route__wirelength,3cf22e57f905b4c112a4c39dc124b323dbd284af,1720750184,1702463869,1.3748e+06,1.26689e+06,-0.0784887,tighten,1
gf180,aes-hybrid,detailedroute__route__wirelength,292a586ef4d47252ac6fa553d05d57bb5486229e,1723903819,1723052961,1.26689e+06,1.56326e+06,0.233934,failing,0
gf180,aes-hybrid,detailedroute__route__wirelength,53873f6b5a049a999386861e7a9ee80aa61080c5,1727499238,1726801420,1.56326e+06,1.61304e+06,0.0318442,failing,1
gf180,aes-hybrid,detailedroute__route__wirelength,e93c961fb028cdb97e80d87f9d8d1434fda8133c,1727886464,1727499238,1.61304e+06,1.60848e+06,-0.00283073,tighten,1
gf180,aes-hybrid,detailedroute__route__wirelength,337cf2f55ad9d8b56a987319a8c2b9a1572b4849,1732560471,1728025424,1.60848e+06,1.58818e+06,-0.0126196,tighten,1
gf180,aes-hybrid,detailedroute__route__wirelength,38048dd84fa7ded350b777c6645e174532a12580,1738168326,1732560471,1.58818e+06,1.58754e+06,-0.00040024,tighten,0
gf180,aes-hybrid,detailedroute__route__wirelength,32ae955873a87d075ad6929e6b4c44c2427faf86,1738624514,1738168326,1.58754e+06,1.58488e+06,-0.00167774,tighten,0
gf180,aes-hybrid,detailedroute__route__wirelength,1a629f5a309069fccd6ab3684234d178762fc9f0,1738793252,1738624514,1.58488e+06,1.57848e+06,-0.00403762,tighten,0
gf180,aes-hybrid,detailedroute__route__wirelength,42c12e80a33d8c34badeff76e9aeeaea0b4e2651,1749917054,1746460200,1.57848e+06,1.56503e+06,-0.00852058,tighten,0
gf180,aes-hybrid,detailedroute__route__wirelength,9753d33a6e24b5daad668aca9cde8918f2af9ebd,1756701107,1755785256,1.56503e+06,1.43965e+06,-0.0801157,tighten,0
gf180,aes-hybrid,detailedroute__route__wirelength,faa7fe5f7e7c424bb2ca4b05ed18e113f2d482ac,1756800730,1756701107,1.43965e+06,1.43536e+06,-0.00297778,tighten,0
gf180,aes-hybrid,detailedroute__route__wirelength,4ee6469a2d53f71c6289a6b2395d7acdc4ec8071,1757516308,1756800730,1.43536e+06,1.41238e+06,-0.0160124,tighten,0
gf180,aes-hybrid,detailedroute__route__wirelength,e79a174e30f63fd031fb72cdd264e7358caaadfb,1757956713,1757516308,1.41238e+06,1.41145e+06,-0.000658157,tighten,0
gf180,aes-hybrid,detailedroute__route__wirelength,bb27eaa879385f5ae08e008e43675f6ba1065a76,1758217099,1757956713,1.41145e+06,1.30765e+06,-0.0735373,tighten,0
gf180,aes-hybrid,detailedroute__route__wirelength,252042c9c294386a7a8594dc3465b542c0184c52,1759899974,1758217099,1.30765e+06,1.30721e+06,-0.000339806,tighten,0
gf180,aes-hybrid,detailedroute__route__wirelength,6e3bcbe960c3763af531c9518513409a3d5a34da,1764698552,1764088621,1.30721e+06,1.30539e+06,-0.00139428,tighten,0
gf180,aes-hybrid,detailedroute__route__wirelength,442c25202ace17ce42288d502eef557a4ce7f1e5,1779202706,1774531618,1.30539e+06,1.27646e+06,-0.022159,tighten,1
gf180,aes-hybrid,detailedroute__route__wirelength,a89f995a56a40be9b48b39daad94210b36a88d0a,1781720239,1781147335,1.27646e+06,1.28996e+06,0.0105755,failing,0
gf180,aes-hybrid,detailedroute__route__wirelength,aaf99bfae2bd77848e9778e902d0f4b4c8e1f11c,1784640606,1784084356,1.28996e+06,1.28472e+06,-0.00405878,tighten,0
gf180,aes-hybrid,finish__design__instance__area,3d05440525390fe651bd9ad60df2267f2cb6ad23,1702463869,1701997214,582453,427714,-0.265668,tighten,0
gf180,aes-hybrid,finish__design__instance__area,3cf22e57f905b4c112a4c39dc124b323dbd284af,1720750184,1702463869,427714,401494,-0.0613027,tighten,1
gf180,aes-hybrid,finish__design__instance__area,292a586ef4d47252ac6fa553d05d57bb5486229e,1723903819,1723052961,401494,479223,0.193599,failing,0
gf180,aes-hybrid,finish__design__instance__area,53873f6b5a049a999386861e7a9ee80aa61080c5,1727499238,1726801420,479223,531308,0.108687,failing,1
gf180,aes-hybrid,finish__design__instance__area,1a629f5a309069fccd6ab3684234d178762fc9f0,1738793252,1738624514,531308,526998,-0.00811124,tighten,0
gf180,aes-hybrid,finish__design__instance__area,87326a791158be03cb2b9523f4552764934d821a,1741437680,1741306883,526998,606104,0.150107,failing,0
gf180,aes-hybrid,finish__design__instance__area,fca2249dd22e6aad55d5cacc786e6c94fb7dbb86,1742416962,1741437680,606104,597346,-0.0144501,tighten,0
gf180,aes-hybrid,finish__design__instance__area,20a3b2c0f8eba1ba0c69e78893ea04760c580c76,1742507021,1742416962,597346,596233,-0.00186331,tighten,0
gf180,aes-hybrid,finish__design__instance__area,42c12e80a33d8c34badeff76e9aeeaea0b4e2651,1749917054,1746460200,596233,699042,0.17243,failing,0
gf180,aes-hybrid,finish__design__instance__area,bb27eaa879385f5ae08e008e43675f6ba1065a76,1758217099,1757956713,699042,678008,-0.0300896,tighten,0
gf180,aes-hybrid,finish__design__instance__area,252042c9c294386a7a8594dc3465b542c0184c52,1759899974,1758217099,678008,665438,-0.018539,tighten,0
gf180,aes-hybrid,finish__design__instance__area,e0f1ad381d76fce62eb9703e978d0734548bf7d5,1772209135,1772036546,665438,663401,-0.00306173,tighten,0
gf180,aes-hybrid,finish__design__instance__area,1ad9ee5203118586cab4535015c5184473e53783,1774531618,1772209135,663401,654605,-0.0132584,tighten,0
gf180,aes-hybrid,finish__design__instance__area,442c25202ace17ce42288d502eef557a4ce7f1e5,1779202706,1774531618,654605,634720,-0.0303774,tighten,1
gf180,aes-hybrid,finish__design__instance__area,d39a7b21e8f23d0220f03ee6e4f727156f236853,1780178044,1779202706,634720,634714,-9.58999e-06,tighten,0
gf180,aes-hybrid,finish__design__instance__area,a89f995a56a40be9b48b39daad94210b36a88d0a,1781720239,1781147335,634714,631170,-0.0055828,tighten,0
gf180,aes-hybrid,finish__design__instance__area,aaf99bfae2bd77848e9778e902d0f4b4c8e1f11c,1784640606,1784084356,631170,626777,-0.00696015,tighten,0
gf180,aes-hybrid,placeopt__design__instance__area,3d05440525390fe651bd9ad60df2267f2cb6ad23,1702463869,1701997214,614039,445987,-0.273683,tighten,0
gf180,aes-hybrid,placeopt__design__instance__area,3cf22e57f905b4c112a4c39dc124b323dbd284af,1720750184,1702463869,445987,444487,-0.00336333,tighten,1
gf180,aes-hybrid,placeopt__design__instance__area,292a586ef4d47252ac6fa553d05d57bb5486229e,1723903819,1723052961,444487,515630,0.160056,failing,0
gf180,aes-hybrid,placeopt__design__instance__area,53873f6b5a049a999386861e7a9ee80aa61080c5,1727499238,1726801420,515630,528048,0.0240837,failing,1
gf180,aes-hybrid,placeopt__design__instance__area,e93c961fb028cdb97e80d87f9d8d1434fda8133c,1727886464,1727499238,528048,526474,-0.00298063,tighten,1
gf180,aes-hybrid,placeopt__design__instance__area,337cf2f55ad9d8b56a987319a8c2b9a1572b4849,1732560471,1728025424,526474,524078,-0.00455037,tighten,1
gf180,aes-hybrid,placeopt__design__instance__area,09f99d674c46964abd773bcb887d0df145d6a307,1754448894,1749917054,524078,607019,0.15826,failing,0
gf180,aes-hybrid,placeopt__design__instance__area,aad91813f6449c7015dc05fa71156bb3da2ed9d2,1755785256,1754448894,607019,703359,0.15871,failing,0
gf180,aes-hybrid,placeopt__design__instance__area,9753d33a6e24b5daad668aca9cde8918f2af9ebd,1756701107,1755785256,703359,694402,-0.0127352,tighten,0
gf180,aes-hybrid,placeopt__design__instance__area,bb27eaa879385f5ae08e008e43675f6ba1065a76,1758217099,1757956713,694402,571839,-0.176501,tighten,0
gf180,aes-hybrid,placeopt__design__instance__area,252042c9c294386a7a8594dc3465b542c0184c52,1759899974,1758217099,571839,568108,-0.00652509,tighten,0
gf180,aes-hybrid,placeopt__design__instance__area,b2d224758b1fae76777c5fc5a3493c6bd769404c,1763659797,1761360171,568108,567699,-0.000719398,tighten,0
gf180,aes-hybrid,placeopt__design__instance__area,75c067510af04cf949bb76087ff07757fd050f84,1764088621,1763795185,567699,565338,-0.00415866,tighten,0
gf180,aes-hybrid,placeopt__design__instance__area,442c25202ace17ce42288d502eef557a4ce7f1e5,1779202706,1774531618,565338,535563,-0.0526687,tighten,1
gf180,aes-hybrid,placeopt__design__instance__area,a89f995a56a40be9b48b39daad94210b36a88d0a,1781720239,1781147335,535563,527135,-0.0157364,tighten,0
gf180,aes-hybrid,placeopt__design__instance__count__stdcell,3d05440525390fe651bd9ad60df2267f2cb6ad23,1702463869,1701997214,22554.8,16899.1,-0.250752,tighten,0
gf180,aes-hybrid,placeopt__design__instance__count__stdcell,53873f6b5a049a999386861e7a9ee80aa61080c5,1727499238,1726801420,16899.1,18317.4,0.0839251,failing,1
gf180,aes-hybrid,placeopt__design__instance__count__stdcell,87326a791158be03cb2b9523f4552764934d821a,1741437680,1741306883,18317.4,18313.9,-0.000189888,tighten,0
gf180,aes-hybrid,placeopt__design__instance__count__stdcell,42c12e80a33d8c34badeff76e9aeeaea0b4e2651,1749917054,1746460200,18313.9,22685.2,0.238688,failing,0
gf180,aes-hybrid,placeopt__design__instance__count__stdcell,9753d33a6e24b5daad668aca9cde8918f2af9ebd,1756701107,1755785256,22685.2,19624.3,-0.134928,tighten,0
gf180,aes-hybrid,placeopt__design__instance__count__stdcell,bb27eaa879385f5ae08e008e43675f6ba1065a76,1758217099,1757956713,19624.3,19207,-0.0212691,tighten,0
gf180,aes-hybrid,placeopt__design__instance__count__stdcell,252042c9c294386a7a8594dc3465b542c0184c52,1759899974,1758217099,19207,19069.6,-0.00715321,tighten,0
gf180,aes-hybrid,placeopt__design__instance__count__stdcell,b2d224758b1fae76777c5fc5a3493c6bd769404c,1763659797,1761360171,19069.6,19046.1,-0.00123119,tighten,0
gf180,aes-hybrid,placeopt__design__instance__count__stdcell,442c25202ace17ce42288d502eef557a4ce7f1e5,1779202706,1774531618,19046.1,18007.8,-0.0545131,tighten,1
gf180,aes-hybrid,placeopt__design__instance__count__stdcell,a89f995a56a40be9b48b39daad94210b36a88d0a,1781720239,1781147335,18007.8,18006.1,-9.65764e-05,tighten,0
gf180,ibex,detailedroute__route__wirelength,f50270aaac2990b084b60db7761a35581c188644,1693498950,1689626103,1.31566e+06,1.36648e+06,0.038627,failing,0
gf180,ibex,detailedroute__route__wirelength,cdaf07dc3f9db05ab46d0c4ced2d6aefea87a7b3,1710693725,1693498950,1.36648e+06,1.29091e+06,-0.0553061,tighten,0
gf180,ibex,detailedroute__route__wirelength,0555668c0f6b5b8c1455dfcae013978794db62ce,1721415217,1720750184,1.29091e+06,1.27152e+06,-0.0150161,tighten,0
gf180,ibex,detailedroute__route__wirelength,f4cabb018bc6d5a604d57aee8d24ffefa6264b45,1722398851,1721415217,1.27152e+06,1.26257e+06,-0.00704189,tighten,0
gf180,ibex,detailedroute__route__wirelength,292a586ef4d47252ac6fa553d05d57bb5486229e,1723903819,1723574838,1.26257e+06,1.47887e+06,0.171321,failing,0
gf180,ibex,detailedroute__route__wirelength,53873f6b5a049a999386861e7a9ee80aa61080c5,1727499238,1727222371,1.47887e+06,1.52919e+06,0.0340271,failing,0
gf180,ibex,detailedroute__route__wirelength,1a629f5a309069fccd6ab3684234d178762fc9f0,1738793252,1738194375,1.52919e+06,1.52459e+06,-0.00300812,tighten,1
gf180,ibex,detailedroute__route__wirelength,42c12e80a33d8c34badeff76e9aeeaea0b4e2651,1749917054,1746660157,1.52459e+06,1.34312e+06,-0.119033,tighten,0
gf180,ibex,detailedroute__route__wirelength,4ee6469a2d53f71c6289a6b2395d7acdc4ec8071,1757516308,1756497923,1.34312e+06,1.31381e+06,-0.0218188,tighten,0
gf180,ibex,detailedroute__route__wirelength,cbdc8b4c8bee18125dee663aaa6d168b48810668,1758645668,1757516308,1.31381e+06,1.31353e+06,-0.000217753,tighten,0
gf180,ibex,detailedroute__route__wirelength,cddcedb9d559b67a6b598a2c4b38ad0e04fd2bde,1759261996,1758645668,1.31353e+06,1.26775e+06,-0.0348468,tighten,0
gf180,ibex,detailedroute__route__wirelength,b2d224758b1fae76777c5fc5a3493c6bd769404c,1763659797,1763395270,1.26775e+06,1.24243e+06,-0.0199771,tighten,0
gf180,ibex,detailedroute__route__wirelength,20dc208b49af875cfa5ba1c4490f68d635d8d621,1768019333,1767727881,1.24243e+06,1.19083e+06,-0.0415288,tighten,1
gf180,ibex,detailedroute__route__wirelength,08605fea40cbedc1d6c98b778d615095c0d471cc,1768590962,1768019333,1.19083e+06,1.19011e+06,-0.000603159,tighten,1
gf180,ibex,detailedroute__route__wirelength,3b73eb16ccac67fee3022b843ec73964fed2da93,1769102322,1768590962,1.19011e+06,1.19006e+06,-4.53008e-05,tighten,0
gf180,ibex,detailedroute__route__wirelength,1426c0532d3d759be3e09a25c96ed9e31ab7df71,1770743745,1769910866,1.19006e+06,1.18964e+06,-0.000350732,tighten,0
gf180,ibex,detailedroute__route__wirelength,e0f1ad381d76fce62eb9703e978d0734548bf7d5,1772209135,1770743745,1.18964e+06,1.18687e+06,-0.00233026,tighten,1
gf180,ibex,detailedroute__route__wirelength,52b6f9dd8143eb72d47c2fc58fc6ce95c2165637,1777048191,1774531618,1.18687e+06,1.17252e+06,-0.0120895,tighten,1
gf180,ibex,detailedroute__route__wirelength,a89f995a56a40be9b48b39daad94210b36a88d0a,1781720239,1779202706,1.17252e+06,1.16054e+06,-0.0102203,tighten,1
gf180,ibex,detailedroute__route__wirelength,aa9330a3b652d1889d43c63659dfa04219d352d1,1789048471,1786034690,1.16054e+06,1.1222e+06,-0.0330379,tighten,1
gf180,ibex,finish__design__instance__area,f50270aaac2990b084b60db7761a35581c188644,1693498950,1689626103,728930,740307,0.0156084,failing,0
gf180,ibex,finish__design__instance__area,cdaf07dc3f9db05ab46d0c4ced2d6aefea87a7b3,1710693725,1693498950,740307,673207,-0.0906381,tighten,0
gf180,ibex,finish__design__instance__area,a3ec9b4f25bf8dfbe8c6c146fa16815fdc0928a8,1710957928,1710693725,673207,673193,-2.06668e-05,tighten,0
gf180,ibex,finish__design__instance__area,292a586ef4d47252ac6fa553d05d57bb5486229e,1723903819,1723574838,673193,782589,0.162503,failing,0
gf180,ibex,finish__design__instance__area,53873f6b5a049a999386861e7a9ee80aa61080c5,1727499238,1727222371,782589,814432,0.0406899,failing,0
gf180,ibex,finish__design__instance__area,faaca5deceec0a6aa9e03bc28b0a0c210a4610fe,1736542147,1732382585,814432,799908,-0.0178337,tighten,0
gf180,ibex,finish__design__instance__area,0237d84dbf0b1cb2fd3455e6cc0ede497ac27009,1737487889,1736542147,799908,798979,-0.001161,tighten,0
gf180,ibex,finish__design__instance__area,38048dd84fa7ded350b777c6645e174532a12580,1738168326,1737487889,798979,798544,-0.000544173,tighten,1
gf180,ibex,finish__design__instance__area,fe77cbcfd1bcf40fbd80dc27be908210288a2b17,1738194375,1738168326,798544,784678,-0.0173642,tighten,0
gf180,ibex,finish__design__instance__area,1a629f5a309069fccd6ab3684234d178762fc9f0,1738793252,1738194375,784678,782138,-0.003237,tighten,1
gf180,ibex,finish__design__instance__area,d182b81f60bfdeacdaf77014d3f928b4c079e07f,1746660157,1746456052,782138,928194,0.186739,failing,0
gf180,ibex,finish__design__instance__area,42c12e80a33d8c34badeff76e9aeeaea0b4e2651,1749917054,1746660157,928194,857369,-0.0763043,tighten,0
gf180,ibex,finish__design__instance__area,457549938522cbf74360fab4520cc93d40adeb9c,1756497923,1752003067,857369,852418,-0.00577399,tighten,0
gf180,ibex,finish__design__instance__area,4ee6469a2d53f71c6289a6b2395d7acdc4ec8071,1757516308,1756497923,852418,710243,-0.166791,tighten,0
gf180,ibex,finish__design__instance__area,cbdc8b4c8bee18125dee663aaa6d168b48810668,1758645668,1757516308,710243,710065,-0.000249762,tighten,0
gf180,ibex,finish__design__instance__area,cddcedb9d559b67a6b598a2c4b38ad0e04fd2bde,1759261996,1758645668,710065,695722,-0.0202002,tighten,0
gf180,ibex,finish__design__instance__area,75c067510af04cf949bb76087ff07757fd050f84,1764088621,1763795185,695722,695267,-0.000653685,tighten,0
gf180,ibex,finish__design__instance__area,20dc208b49af875cfa5ba1c4490f68d635d8d621,1768019333,1767727881,695267,672397,-0.0328932,tighten,1
gf180,ibex,finish__design__instance__area,e0f1ad381d76fce62eb9703e978d0734548bf7d5,1772209135,1770743745,672397,671929,-0.000697052,tighten,1
gf180,ibex,finish__design__instance__area,52b6f9dd8143eb72d47c2fc58fc6ce95c2165637,1777048191,1774531618,671929,665195,-0.0100218,tighten,1
gf180,ibex,finish__design__instance__area,a89f995a56a40be9b48b39daad94210b36a88d0a,1781720239,1779202706,665195,650758,-0.0217027,tighten,1
gf180,ibex,placeopt__design__instance__area,f50270aaac2990b084b60db7761a35581c188644,1693498950,1689626103,647775,674427,0.0411442,failing,0
gf180,ibex,placeopt__design__instance__area,cdaf07dc3f9db05ab46d0c4ced2d6aefea87a7b3,1710693725,1693498950,674427,659016,-0.022851,tighten,0
gf180,ibex,placeopt__design__instance__area,53873f6b5a049a999386861e7a9ee80aa61080c5,1727499238,1727222371,659016,737479,0.119062,failing,0
gf180,ibex,placeopt__design__instance__area,fe77cbcfd1bcf40fbd80dc27be908210288a2b17,1738194375,1738168326,737479,735433,-0.00277443,tighten,0
gf180,ibex,placeopt__design__instance__area,42c12e80a33d8c34badeff76e9aeeaea0b4e2651,1749917054,1746660157,735433,707006,-0.0386534,tighten,0
gf180,ibex,placeopt__design__instance__area,457549938522cbf74360fab4520cc93d40adeb9c,1756497923,1752003067,707006,671853,-0.049721,tighten,0
gf180,ibex,placeopt__design__instance__area,4ee6469a2d53f71c6289a6b2395d7acdc4ec8071,1757516308,1756497923,671853,671260,-0.000882698,tighten,0
gf180,ibex,placeopt__design__instance__area,cddcedb9d559b67a6b598a2c4b38ad0e04fd2bde,1759261996,1758645668,671260,657481,-0.0205273,tighten,0
gf180,ibex,placeopt__design__instance__area,b2d224758b1fae76777c5fc5a3493c6bd769404c,1763659797,1763395270,657481,651147,-0.00963361,tighten,0
gf180,ibex,placeopt__design__instance__area,20dc208b49af875cfa5ba1c4490f68d635d8d621,1768019333,1767727881,651147,639909,-0.0172592,tighten,1
gf180,ibex,placeopt__design__instance__area,52b6f9dd8143eb72d47c2fc58fc6ce95c2165637,1777048191,1774531618,639909,630894,-0.0140876,tighten,1
gf180,ibex,placeopt__design__instance__area,a89f995a56a40be9b48b39daad94210b36a88d0a,1781720239,1779202706,630894,630928,5.3754e-05,failing,1
gf180,ibex,placeopt__design__instance__area,aa9330a3b652d1889d43c63659dfa04219d352d1,1789048471,1786034690,630928,630301,-0.000993706,tighten,1
gf180,ibex,placeopt__design__instance__count__stdcell,f50270aaac2990b084b60db7761a35581c188644,1693498950,1689626103,15620.9,16381.7,0.0487085,failing,0
gf180,ibex,placeopt__design__instance__count__stdcell,cdaf07dc3f9db05ab46d0c4ced2d6aefea87a7b3,1710693725,1693498950,16381.7,14127.8,-0.137587,tighten,0
gf180,ibex,placeopt__design__instance__count__stdcell,53873f6b5a049a999386861e7a9ee80aa61080c5,1727499238,1727222371,14127.8,15787.8,0.117499,failing,0
gf180,ibex,placeopt__design__instance__count__stdcell,faaca5deceec0a6aa9e03bc28b0a0c210a4610fe,1736542147,1732382585,15787.8,15726.1,-0.00391055,tighten,0
gf180,ibex,placeopt__design__instance__count__stdcell,fe77cbcfd1bcf40fbd80dc27be908210288a2b17,1738194375,1738168326,15726.1,15502.6,-0.0142107,tighten,0
gf180,ibex,placeopt__design__instance__count__stdcell,42c12e80a33d8c34badeff76e9aeeaea0b4e2651,1749917054,1746660157,15502.6,14872.2,-0.0406664,tighten,0
gf180,ibex,placeopt__design__instance__count__stdcell,8d0141e7c9e671b87b7dbecc83c1a8bd9d81b0f4,1752003067,1751739576,14872.2,14727.8,-0.0097059,tighten,0
gf180,ibex,placeopt__design__instance__count__stdcell,cddcedb9d559b67a6b598a2c4b38ad0e04fd2bde,1759261996,1758645668,14727.8,14618.3,-0.00743933,tighten,0
gf180,ibex,placeopt__design__instance__count__stdcell,aad6b36d2a98876e019315f4711e7e7eb8efa058,1760067789,1760033903,14618.3,14613.9,-0.000297424,tighten,0
gf180,ibex,placeopt__design__instance__count__stdcell,b2d224758b1fae76777c5fc5a3493c6bd769404c,1763659797,1763395270,14613.9,14379.1,-0.0160657,tighten,0
gf180,ibex,placeopt__design__instance__count__stdcell,20dc208b49af875cfa5ba1c4490f68d635d8d621,1768019333,1767727881,14379.1,14042.6,-0.0234035,tighten,1
gf180,ibex,placeopt__design__instance__count__stdcell,52b6f9dd8143eb72d47c2fc58fc6ce95c2165637,1777048191,1774531618,14042.6,13718.3,-0.0230974,tighten,1
gf180,ibex,placeopt__design__instance__count__stdcell,a89f995a56a40be9b48b39daad94210b36a88d0a,1781720239,1779202706,13718.3,13724.3,0.000443712,failing,1
gf180,ibex,placeopt__design__instance__count__stdcell,aa9330a3b652d1889d43c63659dfa04219d352d1,1789048471,1786034690,13724.3,13305.2,-0.0305392,tighten,1
gf180,jpeg,detailedroute__route__wirelength,f50270aaac2990b084b60db7761a35581c188644,1693498950,1689626103,2.59036e+06,2.59926e+06,0.00343581,failing,0
gf180,jpeg,detailedroute__route__wirelength,292a586ef4d47252ac6fa553d05d57bb5486229e,1723903819,1722870342,2.59926e+06,4.26023e+06,0.639014,failing,0
gf180,jpeg,detailedroute__route__wirelength,fabc855b4aeca0b29e97639f33900972c0ba6ad0,1724866939,1723903819,4.26023e+06,4.25774e+06,-0.000584373,tighten,0
gf180,jpeg,detailedroute__route__wirelength,80d28863e882049bbdbddc5676cef590e196906c,1726801420,1724866939,4.25774e+06,4.25725e+06,-0.000115391,tighten,0
gf180,jpeg,detailedroute__route__wirelength,53873f6b5a049a999386861e7a9ee80aa61080c5,1727499238,1727222371,4.25725e+06,4.25817e+06,0.000216715,failing,0
gf180,jpeg,detailedroute__route__wirelength,fe77cbcfd1bcf40fbd80dc27be908210288a2b17,1738194375,1738100326,4.25817e+06,3.77798e+06,-0.112769,tighten,0
gf180,jpeg,detailedroute__route__wirelength,42c12e80a33d8c34badeff76e9aeeaea0b4e2651,1749917054,1746660157,3.77798e+06,2.59592e+06,-0.312882,tighten,0
gf180,jpeg,detailedroute__route__wirelength,e481ac787edebdfa88dd7cc8e3ecefb4cdede806,1751945598,1749917054,2.59592e+06,2.58536e+06,-0.00406692,tighten,1
gf180,jpeg,detailedroute__route__wirelength,9753d33a6e24b5daad668aca9cde8918f2af9ebd,1756701107,1751945598,2.58536e+06,2.53196e+06,-0.0206551,tighten,0
gf180,jpeg,detailedroute__route__wirelength,4ee6469a2d53f71c6289a6b2395d7acdc4ec8071,1757516308,1756701107,2.53196e+06,2.47427e+06,-0.0227832,tighten,0
gf180,jpeg,detailedroute__route__wirelength,252042c9c294386a7a8594dc3465b542c0184c52,1759899974,1757516308,2.47427e+06,2.44414e+06,-0.0121789,tighten,0
gf180,jpeg,detailedroute__route__wirelength,75c067510af04cf949bb76087ff07757fd050f84,1764088621,1763659797,2.44414e+06,2.43801e+06,-0.00250644,tighten,0
gf180,jpeg,detailedroute__route__wirelength,187a07abd8b8091ec42e5b9c221c74added6b27e,1766343742,1764088621,2.43801e+06,2.37255e+06,-0.0268533,tighten,0
gf180,jpeg,detailedroute__route__wirelength,a89f995a56a40be9b48b39daad94210b36a88d0a,1781720239,1779202706,2.37255e+06,2.49709e+06,0.0524921,failing,1
gf180,jpeg,detailedroute__route__wirelength,8e1288485e8614a05e0399aadced0da90ef457b5,1788622678,1786034690,2.49709e+06,2.75606e+06,0.10371,failing,1
gf180,jpeg,finish__design__instance__area,f50270aaac2990b084b60db7761a35581c188644,1693498950,1689626103,2.22555e+06,2.22632e+06,0.000346177,failing,0
gf180,jpeg,finish__design__instance__area,53873f6b5a049a999386861e7a9ee80aa61080c5,1727499238,1727222371,2.22632e+06,2.47349e+06,0.111022,failing,0
gf180,jpeg,finish__design__instance__area,fe77cbcfd1bcf40fbd80dc27be908210288a2b17,1738194375,1738100326,2.47349e+06,2.12509e+06,-0.140854,tighten,0
gf180,jpeg,finish__design__instance__area,496c61894468a49699ec5c359472e825a07e9c49,1740638151,1739226770,2.12509e+06,2.12114e+06,-0.00185895,tighten,1
gf180,jpeg,finish__design__instance__area,804812ea75e47913c47c50f833524f3577d6b7be,1741306883,1740638151,2.12114e+06,2.12085e+06,-0.000136514,tighten,0
gf180,jpeg,finish__design__instance__area,d182b81f60bfdeacdaf77014d3f928b4c079e07f,1746660157,1746606035,2.12085e+06,2.47136e+06,0.165268,failing,0
gf180,jpeg,finish__design__instance__area,42c12e80a33d8c34badeff76e9aeeaea0b4e2651,1749917054,1746660157,2.47136e+06,2.34388e+06,-0.0515829,tighten,0
gf180,jpeg,finish__design__instance__area,9753d33a6e24b5daad668aca9cde8918f2af9ebd,1756701107,1751945598,2.34388e+06,2.1819e+06,-0.0691076,tighten,0
gf180,jpeg,finish__design__instance__area,4ee6469a2d53f71c6289a6b2395d7acdc4ec8071,1757516308,1756701107,2.1819e+06,1.9511e+06,-0.105779,tighten,0
gf180,jpeg,finish__design__instance__area,a89f995a56a40be9b48b39daad94210b36a88d0a,1781720239,1779202706,1.9511e+06,2.08635e+06,0.0693196,failing,1
gf180,jpeg,finish__design__instance__area,8e1288485e8614a05e0399aadced0da90ef457b5,1788622678,1786034690,2.08635e+06,2.0818e+06,-0.00218063,tighten,1
gf180,jpeg,placeopt__design__instance__area,533686274bc7711df4ab6240b9e27bb1c85059c7,1689626103,1683808165,2.16775e+06,2.16771e+06,-1.84523e-05,tighten,0
gf180,jpeg,placeopt__design__instance__area,53873f6b5a049a999386861e7a9ee80aa61080c5,1727499238,1727222371,2.16771e+06,2.42396e+06,0.118213,failing,0
gf180,jpeg,placeopt__design__instance__area,fe77cbcfd1bcf40fbd80dc27be908210288a2b17,1738194375,1738100326,2.42396e+06,2.0756e+06,-0.143715,tighten,0
gf180,jpeg,placeopt__design__instance__area,496c61894468a49699ec5c359472e825a07e9c49,1740638151,1739226770,2.0756e+06,2.0725e+06,-0.00149354,tighten,1
gf180,jpeg,placeopt__design__instance__area,804812ea75e47913c47c50f833524f3577d6b7be,1741306883,1740638151,2.0725e+06,2.07223e+06,-0.000130487,tighten,0
gf180,jpeg,placeopt__design__instance__area,42c12e80a33d8c34badeff76e9aeeaea0b4e2651,1749917054,1746660157,2.07223e+06,2.05794e+06,-0.00689574,tighten,0
gf180,jpeg,placeopt__design__instance__area,e481ac787edebdfa88dd7cc8e3ecefb4cdede806,1751945598,1749917054,2.05794e+06,2.05477e+06,-0.00154016,tighten,1
gf180,jpeg,placeopt__design__instance__area,9753d33a6e24b5daad668aca9cde8918f2af9ebd,1756701107,1751945598,2.05477e+06,1.90088e+06,-0.0748942,tighten,0
gf180,jpeg,placeopt__design__instance__area,a89f995a56a40be9b48b39daad94210b36a88d0a,1781720239,1779202706,1.90088e+06,2.03463e+06,0.0703619,failing,1
gf180,jpeg,placeopt__design__instance__area,8e1288485e8614a05e0399aadced0da90ef457b5,1788622678,1786034690,2.03463e+06,2.03331e+06,-0.000648767,tighten,1
gf180,jpeg,placeopt__design__instance__count__stdcell,a2e7031aca7d89258e28924138a139a14fbb7fcc,1722870342,1722270719,54652.2,54632.2,-0.000365951,tighten,0
gf180,jpeg,placeopt__design__instance__count__stdcell,53873f6b5a049a999386861e7a9ee80aa61080c5,1727499238,1727222371,54632.2,55768.7,0.0208032,failing,0
gf180,jpeg,placeopt__design__instance__count__stdcell,fe77cbcfd1bcf40fbd80dc27be908210288a2b17,1738194375,1738100326,55768.7,47827.8,-0.142389,tighten,0
gf180,jpeg,placeopt__design__instance__count__stdcell,32ae955873a87d075ad6929e6b4c44c2427faf86,1738624514,1738194375,47827.8,47827,-1.81812e-05,tighten,1
gf180,jpeg,placeopt__design__instance__count__stdcell,496c61894468a49699ec5c359472e825a07e9c49,1740638151,1739226770,47827,47728.7,-0.00205451,tighten,1
gf180,jpeg,placeopt__design__instance__count__stdcell,42c12e80a33d8c34badeff76e9aeeaea0b4e2651,1749917054,1746660157,47728.7,46807.8,-0.0192938,tighten,0
gf180,jpeg,placeopt__design__instance__count__stdcell,e481ac787edebdfa88dd7cc8e3ecefb4cdede806,1751945598,1749917054,46807.8,46798.3,-0.000204351,tighten,1
gf180,jpeg,placeopt__design__instance__count__stdcell,aad6b36d2a98876e019315f4711e7e7eb8efa058,1760067789,1759899974,46798.3,46619.1,-0.00382772,tighten,0
gf180,jpeg,placeopt__design__instance__count__stdcell,20dc208b49af875cfa5ba1c4490f68d635d8d621,1768019333,1767727881,46619.1,44661.7,-0.0419869,tighten,1
gf180,jpeg,placeopt__design__instance__count__stdcell,08605fea40cbedc1d6c98b778d615095c0d471cc,1768590962,1768019333,44661.7,44649.6,-0.00027258,tighten,1
gf180,jpeg,placeopt__design__instance__count__stdcell,1ad9ee5203118586cab4535015c5184473e53783,1774531618,1768590962,44649.6,44537.4,-0.00251232,tighten,0
gf180,jpeg,placeopt__design__instance__count__stdcell,442c25202ace17ce42288d502eef557a4ce7f1e5,1779202706,1774531618,44537.4,44440,-0.00218673,tighten,1
gf180,jpeg,placeopt__design__instance__count__stdcell,a89f995a56a40be9b48b39daad94210b36a88d0a,1781720239,1779202706,44440,44437.4,-5.87015e-05,tighten,1
gf180,jpeg,placeopt__design__instance__count__stdcell,8e1288485e8614a05e0399aadced0da90ef457b5,1788622678,1786034690,44437.4,42407,-0.045692,tighten,1
gf180,riscv32i,detailedroute__route__wirelength,f50270aaac2990b084b60db7761a35581c188644,1693498950,1691617310,675123,750074,0.111019,failing,0
gf180,riscv32i,detailedroute__route__wirelength,b25454973f2d0d42e01bf37f8e50ed77ad2eb8c7,1710588510,1693498950,750074,915419,0.220439,failing,0
gf180,riscv32i,detailedroute__route__wirelength,a006172422544ec724ec4f2bd3b3ab46253ba94a,1713471019,1710588510,915419,621330,-0.321261,tighten,0
gf180,riscv32i,detailedroute__route__wirelength,3395328e1dd9952de67871f6c4d5963788082fcc,1721331380,1721232136,621330,605938,-0.0247729,tighten,0
gf180,riscv32i,detailedroute__route__wirelength,292a586ef4d47252ac6fa553d05d57bb5486229e,1723903819,1722870342,605938,773104,0.27588,failing,0
gf180,riscv32i,detailedroute__route__wirelength,53873f6b5a049a999386861e7a9ee80aa61080c5,1727499238,1727222371,773104,774988,0.00243625,failing,0
gf180,riscv32i,detailedroute__route__wirelength,42c12e80a33d8c34badeff76e9aeeaea0b4e2651,1749917054,1746660157,774988,655741,-0.153869,tighten,0
gf180,riscv32i,detailedroute__route__wirelength,8d0141e7c9e671b87b7dbecc83c1a8bd9d81b0f4,1752003067,1749917054,655741,643319,-0.0189431,tighten,1
gf180,riscv32i,detailedroute__route__wirelength,9753d33a6e24b5daad668aca9cde8918f2af9ebd,1756701107,1752003067,643319,621896,-0.0333015,tighten,0
gf180,riscv32i,detailedroute__route__wirelength,4ee6469a2d53f71c6289a6b2395d7acdc4ec8071,1757516308,1756701107,621896,599481,-0.0360427,tighten,0
gf180,riscv32i,detailedroute__route__wirelength,cddcedb9d559b67a6b598a2c4b38ad0e04fd2bde,1759261996,1757956713,599481,711134,0.18625,failing,0
gf180,riscv32i,detailedroute__route__wirelength,b2d224758b1fae76777c5fc5a3493c6bd769404c,1763659797,1763395270,711134,707570,-0.0050122,tighten,0
gf180,riscv32i,detailedroute__route__wirelength,75c067510af04cf949bb76087ff07757fd050f84,1764088621,1763659797,707570,704146,-0.00483836,tighten,0
gf180,riscv32i,detailedroute__route__wirelength,20dc208b49af875cfa5ba1c4490f68d635d8d621,1768019333,1767727881,704146,571656,-0.188158,tighten,1
gf180,riscv32i,detailedroute__route__wirelength,1426c0532d3d759be3e09a25c96ed9e31ab7df71,1770743745,1768019333,571656,568476,-0.00556279,tighten,1
gf180,riscv32i,detailedroute__route__wirelength,442c25202ace17ce42288d502eef557a4ce7f1e5,1779202706,1776199700,568476,561806,-0.0117324,tighten,1
gf180,riscv32i,detailedroute__route__wirelength,a89f995a56a40be9b48b39daad94210b36a88d0a,1781720239,1779202706,561806,562589,0.00139302,failing,1
gf180,riscv32i,finish__design__instance__area,f50270aaac2990b084b60db7761a35581c188644,1693498950,1691617310,347855,338654,-0.0264503,tighten,0
gf180,riscv32i,finish__design__instance__area,a006172422544ec724ec4f2bd3b3ab46253ba94a,1713471019,1710588510,338654,319219,-0.0573883,tighten,0
gf180,riscv32i,finish__design__instance__area,292a586ef4d47252ac6fa553d05d57bb5486229e,1723903819,1722870342,319219,375642,0.176752,failing,0
gf180,riscv32i,finish__design__instance__area,53873f6b5a049a999386861e7a9ee80aa61080c5,1727499238,1727222371,375642,378371,0.00726641,failing,0
gf180,riscv32i,finish__design__instance__area,d182b81f60bfdeacdaf77014d3f928b4c079e07f,1746660157,1742507021,378371,453577,0.198763,failing,0
gf180,riscv32i,finish__design__instance__area,42c12e80a33d8c34badeff76e9aeeaea0b4e2651,1749917054,1746660157,453577,413623,-0.0880881,tighten,0
gf180,riscv32i,finish__design__instance__area,8d0141e7c9e671b87b7dbecc83c1a8bd9d81b0f4,1752003067,1749917054,413623,413380,-0.000586546,tighten,1
gf180,riscv32i,finish__design__instance__area,9753d33a6e24b5daad668aca9cde8918f2af9ebd,1756701107,1752003067,413380,401117,-0.0296643,tighten,0
gf180,riscv32i,finish__design__instance__area,4ee6469a2d53f71c6289a6b2395d7acdc4ec8071,1757516308,1756701107,401117,337742,-0.157998,tighten,0
gf180,riscv32i,finish__design__instance__area,e79a174e30f63fd031fb72cdd264e7358caaadfb,1757956713,1757516308,337742,337737,-1.28732e-05,tighten,0
gf180,riscv32i,finish__design__instance__area,4a06a65c58f4b630161485e15fa14086877512e1,1767210623,1764088621,337737,394645,0.168497,failing,0
gf180,riscv32i,finish__design__instance__area,20dc208b49af875cfa5ba1c4490f68d635d8d621,1768019333,1767727881,394645,341700,-0.134159,tighten,1
gf180,riscv32i,finish__design__instance__area,a89f995a56a40be9b48b39daad94210b36a88d0a,1781720239,1779202706,341700,366960,0.0739245,failing,1
gf180,riscv32i,placeopt__design__instance__area,f50270aaac2990b084b60db7761a35581c188644,1693498950,1691617310,329462,321141,-0.025256,tighten,0
gf180,riscv32i,placeopt__design__instance__area,b25454973f2d0d42e01bf37f8e50ed77ad2eb8c7,1710588510,1693498950,321141,370056,0.152316,failing,0
gf180,riscv32i,placeopt__design__instance__area,a006172422544ec724ec4f2bd3b3ab46253ba94a,1713471019,1710588510,370056,311915,-0.157114,tighten,0
gf180,riscv32i,placeopt__design__instance__area,292a586ef4d47252ac6fa553d05d57bb5486229e,1723903819,1722870342,311915,360940,0.157175,failing,0
gf180,riscv32i,placeopt__design__instance__area,80d28863e882049bbdbddc5676cef590e196906c,1726801420,1724920061,360940,360804,-0.00037583,tighten,0
gf180,riscv32i,placeopt__design__instance__area,1b2abed1a3d0628769aa99ed747128159ab2fc77,1727222371,1726801420,360804,360748,-0.000156655,tighten,0
gf180,riscv32i,placeopt__design__instance__area,53873f6b5a049a999386861e7a9ee80aa61080c5,1727499238,1727222371,360748,360703,-0.000125343,tighten,0
gf180,riscv32i,placeopt__design__instance__area,42c12e80a33d8c34badeff76e9aeeaea0b4e2651,1749917054,1746660157,360703,333709,-0.074837,tighten,0
gf180,riscv32i,placeopt__design__instance__area,9753d33a6e24b5daad668aca9cde8918f2af9ebd,1756701107,1752003067,333709,322123,-0.0347192,tighten,0
gf180,riscv32i,placeopt__design__instance__area,4a06a65c58f4b630161485e15fa14086877512e1,1767210623,1764088621,322123,377411,0.171639,failing,0
gf180,riscv32i,placeopt__design__instance__area,20dc208b49af875cfa5ba1c4490f68d635d8d621,1768019333,1767727881,377411,331243,-0.12233,tighten,1
gf180,riscv32i,placeopt__design__instance__area,a89f995a56a40be9b48b39daad94210b36a88d0a,1781720239,1779202706,331243,349131,0.0540048,failing,1
gf180,riscv32i,placeopt__design__instance__count__stdcell,f50270aaac2990b084b60db7761a35581c188644,1693498950,1691617310,8444.35,6969.57,-0.174647,tighten,0
gf180,riscv32i,placeopt__design__instance__count__stdcell,b25454973f2d0d42e01bf37f8e50ed77ad2eb8c7,1710588510,1693498950,6969.57,8431.3,0.209732,failing,0
gf180,riscv32i,placeopt__design__instance__count__stdcell,a006172422544ec724ec4f2bd3b3ab46253ba94a,1713471019,1710588510,8431.3,6739.13,-0.200701,tighten,0
gf180,riscv32i,placeopt__design__instance__count__stdcell,53873f6b5a049a999386861e7a9ee80aa61080c5,1727499238,1727222371,6739.13,7400.87,0.0981935,failing,0
gf180,riscv32i,placeopt__design__instance__count__stdcell,42c12e80a33d8c34badeff76e9aeeaea0b4e2651,1749917054,1746660157,7400.87,7151.3,-0.0337211,tighten,0
gf180,riscv32i,placeopt__design__instance__count__stdcell,cddcedb9d559b67a6b598a2c4b38ad0e04fd2bde,1759261996,1757956713,7151.3,8349.57,0.167558,failing,0
gf180,riscv32i,placeopt__design__instance__count__stdcell,b2d224758b1fae76777c5fc5a3493c6bd769404c,1763659797,1763395270,8349.57,8335.65,-0.00166632,tighten,0
gf180,riscv32i,placeopt__design__instance__count__stdcell,75c067510af04cf949bb76087ff07757fd050f84,1764088621,1763659797,8335.65,8331.3,-0.000521594,tighten,0
gf180,riscv32i,placeopt__design__instance__count__stdcell,20dc208b49af875cfa5ba1c4490f68d635d8d621,1768019333,1767727881,8331.3,7290.43,-0.124935,tighten,1
gf180,riscv32i,placeopt__design__instance__count__stdcell,a89f995a56a40be9b48b39daad94210b36a88d0a,1781720239,1779202706,7290.43,7502.61,0.0291031,failing,1
gf180,sha3,detailedroute__route__wirelength,c37a33e462e9c15af03f7a46a6d62a3c81271036,1687261472,1686107901,823042,792295,-0.0373577,tighten,0
gf180,sha3,detailedroute__route__wirelength,089e6f0c2da75179c2c6fb32ee48dcf957ec091c,1691084586,1689716734,792295,791264,-0.00130057,tighten,0
gf180,sha3,detailedroute__route__wirelength,f50270aaac2990b084b60db7761a35581c188644,1693498950,1691617310,791264,789363,-0.00240342,tighten,0
gf180,sha3,finish__design__instance__area,c37a33e462e9c15af03f7a46a6d62a3c81271036,1687261472,1686107901,655923,650436,-0.00836525,tighten,0
gf180,sha3,finish__design__instance__area,f50270aaac2990b084b60db7761a35581c188644,1693498950,1691617310,650436,639920,-0.0161671,tighten,0
gf180,sha3,placeopt__design__instance__area,c37a33e462e9c15af03f7a46a6d62a3c81271036,1687261472,1686107901,626689,623759,-0.00467467,tighten,0
gf180,sha3,placeopt__design__instance__area,f50270aaac2990b084b60db7761a35581c188644,1693498950,1691617310,623759,613293,-0.0167791,tighten,0
gf180,sha3,placeopt__design__instance__count__stdcell,c37a33e462e9c15af03f7a46a6d62a3c81271036,1687261472,1686107901,15759.1,15405.2,-0.0224577,tighten,0
gf180,sha3,placeopt__design__instance__count__stdcell,f50270aaac2990b084b60db7761a35581c188644,1693498950,1691617310,15405.2,13372.2,-0.131971,tighten,0
gf180,uart-blocks,detailedroute__route__wirelength,53873f6b5a049a999386861e7a9ee80aa61080c5,1727499238,1726801420,16967,17720,0.0443829,failing,0
gf180,uart-blocks,detailedroute__route__wirelength,0a5008b61e52270c274703e0d1a206d125eaef14,1729625491,1727499238,17720,17149.6,-0.0321916,tighten,1
gf180,uart-blocks,detailedroute__route__wirelength,804812ea75e47913c47c50f833524f3577d6b7be,1741306883,1732560471,17149.6,16095.7,-0.0614542,tighten,1
gf180,uart-blocks,detailedroute__route__wirelength,87326a791158be03cb2b9523f4552764934d821a,1741437680,1741306883,16095.7,15627.8,-0.0290654,tighten,0
gf180,uart-blocks,detailedroute__route__wirelength,9753d33a6e24b5daad668aca9cde8918f2af9ebd,1756701107,1749917054,15627.8,15357.4,-0.0173047,tighten,1
gf180,uart-blocks,detailedroute__route__wirelength,4ee6469a2d53f71c6289a6b2395d7acdc4ec8071,1757516308,1756701107,15357.4,15167,-0.0124002,tighten,0
gf180,uart-blocks,detailedroute__route__wirelength,e79a174e30f63fd031fb72cdd264e7358caaadfb,1757956713,1757516308,15167,15141.7,-0.00166265,tighten,0
gf180,uart-blocks,detailedroute__route__wirelength,de91c955b15a62e6be0075bec77247568dd525de,1764992860,1763659797,15141.7,17552.2,0.159191,failing,0
gf180,uart-blocks,detailedroute__route__wirelength,2ee6de90b83bfbf8168a79a6340fe5f735b8d98e,1768241546,1767727881,17552.2,16425.2,-0.0642061,tighten,0
gf180,uart-blocks,detailedroute__route__wirelength,08605fea40cbedc1d6c98b778d615095c0d471cc,1768590962,1768241546,16425.2,15073.9,-0.0822701,tighten,0
gf180,uart-blocks,detailedroute__route__wirelength,3b73eb16ccac67fee3022b843ec73964fed2da93,1769102322,1768590962,15073.9,14813.9,-0.0172483,tighten,0
gf180,uart-blocks,detailedroute__route__wirelength,5101376937a58731b5038683b2cb7b70404da7fc,1772917750,1769102322,14813.9,18568.7,0.253463,failing,1
gf180,uart-blocks,detailedroute__route__wirelength,442c25202ace17ce42288d502eef557a4ce7f1e5,1779202706,1772917750,18568.7,17850.4,-0.0386813,tighten,1
gf180,uart-blocks,detailedroute__route__wirelength,a89f995a56a40be9b48b39daad94210b36a88d0a,1781720239,1781147335,17850.4,17740.9,-0.00613796,tighten,1
gf180,uart-blocks,finish__design__instance__area,bc14f9c2f1bb5d4fa8edb667f36b3a90766b7754,1709852768,1693498950,62648.7,57587.8,-0.0807817,tighten,1
gf180,uart-blocks,finish__design__instance__area,53873f6b5a049a999386861e7a9ee80aa61080c5,1727499238,1726801420,57587.8,60984.3,0.0589799,failing,0
gf180,uart-blocks,finish__design__instance__area,a89f995a56a40be9b48b39daad94210b36a88d0a,1781720239,1781147335,60984.3,62558.3,0.0258085,failing,1
gf180,uart-blocks,placeopt__design__instance__area,bc14f9c2f1bb5d4fa8edb667f36b3a90766b7754,1709852768,1693498950,62281.7,57260.9,-0.0806154,tighten,1
gf180,uart-blocks,placeopt__design__instance__area,53873f6b5a049a999386861e7a9ee80aa61080c5,1727499238,1726801420,57260.9,60109.6,0.0497494,failing,0
gf180,uart-blocks,placeopt__design__instance__area,a89f995a56a40be9b48b39daad94210b36a88d0a,1781720239,1781147335,60109.6,61824.3,0.0285276,failing,1
gf180,uart-blocks,placeopt__design__instance__count__stdcell,bc14f9c2f1bb5d4fa8edb667f36b3a90766b7754,1709852768,1693498950,1740.87,640.87,-0.631868,tighten,1
gf180,uart-blocks,placeopt__design__instance__count__stdcell,3cf22e57f905b4c112a4c39dc124b323dbd284af,1720750184,1709852768,640.87,638.261,-0.00407056,tighten,1
gf180,uart-blocks,placeopt__design__instance__count__stdcell,53873f6b5a049a999386861e7a9ee80aa61080c5,1727499238,1726801420,638.261,645.217,0.0108992,failing,0
gf180,uart-blocks,placeopt__design__instance__count__stdcell,804812ea75e47913c47c50f833524f3577d6b7be,1741306883,1732560471,645.217,637.391,-0.0121294,tighten,1
gf180,uart-blocks,placeopt__design__instance__count__stdcell,87326a791158be03cb2b9523f4552764934d821a,1741437680,1741306883,637.391,635.652,-0.00272851,tighten,0
gf180,uart-blocks,placeopt__design__instance__count__stdcell,42c12e80a33d8c34badeff76e9aeeaea0b4e2651,1749917054,1741437680,635.652,631.304,-0.00683995,tighten,1
gf180,uart-blocks,placeopt__design__instance__count__stdcell,08605fea40cbedc1d6c98b778d615095c0d471cc,1768590962,1768241546,631.304,620.87,-0.0165289,tighten,0
gf180,uart-blocks,placeopt__design__instance__count__stdcell,a89f995a56a40be9b48b39daad94210b36a88d0a,1781720239,1781147335,620.87,653.913,0.0532213,failing,1
gf55,aes,detailedroute__route__wirelength,3e85fcd8465d967e20d228c1494b8824e699e5a6,1652820402,1652373207,659316,628983,-0.0460069,tighten,0
gf55,aes,detailedroute__route__wirelength,c9cb6802b0b5a858e4993159102664bcb54de02c,1664716388,1662650846,628983,620917,-0.0128226,tighten,0
gf55,aes,detailedroute__route__wirelength,b34f40c79b06af45896fd11f9719657b9f926ca6,1674582080,1667495167,620917,592748,-0.0453677,tighten,1
gf55,aes,detailedroute__route__wirelength,f50270aaac2990b084b60db7761a35581c188644,1693498950,1689626103,592748,595693,0.00496875,failing,1
gf55,aes,finish__design__instance__area,3e85fcd8465d967e20d228c1494b8824e699e5a6,1652820402,1652373207,153309,144513,-0.0573722,tighten,0
gf55,aes,finish__design__instance__area,b34f40c79b06af45896fd11f9719657b9f926ca6,1674582080,1667495167,144513,134497,-0.0693062,tighten,1
gf55,aes,finish__design__instance__area,f50270aaac2990b084b60db7761a35581c188644,1693498950,1689626103,134497,134593,0.000711182,failing,1
gf55,aes,finish__design__instance__area,28ba199ab6b78154d692ec02effdf3005f29acf5,1699378906,1693498950,134593,154819,0.150276,failing,0
gf55,aes,placeopt__design__instance__area,3e85fcd8465d967e20d228c1494b8824e699e5a6,1652820402,1652373207,136722,136419,-0.00221332,tighten,0
gf55,aes,placeopt__design__instance__area,a9135b34ffdaa0c04b18a4423d038cd98cc8827f,1654188137,1652820402,136419,136137,-0.00206525,tighten,1
gf55,aes,placeopt__design__instance__area,c9cb6802b0b5a858e4993159102664bcb54de02c,1664716388,1662650846,136137,134773,-0.0100218,tighten,0
gf55,aes,placeopt__design__instance__area,b34f40c79b06af45896fd11f9719657b9f926ca6,1674582080,1667495167,134773,133858,-0.00678758,tighten,1
gf55,aes,placeopt__design__instance__area,93cec18e4b060d6eadba735a14a6867f9c7e6dd1,1687058647,1674582080,133858,133732,-0.000941944,tighten,0
gf55,aes,placeopt__design__instance__area,f50270aaac2990b084b60db7761a35581c188644,1693498950,1689626103,133732,133737,3.90137e-05,failing,1
gf55,aes,placeopt__design__instance__count__stdcell,3e85fcd8465d967e20d228c1494b8824e699e5a6,1652820402,1652373207,19972.2,19967,-0.000261233,tighten,0
gf55,aes,placeopt__design__instance__count__stdcell,a9135b34ffdaa0c04b18a4423d038cd98cc8827f,1654188137,1652820402,19967,19920.9,-0.00230816,tighten,1
gf55,aes,placeopt__design__instance__count__stdcell,c9cb6802b0b5a858e4993159102664bcb54de02c,1664716388,1662650846,19920.9,19825.2,-0.00480161,tighten,0
gf55,aes,placeopt__design__instance__count__stdcell,b34f40c79b06af45896fd11f9719657b9f926ca6,1674582080,1667495167,19825.2,19773,-0.00263169,tighten,1
gf55,aes,placeopt__design__instance__count__stdcell,93cec18e4b060d6eadba735a14a6867f9c7e6dd1,1687058647,1674582080,19773,19768.7,-0.000219887,tighten,0
ihp-sg13g2,aes,detailedroute__route__wirelength,e938ba6d0e8275ea8f5702ceacb830cd9ed34c56,1717596379,1698677857,1.1152e+06,749012,-0.328358,tighten,1
ihp-sg13g2,aes,detailedroute__route__wirelength,3cf22e57f905b4c112a4c39dc124b323dbd284af,1720750184,1717596379,749012,731133,-0.0238703,tighten,1
ihp-sg13g2,aes,detailedroute__route__wirelength,edc8f1a28361462e9e9f66adf4a520d95a882a81,1738100296,1724866939,731133,680855,-0.0687676,tighten,1
ihp-sg13g2,aes,detailedroute__route__wirelength,a89f995a56a40be9b48b39daad94210b36a88d0a,1781720239,1781393401,680855,574503,-0.156204,tighten,1
ihp-sg13g2,aes,finish__design__instance__area,e938ba6d0e8275ea8f5702ceacb830cd9ed34c56,1717596379,1698677857,1.09119e+06,926037,-0.151351,tighten,1
ihp-sg13g2,aes,finish__design__instance__area,edc8f1a28361462e9e9f66adf4a520d95a882a81,1738100296,1724866939,926037,437198,-0.527883,tighten,1
ihp-sg13g2,aes,finish__design__instance__area,650e321b0093881d5007662642a9d12b0a2f1c92,1738263999,1738168326,437198,923379,1.11204,failing,1
ihp-sg13g2,aes,finish__design__instance__area,cddcedb9d559b67a6b598a2c4b38ad0e04fd2bde,1759261996,1757956713,923379,917382,-0.00649505,tighten,0
ihp-sg13g2,aes,finish__design__instance__area,b2d224758b1fae76777c5fc5a3493c6bd769404c,1763659797,1763395270,917382,178087,-0.805875,tighten,0
ihp-sg13g2,aes,finish__design__instance__area,75c067510af04cf949bb76087ff07757fd050f84,1764088621,1763659797,178087,178053,-0.00019043,tighten,0
ihp-sg13g2,aes,finish__design__instance__area,1ad9ee5203118586cab4535015c5184473e53783,1774531618,1772036546,178053,174970,-0.0173178,tighten,0
ihp-sg13g2,aes,finish__design__instance__area,a89f995a56a40be9b48b39daad94210b36a88d0a,1781720239,1781393401,174970,146050,-0.165281,tighten,1
ihp-sg13g2,aes,finish__design__instance__area,aa9330a3b652d1889d43c63659dfa04219d352d1,1789048471,1781720239,146050,207408,0.420111,failing,1
ihp-sg13g2,aes,placeopt__design__instance__area,e938ba6d0e8275ea8f5702ceacb830cd9ed34c56,1717596379,1698677857,210225,183153,-0.128777,tighten,1
ihp-sg13g2,aes,placeopt__design__instance__area,3cf22e57f905b4c112a4c39dc124b323dbd284af,1720750184,1717596379,183153,183009,-0.000788127,tighten,1
ihp-sg13g2,aes,placeopt__design__instance__area,7ad0ca8f8a98ea96b529f69b3e7a078db5734d01,1749159324,1748565694,183009,220517,0.204956,failing,0
ihp-sg13g2,aes,placeopt__design__instance__area,42c12e80a33d8c34badeff76e9aeeaea0b4e2651,1749917054,1749159324,220517,199546,-0.0951005,tighten,0
ihp-sg13g2,aes,placeopt__design__instance__area,9753d33a6e24b5daad668aca9cde8918f2af9ebd,1756701107,1752269303,199546,176995,-0.113013,tighten,0
ihp-sg13g2,aes,placeopt__design__instance__area,4ee6469a2d53f71c6289a6b2395d7acdc4ec8071,1757516308,1756852624,176995,176926,-0.000388122,tighten,0
ihp-sg13g2,aes,placeopt__design__instance__area,b2d224758b1fae76777c5fc5a3493c6bd769404c,1763659797,1763395270,176926,174792,-0.012061,tighten,0
ihp-sg13g2,aes,placeopt__design__instance__area,75c067510af04cf949bb76087ff07757fd050f84,1764088621,1763659797,174792,174700,-0.000527334,tighten,0
ihp-sg13g2,aes,placeopt__design__instance__area,1ad9ee5203118586cab4535015c5184473e53783,1774531618,1772036546,174700,171499,-0.0183221,tighten,0
ihp-sg13g2,aes,placeopt__design__instance__area,a89f995a56a40be9b48b39daad94210b36a88d0a,1781720239,1781393401,171499,141309,-0.176038,tighten,1
ihp-sg13g2,aes,placeopt__design__instance__area,aa9330a3b652d1889d43c63659dfa04219d352d1,1789048471,1781720239,141309,181748,0.286176,failing,1
ihp-sg13g2,aes,placeopt__design__instance__count__stdcell,e938ba6d0e8275ea8f5702ceacb830cd9ed34c56,1717596379,1698677857,19735.7,16777.4,-0.149894,tighten,1
ihp-sg13g2,aes,placeopt__design__instance__count__stdcell,3cf22e57f905b4c112a4c39dc124b323dbd284af,1720750184,1717596379,16777.4,16765.2,-0.000725614,tighten,1
ihp-sg13g2,aes,placeopt__design__instance__count__stdcell,42c12e80a33d8c34badeff76e9aeeaea0b4e2651,1749917054,1749159324,16765.2,16518.3,-0.0147303,tighten,0
ihp-sg13g2,aes,placeopt__design__instance__count__stdcell,e68e9c75a1fa045427ca14d93f085340361aca22,1752269303,1751918507,16518.3,16509.6,-0.000526427,tighten,0
ihp-sg13g2,aes,placeopt__design__instance__count__stdcell,4ee6469a2d53f71c6289a6b2395d7acdc4ec8071,1757516308,1756852624,16509.6,16507.8,-0.000105341,tighten,0
ihp-sg13g2,aes,placeopt__design__instance__count__stdcell,b2d224758b1fae76777c5fc5a3493c6bd769404c,1763659797,1763395270,16507.8,16195.7,-0.0189107,tighten,0
ihp-sg13g2,aes,placeopt__design__instance__count__stdcell,75c067510af04cf949bb76087ff07757fd050f84,1764088621,1763659797,16195.7,16186.1,-0.000590604,tighten,0
ihp-sg13g2,aes,placeopt__design__instance__count__stdcell,1ad9ee5203118586cab4535015c5184473e53783,1774531618,1772036546,16186.1,15872.2,-0.019394,tighten,0
ihp-sg13g2,aes,placeopt__design__instance__count__stdcell,a89f995a56a40be9b48b39daad94210b36a88d0a,1781720239,1781393401,15872.2,12635.7,-0.203912,tighten,1
ihp-sg13g2,aes,placeopt__design__instance__count__stdcell,aa9330a3b652d1889d43c63659dfa04219d352d1,1789048471,1781720239,12635.7,17072.2,0.351111,failing,1
ihp-sg13g2,gcd,detailedroute__route__wirelength,b25454973f2d0d42e01bf37f8e50ed77ad2eb8c7,1710588510,1698677857,12007,11660,-0.0288963,tighten,0
ihp-sg13g2,gcd,detailedroute__route__wirelength,3395328e1dd9952de67871f6c4d5963788082fcc,1721331380,1720750184,11660,13835.7,0.186591,failing,0
ihp-sg13g2,gcd,detailedroute__route__wirelength,09ec72a7354c364b458c5c1b63bbaaad9bbd08c3,1738015257,1723903819,13835.7,12453.9,-0.099868,tighten,1
ihp-sg13g2,gcd,detailedroute__route__wirelength,fe77cbcfd1bcf40fbd80dc27be908210288a2b17,1738194375,1738015257,12453.9,15947,0.280478,failing,0
ihp-sg13g2,gcd,detailedroute__route__wirelength,650e321b0093881d5007662642a9d12b0a2f1c92,1738263999,1738194375,15947,15362.6,-0.0366432,tighten,1
ihp-sg13g2,gcd,detailedroute__route__wirelength,804812ea75e47913c47c50f833524f3577d6b7be,1741306883,1738263999,15362.6,12384.3,-0.193864,tighten,1
ihp-sg13g2,gcd,detailedroute__route__wirelength,9753d33a6e24b5daad668aca9cde8918f2af9ebd,1756701107,1749917054,12384.3,11120,-0.102092,tighten,1
ihp-sg13g2,gcd,detailedroute__route__wirelength,252042c9c294386a7a8594dc3465b542c0184c52,1759899974,1757516308,11120,10974.8,-0.0130591,tighten,0
ihp-sg13g2,gcd,detailedroute__route__wirelength,a53c2e0d12c70105245f203d555f9628c71f245a,1762351857,1761360171,10974.8,13158.3,0.198954,failing,1
ihp-sg13g2,gcd,detailedroute__route__wirelength,20dc208b49af875cfa5ba1c4490f68d635d8d621,1768019333,1767727881,13158.3,9726.09,-0.260838,tighten,1
ihp-sg13g2,gcd,detailedroute__route__wirelength,3b73eb16ccac67fee3022b843ec73964fed2da93,1769102322,1768019333,9726.09,9705.22,-0.00214573,tighten,1
ihp-sg13g2,gcd,detailedroute__route__wirelength,1ad9ee5203118586cab4535015c5184473e53783,1774531618,1769102322,9705.22,9644.35,-0.00627184,tighten,0
ihp-sg13g2,gcd,detailedroute__route__wirelength,442c25202ace17ce42288d502eef557a4ce7f1e5,1779202706,1774531618,9644.35,9618.26,-0.0027049,tighten,1
ihp-sg13g2,gcd,finish__design__instance__area,09ec72a7354c364b458c5c1b63bbaaad9bbd08c3,1738015257,1723903819,24623.5,13442.6,-0.454074,tighten,1
ihp-sg13g2,gcd,finish__design__instance__area,fe77cbcfd1bcf40fbd80dc27be908210288a2b17,1738194375,1738015257,13442.6,15700,0.167928,failing,0
ihp-sg13g2,gcd,finish__design__instance__area,650e321b0093881d5007662642a9d12b0a2f1c92,1738263999,1738194375,15700,27619.1,0.75918,failing,1
ihp-sg13g2,gcd,finish__design__instance__area,804812ea75e47913c47c50f833524f3577d6b7be,1741306883,1738263999,27619.1,23795.7,-0.138436,tighten,1
ihp-sg13g2,gcd,finish__design__instance__area,fca2249dd22e6aad55d5cacc786e6c94fb7dbb86,1742416962,1741306883,23795.7,23788.7,-0.000292344,tighten,0
ihp-sg13g2,gcd,finish__design__instance__area,a687a730982ee0a0feec444d51277c92351ca134,1748565694,1742416962,23788.7,23741.7,-0.0019739,tighten,0
ihp-sg13g2,gcd,finish__design__instance__area,4ee6469a2d53f71c6289a6b2395d7acdc4ec8071,1757516308,1756701107,23741.7,23683.5,-0.00245394,tighten,0
ihp-sg13g2,gcd,finish__design__instance__area,252042c9c294386a7a8594dc3465b542c0184c52,1759899974,1757516308,23683.5,22658.3,-0.0432883,tighten,0
ihp-sg13g2,gcd,finish__design__instance__area,a53c2e0d12c70105245f203d555f9628c71f245a,1762351857,1761360171,22658.3,6689.57,-0.704763,tighten,1
ihp-sg13g2,gcd,finish__design__instance__area,20dc208b49af875cfa5ba1c4490f68d635d8d621,1768019333,1767727881,6689.57,5628.7,-0.158586,tighten,1
ihp-sg13g2,gcd,finish__design__instance__area,1ad9ee5203118586cab4535015c5184473e53783,1774531618,1769102322,5628.7,5590.43,-0.00679747,tighten,0
ihp-sg13g2,gcd,placeopt__design__instance__area,c1f12b8ccbb9c5e03ce8a90ceee6354fc9cee8c1,1714667031,1710588510,5420,6258.26,0.154661,failing,0
ihp-sg13g2,gcd,placeopt__design__instance__area,3cf22e57f905b4c112a4c39dc124b323dbd284af,1720750184,1714667031,6258.26,6255.65,-0.00041684,tighten,1
ihp-sg13g2,gcd,placeopt__design__instance__area,3395328e1dd9952de67871f6c4d5963788082fcc,1721331380,1720750184,6255.65,6216.52,-0.00625521,tighten,0
ihp-sg13g2,gcd,placeopt__design__instance__area,09ec72a7354c364b458c5c1b63bbaaad9bbd08c3,1738015257,1723903819,6216.52,5664.35,-0.0888236,tighten,1
ihp-sg13g2,gcd,placeopt__design__instance__area,fe77cbcfd1bcf40fbd80dc27be908210288a2b17,1738194375,1738015257,5664.35,6629.57,0.170402,failing,0
ihp-sg13g2,gcd,placeopt__design__instance__area,804812ea75e47913c47c50f833524f3577d6b7be,1741306883,1738263999,6629.57,5659.13,-0.14638,tighten,1
ihp-sg13g2,gcd,placeopt__design__instance__area,9753d33a6e24b5daad668aca9cde8918f2af9ebd,1756701107,1749917054,5659.13,5592.17,-0.0118316,tighten,1
ihp-sg13g2,gcd,placeopt__design__instance__area,4ee6469a2d53f71c6289a6b2395d7acdc4ec8071,1757516308,1756701107,5592.17,5584.35,-0.00139947,tighten,0
ihp-sg13g2,gcd,placeopt__design__instance__area,252042c9c294386a7a8594dc3465b542c0184c52,1759899974,1757516308,5584.35,5386.96,-0.0353472,tighten,0
ihp-sg13g2,gcd,placeopt__design__instance__area,a53c2e0d12c70105245f203d555f9628c71f245a,1762351857,1761360171,5386.96,6419.13,0.191606,failing,1
ihp-sg13g2,gcd,placeopt__design__instance__area,b2d224758b1fae76777c5fc5a3493c6bd769404c,1763659797,1763395270,6419.13,6417.39,-0.000270929,tighten,0
ihp-sg13g2,gcd,placeopt__design__instance__area,20dc208b49af875cfa5ba1c4490f68d635d8d621,1768019333,1767727881,6417.39,5388.7,-0.160298,tighten,1
ihp-sg13g2,gcd,placeopt__design__instance__area,1ad9ee5203118586cab4535015c5184473e53783,1774531618,1769102322,5388.7,5350.43,-0.00710021,tighten,0
ihp-sg13g2,gcd,placeopt__design__instance__count__stdcell,b25454973f2d0d42e01bf37f8e50ed77ad2eb8c7,1710588510,1698677857,394.783,466.957,0.182819,failing,0
ihp-sg13g2,gcd,placeopt__design__instance__count__stdcell,292a586ef4d47252ac6fa553d05d57bb5486229e,1723903819,1721331380,466.957,561.739,0.20298,failing,0
ihp-sg13g2,gcd,placeopt__design__instance__count__stdcell,09ec72a7354c364b458c5c1b63bbaaad9bbd08c3,1738015257,1723903819,561.739,439.13,-0.218266,tighten,1
ihp-sg13g2,gcd,placeopt__design__instance__count__stdcell,fe77cbcfd1bcf40fbd80dc27be908210288a2b17,1738194375,1738015257,439.13,561.739,0.279208,failing,0
ihp-sg13g2,gcd,placeopt__design__instance__count__stdcell,804812ea75e47913c47c50f833524f3577d6b7be,1741306883,1738263999,561.739,439.13,-0.218266,tighten,1
ihp-sg13g2,gcd,placeopt__design__instance__count__stdcell,42c12e80a33d8c34badeff76e9aeeaea0b4e2651,1749917054,1748565694,439.13,429.565,-0.0217822,tighten,0
ihp-sg13g2,gcd,placeopt__design__instance__count__stdcell,a53c2e0d12c70105245f203d555f9628c71f245a,1762351857,1761360171,429.565,533.913,0.242915,failing,1
ihp-sg13g2,gcd,placeopt__design__instance__count__stdcell,20dc208b49af875cfa5ba1c4490f68d635d8d621,1768019333,1767727881,533.913,441.739,-0.172638,tighten,1
ihp-sg13g2,gcd,placeopt__design__instance__count__stdcell,1ad9ee5203118586cab4535015c5184473e53783,1774531618,1769102322,441.739,385.217,-0.127953,tighten,0
ihp-sg13g2,i2c-gpio-expander,detailedroute__route__wirelength,7ad0ca8f8a98ea96b529f69b3e7a078db5734d01,1749159324,1748565694,43261.7,53002.6,0.225161,failing,0
ihp-sg13g2,i2c-gpio-expander,detailedroute__route__wirelength,42c12e80a33d8c34badeff76e9aeeaea0b4e2651,1749917054,1749159324,53002.6,41628.7,-0.214592,tighten,0
ihp-sg13g2,i2c-gpio-expander,detailedroute__route__wirelength,7994405e8441ee3ca60cb107d1f26dd3e111a637,1751143870,1749917054,41628.7,37033,-0.110396,tighten,1
ihp-sg13g2,i2c-gpio-expander,detailedroute__route__wirelength,dc5f44bfb0475deba4aaeebac3223ef4519982b3,1753129059,1751143870,37033,34018.3,-0.0814079,tighten,1
ihp-sg13g2,i2c-gpio-expander,detailedroute__route__wirelength,cddcedb9d559b67a6b598a2c4b38ad0e04fd2bde,1759261996,1758574349,34018.3,33480,-0.0158227,tighten,1
ihp-sg13g2,i2c-gpio-expander,detailedroute__route__wirelength,2ee6de90b83bfbf8168a79a6340fe5f735b8d98e,1768241546,1767727881,33480,33175.7,-0.00909044,tighten,0
ihp-sg13g2,i2c-gpio-expander,detailedroute__route__wirelength,3b73eb16ccac67fee3022b843ec73964fed2da93,1769102322,1768241546,33175.7,32846.1,-0.00993395,tighten,0
ihp-sg13g2,i2c-gpio-expander,detailedroute__route__wirelength,e0f1ad381d76fce62eb9703e978d0734548bf7d5,1772209135,1769102322,32846.1,32599.1,-0.0075186,tighten,1
ihp-sg13g2,i2c-gpio-expander,detailedroute__route__wirelength,a89f995a56a40be9b48b39daad94210b36a88d0a,1781720239,1781147335,32599.1,36341.7,0.114807,failing,1
ihp-sg13g2,i2c-gpio-expander,finish__design__instance__area,664eee8ec2c363995ed3c00e29e62e597230d79a,1739400070,1737448287,38588.7,38540,-0.00126191,tighten,1
ihp-sg13g2,i2c-gpio-expander,finish__design__instance__area,6279898876147ee3a229f0703e10299671869e38,1739465446,1739400070,38540,38527,-0.00033844,tighten,0
ihp-sg13g2,i2c-gpio-expander,finish__design__instance__area,a687a730982ee0a0feec444d51277c92351ca134,1748565694,1747174692,38527,38500,-0.00069968,tighten,1
ihp-sg13g2,i2c-gpio-expander,finish__design__instance__area,7994405e8441ee3ca60cb107d1f26dd3e111a637,1751143870,1749917054,38500,118272,2.072,failing,1
ihp-sg13g2,i2c-gpio-expander,finish__design__instance__area,dc5f44bfb0475deba4aaeebac3223ef4519982b3,1753129059,1751143870,118272,118146,-0.00106607,tighten,1
ihp-sg13g2,i2c-gpio-expander,finish__design__instance__area,71bcdaf9d57c2476a58be55aee85fec2a80a1f06,1753151924,1753129059,118146,118065,-0.000684488,tighten,0
ihp-sg13g2,i2c-gpio-expander,finish__design__instance__area,9753d33a6e24b5daad668aca9cde8918f2af9ebd,1756701107,1754448894,118065,117978,-0.000736513,tighten,0
ihp-sg13g2,i2c-gpio-expander,finish__design__instance__area,a53c2e0d12c70105245f203d555f9628c71f245a,1762351857,1761360171,117978,36551.3,-0.690186,tighten,1
ihp-sg13g2,i2c-gpio-expander,finish__design__instance__area,a89f995a56a40be9b48b39daad94210b36a88d0a,1781720239,1781147335,36551.3,36603.5,0.00142742,failing,1
ihp-sg13g2,i2c-gpio-expander,placeopt__design__instance__area,7994405e8441ee3ca60cb107d1f26dd3e111a637,1751143870,1749917054,20053,34050.4,0.698018,failing,1
ihp-sg13g2,i2c-gpio-expander,placeopt__design__instance__area,9753d33a6e24b5daad668aca9cde8918f2af9ebd,1756701107,1754448894,34050.4,34038.3,-0.000357526,tighten,0
ihp-sg13g2,i2c-gpio-expander,placeopt__design__instance__area,e79a174e30f63fd031fb72cdd264e7358caaadfb,1757956713,1757745885,34038.3,33967.8,-0.00206928,tighten,0
ihp-sg13g2,i2c-gpio-expander,placeopt__design__instance__area,a89f995a56a40be9b48b39daad94210b36a88d0a,1781720239,1781147335,33967.8,34201.7,0.00688631,failing,1
ihp-sg13g2,i2c-gpio-expander,placeopt__design__instance__count__stdcell,42c12e80a33d8c34badeff76e9aeeaea0b4e2651,1749917054,1749159324,1392.17,1338.26,-0.0387258,tighten,0
ihp-sg13g2,i2c-gpio-expander,placeopt__design__instance__count__stdcell,7994405e8441ee3ca60cb107d1f26dd3e111a637,1751143870,1749917054,1338.26,854.783,-0.361274,tighten,1
ihp-sg13g2,i2c-gpio-expander,placeopt__design__instance__count__stdcell,dc5f44bfb0475deba4aaeebac3223ef4519982b3,1753129059,1751143870,854.783,839.13,-0.0183113,tighten,1
ihp-sg13g2,i2c-gpio-expander,placeopt__design__instance__count__stdcell,a53c2e0d12c70105245f203d555f9628c71f245a,1762351857,1761360171,839.13,828.696,-0.0124352,tighten,1
ihp-sg13g2,i2c-gpio-expander,placeopt__design__instance__count__stdcell,ade358bbed511cea8958a0327c9c0e5ab62bbeee,1763733007,1763659797,828.696,826.957,-0.00209864,tighten,0
ihp-sg13g2,i2c-gpio-expander,placeopt__design__instance__count__stdcell,a89f995a56a40be9b48b39daad94210b36a88d0a,1781720239,1781147335,826.957,851.304,0.0294427,failing,1
ihp-sg13g2,ibex,detailedroute__route__wirelength,3cf22e57f905b4c112a4c39dc124b323dbd284af,1720750184,1698677857,1.09819e+06,987210,-0.10106,tighten,1
ihp-sg13g2,ibex,detailedroute__route__wirelength,292a586ef4d47252ac6fa553d05d57bb5486229e,1723903819,1720750184,987210,1.25215e+06,0.268375,failing,0
ihp-sg13g2,ibex,detailedroute__route__wirelength,f87f84eab13dc18573912e6367da7426a85e5082,1738100687,1727499238,1.25215e+06,1.13465e+06,-0.0938391,tighten,1
ihp-sg13g2,ibex,detailedroute__route__wirelength,4ec37c32e04a698d3cb861f2ad4fc49ebcdb85e1,1746456052,1742507021,1.13465e+06,1.03915e+06,-0.0841652,tighten,1
ihp-sg13g2,ibex,detailedroute__route__wirelength,dc627205b81a8bee8e120dee5d4350f804927394,1746638274,1746456052,1.03915e+06,1.03834e+06,-0.00078492,tighten,0
ihp-sg13g2,ibex,detailedroute__route__wirelength,42c12e80a33d8c34badeff76e9aeeaea0b4e2651,1749917054,1749744305,1.03834e+06,932658,-0.101778,tighten,0
ihp-sg13g2,ibex,detailedroute__route__wirelength,9753d33a6e24b5daad668aca9cde8918f2af9ebd,1756701107,1755036774,932658,893786,-0.0416789,tighten,0
ihp-sg13g2,ibex,detailedroute__route__wirelength,4ee6469a2d53f71c6289a6b2395d7acdc4ec8071,1757516308,1756701107,893786,869840,-0.0267917,tighten,0
ihp-sg13g2,ibex,detailedroute__route__wirelength,e446cb72c394e70556be0e1e636da15011cffad2,1757687866,1757516308,869840,869526,-0.000360886,tighten,0
ihp-sg13g2,ibex,detailedroute__route__wirelength,a53c2e0d12c70105245f203d555f9628c71f245a,1762351857,1761360171,869526,860077,-0.0108665,tighten,1
ihp-sg13g2,ibex,detailedroute__route__wirelength,8480ed06239614f9f1a1b9c937635634e53f9e69,1766074556,1763659797,860077,780518,-0.0925023,tighten,1
ihp-sg13g2,ibex,detailedroute__route__wirelength,1426c0532d3d759be3e09a25c96ed9e31ab7df71,1770743745,1768241546,780518,778384,-0.00273397,tighten,0
ihp-sg13g2,ibex,detailedroute__route__wirelength,a89f995a56a40be9b48b39daad94210b36a88d0a,1781720239,1779202706,778384,884871,0.136805,failing,1
ihp-sg13g2,ibex,detailedroute__route__wirelength,f255c15b3dd4362a704b6af9f617b4091bdd4e6a,1784224077,1784084356,884871,880430,-0.00501964,tighten,0
ihp-sg13g2,ibex,detailedroute__route__wirelength,fbd08fec657f6d98f1cc36c7231c7c84698bcc97,1786595143,1786034690,880430,870298,-0.0115072,tighten,0
ihp-sg13g2,ibex,detailedroute__route__wirelength,3a46609b40b4a8405e7759f79f8ccd849f674dec,1787176830,1786595143,870298,870007,-0.000334718,tighten,0
ihp-sg13g2,ibex,finish__design__instance__area,3cf22e57f905b4c112a4c39dc124b323dbd284af,1720750184,1698677857,586414,571102,-0.0261115,tighten,1
ihp-sg13g2,ibex,finish__design__instance__area,f87f84eab13dc18573912e6367da7426a85e5082,1738100687,1727499238,571102,562381,-0.0152703,tighten,1
ihp-sg13g2,ibex,finish__design__instance__area,4ec37c32e04a698d3cb861f2ad4fc49ebcdb85e1,1746456052,1742507021,562381,561548,-0.00148128,tighten,1
ihp-sg13g2,ibex,finish__design__instance__area,dc627205b81a8bee8e120dee5d4350f804927394,1746638274,1746456052,561548,561132,-0.00074019,tighten,0
ihp-sg13g2,ibex,finish__design__instance__area,a53c2e0d12c70105245f203d555f9628c71f245a,1762351857,1761360171,561132,273488,-0.512614,tighten,1
ihp-sg13g2,ibex,finish__design__instance__area,a89f995a56a40be9b48b39daad94210b36a88d0a,1781720239,1779202706,273488,284652,0.0408221,failing,1
ihp-sg13g2,ibex,finish__design__instance__area,bea7dcd7be7f26d1328f6058b01cf42bf4352aa2,1784084356,1781720239,284652,284133,-0.00182374,tighten,0
ihp-sg13g2,ibex,finish__design__instance__area,f255c15b3dd4362a704b6af9f617b4091bdd4e6a,1784224077,1784084356,284133,278525,-0.0197366,tighten,0
ihp-sg13g2,ibex,finish__design__instance__area,fbd08fec657f6d98f1cc36c7231c7c84698bcc97,1786595143,1786034690,278525,278440,-0.000305959,tighten,0
ihp-sg13g2,ibex,placeopt__design__instance__area,7ad0ca8f8a98ea96b529f69b3e7a078db5734d01,1749159324,1748565694,265733,322833,0.214877,failing,0
ihp-sg13g2,ibex,placeopt__design__instance__area,efbc08a20cb0e9999d8ae71e13efdd7faf28c429,1749587125,1749159324,322833,317801,-0.0155875,tighten,0
ihp-sg13g2,ibex,placeopt__design__instance__area,9753d33a6e24b5daad668aca9cde8918f2af9ebd,1756701107,1755036774,317801,262665,-0.173491,tighten,0
ihp-sg13g2,ibex,placeopt__design__instance__area,4ee6469a2d53f71c6289a6b2395d7acdc4ec8071,1757516308,1756701107,262665,260809,-0.00706802,tighten,0
ihp-sg13g2,ibex,placeopt__design__instance__area,a89f995a56a40be9b48b39daad94210b36a88d0a,1781720239,1779202706,260809,266777,0.0228853,failing,1
ihp-sg13g2,ibex,placeopt__design__instance__area,bea7dcd7be7f26d1328f6058b01cf42bf4352aa2,1784084356,1781720239,266777,266265,-0.00191986,tighten,0
ihp-sg13g2,ibex,placeopt__design__instance__area,f255c15b3dd4362a704b6af9f617b4091bdd4e6a,1784224077,1784084356,266265,259993,-0.0235561,tighten,0
ihp-sg13g2,ibex,placeopt__design__instance__count__stdcell,9753d33a6e24b5daad668aca9cde8918f2af9ebd,1756701107,1755036774,18384.3,18046.1,-0.0183994,tighten,0
ihp-sg13g2,ibex,placeopt__design__instance__count__stdcell,4ee6469a2d53f71c6289a6b2395d7acdc4ec8071,1757516308,1756701107,18046.1,18027,-0.00106009,tighten,0
ihp-sg13g2,ibex,placeopt__design__instance__count__stdcell,b2d224758b1fae76777c5fc5a3493c6bd769404c,1763659797,1763395270,18027,17964.3,-0.00347306,tighten,0
ihp-sg13g2,ibex,placeopt__design__instance__count__stdcell,442c25202ace17ce42288d502eef557a4ce7f1e5,1779202706,1770743745,17964.3,17613.9,-0.0195072,tighten,1
ihp-sg13g2,ibex,placeopt__design__instance__count__stdcell,a89f995a56a40be9b48b39daad94210b36a88d0a,1781720239,1779202706,17613.9,17633,0.0010861,failing,1
ihp-sg13g2,ibex,placeopt__design__instance__count__stdcell,bea7dcd7be7f26d1328f6058b01cf42bf4352aa2,1784084356,1781720239,17633,17580,-0.00300819,tighten,0
ihp-sg13g2,jpeg,detailedroute__route__wirelength,650e321b0093881d5007662642a9d12b0a2f1c92,1738263999,1698677857,1.12597e+06,4.95403e+06,3.3998,failing,1
ihp-sg13g2,jpeg,detailedroute__route__wirelength,56cce5111f2a5de172d3ecf2b081b99a9ad829db,1739236902,1738263999,4.95403e+06,2.77911e+06,-0.439021,tighten,1
ihp-sg13g2,jpeg,detailedroute__route__wirelength,804812ea75e47913c47c50f833524f3577d6b7be,1741306883,1739236902,2.77911e+06,2.77259e+06,-0.00234451,tighten,0
ihp-sg13g2,jpeg,detailedroute__route__wirelength,42c12e80a33d8c34badeff76e9aeeaea0b4e2651,1749917054,1748565694,2.77259e+06,2.73083e+06,-0.0150614,tighten,0
ihp-sg13g2,jpeg,detailedroute__route__wirelength,a89f995a56a40be9b48b39daad94210b36a88d0a,1781720239,1780539925,2.73083e+06,3.00612e+06,0.100806,failing,1
ihp-sg13g2,jpeg,detailedroute__route__wirelength,6c7028f16cf3edf11439f9f609f70176e5a4be55,1782632631,1781720239,3.00612e+06,2.96503e+06,-0.0136684,tighten,0
ihp-sg13g2,jpeg,finish__design__instance__area,650e321b0093881d5007662642a9d12b0a2f1c92,1738263999,1698677857,497772,2.80016e+06,4.62538,failing,1
ihp-sg13g2,jpeg,finish__design__instance__area,56cce5111f2a5de172d3ecf2b081b99a9ad829db,1739236902,1738263999,2.80016e+06,2.27029e+06,-0.189228,tighten,1
ihp-sg13g2,jpeg,finish__design__instance__area,a687a730982ee0a0feec444d51277c92351ca134,1748565694,1742507021,2.27029e+06,2.26535e+06,-0.00217632,tighten,0
ihp-sg13g2,jpeg,finish__design__instance__area,cddcedb9d559b67a6b598a2c4b38ad0e04fd2bde,1759261996,1757687866,2.26535e+06,2.73107e+06,0.205584,failing,0
ihp-sg13g2,jpeg,finish__design__instance__area,aad6b36d2a98876e019315f4711e7e7eb8efa058,1760067789,1759899974,2.73107e+06,2.69971e+06,-0.0114827,tighten,0
ihp-sg13g2,jpeg,finish__design__instance__area,a53c2e0d12c70105245f203d555f9628c71f245a,1762351857,1761360171,2.69971e+06,921104,-0.658814,tighten,0
ihp-sg13g2,jpeg,finish__design__instance__area,e768a6934f2adf5c3d928bd83e7b7efbbd75b156,1762915582,1762351857,921104,917939,-0.00343633,tighten,0
ihp-sg13g2,jpeg,finish__design__instance__area,1be034e737a02fe70284f707097323db943e71cf,1765297538,1764992860,917939,917546,-0.00042818,tighten,0
ihp-sg13g2,jpeg,finish__design__instance__area,2ee6de90b83bfbf8168a79a6340fe5f735b8d98e,1768241546,1767727881,917546,915719,-0.00199113,tighten,0
ihp-sg13g2,jpeg,finish__design__instance__area,1ad9ee5203118586cab4535015c5184473e53783,1774531618,1772036546,915719,905886,-0.0107381,tighten,0
ihp-sg13g2,jpeg,finish__design__instance__area,a89f995a56a40be9b48b39daad94210b36a88d0a,1781720239,1780539925,905886,927741,0.0241253,failing,1
ihp-sg13g2,jpeg,placeopt__design__instance__area,650e321b0093881d5007662642a9d12b0a2f1c92,1738263999,1698677857,495780,1.7305e+06,2.49046,failing,1
ihp-sg13g2,jpeg,placeopt__design__instance__area,56cce5111f2a5de172d3ecf2b081b99a9ad829db,1739236902,1738263999,1.7305e+06,907420,-0.475631,tighten,1
ihp-sg13g2,jpeg,placeopt__design__instance__area,9753d33a6e24b5daad668aca9cde8918f2af9ebd,1756701107,1755785256,907420,874376,-0.0364157,tighten,0
ihp-sg13g2,jpeg,placeopt__design__instance__area,a89f995a56a40be9b48b39daad94210b36a88d0a,1781720239,1780539925,874376,890498,0.018439,failing,1
ihp-sg13g2,jpeg,placeopt__design__instance__count__stdcell,650e321b0093881d5007662642a9d12b0a2f1c92,1738263999,1698677857,58065.2,183358,2.1578,failing,1
ihp-sg13g2,jpeg,placeopt__design__instance__count__stdcell,56cce5111f2a5de172d3ecf2b081b99a9ad829db,1739236902,1738263999,183358,76594.8,-0.582267,tighten,1
ihp-sg13g2,jpeg,placeopt__design__instance__count__stdcell,fca2249dd22e6aad55d5cacc786e6c94fb7dbb86,1742416962,1741306883,76594.8,76573.9,-0.000272467,tighten,0
ihp-sg13g2,jpeg,placeopt__design__instance__count__stdcell,a687a730982ee0a0feec444d51277c92351ca134,1748565694,1742507021,76573.9,76235.7,-0.00441744,tighten,0
ihp-sg13g2,jpeg,placeopt__design__instance__count__stdcell,42c12e80a33d8c34badeff76e9aeeaea0b4e2651,1749917054,1748565694,76235.7,75422.6,-0.0106649,tighten,0
ihp-sg13g2,jpeg,placeopt__design__instance__count__stdcell,9753d33a6e24b5daad668aca9cde8918f2af9ebd,1756701107,1755785256,75422.6,75159.1,-0.00349336,tighten,0
ihp-sg13g2,jpeg,placeopt__design__instance__count__stdcell,6e3bcbe960c3763af531c9518513409a3d5a34da,1764698552,1764587389,75159.1,75128.7,-0.000404938,tighten,0
ihp-sg13g2,jpeg,placeopt__design__instance__count__stdcell,a89f995a56a40be9b48b39daad94210b36a88d0a,1781720239,1780539925,75128.7,75987.8,0.0114354,failing,1
ihp-sg13g2,riscv32i,detailedroute__route__wirelength,3cf22e57f905b4c112a4c39dc124b323dbd284af,1720750184,1702463869,569082,489809,-0.1393,tighten,0
ihp-sg13g2,riscv32i,detailedroute__route__wirelength,292a586ef4d47252ac6fa553d05d57bb5486229e,1723903819,1720750184,489809,713432,0.456553,failing,0
ihp-sg13g2,riscv32i,detailedroute__route__wirelength,d5e6cb05ebb3b3e03d4393f1e724bf9b3ea98c18,1730148173,1724866939,713432,712725,-0.000990923,tighten,0
ihp-sg13g2,riscv32i,detailedroute__route__wirelength,804812ea75e47913c47c50f833524f3577d6b7be,1741306883,1730148173,712725,671265,-0.0581711,tighten,1
ihp-sg13g2,riscv32i,detailedroute__route__wirelength,372e2136d874c075907167b16749458ff2ec82b1,1742326415,1741306883,671265,670604,-0.000984513,tighten,1
ihp-sg13g2,riscv32i,detailedroute__route__wirelength,fca2249dd22e6aad55d5cacc786e6c94fb7dbb86,1742416962,1742326415,670604,669716,-0.00132522,tighten,0
ihp-sg13g2,riscv32i,detailedroute__route__wirelength,42c12e80a33d8c34badeff76e9aeeaea0b4e2651,1749917054,1748565694,669716,464410,-0.306556,tighten,0
ihp-sg13g2,riscv32i,detailedroute__route__wirelength,e68e9c75a1fa045427ca14d93f085340361aca22,1752269303,1749917054,464410,445087,-0.0416086,tighten,1
ihp-sg13g2,riscv32i,detailedroute__route__wirelength,4ee6469a2d53f71c6289a6b2395d7acdc4ec8071,1757516308,1756701107,445087,440499,-0.0103077,tighten,0
ihp-sg13g2,riscv32i,detailedroute__route__wirelength,e446cb72c394e70556be0e1e636da15011cffad2,1757687866,1757516308,440499,440491,-1.77664e-05,tighten,0
ihp-sg13g2,riscv32i,detailedroute__route__wirelength,20dc208b49af875cfa5ba1c4490f68d635d8d621,1768019333,1767727881,440491,408846,-0.0718407,tighten,1
ihp-sg13g2,riscv32i,detailedroute__route__wirelength,e0f1ad381d76fce62eb9703e978d0734548bf7d5,1772209135,1768019333,408846,408083,-0.0018674,tighten,1
ihp-sg13g2,riscv32i,detailedroute__route__wirelength,442c25202ace17ce42288d502eef557a4ce7f1e5,1779202706,1772209135,408083,396037,-0.0295166,tighten,1
ihp-sg13g2,riscv32i,detailedroute__route__wirelength,a89f995a56a40be9b48b39daad94210b36a88d0a,1781720239,1779202706,396037,396816,0.00196512,failing,1
ihp-sg13g2,riscv32i,detailedroute__route__wirelength,aa9330a3b652d1889d43c63659dfa04219d352d1,1789048471,1786034690,396816,373908,-0.0577291,tighten,1
ihp-sg13g2,riscv32i,finish__design__instance__area,3cf22e57f905b4c112a4c39dc124b323dbd284af,1720750184,1702463869,385937,358233,-0.0717846,tighten,0
ihp-sg13g2,riscv32i,finish__design__instance__area,a53c2e0d12c70105245f203d555f9628c71f245a,1762351857,1761360171,358233,146798,-0.590216,tighten,0
ihp-sg13g2,riscv32i,finish__design__instance__area,20dc208b49af875cfa5ba1c4490f68d635d8d621,1768019333,1767727881,146798,140057,-0.0459193,tighten,1
ihp-sg13g2,riscv32i,finish__design__instance__area,e0f1ad381d76fce62eb9703e978d0734548bf7d5,1772209135,1768019333,140057,139807,-0.00178809,tighten,1
ihp-sg13g2,riscv32i,finish__design__instance__area,a89f995a56a40be9b48b39daad94210b36a88d0a,1781720239,1779202706,139807,146266,0.0462004,failing,1
ihp-sg13g2,riscv32i,finish__design__instance__area,aa9330a3b652d1889d43c63659dfa04219d352d1,1789048471,1786034690,146266,145571,-0.00475013,tighten,1
ihp-sg13g2,riscv32i,placeopt__design__instance__area,fca2249dd22e6aad55d5cacc786e6c94fb7dbb86,1742416962,1742326415,132957,154068,0.158776,failing,0
ihp-sg13g2,riscv32i,placeopt__design__instance__area,42c12e80a33d8c34badeff76e9aeeaea0b4e2651,1749917054,1748565694,154068,149044,-0.0326056,tighten,0
ihp-sg13g2,riscv32i,placeopt__design__instance__area,e68e9c75a1fa045427ca14d93f085340361aca22,1752269303,1749917054,149044,148204,-0.00563591,tighten,1
ihp-sg13g2,riscv32i,placeopt__design__instance__area,9753d33a6e24b5daad668aca9cde8918f2af9ebd,1756701107,1752269303,148204,138473,-0.0656614,tighten,0
ihp-sg13g2,riscv32i,placeopt__design__instance__area,252042c9c294386a7a8594dc3465b542c0184c52,1759899974,1757687866,138473,136474,-0.014437,tighten,0
ihp-sg13g2,riscv32i,placeopt__design__instance__area,20dc208b49af875cfa5ba1c4490f68d635d8d621,1768019333,1767727881,136474,134990,-0.0108764,tighten,1
ihp-sg13g2,riscv32i,placeopt__design__instance__area,e0f1ad381d76fce62eb9703e978d0734548bf7d5,1772209135,1768019333,134990,134982,-5.79755e-05,tighten,1
ihp-sg13g2,riscv32i,placeopt__design__instance__area,a89f995a56a40be9b48b39daad94210b36a88d0a,1781720239,1779202706,134982,137229,0.0166464,failing,1
ihp-sg13g2,riscv32i,placeopt__design__instance__area,aa9330a3b652d1889d43c63659dfa04219d352d1,1789048471,1786034690,137229,136396,-0.00607048,tighten,1
ihp-sg13g2,riscv32i,placeopt__design__instance__count__stdcell,3d05440525390fe651bd9ad60df2267f2cb6ad23,1702463869,1698677857,8848.7,10253.9,0.158805,failing,0
ihp-sg13g2,riscv32i,placeopt__design__instance__count__stdcell,3cf22e57f905b4c112a4c39dc124b323dbd284af,1720750184,1702463869,10253.9,9405.22,-0.082768,tighten,0
ihp-sg13g2,riscv32i,placeopt__design__instance__count__stdcell,20dc208b49af875cfa5ba1c4490f68d635d8d621,1768019333,1767727881,9405.22,9067.83,-0.0358728,tighten,1
ihp-sg13g2,riscv32i,placeopt__design__instance__count__stdcell,e0f1ad381d76fce62eb9703e978d0734548bf7d5,1772209135,1768019333,9067.83,9061.74,-0.00067127,tighten,1
ihp-sg13g2,riscv32i,placeopt__design__instance__count__stdcell,a89f995a56a40be9b48b39daad94210b36a88d0a,1781720239,1779202706,9061.74,9297.39,0.0260052,failing,1
ihp-sg13g2,riscv32i,placeopt__design__instance__count__stdcell,aa9330a3b652d1889d43c63659dfa04219d352d1,1789048471,1786034690,9297.39,11240.9,0.209035,failing,1
ihp-sg13g2,spi,detailedroute__route__wirelength,1d3fdb72ce636a49d70607e97c13e05e60f8ab96,1701219280,1698677857,2872.17,2766.96,-0.0366334,tighten,0
ihp-sg13g2,spi,detailedroute__route__wirelength,3cf22e57f905b4c112a4c39dc124b323dbd284af,1720750184,1701219280,2766.96,2988.7,0.0801383,failing,1
ihp-sg13g2,spi,detailedroute__route__wirelength,ad1b24dbd83dbaadaf5b5df8effc6c9d643b1421,1734995732,1720750184,2988.7,3646.96,0.22025,failing,1
ihp-sg13g2,spi,detailedroute__route__wirelength,8477d4663c48a52bdbc6b8b4ec1f4235cec75163,1738854100,1738263999,3646.96,4342.61,0.190749,failing,1
ihp-sg13g2,spi,detailedroute__route__wirelength,804812ea75e47913c47c50f833524f3577d6b7be,1741306883,1738854100,4342.61,4184.35,-0.0364437,tighten,0
ihp-sg13g2,spi,detailedroute__route__wirelength,fca2249dd22e6aad55d5cacc786e6c94fb7dbb86,1742416962,1741306883,4184.35,3818.26,-0.0874896,tighten,0
ihp-sg13g2,spi,detailedroute__route__wirelength,7ad0ca8f8a98ea96b529f69b3e7a078db5734d01,1749159324,1748565694,3818.26,4424.35,0.158734,failing,0
ihp-sg13g2,spi,detailedroute__route__wirelength,42c12e80a33d8c34badeff76e9aeeaea0b4e2651,1749917054,1749159324,4424.35,4250.43,-0.0393082,tighten,0
ihp-sg13g2,spi,detailedroute__route__wirelength,99616fc5329a52c3b1f435f80226becb4c009fbc,1753938318,1749917054,4250.43,3959.13,-0.0685352,tighten,1
ihp-sg13g2,spi,detailedroute__route__wirelength,9753d33a6e24b5daad668aca9cde8918f2af9ebd,1756701107,1755785256,3959.13,3235.65,-0.182737,tighten,0
ihp-sg13g2,spi,detailedroute__route__wirelength,cddcedb9d559b67a6b598a2c4b38ad0e04fd2bde,1759261996,1757516308,3235.65,3874.78,0.197528,failing,0
ihp-sg13g2,spi,detailedroute__route__wirelength,a53c2e0d12c70105245f203d555f9628c71f245a,1762351857,1761360171,3874.78,3205.22,-0.172801,tighten,1
ihp-sg13g2,spi,detailedroute__route__wirelength,20dc208b49af875cfa5ba1c4490f68d635d8d621,1768019333,1767727881,3205.22,3158.26,-0.01465,tighten,1
ihp-sg13g2,spi,detailedroute__route__wirelength,e0f1ad381d76fce62eb9703e978d0734548bf7d5,1772209135,1768019333,3158.26,2992.17,-0.0525881,tighten,1
ihp-sg13g2,spi,detailedroute__route__wirelength,5101376937a58731b5038683b2cb7b70404da7fc,1772917750,1772209135,2992.17,3453.91,0.154316,failing,0
ihp-sg13g2,spi,detailedroute__route__wirelength,bea7dcd7be7f26d1328f6058b01cf42bf4352aa2,1784084356,1781720239,3453.91,4026.09,0.16566,failing,0
ihp-sg13g2,spi,finish__design__instance__area,3cf22e57f905b4c112a4c39dc124b323dbd284af,1720750184,1701219280,9389.57,9032.17,-0.0380626,tighten,1
ihp-sg13g2,spi,finish__design__instance__area,9f56e0eea6503ca40d576cea183b5fd4dac125ad,1738007313,1734995732,9032.17,6405.22,-0.290844,tighten,1
ihp-sg13g2,spi,finish__design__instance__area,650e321b0093881d5007662642a9d12b0a2f1c92,1738263999,1738007313,6405.22,9097.39,0.42031,failing,1
ihp-sg13g2,spi,finish__design__instance__area,8477d4663c48a52bdbc6b8b4ec1f4235cec75163,1738854100,1738263999,9097.39,9084.35,-0.00143376,tighten,1
ihp-sg13g2,spi,finish__design__instance__area,804812ea75e47913c47c50f833524f3577d6b7be,1741306883,1738854100,9084.35,9050.43,-0.00373313,tighten,0
ihp-sg13g2,spi,finish__design__instance__area,fca2249dd22e6aad55d5cacc786e6c94fb7dbb86,1742416962,1741306883,9050.43,9028.7,-0.002402,tighten,0
ihp-sg13g2,spi,finish__design__instance__area,99616fc5329a52c3b1f435f80226becb4c009fbc,1753938318,1749917054,9028.7,9022.61,-0.000674179,tighten,1
ihp-sg13g2,spi,finish__design__instance__area,4ee6469a2d53f71c6289a6b2395d7acdc4ec8071,1757516308,1756701107,9022.61,9020.87,-0.000192753,tighten,0
ihp-sg13g2,spi,finish__design__instance__area,cddcedb9d559b67a6b598a2c4b38ad0e04fd2bde,1759261996,1757516308,9020.87,10378.3,0.150472,failing,0
ihp-sg13g2,spi,finish__design__instance__area,a53c2e0d12c70105245f203d555f9628c71f245a,1762351857,1761360171,10378.3,2406.09,-0.768161,tighten,1
ihp-sg13g2,spi,finish__design__instance__area,20dc208b49af875cfa5ba1c4490f68d635d8d621,1768019333,1767727881,2406.09,2398.26,-0.00325262,tighten,1
ihp-sg13g2,spi,finish__design__instance__area,e0f1ad381d76fce62eb9703e978d0734548bf7d5,1772209135,1768019333,2398.26,2396.52,-0.000725163,tighten,1
ihp-sg13g2,spi,placeopt__design__instance__area,cddcedb9d559b67a6b598a2c4b38ad0e04fd2bde,1759261996,1757516308,2106.09,2613.04,0.24071,failing,0
ihp-sg13g2,spi,placeopt__design__instance__area,a53c2e0d12c70105245f203d555f9628c71f245a,1762351857,1761360171,2613.04,2314.78,-0.114143,tighten,1
ihp-sg13g2,spi,placeopt__design__instance__area,20dc208b49af875cfa5ba1c4490f68d635d8d621,1768019333,1767727881,2314.78,2291.3,-0.0101427,tighten,1
ihp-sg13g2,spi,placeopt__design__instance__count__stdcell,1d3fdb72ce636a49d70607e97c13e05e60f8ab96,1701219280,1698677857,133.043,157.391,0.183007,failing,0
ihp-sg13g2,spi,placeopt__design__instance__count__stdcell,a53c2e0d12c70105245f203d555f9628c71f245a,1762351857,1761360171,157.391,155.652,-0.0110497,tighten,1
ihp-sg13g2,spi,placeopt__design__instance__count__stdcell,20dc208b49af875cfa5ba1c4490f68d635d8d621,1768019333,1767727881,155.652,154.783,-0.00558659,tighten,1
intel16,aes,detailedroute__route__wirelength,a012a597fb0f0e1407e40fe689b4587d2b18d445,1657542110,1655248671,349290,342325,-0.0199386,tighten,0
intel16,aes,detailedroute__route__wirelength,5e16d3e90191aa74f11062ee97fede607f33a5af,1657833468,1657542110,342325,342315,-3.04821e-05,tighten,0
intel16,aes,detailedroute__route__wirelength,c9cb6802b0b5a858e4993159102664bcb54de02c,1664716388,1657833468,342315,338560,-0.0109688,tighten,0
intel16,aes,detailedroute__route__wirelength,b34f40c79b06af45896fd11f9719657b9f926ca6,1674582080,1672923481,338560,335692,-0.00847066,tighten,0
intel16,aes,detailedroute__route__wirelength,f50270aaac2990b084b60db7761a35581c188644,1693498950,1690020373,335692,337556,0.00555115,failing,0
intel16,aes,detailedroute__route__wirelength,10bcfa8486ac864cf3c46e983129c0003ea4f27d,1705421598,1693498950,337556,253577,-0.248783,tighten,0
intel16,aes,detailedroute__route__wirelength,b25454973f2d0d42e01bf37f8e50ed77ad2eb8c7,1710588510,1710441452,253577,250118,-0.0136413,tighten,0
intel16,aes,detailedroute__route__wirelength,a006172422544ec724ec4f2bd3b3ab46253ba94a,1713471019,1710588510,250118,246538,-0.0143132,tighten,0
intel16,aes,detailedroute__route__wirelength,4788ec96197db839c3a46c6fb47b70025ef966fe,1721172426,1720750184,246538,230454,-0.0652408,tighten,1
intel16,aes,detailedroute__route__wirelength,292a586ef4d47252ac6fa553d05d57bb5486229e,1723903819,1721172426,230454,287537,0.2477,failing,0
intel16,aes,detailedroute__route__wirelength,fca2249dd22e6aad55d5cacc786e6c94fb7dbb86,1742416962,1739380119,287537,277580,-0.0346299,tighten,0
intel16,aes,finish__design__instance__area,a012a597fb0f0e1407e40fe689b4587d2b18d445,1657542110,1655248671,16967,12309.6,-0.274498,tighten,0
intel16,aes,finish__design__instance__area,c9cb6802b0b5a858e4993159102664bcb54de02c,1664716388,1657833468,12309.6,12060.9,-0.0202034,tighten,0
intel16,aes,finish__design__instance__area,b34f40c79b06af45896fd11f9719657b9f926ca6,1674582080,1672923481,12060.9,11328.7,-0.0607066,tighten,0
intel16,aes,finish__design__instance__area,f50270aaac2990b084b60db7761a35581c188644,1693498950,1690020373,11328.7,11424.3,0.00844335,failing,0
intel16,aes,finish__design__instance__area,10bcfa8486ac864cf3c46e983129c0003ea4f27d,1705421598,1693498950,11424.3,8407.83,-0.264043,tighten,0
intel16,aes,finish__design__instance__area,b1022822977b88f5291ec4fdcd1b11dfa7769224,1710368324,1705421598,8407.83,8275.65,-0.0157203,tighten,0
intel16,aes,finish__design__instance__area,83d74a4fa3713d54f9f5b07d2e17825718c640cc,1710441452,1710368324,8275.65,8101.74,-0.021015,tighten,0
intel16,aes,finish__design__instance__area,3cf22e57f905b4c112a4c39dc124b323dbd284af,1720750184,1713471019,8101.74,7971.3,-0.0160996,tighten,1
intel16,aes,finish__design__instance__area,fca2249dd22e6aad55d5cacc786e6c94fb7dbb86,1742416962,1739380119,7971.3,9542.61,0.19712,failing,0
intel16,aes,placeopt__design__instance__area,a012a597fb0f0e1407e40fe689b4587d2b18d445,1657542110,1655248671,16946.1,10666.1,-0.370587,tighten,0
intel16,aes,placeopt__design__instance__area,60c202001de3eed3110c499e69e7d6de2f8b5420,1665804700,1664716388,10666.1,10656.5,-0.000896788,tighten,0
intel16,aes,placeopt__design__instance__area,071de4231f923c76b37bd9605276cd278f3f0e59,1672923481,1667495167,10656.5,10597.4,-0.00554876,tighten,1
intel16,aes,placeopt__design__instance__area,b34f40c79b06af45896fd11f9719657b9f926ca6,1674582080,1672923481,10597.4,10571.3,-0.00246164,tighten,0
intel16,aes,placeopt__design__instance__area,f50270aaac2990b084b60db7761a35581c188644,1693498950,1690020373,10571.3,10579.1,0.000740314,failing,0
intel16,aes,placeopt__design__instance__area,10bcfa8486ac864cf3c46e983129c0003ea4f27d,1705421598,1693498950,10579.1,7191.3,-0.320237,tighten,0
intel16,aes,placeopt__design__instance__area,83d74a4fa3713d54f9f5b07d2e17825718c640cc,1710441452,1710368324,7191.3,7173.91,-0.00241838,tighten,0
intel16,aes,placeopt__design__instance__area,a006172422544ec724ec4f2bd3b3ab46253ba94a,1713471019,1710588510,7173.91,8316.52,0.159273,failing,0
intel16,aes,placeopt__design__instance__area,3cf22e57f905b4c112a4c39dc124b323dbd284af,1720750184,1713471019,8316.52,7686.96,-0.0757005,tighten,1
intel16,aes,placeopt__design__instance__area,fca2249dd22e6aad55d5cacc786e6c94fb7dbb86,1742416962,1739380119,7686.96,9233.04,0.201131,failing,0
intel16,aes,placeopt__design__instance__count__stdcell,a012a597fb0f0e1407e40fe689b4587d2b18d445,1657542110,1655248671,24800,18482.6,-0.254734,tighten,0
intel16,aes,placeopt__design__instance__count__stdcell,c9cb6802b0b5a858e4993159102664bcb54de02c,1664716388,1657833468,18482.6,16873.9,-0.0870383,tighten,0
intel16,aes,placeopt__design__instance__count__stdcell,60c202001de3eed3110c499e69e7d6de2f8b5420,1665804700,1664716388,16873.9,16871.3,-0.000154599,tighten,0
intel16,aes,placeopt__design__instance__count__stdcell,071de4231f923c76b37bd9605276cd278f3f0e59,1672923481,1667495167,16871.3,16839.1,-0.00190702,tighten,1
intel16,aes,placeopt__design__instance__count__stdcell,b34f40c79b06af45896fd11f9719657b9f926ca6,1674582080,1672923481,16839.1,16829.6,-0.000568035,tighten,0
intel16,aes,placeopt__design__instance__count__stdcell,f50270aaac2990b084b60db7761a35581c188644,1693498950,1690020373,16829.6,16831.3,0.000103338,failing,0
intel16,aes,placeopt__design__instance__count__stdcell,10bcfa8486ac864cf3c46e983129c0003ea4f27d,1705421598,1693498950,16831.3,11297.4,-0.328787,tighten,0
intel16,aes,placeopt__design__instance__count__stdcell,b1022822977b88f5291ec4fdcd1b11dfa7769224,1710368324,1705421598,11297.4,11291.3,-0.000538793,tighten,0
intel16,gcd,detailedroute__route__wirelength,c9cb6802b0b5a858e4993159102664bcb54de02c,1664716388,1658251482,1926.09,2291.3,0.189616,failing,0
intel16,gcd,detailedroute__route__wirelength,60c202001de3eed3110c499e69e7d6de2f8b5420,1665804700,1664716388,2291.3,1966.96,-0.141556,tighten,0
intel16,gcd,detailedroute__route__wirelength,071de4231f923c76b37bd9605276cd278f3f0e59,1672923481,1667975014,1966.96,1928.7,-0.0194518,tighten,1
intel16,gcd,detailedroute__route__wirelength,b34f40c79b06af45896fd11f9719657b9f926ca6,1674582080,1672923481,1928.7,1759.13,-0.087917,tighten,0
intel16,gcd,detailedroute__route__wirelength,533686274bc7711df4ab6240b9e27bb1c85059c7,1689626103,1674582080,1759.13,1733.04,-0.0148295,tighten,0
intel16,gcd,detailedroute__route__wirelength,a006172422544ec724ec4f2bd3b3ab46253ba94a,1713471019,1710368324,1733.04,2229.57,0.286503,failing,0
intel16,gcd,detailedroute__route__wirelength,10cbc1edd76b8b847114deb6052dd76d450bae0a,1730310647,1726801420,2229.57,2626.09,0.177847,failing,0
intel16,gcd,detailedroute__route__wirelength,ad1b24dbd83dbaadaf5b5df8effc6c9d643b1421,1734995732,1730310647,2626.09,2440.87,-0.0705298,tighten,1
intel16,gcd,detailedroute__route__wirelength,fca2249dd22e6aad55d5cacc786e6c94fb7dbb86,1742416962,1739830152,2440.87,2373.91,-0.0274314,tighten,0
intel16,gcd,finish__design__instance__area,60c202001de3eed3110c499e69e7d6de2f8b5420,1665804700,1664716388,201.739,191.304,-0.0517241,tighten,0
intel16,gcd,finish__design__instance__area,b34f40c79b06af45896fd11f9719657b9f926ca6,1674582080,1672923481,191.304,155.652,-0.186364,tighten,0
intel16,gcd,finish__design__instance__area,28ba199ab6b78154d692ec02effdf3005f29acf5,1699378906,1693498950,155.652,197.391,0.268156,failing,0
intel16,gcd,finish__design__instance__area,d49af69631865875ae670693833152b614499f7f,1702929357,1699378906,197.391,186.087,-0.0572687,tighten,0
intel16,gcd,finish__design__instance__area,0555668c0f6b5b8c1455dfcae013978794db62ce,1721415217,1720750184,186.087,237.391,0.275701,failing,0
intel16,gcd,finish__design__instance__area,10cbc1edd76b8b847114deb6052dd76d450bae0a,1730310647,1726801420,237.391,313.043,0.318681,failing,0
intel16,gcd,finish__design__instance__area,ad1b24dbd83dbaadaf5b5df8effc6c9d643b1421,1734995732,1730310647,313.043,304.348,-0.0277778,tighten,1
intel16,gcd,finish__design__instance__area,fca2249dd22e6aad55d5cacc786e6c94fb7dbb86,1742416962,1739830152,304.348,298.261,-0.02,tighten,0
intel16,gcd,placeopt__design__instance__area,c9cb6802b0b5a858e4993159102664bcb54de02c,1664716388,1658251482,154.783,147.826,-0.0449438,tighten,0
intel16,gcd,placeopt__design__instance__area,f50270aaac2990b084b60db7761a35581c188644,1693498950,1689626103,147.826,148.696,0.00588235,failing,0
intel16,gcd,placeopt__design__instance__area,d49af69631865875ae670693833152b614499f7f,1702929357,1699378906,148.696,145.217,-0.0233918,tighten,0
intel16,gcd,placeopt__design__instance__area,10bcfa8486ac864cf3c46e983129c0003ea4f27d,1705421598,1702929357,145.217,141.739,-0.0239521,tighten,0
intel16,gcd,placeopt__design__instance__area,a006172422544ec724ec4f2bd3b3ab46253ba94a,1713471019,1710368324,141.739,182.609,0.288344,failing,0
intel16,gcd,placeopt__design__instance__area,ad1b24dbd83dbaadaf5b5df8effc6c9d643b1421,1734995732,1730310647,182.609,220,0.204762,failing,1
intel16,gcd,placeopt__design__instance__count__stdcell,c9cb6802b0b5a858e4993159102664bcb54de02c,1664716388,1658251482,400.87,322.609,-0.195228,tighten,0
intel16,gcd,placeopt__design__instance__count__stdcell,a006172422544ec724ec4f2bd3b3ab46253ba94a,1713471019,1710368324,322.609,445.217,0.380054,failing,0
intel16,gcd,placeopt__design__instance__count__stdcell,ad1b24dbd83dbaadaf5b5df8effc6c9d643b1421,1734995732,1730310647,445.217,434.783,-0.0234375,tighten,1
intel16,ibex,detailedroute__route__wirelength,a2e7a0fe4d14cb0382446a3843ee594f696f7de8,1740697470,1738978824,252437,247080,-0.0212227,tighten,0
intel16,jpeg,detailedroute__route__wirelength,5a5fa4573a15dcf9a029faa44188e6ddd8155d04,1739830152,1738978824,1.29933e+06,1.28436e+06,-0.011519,tighten,0
intel16,jpeg,finish__design__instance__area,5a5fa4573a15dcf9a029faa44188e6ddd8155d04,1739830152,1738978824,42262.6,41691.3,-0.013518,tighten,0
intel16,jpeg,placeopt__design__instance__area,5a5fa4573a15dcf9a029faa44188e6ddd8155d04,1739830152,1738978824,40851.3,40422.6,-0.0104941,tighten,0
intel22,aes,detailedroute__route__wirelength,5e16d3e90191aa74f11062ee97fede607f33a5af,1657833468,1653240872,342181,338468,-0.0108511,tighten,0
intel22,aes,detailedroute__route__wirelength,071de4231f923c76b37bd9605276cd278f3f0e59,1672923481,1667495167,338468,399743,0.181036,failing,1
intel22,aes,detailedroute__route__wirelength,b34f40c79b06af45896fd11f9719657b9f926ca6,1674582080,1672923481,399743,394444,-0.0132542,tighten,0
intel22,aes,detailedroute__route__wirelength,93cec18e4b060d6eadba735a14a6867f9c7e6dd1,1687058647,1674582080,394444,387346,-0.0179956,tighten,1
intel22,aes,detailedroute__route__wirelength,533686274bc7711df4ab6240b9e27bb1c85059c7,1689626103,1687058647,387346,386535,-0.00209452,tighten,0
intel22,aes,detailedroute__route__wirelength,5c135fc6553ee3d75250814490b0cd661b9a3c26,1691093844,1690901525,386535,368637,-0.0463021,tighten,1
intel22,aes,detailedroute__route__wirelength,f50270aaac2990b084b60db7761a35581c188644,1693498950,1691617103,368637,421645,0.143794,failing,0
intel22,aes,finish__design__instance__area,5e16d3e90191aa74f11062ee97fede607f33a5af,1657833468,1653240872,12993.9,12633.9,-0.0277053,tighten,0
intel22,aes,finish__design__instance__area,071de4231f923c76b37bd9605276cd278f3f0e59,1672923481,1667495167,12633.9,14559.1,0.152385,failing,1
intel22,aes,finish__design__instance__area,b34f40c79b06af45896fd11f9719657b9f926ca6,1674582080,1672923481,14559.1,13423.5,-0.0780027,tighten,0
intel22,aes,finish__design__instance__area,5c135fc6553ee3d75250814490b0cd661b9a3c26,1691093844,1690901525,13423.5,13208.7,-0.0160005,tighten,1
intel22,aes,finish__design__instance__area,f50270aaac2990b084b60db7761a35581c188644,1693498950,1691617103,13208.7,14731.3,0.115273,failing,0
intel22,aes,placeopt__design__instance__area,5e16d3e90191aa74f11062ee97fede607f33a5af,1657833468,1653240872,11937.4,11933.9,-0.000291375,tighten,0
intel22,aes,placeopt__design__instance__area,071de4231f923c76b37bd9605276cd278f3f0e59,1672923481,1667495167,11933.9,11874.8,-0.00495482,tighten,1
intel22,aes,placeopt__design__instance__area,f50270aaac2990b084b60db7761a35581c188644,1693498950,1691617103,11874.8,12140,0.0223345,failing,0
intel22,aes,placeopt__design__instance__count__stdcell,99af1aca7b0b7c835f95f16c401716134e154ec9,1662650846,1659117194,18113,16547.8,-0.0864138,tighten,0
intel22,aes,placeopt__design__instance__count__stdcell,c9cb6802b0b5a858e4993159102664bcb54de02c,1664716388,1662650846,16547.8,16546.1,-0.000105097,tighten,0
intel22,aes,placeopt__design__instance__count__stdcell,071de4231f923c76b37bd9605276cd278f3f0e59,1672923481,1667495167,16546.1,16541.7,-0.000262771,tighten,1
intel22,aes,placeopt__design__instance__count__stdcell,392edae54a52586959855228f9fbfee50ebb56e4,1690901525,1689626103,16541.7,16540.9,-5.25679e-05,tighten,0
intel22,gcd,detailedroute__route__wirelength,3e85fcd8465d967e20d228c1494b8824e699e5a6,1652820402,1652373207,2927.83,2911.3,-0.00564301,tighten,0
intel22,gcd,detailedroute__route__wirelength,5e16d3e90191aa74f11062ee97fede607f33a5af,1657833468,1652820402,2911.3,2839.13,-0.0247909,tighten,0
intel22,gcd,detailedroute__route__wirelength,99af1aca7b0b7c835f95f16c401716134e154ec9,1662650846,1657833468,2839.13,2834.78,-0.00153139,tighten,0
intel22,gcd,detailedroute__route__wirelength,c9cb6802b0b5a858e4993159102664bcb54de02c,1664716388,1662650846,2834.78,2701.74,-0.0469325,tighten,0
intel22,gcd,detailedroute__route__wirelength,b34f40c79b06af45896fd11f9719657b9f926ca6,1674582080,1672923481,2701.74,2699.13,-0.000965562,tighten,0
intel22,gcd,detailedroute__route__wirelength,533686274bc7711df4ab6240b9e27bb1c85059c7,1689626103,1674582080,2699.13,2544.35,-0.0573454,tighten,0
intel22,gcd,detailedroute__route__wirelength,f50270aaac2990b084b60db7761a35581c188644,1693498950,1690901525,2544.35,2766.96,0.0874915,failing,0
intel22,gcd,detailedroute__route__wirelength,10bcfa8486ac864cf3c46e983129c0003ea4f27d,1705421598,1693498950,2766.96,2618.26,-0.0537398,tighten,0
intel22,gcd,finish__design__instance__area,5e16d3e90191aa74f11062ee97fede607f33a5af,1657833468,1652820402,229.565,225.217,-0.0189394,tighten,0
intel22,gcd,finish__design__instance__area,071de4231f923c76b37bd9605276cd278f3f0e59,1672923481,1667495167,225.217,266.087,0.181467,failing,1
intel22,gcd,finish__design__instance__area,b34f40c79b06af45896fd11f9719657b9f926ca6,1674582080,1672923481,266.087,251.304,-0.0555556,tighten,0
intel22,gcd,finish__design__instance__area,533686274bc7711df4ab6240b9e27bb1c85059c7,1689626103,1674582080,251.304,233.913,-0.0692042,tighten,0
intel22,gcd,finish__design__instance__area,f50270aaac2990b084b60db7761a35581c188644,1693498950,1690901525,233.913,255.652,0.0929368,failing,0
intel22,gcd,placeopt__design__instance__area,5e16d3e90191aa74f11062ee97fede607f33a5af,1657833468,1652820402,226.957,221.739,-0.0229885,tighten,0
intel22,gcd,placeopt__design__instance__area,071de4231f923c76b37bd9605276cd278f3f0e59,1672923481,1667495167,221.739,219.13,-0.0117647,tighten,1
intel22,gcd,placeopt__design__instance__area,533686274bc7711df4ab6240b9e27bb1c85059c7,1689626103,1674582080,219.13,209.565,-0.0436508,tighten,0
intel22,gcd,placeopt__design__instance__count__stdcell,99af1aca7b0b7c835f95f16c401716134e154ec9,1662650846,1657833468,446.087,333.913,-0.251462,tighten,0
intel22,gcd,placeopt__design__instance__count__stdcell,10bcfa8486ac864cf3c46e983129c0003ea4f27d,1705421598,1693498950,333.913,329.565,-0.0130208,tighten,0
intel22,ibex,detailedroute__route__wirelength,3e85fcd8465d967e20d228c1494b8824e699e5a6,1652820402,1652373207,235129,233743,-0.00589501,tighten,0
intel22,ibex,detailedroute__route__wirelength,5e16d3e90191aa74f11062ee97fede607f33a5af,1657833468,1652820402,233743,232610,-0.00484368,tighten,0
intel22,ibex,detailedroute__route__wirelength,4ff8901aad3909d1c0e95dfb9f7f557a9e2ff945,1691617103,1690901525,232610,270226,0.161711,failing,1
intel22,ibex,finish__design__instance__area,071de4231f923c76b37bd9605276cd278f3f0e59,1672923481,1671142322,13488.7,15955.7,0.182891,failing,1
intel22,ibex,finish__design__instance__area,b34f40c79b06af45896fd11f9719657b9f926ca6,1674582080,1672923481,15955.7,14133.9,-0.114175,tighten,0
intel22,ibex,finish__design__instance__area,73dd218041ac62294af91db941bb218689e4d626,1690020373,1689626103,14133.9,13943.5,-0.0134736,tighten,0
intel22,ibex,finish__design__instance__area,4ff8901aad3909d1c0e95dfb9f7f557a9e2ff945,1691617103,1690901525,13943.5,14367.8,0.0304334,failing,1
intel22,ibex,finish__design__instance__area,d49af69631865875ae670693833152b614499f7f,1702929357,1693498950,14367.8,16665.2,0.159898,failing,0
intel22,ibex,placeopt__design__instance__area,c9cb6802b0b5a858e4993159102664bcb54de02c,1664716388,1662650846,12674.8,12664.3,-0.000823271,tighten,0
intel22,ibex,placeopt__design__instance__area,085ec3e1140673788ea46e5d2be55ff333320faa,1671142322,1667495167,12664.3,12594.8,-0.005493,tighten,0
intel22,ibex,placeopt__design__instance__area,4ff8901aad3909d1c0e95dfb9f7f557a9e2ff945,1691617103,1690901525,12594.8,12814.8,0.0174676,failing,1
intel22,ibex,placeopt__design__instance__count__stdcell,5e16d3e90191aa74f11062ee97fede607f33a5af,1657833468,1652820402,16627.8,16624.3,-0.000209183,tighten,0
intel22,ibex,placeopt__design__instance__count__stdcell,99af1aca7b0b7c835f95f16c401716134e154ec9,1662650846,1657833468,16624.3,15653.9,-0.0583743,tighten,0
intel22,ibex,placeopt__design__instance__count__stdcell,085ec3e1140673788ea46e5d2be55ff333320faa,1671142322,1667495167,15653.9,15652.2,-0.000111099,tighten,0
intel22,jpeg,detailedroute__route__wirelength,3e85fcd8465d967e20d228c1494b8824e699e5a6,1652820402,1652373207,784103,783514,-0.000750789,tighten,0
intel22,jpeg,detailedroute__route__wirelength,5e16d3e90191aa74f11062ee97fede607f33a5af,1657833468,1653240872,783514,779330,-0.00534049,tighten,0
intel22,jpeg,detailedroute__route__wirelength,c9cb6802b0b5a858e4993159102664bcb54de02c,1664716388,1662650846,779330,776928,-0.0030818,tighten,0
intel22,jpeg,detailedroute__route__wirelength,b34f40c79b06af45896fd11f9719657b9f926ca6,1674582080,1667495167,776928,764790,-0.0156234,tighten,1
intel22,jpeg,detailedroute__route__wirelength,41fd24d475d7d9a3a9470beeb323c01a0c63a15d,1679500658,1674582080,764790,764537,-0.00032973,tighten,0
intel22,jpeg,detailedroute__route__wirelength,f50270aaac2990b084b60db7761a35581c188644,1693498950,1690020373,764537,766288,0.00228953,failing,0
intel22,jpeg,finish__design__instance__area,3e85fcd8465d967e20d228c1494b8824e699e5a6,1652820402,1652373207,58704.3,58690.4,-0.000237002,tighten,0
intel22,jpeg,finish__design__instance__area,5e16d3e90191aa74f11062ee97fede607f33a5af,1657833468,1653240872,58690.4,58685.2,-8.88968e-05,tighten,0
intel22,jpeg,finish__design__instance__area,c9cb6802b0b5a858e4993159102664bcb54de02c,1664716388,1662650846,58685.2,58658.3,-0.000459341,tighten,0
intel22,jpeg,finish__design__instance__area,b34f40c79b06af45896fd11f9719657b9f926ca6,1674582080,1667495167,58658.3,58164.3,-0.00842018,tighten,1
intel22,jpeg,finish__design__instance__area,f50270aaac2990b084b60db7761a35581c188644,1693498950,1690020373,58164.3,58597.4,0.00744517,failing,0
intel22,jpeg,placeopt__design__instance__area,5e16d3e90191aa74f11062ee97fede607f33a5af,1657833468,1653240872,58450.4,58442.6,-0.000133893,tighten,0
intel22,jpeg,placeopt__design__instance__area,c9cb6802b0b5a858e4993159102664bcb54de02c,1664716388,1662650846,58442.6,58411.3,-0.000535643,tighten,0
intel22,jpeg,placeopt__design__instance__area,b34f40c79b06af45896fd11f9719657b9f926ca6,1674582080,1667495167,58411.3,58052.2,-0.0061483,tighten,1
intel22,jpeg,placeopt__design__instance__area,f50270aaac2990b084b60db7761a35581c188644,1693498950,1690020373,58052.2,58463.5,0.00708508,failing,0
intel22,jpeg,placeopt__design__instance__count__stdcell,3e85fcd8465d967e20d228c1494b8824e699e5a6,1652820402,1652373207,71305.2,71301.7,-4.87799e-05,tighten,0
intel22,jpeg,placeopt__design__instance__count__stdcell,5e16d3e90191aa74f11062ee97fede607f33a5af,1657833468,1653240872,71301.7,71273.9,-0.000390258,tighten,0
intel22,jpeg,placeopt__design__instance__count__stdcell,99af1aca7b0b7c835f95f16c401716134e154ec9,1662650846,1657833468,71273.9,68208.7,-0.0430062,tighten,0
intel22,jpeg,placeopt__design__instance__count__stdcell,b34f40c79b06af45896fd11f9719657b9f926ca6,1674582080,1667495167,68208.7,68175.7,-0.000484447,tighten,1
intel22,jpeg,placeopt__design__instance__count__stdcell,41fd24d475d7d9a3a9470beeb323c01a0c63a15d,1679500658,1674582080,68175.7,68157.4,-0.00026785,tighten,0
nangate45,aes,detailedroute__route__wirelength,373b724c682c33cdb2681bb95008e334cb2cff23,1658154812,1653240872,410814,408111,-0.00657867,tighten,0
nangate45,aes,detailedroute__route__wirelength,02d8ff41a1d522a27f0794a9c34c3925fae4dfc7,1660177978,1658154812,408111,331849,-0.186867,tighten,1
nangate45,aes,detailedroute__route__wirelength,99af1aca7b0b7c835f95f16c401716134e154ec9,1662650846,1660177978,331849,331471,-0.00113724,tighten,1
nangate45,aes,detailedroute__route__wirelength,0317619cb67f1c77437a0aad479e4902f7cffa1b,1664989164,1662650846,331471,325849,-0.0169626,tighten,0
nangate45,aes,detailedroute__route__wirelength,10f0392286d7f9084cd7e57431a65b90a907e363,1670719457,1667495167,325849,287956,-0.11629,tighten,0
nangate45,aes,detailedroute__route__wirelength,b459e9447c176b22902653912b6b3c2709e32985,1683090721,1680234463,287956,309732,0.0756246,failing,0
nangate45,aes,detailedroute__route__wirelength,f50270aaac2990b084b60db7761a35581c188644,1693498950,1689626103,309732,310601,0.00280467,failing,0
nangate45,aes,detailedroute__route__wirelength,b1022822977b88f5291ec4fdcd1b11dfa7769224,1710368324,1693498950,310601,243627,-0.215627,tighten,1
nangate45,aes,detailedroute__route__wirelength,292a586ef4d47252ac6fa553d05d57bb5486229e,1723903819,1720750184,243627,305638,0.254534,failing,1
nangate45,aes,detailedroute__route__wirelength,53873f6b5a049a999386861e7a9ee80aa61080c5,1727499238,1726801420,305638,305241,-0.0013002,tighten,0
nangate45,aes,detailedroute__route__wirelength,42c12e80a33d8c34badeff76e9aeeaea0b4e2651,1749917054,1749094747,305241,259826,-0.148783,tighten,1
nangate45,aes,detailedroute__route__wirelength,457549938522cbf74360fab4520cc93d40adeb9c,1756497923,1749917054,259826,253534,-0.0242169,tighten,1
nangate45,aes,detailedroute__route__wirelength,252042c9c294386a7a8594dc3465b542c0184c52,1759899974,1757956713,253534,250781,-0.0108587,tighten,0
nangate45,aes,detailedroute__route__wirelength,75c067510af04cf949bb76087ff07757fd050f84,1764088621,1763659797,250781,250770,-4.16092e-05,tighten,0
nangate45,aes,detailedroute__route__wirelength,edfa2befffccc1d987cfdc9df7bd2ebaf1911c37,1765208251,1764992860,250770,236145,-0.0583211,tighten,0
nangate45,aes,detailedroute__route__wirelength,801cc97afc83a17c47a5220222155a151410ea35,1765479783,1765208251,236145,235863,-0.00119676,tighten,0
nangate45,aes,detailedroute__route__wirelength,442c25202ace17ce42288d502eef557a4ce7f1e5,1779202706,1778622148,235863,222407,-0.0570487,tighten,0
nangate45,aes,detailedroute__route__wirelength,a89f995a56a40be9b48b39daad94210b36a88d0a,1781720239,1780539925,222407,222649,0.00108692,failing,1
nangate45,aes,finish__design__instance__area,373b724c682c33cdb2681bb95008e334cb2cff23,1658154812,1653240872,28300.9,27624.3,-0.0239046,tighten,0
nangate45,aes,finish__design__instance__area,02d8ff41a1d522a27f0794a9c34c3925fae4dfc7,1660177978,1658154812,27624.3,27251.3,-0.0135042,tighten,1
nangate45,aes,finish__design__instance__area,0317619cb67f1c77437a0aad479e4902f7cffa1b,1664989164,1662650846,27251.3,27202.6,-0.00178691,tighten,0
nangate45,aes,finish__design__instance__area,10f0392286d7f9084cd7e57431a65b90a907e363,1670719457,1667495167,27202.6,26726.1,-0.0175175,tighten,0
nangate45,aes,finish__design__instance__area,b459e9447c176b22902653912b6b3c2709e32985,1683090721,1680234463,26726.1,29327,0.0973158,failing,0
nangate45,aes,finish__design__instance__area,533686274bc7711df4ab6240b9e27bb1c85059c7,1689626103,1683090721,29327,29122.6,-0.00696792,tighten,1
nangate45,aes,finish__design__instance__area,b1022822977b88f5291ec4fdcd1b11dfa7769224,1710368324,1693498950,29122.6,23673.9,-0.187095,tighten,1
nangate45,aes,finish__design__instance__area,53873f6b5a049a999386861e7a9ee80aa61080c5,1727499238,1726801420,23673.9,26776.5,0.131056,failing,0
nangate45,aes,finish__design__instance__area,42c12e80a33d8c34badeff76e9aeeaea0b4e2651,1749917054,1749094747,26776.5,23533.9,-0.121099,tighten,1
nangate45,aes,finish__design__instance__area,457549938522cbf74360fab4520cc93d40adeb9c,1756497923,1749917054,23533.9,23216.5,-0.0134866,tighten,1
nangate45,aes,finish__design__instance__area,4ee6469a2d53f71c6289a6b2395d7acdc4ec8071,1757516308,1756497923,23216.5,23100.9,-0.00498146,tighten,0
nangate45,aes,finish__design__instance__area,e79a174e30f63fd031fb72cdd264e7358caaadfb,1757956713,1757516308,23100.9,23085.2,-0.000677558,tighten,0
nangate45,aes,finish__design__instance__area,252042c9c294386a7a8594dc3465b542c0184c52,1759899974,1757956713,23085.2,22906.1,-0.00775953,tighten,0
nangate45,aes,finish__design__instance__area,75c067510af04cf949bb76087ff07757fd050f84,1764088621,1763659797,22906.1,22891.3,-0.000645357,tighten,0
nangate45,aes,finish__design__instance__area,edfa2befffccc1d987cfdc9df7bd2ebaf1911c37,1765208251,1764992860,22891.3,20868.7,-0.0883571,tighten,0
nangate45,aes,finish__design__instance__area,20dc208b49af875cfa5ba1c4490f68d635d8d621,1768019333,1767727881,20868.7,20529.6,-0.0162507,tighten,1
nangate45,aes,finish__design__instance__area,1d0b5091d57a278d080fb4eb0639718dcdbb2e63,1770953622,1768019333,20529.6,20519.1,-0.000508281,tighten,1
nangate45,aes,finish__design__instance__area,1ad9ee5203118586cab4535015c5184473e53783,1774531618,1772209135,20519.1,19920.9,-0.0291562,tighten,0
nangate45,aes,finish__design__instance__area,442c25202ace17ce42288d502eef557a4ce7f1e5,1779202706,1778622148,19920.9,18807.8,-0.0558732,tighten,0
nangate45,aes,finish__design__instance__area,a89f995a56a40be9b48b39daad94210b36a88d0a,1781720239,1780539925,18807.8,18794.8,-0.000693513,tighten,1
nangate45,aes,placeopt__design__instance__area,373b724c682c33cdb2681bb95008e334cb2cff23,1658154812,1653240872,26932.2,26864.3,-0.0025184,tighten,0
nangate45,aes,placeopt__design__instance__area,02d8ff41a1d522a27f0794a9c34c3925fae4dfc7,1660177978,1658154812,26864.3,26173.9,-0.0257008,tighten,1
nangate45,aes,placeopt__design__instance__area,0317619cb67f1c77437a0aad479e4902f7cffa1b,1664989164,1662650846,26173.9,26107.8,-0.00252492,tighten,0
nangate45,aes,placeopt__design__instance__area,10f0392286d7f9084cd7e57431a65b90a907e363,1670719457,1667495167,26107.8,25693.9,-0.015854,tighten,0
nangate45,aes,placeopt__design__instance__area,3799da2efef6eebe76862a917256cd6881f18bec,1672092902,1670719457,25693.9,25690.4,-0.000135373,tighten,1
nangate45,aes,placeopt__design__instance__area,b459e9447c176b22902653912b6b3c2709e32985,1683090721,1680234463,25690.4,25754.8,0.00250474,failing,0
nangate45,aes,placeopt__design__instance__area,f50270aaac2990b084b60db7761a35581c188644,1693498950,1689626103,25754.8,25775.7,0.000810318,failing,0
nangate45,aes,placeopt__design__instance__area,b1022822977b88f5291ec4fdcd1b11dfa7769224,1710368324,1693498950,25775.7,21358.3,-0.171378,tighten,1
nangate45,aes,placeopt__design__instance__area,53873f6b5a049a999386861e7a9ee80aa61080c5,1727499238,1726801420,21358.3,23963.5,0.121977,failing,0
nangate45,aes,placeopt__design__instance__area,42c12e80a33d8c34badeff76e9aeeaea0b4e2651,1749917054,1749094747,23963.5,23055.7,-0.0378837,tighten,1
nangate45,aes,placeopt__design__instance__area,457549938522cbf74360fab4520cc93d40adeb9c,1756497923,1749917054,23055.7,22839.1,-0.00939126,tighten,1
nangate45,aes,placeopt__design__instance__area,e79a174e30f63fd031fb72cdd264e7358caaadfb,1757956713,1757516308,22839.1,22807.8,-0.00137065,tighten,0
nangate45,aes,placeopt__design__instance__area,252042c9c294386a7a8594dc3465b542c0184c52,1759899974,1757956713,22807.8,22664.3,-0.00629075,tighten,0
nangate45,aes,placeopt__design__instance__area,b2d224758b1fae76777c5fc5a3493c6bd769404c,1763659797,1763395270,22664.3,22624.3,-0.00176489,tighten,0
nangate45,aes,placeopt__design__instance__area,edfa2befffccc1d987cfdc9df7bd2ebaf1911c37,1765208251,1764992860,22624.3,20579.1,-0.090399,tighten,0
nangate45,aes,placeopt__design__instance__area,20dc208b49af875cfa5ba1c4490f68d635d8d621,1768019333,1767727881,20579.1,20312.2,-0.0129722,tighten,1
nangate45,aes,placeopt__design__instance__area,e0f1ad381d76fce62eb9703e978d0734548bf7d5,1772209135,1770953622,20312.2,20309.6,-0.00012843,tighten,0
nangate45,aes,placeopt__design__instance__area,1ad9ee5203118586cab4535015c5184473e53783,1774531618,1772209135,20309.6,19709.6,-0.0295427,tighten,0
nangate45,aes,placeopt__design__instance__area,442c25202ace17ce42288d502eef557a4ce7f1e5,1779202706,1778622148,19709.6,18560,-0.0583252,tighten,0
nangate45,aes,placeopt__design__instance__area,a89f995a56a40be9b48b39daad94210b36a88d0a,1781720239,1780539925,18560,18572.2,0.000655922,failing,1
nangate45,aes,placeopt__design__instance__count__stdcell,373b724c682c33cdb2681bb95008e334cb2cff23,1658154812,1653240872,16935.7,16933,-0.000154036,tighten,0
nangate45,aes,placeopt__design__instance__count__stdcell,02d8ff41a1d522a27f0794a9c34c3925fae4dfc7,1660177978,1658154812,16933,15620.9,-0.0774919,tighten,1
nangate45,aes,placeopt__design__instance__count__stdcell,0317619cb67f1c77437a0aad479e4902f7cffa1b,1664989164,1662650846,15620.9,15614.8,-0.000389668,tighten,0
nangate45,aes,placeopt__design__instance__count__stdcell,10f0392286d7f9084cd7e57431a65b90a907e363,1670719457,1667495167,15614.8,15593,-0.00139221,tighten,0
nangate45,aes,placeopt__design__instance__count__stdcell,3799da2efef6eebe76862a917256cd6881f18bec,1672092902,1670719457,15593,15592.2,-5.57662e-05,tighten,1
nangate45,aes,placeopt__design__instance__count__stdcell,b459e9447c176b22902653912b6b3c2709e32985,1683090721,1680234463,15592.2,14012.2,-0.101333,tighten,0
nangate45,aes,placeopt__design__instance__count__stdcell,f50270aaac2990b084b60db7761a35581c188644,1693498950,1689626103,14012.2,15601.7,0.113442,failing,0
nangate45,aes,placeopt__design__instance__count__stdcell,b1022822977b88f5291ec4fdcd1b11dfa7769224,1710368324,1693498950,15601.7,13939.1,-0.106566,tighten,1
nangate45,aes,placeopt__design__instance__count__stdcell,53873f6b5a049a999386861e7a9ee80aa61080c5,1727499238,1726801420,13939.1,15860,0.137804,failing,0
nangate45,aes,placeopt__design__instance__count__stdcell,1ad9ee5203118586cab4535015c5184473e53783,1774531618,1772209135,15860,15764.3,-0.00603103,tighten,0
nangate45,aes,placeopt__design__instance__count__stdcell,442c25202ace17ce42288d502eef557a4ce7f1e5,1779202706,1778622148,15764.3,14567.8,-0.0759005,tighten,0
nangate45,aes,placeopt__design__instance__count__stdcell,a89f995a56a40be9b48b39daad94210b36a88d0a,1781720239,1780539925,14567.8,14585.2,0.00119382,failing,1
nangate45,ariane133,detailedroute__route__wirelength,f50270aaac2990b084b60db7761a35581c188644,1693498950,1680565623,6.02291e+06,6.46603e+06,0.0735738,failing,1
nangate45,ariane133,detailedroute__route__wirelength,a8491a0a6aa4325e9563d110f4bd4e7ceb3653bc,1739471052,1693498950,6.46603e+06,8.40557e+06,0.299957,failing,1
nangate45,ariane133,detailedroute__route__wirelength,804812ea75e47913c47c50f833524f3577d6b7be,1741306883,1739471052,8.40557e+06,8.33979e+06,-0.00782494,tighten,0
nangate45,ariane133,detailedroute__route__wirelength,42c12e80a33d8c34badeff76e9aeeaea0b4e2651,1749917054,1749094747,8.33979e+06,7.75779e+06,-0.0697867,tighten,0
nangate45,ariane133,detailedroute__route__wirelength,9753d33a6e24b5daad668aca9cde8918f2af9ebd,1756701107,1749917054,7.75779e+06,6.29469e+06,-0.188597,tighten,1
nangate45,ariane133,detailedroute__route__wirelength,252042c9c294386a7a8594dc3465b542c0184c52,1759899974,1757956713,6.29469e+06,6.22622e+06,-0.0108773,tighten,0
nangate45,ariane133,detailedroute__route__wirelength,752766703db070f4f3538c771a9df1e3e5b2d2f6,1763683217,1763659797,6.22622e+06,7.27699e+06,0.168764,failing,0
nangate45,ariane133,detailedroute__route__wirelength,a5cffa3de609dba60e658d5cff2e8b2a7d294fe3,1764178346,1764088621,7.27699e+06,7.10093e+06,-0.0241931,tighten,1
nangate45,ariane133,detailedroute__route__wirelength,6e3bcbe960c3763af531c9518513409a3d5a34da,1764698552,1764178346,7.10093e+06,7.1009e+06,-4.16357e-06,tighten,0
nangate45,ariane133,detailedroute__route__wirelength,8480ed06239614f9f1a1b9c937635634e53f9e69,1766074556,1765990388,7.1009e+06,5.79368e+06,-0.184092,tighten,1
nangate45,ariane133,detailedroute__route__wirelength,08605fea40cbedc1d6c98b778d615095c0d471cc,1768590962,1768241546,5.79368e+06,7.41593e+06,0.280003,failing,1
nangate45,ariane133,detailedroute__route__wirelength,3b73eb16ccac67fee3022b843ec73964fed2da93,1769102322,1768590962,7.41593e+06,7.25454e+06,-0.0217632,tighten,0
nangate45,ariane133,detailedroute__route__wirelength,52671e62635e2d0af21b8c715f3eb8220e2c0b62,1769814722,1769182033,7.25454e+06,6.76096e+06,-0.0680373,tighten,0
nangate45,ariane133,detailedroute__route__wirelength,1face853132bd640ca2e8124ff6b94e51e0aa970,1771792763,1770743745,6.76096e+06,7.83081e+06,0.15824,failing,0
nangate45,ariane133,detailedroute__route__wirelength,e0f1ad381d76fce62eb9703e978d0734548bf7d5,1772209135,1771792763,7.83081e+06,7.22877e+06,-0.0768807,tighten,0
nangate45,ariane133,detailedroute__route__wirelength,69009ae42dfb2b4ca4c085a080924d48e488f109,1772303699,1772209135,7.22877e+06,7.22817e+06,-8.38437e-05,tighten,0
nangate45,ariane133,detailedroute__route__wirelength,ceb03b9a89661ab44292cb183c26fea1b142c837,1775429724,1774531618,7.22817e+06,6.91438e+06,-0.0434119,tighten,0
nangate45,ariane133,detailedroute__route__wirelength,a89f995a56a40be9b48b39daad94210b36a88d0a,1781720239,1781276615,6.91438e+06,7.37277e+06,0.0662949,failing,1
nangate45,ariane133,detailedroute__route__wirelength,6c7028f16cf3edf11439f9f609f70176e5a4be55,1782632631,1781720239,7.37277e+06,7.30188e+06,-0.0096147,tighten,0
nangate45,ariane133,detailedroute__route__wirelength,aaf99bfae2bd77848e9778e902d0f4b4c8e1f11c,1784640606,1784084356,7.30188e+06,6.91457e+06,-0.0530429,tighten,0
nangate45,ariane133,finish__design__instance__area,f50270aaac2990b084b60db7761a35581c188644,1693498950,1680565623,702437,761195,0.0836479,failing,1
nangate45,ariane133,finish__design__instance__area,9753d33a6e24b5daad668aca9cde8918f2af9ebd,1756701107,1749917054,761195,733073,-0.0369442,tighten,1
nangate45,ariane133,finish__design__instance__area,4ee6469a2d53f71c6289a6b2395d7acdc4ec8071,1757516308,1756701107,733073,731813,-0.00171879,tighten,0
nangate45,ariane133,finish__design__instance__area,e79a174e30f63fd031fb72cdd264e7358caaadfb,1757956713,1757516308,731813,731811,-2.37647e-06,tighten,0
nangate45,ariane133,finish__design__instance__area,252042c9c294386a7a8594dc3465b542c0184c52,1759899974,1757956713,731811,731227,-0.000798495,tighten,0
nangate45,ariane133,finish__design__instance__area,ceb03b9a89661ab44292cb183c26fea1b142c837,1775429724,1774531618,731227,729069,-0.00295156,tighten,0
nangate45,ariane133,finish__design__instance__area,ae73a7dd2d4d01b12a9aa2448aba72c16ea8d5c6,1776199700,1775429724,729069,727870,-0.00164474,tighten,1
nangate45,ariane133,finish__design__instance__area,442c25202ace17ce42288d502eef557a4ce7f1e5,1779202706,1778622148,727870,727447,-0.00058061,tighten,0
nangate45,ariane133,finish__design__instance__area,a89f995a56a40be9b48b39daad94210b36a88d0a,1781720239,1781276615,727447,726999,-0.000615613,tighten,1
nangate45,ariane133,finish__design__instance__area,aaf99bfae2bd77848e9778e902d0f4b4c8e1f11c,1784640606,1784084356,726999,722571,-0.00609055,tighten,0
nangate45,ariane133,placeopt__design__instance__area,f50270aaac2990b084b60db7761a35581c188644,1693498950,1680565623,700760,758900,0.0829671,failing,1
nangate45,ariane133,placeopt__design__instance__area,42c12e80a33d8c34badeff76e9aeeaea0b4e2651,1749917054,1749094747,758900,757841,-0.00139561,tighten,0
nangate45,ariane133,placeopt__design__instance__area,9753d33a6e24b5daad668aca9cde8918f2af9ebd,1756701107,1749917054,757841,723199,-0.0457111,tighten,1
nangate45,ariane133,placeopt__design__instance__area,ceb03b9a89661ab44292cb183c26fea1b142c837,1775429724,1774531618,723199,721637,-0.00215949,tighten,0
nangate45,ariane133,placeopt__design__instance__area,ae73a7dd2d4d01b12a9aa2448aba72c16ea8d5c6,1776199700,1775429724,721637,719690,-0.00269918,tighten,1
nangate45,ariane133,placeopt__design__instance__area,442c25202ace17ce42288d502eef557a4ce7f1e5,1779202706,1778622148,719690,719461,-0.00031777,tighten,0
nangate45,ariane133,placeopt__design__instance__area,a89f995a56a40be9b48b39daad94210b36a88d0a,1781720239,1781276615,719461,719071,-0.000541468,tighten,1
nangate45,ariane133,placeopt__design__instance__area,aaf99bfae2bd77848e9778e902d0f4b4c8e1f11c,1784640606,1784084356,719071,714736,-0.00602952,tighten,0
nangate45,ariane133,placeopt__design__instance__count__stdcell,a89f995a56a40be9b48b39daad94210b36a88d0a,1781720239,1781276615,166695,169125,0.0145801,failing,1
nangate45,ariane133,placeopt__design__instance__count__stdcell,aaf99bfae2bd77848e9778e902d0f4b4c8e1f11c,1784640606,1784084356,169125,163423,-0.0337183,tighten,0
nangate45,ariane136,detailedroute__route__wirelength,d88047488af4d447b2ffe465da20588f6948e00a,1676645592,1675926610,7.2719e+06,6.92829e+06,-0.0472518,tighten,1
nangate45,ariane136,detailedroute__route__wirelength,f50270aaac2990b084b60db7761a35581c188644,1693498950,1690329098,6.92829e+06,7.04567e+06,0.0169423,failing,0
nangate45,ariane136,detailedroute__route__wirelength,ec4f1c38e3b40e9e9809e89ea8fda83b40ea7c04,1705430988,1693498950,7.04567e+06,6.80555e+06,-0.0340804,tighten,0
nangate45,ariane136,detailedroute__route__wirelength,e58a24fe5f74c1acead09ea6316f25e6acfde831,1727296404,1707289502,6.80555e+06,8.05943e+06,0.184245,failing,1
nangate45,ariane136,detailedroute__route__wirelength,d01269a3fcf1a96bd60117077c64048901103df9,1735065856,1732664782,8.05943e+06,8.01859e+06,-0.00506811,tighten,0
nangate45,ariane136,detailedroute__route__wirelength,42c12e80a33d8c34badeff76e9aeeaea0b4e2651,1749917054,1749094747,8.01859e+06,6.985e+06,-0.1289,tighten,0
nangate45,ariane136,detailedroute__route__wirelength,9753d33a6e24b5daad668aca9cde8918f2af9ebd,1756701107,1751499347,6.985e+06,6.61929e+06,-0.0523556,tighten,1
nangate45,ariane136,detailedroute__route__wirelength,38fcb42969a3f3e0756986eeacf00447d7957fe7,1760370009,1760193246,6.61929e+06,6.65984e+06,0.00612505,failing,0
nangate45,ariane136,detailedroute__route__wirelength,edfa2befffccc1d987cfdc9df7bd2ebaf1911c37,1765208251,1764992860,6.65984e+06,7.74093e+06,0.16233,failing,0
nangate45,ariane136,detailedroute__route__wirelength,801cc97afc83a17c47a5220222155a151410ea35,1765479783,1765208251,7.74093e+06,7.58951e+06,-0.019561,tighten,0
nangate45,ariane136,detailedroute__route__wirelength,2ee6de90b83bfbf8168a79a6340fe5f735b8d98e,1768241546,1767727881,7.58951e+06,7.0256e+06,-0.074301,tighten,0
nangate45,ariane136,detailedroute__route__wirelength,08605fea40cbedc1d6c98b778d615095c0d471cc,1768590962,1768579904,7.0256e+06,6.98691e+06,-0.00550632,tighten,0
nangate45,ariane136,detailedroute__route__wirelength,3b73eb16ccac67fee3022b843ec73964fed2da93,1769102322,1768590962,6.98691e+06,6.98687e+06,-6.22281e-06,tighten,0
nangate45,ariane136,detailedroute__route__wirelength,cc3eba7744b76ebe4c864d20a735e07bd7d357c6,1769182033,1769102322,6.98687e+06,6.98602e+06,-0.000121595,tighten,0
nangate45,ariane136,detailedroute__route__wirelength,a89f995a56a40be9b48b39daad94210b36a88d0a,1781720239,1779202706,6.98602e+06,7.46159e+06,0.068074,failing,1
nangate45,ariane136,finish__design__instance__area,d88047488af4d447b2ffe465da20588f6948e00a,1676645592,1675926610,786085,786065,-2.54425e-05,tighten,1
nangate45,ariane136,finish__design__instance__area,f50270aaac2990b084b60db7761a35581c188644,1693498950,1690329098,786065,786228,0.000206864,failing,0
nangate45,ariane136,finish__design__instance__area,42c12e80a33d8c34badeff76e9aeeaea0b4e2651,1749917054,1749094747,786228,784788,-0.00183153,tighten,0
nangate45,ariane136,finish__design__instance__area,9753d33a6e24b5daad668aca9cde8918f2af9ebd,1756701107,1751499347,784788,754221,-0.0389493,tighten,1
nangate45,ariane136,finish__design__instance__area,252042c9c294386a7a8594dc3465b542c0184c52,1759899974,1757956713,754221,751691,-0.00335388,tighten,0
nangate45,ariane136,finish__design__instance__area,0657918fa8cad751c302621feab99f46ec4867ec,1760033903,1759899974,751691,751680,-1.50386e-05,tighten,0
nangate45,ariane136,finish__design__instance__area,1ad9ee5203118586cab4535015c5184473e53783,1774531618,1773836695,751680,746671,-0.00666333,tighten,0
nangate45,ariane136,finish__design__instance__area,a89f995a56a40be9b48b39daad94210b36a88d0a,1781720239,1779202706,746671,745552,-0.00149883,tighten,1
nangate45,ariane136,placeopt__design__instance__area,f50270aaac2990b084b60db7761a35581c188644,1693498950,1690329098,781255,782440,0.00151707,failing,0
nangate45,ariane136,placeopt__design__instance__area,ec4f1c38e3b40e9e9809e89ea8fda83b40ea7c04,1705430988,1693498950,782440,781482,-0.00122471,tighten,0
nangate45,ariane136,placeopt__design__instance__area,1fb9dcb88065d6c2067a5198026c4a6afbc04456,1707289502,1705430988,781482,780667,-0.00104261,tighten,0
nangate45,ariane136,placeopt__design__instance__area,42c12e80a33d8c34badeff76e9aeeaea0b4e2651,1749917054,1749094747,780667,773750,-0.00886087,tighten,0
nangate45,ariane136,placeopt__design__instance__area,9753d33a6e24b5daad668aca9cde8918f2af9ebd,1756701107,1751499347,773750,742875,-0.0399028,tighten,1
nangate45,ariane136,placeopt__design__instance__area,252042c9c294386a7a8594dc3465b542c0184c52,1759899974,1757956713,742875,742067,-0.00108743,tighten,0
nangate45,ariane136,placeopt__design__instance__area,73b3e3209165d7c551ebbdcb7f32893d7b384702,1761600294,1761360171,742067,741897,-0.000228504,tighten,0
nangate45,ariane136,placeopt__design__instance__area,1ad9ee5203118586cab4535015c5184473e53783,1774531618,1773836695,741897,736974,-0.00663633,tighten,0
nangate45,ariane136,placeopt__design__instance__area,a89f995a56a40be9b48b39daad94210b36a88d0a,1781720239,1779202706,736974,738138,0.0015799,failing,1
nangate45,ariane136,placeopt__design__instance__count__stdcell,f50270aaac2990b084b60db7761a35581c188644,1693498950,1690329098,171338,172076,0.00430372,failing,0
nangate45,ariane136,placeopt__design__instance__count__stdcell,ec4f1c38e3b40e9e9809e89ea8fda83b40ea7c04,1705430988,1693498950,172076,171415,-0.00384058,tighten,0
nangate45,ariane136,placeopt__design__instance__count__stdcell,1fb9dcb88065d6c2067a5198026c4a6afbc04456,1707289502,1705430988,171415,171298,-0.000679765,tighten,0
nangate45,ariane136,placeopt__design__instance__count__stdcell,a89f995a56a40be9b48b39daad94210b36a88d0a,1781720239,1779202706,171298,177808,0.0380014,failing,1
nangate45,black_parrot,detailedroute__route__wirelength,3e85fcd8465d967e20d228c1494b8824e699e5a6,1652820402,1652373207,8.46261e+06,8.38886e+06,-0.00871486,tighten,0
nangate45,black_parrot,detailedroute__route__wirelength,0317619cb67f1c77437a0aad479e4902f7cffa1b,1664989164,1662650846,8.38886e+06,8.0502e+06,-0.04037,tighten,0
nangate45,black_parrot,detailedroute__route__wirelength,839ec366dd5f1b175fb70fda28ef096e670c044e,1671130901,1670312160,8.0502e+06,7.01214e+06,-0.128949,tighten,1
nangate45,black_parrot,detailedroute__route__wirelength,a4f921efb8e08239e7e413f1d09656c9711de927,1673495113,1671130901,7.01214e+06,5.95703e+06,-0.150468,tighten,1
nangate45,black_parrot,detailedroute__route__wirelength,510b8a1771ecc6c2a7f65508d1753ba7794c4a01,1673834248,1673495113,5.95703e+06,5.95408e+06,-0.00049587,tighten,1
nangate45,black_parrot,detailedroute__route__wirelength,b34f40c79b06af45896fd11f9719657b9f926ca6,1674582080,1673834248,5.95408e+06,7.01214e+06,0.177703,failing,0
nangate45,black_parrot,detailedroute__route__wirelength,d88047488af4d447b2ffe465da20588f6948e00a,1676645592,1674582080,7.01214e+06,8.18934e+06,0.167881,failing,0
nangate45,black_parrot,detailedroute__route__wirelength,f50270aaac2990b084b60db7761a35581c188644,1693498950,1680104528,8.18934e+06,8.19124e+06,0.00023254,failing,1
nangate45,black_parrot,detailedroute__route__wirelength,51d9aa5af1f4fc89c29ad8213b52f5988d5bc403,1740943496,1736698172,8.19124e+06,7.71279e+06,-0.0584101,tighten,1
nangate45,black_parrot,detailedroute__route__wirelength,804812ea75e47913c47c50f833524f3577d6b7be,1741306883,1740943496,7.71279e+06,7.67317e+06,-0.00513726,tighten,0
nangate45,black_parrot,detailedroute__route__wirelength,52d0042b7f88b6e9f6972a17e78abbcb2d5e644d,1745637922,1744419103,7.67317e+06,9.06089e+06,0.180854,failing,0
nangate45,black_parrot,detailedroute__route__wirelength,d5f6f3a88807f23e991230761f3671a14aeed709,1749094747,1745637922,9.06089e+06,7.47099e+06,-0.175469,tighten,1
nangate45,black_parrot,detailedroute__route__wirelength,42c12e80a33d8c34badeff76e9aeeaea0b4e2651,1749917054,1749094747,7.47099e+06,6.23092e+06,-0.165985,tighten,0
nangate45,black_parrot,detailedroute__route__wirelength,4718111f7552f875b40f9cdd3bb01ed2b5b0d543,1754943686,1749917054,6.23092e+06,6.12911e+06,-0.0163384,tighten,1
nangate45,black_parrot,detailedroute__route__wirelength,ade358bbed511cea8958a0327c9c0e5ab62bbeee,1763733007,1763659797,6.12911e+06,6.07435e+06,-0.00893455,tighten,0
nangate45,black_parrot,detailedroute__route__wirelength,1ad9ee5203118586cab4535015c5184473e53783,1774531618,1768590962,6.07435e+06,5.87746e+06,-0.0324131,tighten,0
nangate45,black_parrot,finish__design__instance__area,3e85fcd8465d967e20d228c1494b8824e699e5a6,1652820402,1652373207,700169,684216,-0.0227846,tighten,0
nangate45,black_parrot,finish__design__instance__area,a9135b34ffdaa0c04b18a4423d038cd98cc8827f,1654188137,1652820402,684216,682772,-0.00210968,tighten,0
nangate45,black_parrot,finish__design__instance__area,0317619cb67f1c77437a0aad479e4902f7cffa1b,1664989164,1662650846,682772,677882,-0.00716262,tighten,0
nangate45,black_parrot,finish__design__instance__area,d7a4b3a2ae65bcf29f75883230b92264cbf6e4c7,1670312160,1667495167,677882,651597,-0.0387755,tighten,1
nangate45,black_parrot,finish__design__instance__area,d88047488af4d447b2ffe465da20588f6948e00a,1676645592,1674582080,651597,809858,0.242883,failing,0
nangate45,black_parrot,finish__design__instance__area,0ff3a4b899de83f7a2fde97ff80d78d51e5c9891,1736698172,1729733195,809858,764449,-0.056071,tighten,1
nangate45,black_parrot,finish__design__instance__area,51d9aa5af1f4fc89c29ad8213b52f5988d5bc403,1740943496,1736698172,764449,760393,-0.00530533,tighten,1
nangate45,black_parrot,finish__design__instance__area,804812ea75e47913c47c50f833524f3577d6b7be,1741306883,1740943496,760393,757316,-0.00404711,tighten,0
nangate45,black_parrot,finish__design__instance__area,42c12e80a33d8c34badeff76e9aeeaea0b4e2651,1749917054,1749094747,757316,723812,-0.0442398,tighten,0
nangate45,black_parrot,finish__design__instance__area,4718111f7552f875b40f9cdd3bb01ed2b5b0d543,1754943686,1749917054,723812,723671,-0.000194622,tighten,1
nangate45,black_parrot,finish__design__instance__area,9753d33a6e24b5daad668aca9cde8918f2af9ebd,1756701107,1754943686,723671,689030,-0.0478694,tighten,0
nangate45,black_parrot,finish__design__instance__area,4ee6469a2d53f71c6289a6b2395d7acdc4ec8071,1757516308,1756701107,689030,687648,-0.00200534,tighten,0
nangate45,black_parrot,finish__design__instance__area,f61e13387e3684a18e58e902ac98c3757d3e3877,1757604398,1757516308,687648,686885,-0.00110901,tighten,1
nangate45,black_parrot,finish__design__instance__area,252042c9c294386a7a8594dc3465b542c0184c52,1759899974,1757604398,686885,686582,-0.000441818,tighten,0
nangate45,black_parrot,finish__design__instance__area,0657918fa8cad751c302621feab99f46ec4867ec,1760033903,1759899974,686582,686575,-1.01321e-05,tighten,0
nangate45,black_parrot,finish__design__instance__area,b2d224758b1fae76777c5fc5a3493c6bd769404c,1763659797,1763395270,686575,686049,-0.000766249,tighten,0
nangate45,black_parrot,finish__design__instance__area,ade358bbed511cea8958a0327c9c0e5ab62bbeee,1763733007,1763659797,686049,685679,-0.000538687,tighten,0
nangate45,black_parrot,finish__design__instance__area,edfa2befffccc1d987cfdc9df7bd2ebaf1911c37,1765208251,1764992860,685679,685280,-0.000582095,tighten,0
nangate45,black_parrot,finish__design__instance__area,1ad9ee5203118586cab4535015c5184473e53783,1774531618,1768590962,685280,640935,-0.0647111,tighten,0
nangate45,black_parrot,placeopt__design__instance__area,a9135b34ffdaa0c04b18a4423d038cd98cc8827f,1654188137,1652820402,656910,656117,-0.00120591,tighten,0
nangate45,black_parrot,placeopt__design__instance__area,99af1aca7b0b7c835f95f16c401716134e154ec9,1662650846,1659117194,656117,656117,-1.32532e-06,tighten,1
nangate45,black_parrot,placeopt__design__instance__area,0317619cb67f1c77437a0aad479e4902f7cffa1b,1664989164,1662650846,656117,650662,-0.00831374,tighten,0
nangate45,black_parrot,placeopt__design__instance__area,d7a4b3a2ae65bcf29f75883230b92264cbf6e4c7,1670312160,1667495167,650662,647917,-0.00421912,tighten,1
nangate45,black_parrot,placeopt__design__instance__area,d88047488af4d447b2ffe465da20588f6948e00a,1676645592,1674582080,647917,806974,0.245491,failing,0
nangate45,black_parrot,placeopt__design__instance__area,0ff3a4b899de83f7a2fde97ff80d78d51e5c9891,1736698172,1729733195,806974,752590,-0.0673929,tighten,1
nangate45,black_parrot,placeopt__design__instance__area,51d9aa5af1f4fc89c29ad8213b52f5988d5bc403,1740943496,1736698172,752590,749050,-0.00470376,tighten,1
nangate45,black_parrot,placeopt__design__instance__area,804812ea75e47913c47c50f833524f3577d6b7be,1741306883,1740943496,749050,745979,-0.00409911,tighten,0
nangate45,black_parrot,placeopt__design__instance__area,42c12e80a33d8c34badeff76e9aeeaea0b4e2651,1749917054,1749094747,745979,710048,-0.0481666,tighten,0
nangate45,black_parrot,placeopt__design__instance__area,9753d33a6e24b5daad668aca9cde8918f2af9ebd,1756701107,1754943686,710048,675328,-0.0488981,tighten,0
nangate45,black_parrot,placeopt__design__instance__area,4ee6469a2d53f71c6289a6b2395d7acdc4ec8071,1757516308,1756701107,675328,675207,-0.000178979,tighten,0
nangate45,black_parrot,placeopt__design__instance__area,f61e13387e3684a18e58e902ac98c3757d3e3877,1757604398,1757516308,675207,674379,-0.00122603,tighten,1
nangate45,black_parrot,placeopt__design__instance__area,252042c9c294386a7a8594dc3465b542c0184c52,1759899974,1757604398,674379,674232,-0.000217914,tighten,0
nangate45,black_parrot,placeopt__design__instance__area,b2d224758b1fae76777c5fc5a3493c6bd769404c,1763659797,1763395270,674232,673861,-0.000550707,tighten,0
nangate45,black_parrot,placeopt__design__instance__area,ade358bbed511cea8958a0327c9c0e5ab62bbeee,1763733007,1763659797,673861,673559,-0.000447777,tighten,0
nangate45,black_parrot,placeopt__design__instance__area,75c067510af04cf949bb76087ff07757fd050f84,1764088621,1763733007,673559,673544,-2.1947e-05,tighten,0
nangate45,black_parrot,placeopt__design__instance__area,edfa2befffccc1d987cfdc9df7bd2ebaf1911c37,1765208251,1764992860,673544,673180,-0.000540941,tighten,0
nangate45,black_parrot,placeopt__design__instance__area,1ad9ee5203118586cab4535015c5184473e53783,1774531618,1768590962,673180,629834,-0.06439,tighten,0
nangate45,black_parrot,placeopt__design__instance__count__stdcell,a9135b34ffdaa0c04b18a4423d038cd98cc8827f,1654188137,1652820402,180585,180369,-0.001199,tighten,0
nangate45,black_parrot,placeopt__design__instance__count__stdcell,99af1aca7b0b7c835f95f16c401716134e154ec9,1662650846,1659117194,180369,180345,-0.000130168,tighten,1
nangate45,black_parrot,placeopt__design__instance__count__stdcell,0317619cb67f1c77437a0aad479e4902f7cffa1b,1664989164,1662650846,180345,179518,-0.00458541,tighten,0
nangate45,black_parrot,placeopt__design__instance__count__stdcell,d88047488af4d447b2ffe465da20588f6948e00a,1676645592,1674582080,179518,301228,0.677979,failing,0
nangate45,black_parrot,placeopt__design__instance__count__stdcell,0ff3a4b899de83f7a2fde97ff80d78d51e5c9891,1736698172,1729733195,301228,261391,-0.132247,tighten,1
nangate45,black_parrot,placeopt__design__instance__count__stdcell,51d9aa5af1f4fc89c29ad8213b52f5988d5bc403,1740943496,1736698172,261391,260688,-0.00269128,tighten,1
nangate45,black_parrot,placeopt__design__instance__count__stdcell,804812ea75e47913c47c50f833524f3577d6b7be,1741306883,1740943496,260688,260598,-0.000343573,tighten,0
nangate45,black_parrot,placeopt__design__instance__count__stdcell,d5f6f3a88807f23e991230761f3671a14aeed709,1749094747,1745637922,260598,260434,-0.000630656,tighten,1
nangate45,black_parrot,placeopt__design__instance__count__stdcell,42c12e80a33d8c34badeff76e9aeeaea0b4e2651,1749917054,1749094747,260434,244265,-0.0620837,tighten,0
nangate45,black_parrot,placeopt__design__instance__count__stdcell,1ad9ee5203118586cab4535015c5184473e53783,1774531618,1768590962,244265,210782,-0.137078,tighten,0
nangate45,bp_be_top,detailedroute__route__wirelength,071de4231f923c76b37bd9605276cd278f3f0e59,1672923481,1667495167,2.72359e+06,2.04453e+06,-0.249326,tighten,1
nangate45,bp_be_top,detailedroute__route__wirelength,a4f921efb8e08239e7e413f1d09656c9711de927,1673495113,1672923481,2.04453e+06,2.49708e+06,0.221347,failing,1
nangate45,bp_be_top,detailedroute__route__wirelength,481b774650e2451410f327e264924d2bb1869f4a,1675342906,1673495113,2.49708e+06,2.49649e+06,-0.000234709,tighten,0
nangate45,bp_be_top,detailedroute__route__wirelength,93cec18e4b060d6eadba735a14a6867f9c7e6dd1,1687058647,1683145855,2.49649e+06,2.30103e+06,-0.0782939,tighten,1
nangate45,bp_be_top,detailedroute__route__wirelength,0d97930c857277857c2e9773e8d367d3798d731b,1690301287,1687261472,2.30103e+06,2.28726e+06,-0.00598522,tighten,0
nangate45,bp_be_top,detailedroute__route__wirelength,c845e74c36cf7619449b1584e5040a2566eaaac9,1708451257,1693498950,2.28726e+06,2.63697e+06,0.152893,failing,1
nangate45,bp_be_top,detailedroute__route__wirelength,3cf22e57f905b4c112a4c39dc124b323dbd284af,1720750184,1708451257,2.63697e+06,2.33563e+06,-0.114273,tighten,0
nangate45,bp_be_top,detailedroute__route__wirelength,292a586ef4d47252ac6fa553d05d57bb5486229e,1723903819,1720750184,2.33563e+06,3.20821e+06,0.373594,failing,1
nangate45,bp_be_top,detailedroute__route__wirelength,cbd1de4dd65e10c329de9a16c94ed7a7b499244e,1724572222,1723903819,3.20821e+06,3.19487e+06,-0.00415862,tighten,1
nangate45,bp_be_top,detailedroute__route__wirelength,53873f6b5a049a999386861e7a9ee80aa61080c5,1727499238,1726801420,3.19487e+06,3.20416e+06,0.00290711,failing,0
nangate45,bp_be_top,detailedroute__route__wirelength,7b4e7aab96abd5249d4e6cafd329b44e35c21f7c,1728523858,1727499238,3.20416e+06,3.03876e+06,-0.0516186,tighten,1
nangate45,bp_be_top,detailedroute__route__wirelength,804812ea75e47913c47c50f833524f3577d6b7be,1741306883,1739380119,3.03876e+06,2.90273e+06,-0.0447657,tighten,0
nangate45,bp_be_top,detailedroute__route__wirelength,fca2249dd22e6aad55d5cacc786e6c94fb7dbb86,1742416962,1741306883,2.90273e+06,2.87196e+06,-0.0106005,tighten,1
nangate45,bp_be_top,detailedroute__route__wirelength,9753d33a6e24b5daad668aca9cde8918f2af9ebd,1756701107,1749917054,2.87196e+06,2.33007e+06,-0.188684,tighten,1
nangate45,bp_be_top,detailedroute__route__wirelength,e79a174e30f63fd031fb72cdd264e7358caaadfb,1757956713,1757516308,2.33007e+06,2.28327e+06,-0.0200838,tighten,0
nangate45,bp_be_top,detailedroute__route__wirelength,252042c9c294386a7a8594dc3465b542c0184c52,1759899974,1757956713,2.28327e+06,2.25092e+06,-0.0141685,tighten,0
nangate45,bp_be_top,detailedroute__route__wirelength,aad6b36d2a98876e019315f4711e7e7eb8efa058,1760067789,1760033903,2.25092e+06,2.23625e+06,-0.00651559,tighten,0
nangate45,bp_be_top,detailedroute__route__wirelength,73b3e3209165d7c551ebbdcb7f32893d7b384702,1761600294,1761360171,2.23625e+06,2.23149e+06,-0.00213128,tighten,0
nangate45,bp_be_top,detailedroute__route__wirelength,b2d224758b1fae76777c5fc5a3493c6bd769404c,1763659797,1763395270,2.23149e+06,2.1776e+06,-0.0241512,tighten,0
nangate45,bp_be_top,finish__design__instance__area,373b724c682c33cdb2681bb95008e334cb2cff23,1658154812,1657048797,253048,252932,-0.000457037,tighten,0
nangate45,bp_be_top,finish__design__instance__area,99af1aca7b0b7c835f95f16c401716134e154ec9,1662650846,1658154812,252932,252919,-5.15691e-05,tighten,0
nangate45,bp_be_top,finish__design__instance__area,071de4231f923c76b37bd9605276cd278f3f0e59,1672923481,1667495167,252919,247285,-0.0222756,tighten,1
nangate45,bp_be_top,finish__design__instance__area,f50270aaac2990b084b60db7761a35581c188644,1693498950,1690301287,247285,249976,0.0108799,failing,0
nangate45,bp_be_top,finish__design__instance__area,53873f6b5a049a999386861e7a9ee80aa61080c5,1727499238,1726801420,249976,262928,0.0518137,failing,0
nangate45,bp_be_top,finish__design__instance__area,42c12e80a33d8c34badeff76e9aeeaea0b4e2651,1749917054,1749094747,262928,252498,-0.039667,tighten,0
nangate45,bp_be_top,finish__design__instance__area,9753d33a6e24b5daad668aca9cde8918f2af9ebd,1756701107,1749917054,252498,240020,-0.0494192,tighten,1
nangate45,bp_be_top,finish__design__instance__area,4ee6469a2d53f71c6289a6b2395d7acdc4ec8071,1757516308,1756701107,240020,239790,-0.000960065,tighten,0
nangate45,bp_be_top,finish__design__instance__area,252042c9c294386a7a8594dc3465b542c0184c52,1759899974,1757956713,239790,239580,-0.000873955,tighten,0
nangate45,bp_be_top,finish__design__instance__area,0657918fa8cad751c302621feab99f46ec4867ec,1760033903,1759899974,239580,239472,-0.000450063,tighten,0
nangate45,bp_be_top,finish__design__instance__area,b31abb52d66b377d02766ec029c33e1eef38624c,1760587812,1760193246,239472,239467,-2.1787e-05,tighten,0
nangate45,bp_be_top,placeopt__design__instance__area,373b724c682c33cdb2681bb95008e334cb2cff23,1658154812,1657048797,252211,252053,-0.000627493,tighten,0
nangate45,bp_be_top,placeopt__design__instance__area,071de4231f923c76b37bd9605276cd278f3f0e59,1672923481,1667495167,252053,246626,-0.021531,tighten,1
nangate45,bp_be_top,placeopt__design__instance__area,f50270aaac2990b084b60db7761a35581c188644,1693498950,1690301287,246626,249353,0.011057,failing,0
nangate45,bp_be_top,placeopt__design__instance__area,53873f6b5a049a999386861e7a9ee80aa61080c5,1727499238,1726801420,249353,259601,0.0410977,failing,0
nangate45,bp_be_top,placeopt__design__instance__area,42c12e80a33d8c34badeff76e9aeeaea0b4e2651,1749917054,1749094747,259601,251240,-0.0322066,tighten,0
nangate45,bp_be_top,placeopt__design__instance__area,9753d33a6e24b5daad668aca9cde8918f2af9ebd,1756701107,1749917054,251240,238498,-0.0507154,tighten,1
nangate45,bp_be_top,placeopt__design__instance__area,4ee6469a2d53f71c6289a6b2395d7acdc4ec8071,1757516308,1756701107,238498,238459,-0.00016407,tighten,0
nangate45,bp_be_top,placeopt__design__instance__area,252042c9c294386a7a8594dc3465b542c0184c52,1759899974,1757956713,238459,237968,-0.00206033,tighten,0
nangate45,bp_be_top,placeopt__design__instance__area,aad6b36d2a98876e019315f4711e7e7eb8efa058,1760067789,1760033903,237968,237868,-0.000420225,tighten,0
nangate45,bp_be_top,placeopt__design__instance__count__stdcell,071de4231f923c76b37bd9605276cd278f3f0e59,1672923481,1667495167,54549.6,48620,-0.108701,tighten,1
nangate45,bp_be_top,placeopt__design__instance__count__stdcell,a4f921efb8e08239e7e413f1d09656c9711de927,1673495113,1672923481,48620,48449.6,-0.00350545,tighten,1
nangate45,bp_be_top,placeopt__design__instance__count__stdcell,f50270aaac2990b084b60db7761a35581c188644,1693498950,1690301287,48449.6,50551.3,0.0433799,failing,0
nangate45,bp_be_top,placeopt__design__instance__count__stdcell,53873f6b5a049a999386861e7a9ee80aa61080c5,1727499238,1726801420,50551.3,57538.3,0.138215,failing,0
nangate45,bp_be_top,placeopt__design__instance__count__stdcell,804812ea75e47913c47c50f833524f3577d6b7be,1741306883,1739380119,57538.3,55515.7,-0.0351524,tighten,0
nangate45,bp_be_top,placeopt__design__instance__count__stdcell,fca2249dd22e6aad55d5cacc786e6c94fb7dbb86,1742416962,1741306883,55515.7,55511.3,-7.83171e-05,tighten,1
nangate45,bp_be_top,placeopt__design__instance__count__stdcell,20a3b2c0f8eba1ba0c69e78893ea04760c580c76,1742507021,1742416962,55511.3,55498.3,-0.00023497,tighten,0
nangate45,bp_be_top,placeopt__design__instance__count__stdcell,42c12e80a33d8c34badeff76e9aeeaea0b4e2651,1749917054,1749094747,55498.3,54424.3,-0.0193504,tighten,0
nangate45,bp_fe_top,detailedroute__route__wirelength,3e85fcd8465d967e20d228c1494b8824e699e5a6,1652820402,1652373207,1.60909e+06,1.60847e+06,-0.000382069,tighten,0
nangate45,bp_fe_top,detailedroute__route__wirelength,a9135b34ffdaa0c04b18a4423d038cd98cc8827f,1654188137,1652820402,1.60847e+06,1.60835e+06,-7.83892e-05,tighten,0
nangate45,bp_fe_top,detailedroute__route__wirelength,373b724c682c33cdb2681bb95008e334cb2cff23,1658154812,1654188137,1.60835e+06,1.60823e+06,-7.08261e-05,tighten,0
nangate45,bp_fe_top,detailedroute__route__wirelength,526fd7aa3497c2b706d9202811c9e02a0b957252,1659117194,1658154812,1.60823e+06,1.60749e+06,-0.000463376,tighten,0
nangate45,bp_fe_top,detailedroute__route__wirelength,99af1aca7b0b7c835f95f16c401716134e154ec9,1662650846,1659117194,1.60749e+06,1.6073e+06,-0.000117385,tighten,0
nangate45,bp_fe_top,detailedroute__route__wirelength,a4f921efb8e08239e7e413f1d09656c9711de927,1673495113,1671130901,1.6073e+06,1.48134e+06,-0.0783674,tighten,1
nangate45,bp_fe_top,detailedroute__route__wirelength,e684b1901aff98beb6e0d0565aa9a5bf99f16452,1675962476,1674582080,1.48134e+06,1.47057e+06,-0.0072725,tighten,0
nangate45,bp_fe_top,detailedroute__route__wirelength,fd07501c9390452013f4b58ba73b6a6ed84b4cbe,1684781594,1680104528,1.47057e+06,1.33586e+06,-0.0915991,tighten,1
nangate45,bp_fe_top,detailedroute__route__wirelength,93cec18e4b060d6eadba735a14a6867f9c7e6dd1,1687058647,1684781594,1.33586e+06,1.33422e+06,-0.00123223,tighten,1
nangate45,bp_fe_top,detailedroute__route__wirelength,f50270aaac2990b084b60db7761a35581c188644,1693498950,1687261472,1.33422e+06,1.34023e+06,0.00450744,failing,0
nangate45,bp_fe_top,detailedroute__route__wirelength,36f12743ebaba3523b43fb9ad844415bb1309bd2,1713811120,1693498950,1.34023e+06,1.64478e+06,0.227234,failing,1
nangate45,bp_fe_top,detailedroute__route__wirelength,292a586ef4d47252ac6fa553d05d57bb5486229e,1723903819,1720750184,1.64478e+06,2.22733e+06,0.354184,failing,1
nangate45,bp_fe_top,detailedroute__route__wirelength,53873f6b5a049a999386861e7a9ee80aa61080c5,1727499238,1726801420,2.22733e+06,2.31227e+06,0.038133,failing,0
nangate45,bp_fe_top,detailedroute__route__wirelength,9c02f01173ff8cba70acb19ecbda7e8df2a13f0f,1732733877,1727886494,2.31227e+06,2.77796e+06,0.201401,failing,1
nangate45,bp_fe_top,detailedroute__route__wirelength,398bd5b0d5cecf81a6d81dc946d5b5c35f4d4bff,1733880700,1732733877,2.77796e+06,2.67844e+06,-0.0358255,tighten,0
nangate45,bp_fe_top,detailedroute__route__wirelength,ad1b24dbd83dbaadaf5b5df8effc6c9d643b1421,1734995732,1733880700,2.67844e+06,2.37657e+06,-0.112703,tighten,1
nangate45,bp_fe_top,detailedroute__route__wirelength,faaca5deceec0a6aa9e03bc28b0a0c210a4610fe,1736542147,1734995732,2.37657e+06,1.96012e+06,-0.175231,tighten,0
nangate45,bp_fe_top,detailedroute__route__wirelength,804812ea75e47913c47c50f833524f3577d6b7be,1741306883,1739380119,1.96012e+06,1.83608e+06,-0.063284,tighten,0
nangate45,bp_fe_top,detailedroute__route__wirelength,926e4d8c2c7f8f244e8c25f5ca0b4b58e069d2de,1747498897,1745865313,1.83608e+06,2.17716e+06,0.185767,failing,1
nangate45,bp_fe_top,detailedroute__route__wirelength,b6d79b23bd75eb25966c86be90cb5432c21758a4,1748002531,1747498897,2.17716e+06,2.1449e+06,-0.0148167,tighten,0
nangate45,bp_fe_top,detailedroute__route__wirelength,42c12e80a33d8c34badeff76e9aeeaea0b4e2651,1749917054,1749094747,2.1449e+06,1.80995e+06,-0.15616,tighten,0
nangate45,bp_fe_top,detailedroute__route__wirelength,9d1bc7171ab63caceca05eb253f08cbd655c0df5,1755560481,1751483506,1.80995e+06,1.44302e+06,-0.202732,tighten,0
nangate45,bp_fe_top,detailedroute__route__wirelength,ade358bbed511cea8958a0327c9c0e5ab62bbeee,1763733007,1763659797,1.44302e+06,1.44241e+06,-0.000423026,tighten,0
nangate45,bp_fe_top,detailedroute__route__wirelength,7015cf3f6ced158e1668367fc5f1b9587aa7716d,1771883623,1770743745,1.44241e+06,1.66278e+06,0.152783,failing,0
nangate45,bp_fe_top,detailedroute__route__wirelength,1ad9ee5203118586cab4535015c5184473e53783,1774531618,1773314750,1.66278e+06,1.45554e+06,-0.124637,tighten,0
nangate45,bp_fe_top,finish__design__instance__area,a9135b34ffdaa0c04b18a4423d038cd98cc8827f,1654188137,1652820402,225315,225173,-0.000629072,tighten,0
nangate45,bp_fe_top,finish__design__instance__area,526fd7aa3497c2b706d9202811c9e02a0b957252,1659117194,1658154812,225173,225171,-7.72353e-06,tighten,0
nangate45,bp_fe_top,finish__design__instance__area,a4f921efb8e08239e7e413f1d09656c9711de927,1673495113,1671130901,225171,224591,-0.00257582,tighten,1
nangate45,bp_fe_top,finish__design__instance__area,b34f40c79b06af45896fd11f9719657b9f926ca6,1674582080,1673993899,224591,225171,0.00258247,failing,0
nangate45,bp_fe_top,finish__design__instance__area,e684b1901aff98beb6e0d0565aa9a5bf99f16452,1675962476,1674582080,225171,224616,-0.00246769,tighten,0
nangate45,bp_fe_top,finish__design__instance__area,d88047488af4d447b2ffe465da20588f6948e00a,1676645592,1675962476,224616,223693,-0.0041075,tighten,0
nangate45,bp_fe_top,finish__design__instance__area,fd07501c9390452013f4b58ba73b6a6ed84b4cbe,1684781594,1680104528,223693,222742,-0.00425272,tighten,1
nangate45,bp_fe_top,finish__design__instance__area,93cec18e4b060d6eadba735a14a6867f9c7e6dd1,1687058647,1684781594,222742,222703,-0.000175676,tighten,1
nangate45,bp_fe_top,finish__design__instance__area,f50270aaac2990b084b60db7761a35581c188644,1693498950,1687261472,222703,222845,0.000640355,failing,0
nangate45,bp_fe_top,finish__design__instance__area,53873f6b5a049a999386861e7a9ee80aa61080c5,1727499238,1726801420,222845,231170,0.0373587,failing,0
nangate45,bp_fe_top,finish__design__instance__area,faaca5deceec0a6aa9e03bc28b0a0c210a4610fe,1736542147,1734995732,231170,229650,-0.00657524,tighten,0
nangate45,bp_fe_top,finish__design__instance__area,804812ea75e47913c47c50f833524f3577d6b7be,1741306883,1739380119,229650,229042,-0.00265053,tighten,0
nangate45,bp_fe_top,finish__design__instance__area,42c12e80a33d8c34badeff76e9aeeaea0b4e2651,1749917054,1749094747,229042,221278,-0.0338955,tighten,0
nangate45,bp_fe_top,finish__design__instance__area,9753d33a6e24b5daad668aca9cde8918f2af9ebd,1756701107,1755785256,221278,215418,-0.0264825,tighten,0
nangate45,bp_fe_top,finish__design__instance__area,4ee6469a2d53f71c6289a6b2395d7acdc4ec8071,1757516308,1756701107,215418,215203,-0.00100109,tighten,0
nangate45,bp_fe_top,placeopt__design__instance__area,a9135b34ffdaa0c04b18a4423d038cd98cc8827f,1654188137,1652820402,224870,224729,-0.00062645,tighten,0
nangate45,bp_fe_top,placeopt__design__instance__area,a4f921efb8e08239e7e413f1d09656c9711de927,1673495113,1671130901,224729,224254,-0.00211269,tighten,1
nangate45,bp_fe_top,placeopt__design__instance__area,d88047488af4d447b2ffe465da20588f6948e00a,1676645592,1675962476,224254,223352,-0.00402106,tighten,0
nangate45,bp_fe_top,placeopt__design__instance__area,fd07501c9390452013f4b58ba73b6a6ed84b4cbe,1684781594,1680104528,223352,222413,-0.00420471,tighten,1
nangate45,bp_fe_top,placeopt__design__instance__area,93cec18e4b060d6eadba735a14a6867f9c7e6dd1,1687058647,1684781594,222413,222374,-0.000175936,tighten,1
nangate45,bp_fe_top,placeopt__design__instance__area,f50270aaac2990b084b60db7761a35581c188644,1693498950,1687261472,222374,222516,0.000637391,failing,0
nangate45,bp_fe_top,placeopt__design__instance__area,53873f6b5a049a999386861e7a9ee80aa61080c5,1727499238,1726801420,222516,229180,0.02995,failing,0
nangate45,bp_fe_top,placeopt__design__instance__area,faaca5deceec0a6aa9e03bc28b0a0c210a4610fe,1736542147,1734995732,229180,228063,-0.00487561,tighten,0
nangate45,bp_fe_top,placeopt__design__instance__area,804812ea75e47913c47c50f833524f3577d6b7be,1741306883,1739380119,228063,227464,-0.00262323,tighten,0
nangate45,bp_fe_top,placeopt__design__instance__area,42c12e80a33d8c34badeff76e9aeeaea0b4e2651,1749917054,1749094747,227464,219595,-0.0345969,tighten,0
nangate45,bp_fe_top,placeopt__design__instance__area,9753d33a6e24b5daad668aca9cde8918f2af9ebd,1756701107,1755785256,219595,213136,-0.0294139,tighten,0
nangate45,bp_fe_top,placeopt__design__instance__area,4ee6469a2d53f71c6289a6b2395d7acdc4ec8071,1757516308,1756701107,213136,213036,-0.000469185,tighten,0
nangate45,bp_fe_top,placeopt__design__instance__count__stdcell,a9135b34ffdaa0c04b18a4423d038cd98cc8827f,1654188137,1652820402,35107.8,35086.1,-0.00061921,tighten,0
nangate45,bp_fe_top,placeopt__design__instance__count__stdcell,99af1aca7b0b7c835f95f16c401716134e154ec9,1662650846,1659117194,35086.1,35074.8,-0.000322189,tighten,0
nangate45,bp_fe_top,placeopt__design__instance__count__stdcell,839ec366dd5f1b175fb70fda28ef096e670c044e,1671130901,1667495167,35074.8,35041.7,-0.000942086,tighten,1
nangate45,bp_fe_top,placeopt__design__instance__count__stdcell,a4f921efb8e08239e7e413f1d09656c9711de927,1673495113,1671130901,35041.7,34427.8,-0.0175195,tighten,1
nangate45,bp_fe_top,placeopt__design__instance__count__stdcell,b34f40c79b06af45896fd11f9719657b9f926ca6,1674582080,1673993899,34427.8,34528.7,0.00292988,failing,0
nangate45,bp_fe_top,placeopt__design__instance__count__stdcell,e684b1901aff98beb6e0d0565aa9a5bf99f16452,1675962476,1674582080,34528.7,34422.6,-0.00307243,tighten,0
nangate45,bp_fe_top,placeopt__design__instance__count__stdcell,d88047488af4d447b2ffe465da20588f6948e00a,1676645592,1675962476,34422.6,33700,-0.0209923,tighten,0
nangate45,bp_fe_top,placeopt__design__instance__count__stdcell,fd07501c9390452013f4b58ba73b6a6ed84b4cbe,1684781594,1680104528,33700,33032.2,-0.0198168,tighten,1
nangate45,bp_fe_top,placeopt__design__instance__count__stdcell,93cec18e4b060d6eadba735a14a6867f9c7e6dd1,1687058647,1684781594,33032.2,33024.3,-0.000236923,tighten,1
nangate45,bp_fe_top,placeopt__design__instance__count__stdcell,f50270aaac2990b084b60db7761a35581c188644,1693498950,1687261472,33024.3,33035.7,0.000342303,failing,0
nangate45,bp_fe_top,placeopt__design__instance__count__stdcell,292a586ef4d47252ac6fa553d05d57bb5486229e,1723903819,1720750184,33035.7,39631.3,0.199653,failing,1
nangate45,bp_fe_top,placeopt__design__instance__count__stdcell,53873f6b5a049a999386861e7a9ee80aa61080c5,1727499238,1726801420,39631.3,39724.3,0.00234773,failing,0
nangate45,bp_fe_top,placeopt__design__instance__count__stdcell,e816a57e608830c3226cc2c717f9ada984920dba,1727809031,1727499238,39724.3,39693.9,-0.000766149,tighten,0
nangate45,bp_fe_top,placeopt__design__instance__count__stdcell,faaca5deceec0a6aa9e03bc28b0a0c210a4610fe,1736542147,1734995732,39693.9,35554.8,-0.104276,tighten,0
nangate45,bp_fe_top,placeopt__design__instance__count__stdcell,42c12e80a33d8c34badeff76e9aeeaea0b4e2651,1749917054,1749094747,35554.8,34547,-0.0283457,tighten,0
nangate45,bp_fe_top,placeopt__design__instance__count__stdcell,9d1bc7171ab63caceca05eb253f08cbd655c0df5,1755560481,1751483506,34547,33713.9,-0.0241134,tighten,0
nangate45,bp_multi_top,detailedroute__route__wirelength,2798b678dcaa71488494d5fe93e0a80133e2dc14,1652395623,1652373207,4.68435e+06,4.68432e+06,-6.49712e-06,tighten,0
nangate45,bp_multi_top,detailedroute__route__wirelength,3e85fcd8465d967e20d228c1494b8824e699e5a6,1652820402,1652395623,4.68432e+06,4.68302e+06,-0.000277893,tighten,0
nangate45,bp_multi_top,detailedroute__route__wirelength,09b386b7086f1a10e11f6e26cebac15e53095626,1665635960,1662650846,4.68302e+06,4.33805e+06,-0.0736632,tighten,0
nangate45,bp_multi_top,detailedroute__route__wirelength,839ec366dd5f1b175fb70fda28ef096e670c044e,1671130901,1667495167,4.33805e+06,3.89807e+06,-0.101423,tighten,1
nangate45,bp_multi_top,detailedroute__route__wirelength,912dc0779b31be32f0d9382cb1cbe9654a297e9f,1671165356,1671130901,3.89807e+06,3.83402e+06,-0.0164306,tighten,0
nangate45,bp_multi_top,detailedroute__route__wirelength,41f997981bafd43eedeb7b568b9be15b434bb868,1671663257,1671287778,3.83402e+06,3.62325e+06,-0.0549753,tighten,0
nangate45,bp_multi_top,detailedroute__route__wirelength,481b774650e2451410f327e264924d2bb1869f4a,1675342906,1672313005,3.62325e+06,3.2526e+06,-0.102297,tighten,1
nangate45,bp_multi_top,detailedroute__route__wirelength,8b592cea2cb8670afb1c642fe2d310a30a3ac777,1683145855,1680104528,3.2526e+06,3.83179e+06,0.178071,failing,0
nangate45,bp_multi_top,detailedroute__route__wirelength,76ad8343db230aba581a67eb8311d2632f080f81,1683172199,1683145855,3.83179e+06,3.67083e+06,-0.0420067,tighten,0
nangate45,bp_multi_top,detailedroute__route__wirelength,f50270aaac2990b084b60db7761a35581c188644,1693498950,1692226288,3.67083e+06,3.86363e+06,0.0525212,failing,0
nangate45,bp_multi_top,detailedroute__route__wirelength,292a586ef4d47252ac6fa553d05d57bb5486229e,1723903819,1720750184,3.86363e+06,4.81396e+06,0.245967,failing,1
nangate45,bp_multi_top,detailedroute__route__wirelength,53873f6b5a049a999386861e7a9ee80aa61080c5,1727499238,1726801420,4.81396e+06,4.79821e+06,-0.00327056,tighten,0
nangate45,bp_multi_top,detailedroute__route__wirelength,faaca5deceec0a6aa9e03bc28b0a0c210a4610fe,1736542147,1729733195,4.79821e+06,4.25723e+06,-0.112745,tighten,1
nangate45,bp_multi_top,detailedroute__route__wirelength,0237d84dbf0b1cb2fd3455e6cc0ede497ac27009,1737487889,1736542147,4.25723e+06,4.25267e+06,-0.00107112,tighten,0
nangate45,bp_multi_top,detailedroute__route__wirelength,d5f6f3a88807f23e991230761f3671a14aeed709,1749094747,1744678380,4.25267e+06,4.17942e+06,-0.0172266,tighten,1
nangate45,bp_multi_top,detailedroute__route__wirelength,42c12e80a33d8c34badeff76e9aeeaea0b4e2651,1749917054,1749094747,4.17942e+06,3.73161e+06,-0.107144,tighten,0
nangate45,bp_multi_top,detailedroute__route__wirelength,cddcedb9d559b67a6b598a2c4b38ad0e04fd2bde,1759261996,1758645668,3.73161e+06,3.57255e+06,-0.0426273,tighten,0
nangate45,bp_multi_top,detailedroute__route__wirelength,0657918fa8cad751c302621feab99f46ec4867ec,1760033903,1759899974,3.57255e+06,3.57193e+06,-0.000173546,tighten,0
nangate45,bp_multi_top,detailedroute__route__wirelength,aad6b36d2a98876e019315f4711e7e7eb8efa058,1760067789,1760033903,3.57193e+06,4.40482e+06,0.233178,failing,0
nangate45,bp_multi_top,detailedroute__route__wirelength,0e005ec17fcd8b5f8de96bef205165465dc0ed6d,1760993175,1760626781,4.40482e+06,4.03859e+06,-0.0831435,tighten,0
nangate45,bp_multi_top,detailedroute__route__wirelength,3da1022ca3cb0782985b0286c2d9ff9c28926514,1761244845,1760993175,4.03859e+06,3.6415e+06,-0.098323,tighten,0
nangate45,bp_multi_top,detailedroute__route__wirelength,73b3e3209165d7c551ebbdcb7f32893d7b384702,1761600294,1761360171,3.6415e+06,3.63485e+06,-0.00182653,tighten,0
nangate45,bp_multi_top,detailedroute__route__wirelength,b2d224758b1fae76777c5fc5a3493c6bd769404c,1763659797,1763395270,3.63485e+06,3.6193e+06,-0.00427767,tighten,0
nangate45,bp_multi_top,detailedroute__route__wirelength,a5dca2e3bf78f0f25218c2c5abae46f34abbaf2e,1766439824,1765990388,3.6193e+06,4.23519e+06,0.170169,failing,0
nangate45,bp_multi_top,detailedroute__route__wirelength,4a06a65c58f4b630161485e15fa14086877512e1,1767210623,1766439824,4.23519e+06,4.21247e+06,-0.00536642,tighten,0
nangate45,bp_multi_top,detailedroute__route__wirelength,20dc208b49af875cfa5ba1c4490f68d635d8d621,1768019333,1767727881,4.21247e+06,3.2618e+06,-0.225679,tighten,1
nangate45,bp_multi_top,detailedroute__route__wirelength,1426c0532d3d759be3e09a25c96ed9e31ab7df71,1770743745,1768019333,3.2618e+06,3.21765e+06,-0.0135361,tighten,1
nangate45,bp_multi_top,detailedroute__route__wirelength,5101376937a58731b5038683b2cb7b70404da7fc,1772917750,1772036546,3.21765e+06,4.06771e+06,0.264187,failing,0
nangate45,bp_multi_top,detailedroute__route__wirelength,1ad9ee5203118586cab4535015c5184473e53783,1774531618,1773836695,4.06771e+06,3.40946e+06,-0.161822,tighten,0
nangate45,bp_multi_top,detailedroute__route__wirelength,442c25202ace17ce42288d502eef557a4ce7f1e5,1779202706,1774848354,3.40946e+06,3.13802e+06,-0.0796127,tighten,1
nangate45,bp_multi_top,detailedroute__route__wirelength,993421dfc995dce4d6d2aec2028d7f34546a2f81,1784194417,1781720239,3.13802e+06,3.67945e+06,0.172536,failing,0
nangate45,bp_multi_top,detailedroute__route__wirelength,205191eb2258fba7f674fe64c982e8e2ac40e5ba,1787584319,1786034690,3.67945e+06,3.38193e+06,-0.0808581,tighten,1
nangate45,bp_multi_top,finish__design__instance__area,373b724c682c33cdb2681bb95008e334cb2cff23,1658154812,1652820402,518577,518110,-0.000902134,tighten,0
nangate45,bp_multi_top,finish__design__instance__area,09b386b7086f1a10e11f6e26cebac15e53095626,1665635960,1662650846,518110,515574,-0.00489405,tighten,0
nangate45,bp_multi_top,finish__design__instance__area,f50270aaac2990b084b60db7761a35581c188644,1693498950,1692226288,515574,553364,0.0732978,failing,0
nangate45,bp_multi_top,finish__design__instance__area,53873f6b5a049a999386861e7a9ee80aa61080c5,1727499238,1726801420,553364,583100,0.0537361,failing,0
nangate45,bp_multi_top,finish__design__instance__area,faaca5deceec0a6aa9e03bc28b0a0c210a4610fe,1736542147,1729733195,583100,548019,-0.0601627,tighten,1
nangate45,bp_multi_top,finish__design__instance__area,0237d84dbf0b1cb2fd3455e6cc0ede497ac27009,1737487889,1736542147,548019,547768,-0.000458569,tighten,0
nangate45,bp_multi_top,finish__design__instance__area,4004072bd74aa01fd60a76011bf64bca3c4e74f6,1742578626,1742507021,547768,547568,-0.000365118,tighten,0
nangate45,bp_multi_top,finish__design__instance__area,42c12e80a33d8c34badeff76e9aeeaea0b4e2651,1749917054,1749094747,547568,536083,-0.020975,tighten,0
nangate45,bp_multi_top,finish__design__instance__area,457549938522cbf74360fab4520cc93d40adeb9c,1756497923,1749917054,536083,519217,-0.0314601,tighten,1
nangate45,bp_multi_top,finish__design__instance__area,9753d33a6e24b5daad668aca9cde8918f2af9ebd,1756701107,1756497923,519217,519215,-5.02428e-06,tighten,0
nangate45,bp_multi_top,finish__design__instance__area,4ee6469a2d53f71c6289a6b2395d7acdc4ec8071,1757516308,1756701107,519215,517989,-0.00236143,tighten,0
nangate45,bp_multi_top,finish__design__instance__area,e79a174e30f63fd031fb72cdd264e7358caaadfb,1757956713,1757516308,517989,517909,-0.000154444,tighten,0
nangate45,bp_multi_top,finish__design__instance__area,cbdc8b4c8bee18125dee663aaa6d168b48810668,1758645668,1757956713,517909,517898,-2.01479e-05,tighten,0
nangate45,bp_multi_top,finish__design__instance__area,20dc208b49af875cfa5ba1c4490f68d635d8d621,1768019333,1767727881,517898,510571,-0.0141475,tighten,1
nangate45,bp_multi_top,finish__design__instance__area,5101376937a58731b5038683b2cb7b70404da7fc,1772917750,1772036546,510571,510434,-0.000269093,tighten,0
nangate45,bp_multi_top,finish__design__instance__area,1bce7d902df8240f85c30344e3bda1a28ccd09b2,1773154188,1772917750,510434,510571,0.000269166,failing,0
nangate45,bp_multi_top,finish__design__instance__area,1ad9ee5203118586cab4535015c5184473e53783,1774531618,1773836695,510571,505608,-0.00972142,tighten,0
nangate45,bp_multi_top,finish__design__instance__area,442c25202ace17ce42288d502eef557a4ce7f1e5,1779202706,1774848354,505608,505254,-0.000699975,tighten,1
nangate45,bp_multi_top,finish__design__instance__area,205191eb2258fba7f674fe64c982e8e2ac40e5ba,1787584319,1786034690,505254,503827,-0.00282424,tighten,1
nangate45,bp_multi_top,placeopt__design__instance__area,373b724c682c33cdb2681bb95008e334cb2cff23,1658154812,1652820402,516127,515686,-0.000854188,tighten,0
nangate45,bp_multi_top,placeopt__design__instance__area,09b386b7086f1a10e11f6e26cebac15e53095626,1665635960,1662650846,515686,513245,-0.00473325,tighten,0
nangate45,bp_multi_top,placeopt__design__instance__area,f50270aaac2990b084b60db7761a35581c188644,1693498950,1692226288,513245,551326,0.0741962,failing,0
nangate45,bp_multi_top,placeopt__design__instance__area,53873f6b5a049a999386861e7a9ee80aa61080c5,1727499238,1726801420,551326,576397,0.0454745,failing,0
nangate45,bp_multi_top,placeopt__design__instance__area,faaca5deceec0a6aa9e03bc28b0a0c210a4610fe,1736542147,1729733195,576397,541758,-0.0600959,tighten,1
nangate45,bp_multi_top,placeopt__design__instance__area,804812ea75e47913c47c50f833524f3577d6b7be,1741306883,1739380119,541758,541096,-0.00122307,tighten,0
nangate45,bp_multi_top,placeopt__design__instance__area,42c12e80a33d8c34badeff76e9aeeaea0b4e2651,1749917054,1749094747,541096,528039,-0.0241298,tighten,0
nangate45,bp_multi_top,placeopt__design__instance__area,457549938522cbf74360fab4520cc93d40adeb9c,1756497923,1749917054,528039,510937,-0.0323873,tighten,1
nangate45,bp_multi_top,placeopt__design__instance__area,4ee6469a2d53f71c6289a6b2395d7acdc4ec8071,1757516308,1756701107,510937,510928,-1.87209e-05,tighten,0
nangate45,bp_multi_top,placeopt__design__instance__area,20dc208b49af875cfa5ba1c4490f68d635d8d621,1768019333,1767727881,510928,504612,-0.0123611,tighten,1
nangate45,bp_multi_top,placeopt__design__instance__area,5101376937a58731b5038683b2cb7b70404da7fc,1772917750,1772036546,504612,504494,-0.00023436,tighten,0
nangate45,bp_multi_top,placeopt__design__instance__area,1bce7d902df8240f85c30344e3bda1a28ccd09b2,1773154188,1772917750,504494,504612,0.000234415,failing,0
nangate45,bp_multi_top,placeopt__design__instance__area,1ad9ee5203118586cab4535015c5184473e53783,1774531618,1773836695,504612,499908,-0.0093227,tighten,0
nangate45,bp_multi_top,placeopt__design__instance__area,442c25202ace17ce42288d502eef557a4ce7f1e5,1779202706,1774848354,499908,499525,-0.000765358,tighten,1
nangate45,bp_multi_top,placeopt__design__instance__area,205191eb2258fba7f674fe64c982e8e2ac40e5ba,1787584319,1786034690,499525,497721,-0.00361213,tighten,1
nangate45,bp_multi_top,placeopt__design__instance__count__stdcell,373b724c682c33cdb2681bb95008e334cb2cff23,1658154812,1652820402,108697,108660,-0.000343994,tighten,0
nangate45,bp_multi_top,placeopt__design__instance__count__stdcell,99af1aca7b0b7c835f95f16c401716134e154ec9,1662650846,1659117194,108660,108634,-0.000240079,tighten,0
nangate45,bp_multi_top,placeopt__design__instance__count__stdcell,09b386b7086f1a10e11f6e26cebac15e53095626,1665635960,1662650846,108634,108332,-0.00277758,tighten,0
nangate45,bp_multi_top,placeopt__design__instance__count__stdcell,d88047488af4d447b2ffe465da20588f6948e00a,1676645592,1675342906,108332,135942,0.25486,failing,1
nangate45,bp_multi_top,placeopt__design__instance__count__stdcell,f50270aaac2990b084b60db7761a35581c188644,1693498950,1692226288,135942,136249,0.002258,failing,0
nangate45,bp_multi_top,placeopt__design__instance__count__stdcell,292a586ef4d47252ac6fa553d05d57bb5486229e,1723903819,1720750184,136249,163115,0.197184,failing,1
nangate45,bp_multi_top,placeopt__design__instance__count__stdcell,53873f6b5a049a999386861e7a9ee80aa61080c5,1727499238,1726801420,163115,163122,4.2648e-05,failing,0
nangate45,bp_multi_top,placeopt__design__instance__count__stdcell,faaca5deceec0a6aa9e03bc28b0a0c210a4610fe,1736542147,1729733195,163122,130668,-0.198955,tighten,1
nangate45,bp_multi_top,placeopt__design__instance__count__stdcell,42c12e80a33d8c34badeff76e9aeeaea0b4e2651,1749917054,1749094747,130668,125197,-0.0418652,tighten,0
nangate45,bp_multi_top,placeopt__design__instance__count__stdcell,20dc208b49af875cfa5ba1c4490f68d635d8d621,1768019333,1767727881,125197,95735.7,-0.235322,tighten,1
nangate45,bp_multi_top,placeopt__design__instance__count__stdcell,1ad9ee5203118586cab4535015c5184473e53783,1774531618,1773836695,95735.7,94684.3,-0.0109813,tighten,0
nangate45,bp_multi_top,placeopt__design__instance__count__stdcell,442c25202ace17ce42288d502eef557a4ce7f1e5,1779202706,1774848354,94684.3,90647.8,-0.0426314,tighten,1
nangate45,bp_multi_top,placeopt__design__instance__count__stdcell,205191eb2258fba7f674fe64c982e8e2ac40e5ba,1787584319,1786034690,90647.8,86473.9,-0.0460454,tighten,1
nangate45,dynamic_node,detailedroute__route__wirelength,3e85fcd8465d967e20d228c1494b8824e699e5a6,1652820402,1652373207,288398,288386,-4.22122e-05,tighten,0
nangate45,dynamic_node,detailedroute__route__wirelength,373b724c682c33cdb2681bb95008e334cb2cff23,1658154812,1652820402,288386,287185,-0.0041641,tighten,0
nangate45,dynamic_node,detailedroute__route__wirelength,02d8ff41a1d522a27f0794a9c34c3925fae4dfc7,1660177978,1658154812,287185,192035,-0.331321,tighten,1
nangate45,dynamic_node,detailedroute__route__wirelength,f50270aaac2990b084b60db7761a35581c188644,1693498950,1689626103,192035,200822,0.0457571,failing,0
nangate45,dynamic_node,detailedroute__route__wirelength,3cf22e57f905b4c112a4c39dc124b323dbd284af,1720750184,1693498950,200822,198106,-0.0135227,tighten,0
nangate45,dynamic_node,detailedroute__route__wirelength,292a586ef4d47252ac6fa553d05d57bb5486229e,1723903819,1720750184,198106,228150,0.151653,failing,0
nangate45,dynamic_node,detailedroute__route__wirelength,5affd0312aafdd7194cf2e45b8a742ebea1f19a8,1724655457,1723903819,228150,227089,-0.00464989,tighten,1
nangate45,dynamic_node,detailedroute__route__wirelength,80d28863e882049bbdbddc5676cef590e196906c,1726801420,1724655457,227089,227086,-1.14876e-05,tighten,0
nangate45,dynamic_node,detailedroute__route__wirelength,53873f6b5a049a999386861e7a9ee80aa61080c5,1727499238,1726801420,227086,227143,0.0002489,failing,0
nangate45,dynamic_node,detailedroute__route__wirelength,42c12e80a33d8c34badeff76e9aeeaea0b4e2651,1749917054,1749094747,227143,308067,0.356271,failing,0
nangate45,dynamic_node,detailedroute__route__wirelength,9753d33a6e24b5daad668aca9cde8918f2af9ebd,1756701107,1749917054,308067,202321,-0.343257,tighten,0
nangate45,dynamic_node,detailedroute__route__wirelength,252042c9c294386a7a8594dc3465b542c0184c52,1759899974,1757956713,202321,199899,-0.0119698,tighten,0
nangate45,dynamic_node,detailedroute__route__wirelength,b2d224758b1fae76777c5fc5a3493c6bd769404c,1763659797,1763395270,199899,199780,-0.000595953,tighten,0
nangate45,dynamic_node,detailedroute__route__wirelength,20dc208b49af875cfa5ba1c4490f68d635d8d621,1768019333,1767727881,199780,190914,-0.0443793,tighten,1
nangate45,dynamic_node,detailedroute__route__wirelength,e0f1ad381d76fce62eb9703e978d0734548bf7d5,1772209135,1769814722,190914,190528,-0.00202231,tighten,0
nangate45,dynamic_node,detailedroute__route__wirelength,1ad9ee5203118586cab4535015c5184473e53783,1774531618,1772209135,190528,180971,-0.0501581,tighten,0
nangate45,dynamic_node,detailedroute__route__wirelength,205191eb2258fba7f674fe64c982e8e2ac40e5ba,1787584319,1781720239,180971,222810,0.231187,failing,1
nangate45,dynamic_node,detailedroute__route__wirelength,28b73dc76c51287fe3cfedd1da43c2245439d58a,1788181231,1787584319,222810,214667,-0.0365451,tighten,0
nangate45,dynamic_node,finish__design__instance__area,373b724c682c33cdb2681bb95008e334cb2cff23,1658154812,1652820402,25067.8,24979.1,-0.00353823,tighten,0
nangate45,dynamic_node,finish__design__instance__area,02d8ff41a1d522a27f0794a9c34c3925fae4dfc7,1660177978,1658154812,24979.1,23858.3,-0.0448722,tighten,1
nangate45,dynamic_node,finish__design__instance__area,f50270aaac2990b084b60db7761a35581c188644,1693498950,1689626103,23858.3,23943.5,0.00357182,failing,0
nangate45,dynamic_node,finish__design__instance__area,53873f6b5a049a999386861e7a9ee80aa61080c5,1727499238,1726801420,23943.5,25723.5,0.0743417,failing,0
nangate45,dynamic_node,finish__design__instance__area,42c12e80a33d8c34badeff76e9aeeaea0b4e2651,1749917054,1749094747,25723.5,25080.9,-0.0249814,tighten,0
nangate45,dynamic_node,finish__design__instance__area,9753d33a6e24b5daad668aca9cde8918f2af9ebd,1756701107,1749917054,25080.9,23845.2,-0.0492667,tighten,0
nangate45,dynamic_node,finish__design__instance__area,4ee6469a2d53f71c6289a6b2395d7acdc4ec8071,1757516308,1756701107,23845.2,23806.1,-0.00164102,tighten,0
nangate45,dynamic_node,finish__design__instance__area,e79a174e30f63fd031fb72cdd264e7358caaadfb,1757956713,1757516308,23806.1,23803.5,-0.000109581,tighten,0
nangate45,dynamic_node,finish__design__instance__area,252042c9c294386a7a8594dc3465b542c0184c52,1759899974,1757956713,23803.5,23781.7,-0.000913275,tighten,0
nangate45,dynamic_node,finish__design__instance__area,20dc208b49af875cfa5ba1c4490f68d635d8d621,1768019333,1767727881,23781.7,22920,-0.0362353,tighten,1
nangate45,dynamic_node,finish__design__instance__area,442c25202ace17ce42288d502eef557a4ce7f1e5,1779202706,1774531618,22920,22772.2,-0.00644965,tighten,1
nangate45,dynamic_node,finish__design__instance__area,205191eb2258fba7f674fe64c982e8e2ac40e5ba,1787584319,1781720239,22772.2,26850.4,0.17909,failing,1
nangate45,dynamic_node,finish__design__instance__area,28b73dc76c51287fe3cfedd1da43c2245439d58a,1788181231,1787584319,26850.4,26572.2,-0.0103634,tighten,0
nangate45,dynamic_node,placeopt__design__instance__area,373b724c682c33cdb2681bb95008e334cb2cff23,1658154812,1652820402,24881.7,24791.3,-0.00363458,tighten,0
nangate45,dynamic_node,placeopt__design__instance__area,02d8ff41a1d522a27f0794a9c34c3925fae4dfc7,1660177978,1658154812,24791.3,23695.7,-0.044195,tighten,1
nangate45,dynamic_node,placeopt__design__instance__area,f50270aaac2990b084b60db7761a35581c188644,1693498950,1689626103,23695.7,23785.2,0.00377982,failing,0
nangate45,dynamic_node,placeopt__design__instance__area,3cf22e57f905b4c112a4c39dc124b323dbd284af,1720750184,1693498950,23785.2,23695.7,-0.00376558,tighten,0
nangate45,dynamic_node,placeopt__design__instance__area,53873f6b5a049a999386861e7a9ee80aa61080c5,1727499238,1726801420,23695.7,24550.4,0.0360734,failing,0
nangate45,dynamic_node,placeopt__design__instance__area,42c12e80a33d8c34badeff76e9aeeaea0b4e2651,1749917054,1749094747,24550.4,23957.4,-0.0241561,tighten,0
nangate45,dynamic_node,placeopt__design__instance__area,9753d33a6e24b5daad668aca9cde8918f2af9ebd,1756701107,1749917054,23957.4,22387,-0.0655512,tighten,0
nangate45,dynamic_node,placeopt__design__instance__area,20dc208b49af875cfa5ba1c4490f68d635d8d621,1768019333,1767727881,22387,21957.4,-0.0191882,tighten,1
nangate45,dynamic_node,placeopt__design__instance__area,e0f1ad381d76fce62eb9703e978d0734548bf7d5,1772209135,1769814722,21957.4,21949.6,-0.000356422,tighten,0
nangate45,dynamic_node,placeopt__design__instance__area,442c25202ace17ce42288d502eef557a4ce7f1e5,1779202706,1774531618,21949.6,21947,-0.00011885,tighten,1
nangate45,dynamic_node,placeopt__design__instance__area,205191eb2258fba7f674fe64c982e8e2ac40e5ba,1787584319,1781720239,21947,24273.9,0.106026,failing,1
nangate45,dynamic_node,placeopt__design__instance__count__stdcell,373b724c682c33cdb2681bb95008e334cb2cff23,1658154812,1652820402,11755.7,11747.8,-0.00066573,tighten,0
nangate45,dynamic_node,placeopt__design__instance__count__stdcell,02d8ff41a1d522a27f0794a9c34c3925fae4dfc7,1660177978,1658154812,11747.8,11040,-0.0602517,tighten,1
nangate45,dynamic_node,placeopt__design__instance__count__stdcell,b459e9447c176b22902653912b6b3c2709e32985,1683090721,1667495167,11040,11012.2,-0.00252048,tighten,1
nangate45,dynamic_node,placeopt__design__instance__count__stdcell,f50270aaac2990b084b60db7761a35581c188644,1693498950,1689626103,11012.2,11040,0.00252685,failing,0
nangate45,dynamic_node,placeopt__design__instance__count__stdcell,53873f6b5a049a999386861e7a9ee80aa61080c5,1727499238,1726801420,11040,11833.9,0.0719124,failing,0
nangate45,dynamic_node,placeopt__design__instance__count__stdcell,804812ea75e47913c47c50f833524f3577d6b7be,1741306883,1739380119,11833.9,11824.3,-0.000808289,tighten,0
nangate45,dynamic_node,placeopt__design__instance__count__stdcell,d5f6f3a88807f23e991230761f3671a14aeed709,1749094747,1742507021,11824.3,11759.1,-0.00551552,tighten,0
nangate45,dynamic_node,placeopt__design__instance__count__stdcell,42c12e80a33d8c34badeff76e9aeeaea0b4e2651,1749917054,1749094747,11759.1,11128.7,-0.0536124,tighten,0
nangate45,dynamic_node,placeopt__design__instance__count__stdcell,20dc208b49af875cfa5ba1c4490f68d635d8d621,1768019333,1767727881,11128.7,10511.3,-0.0554774,tighten,1
nangate45,dynamic_node,placeopt__design__instance__count__stdcell,e0f1ad381d76fce62eb9703e978d0734548bf7d5,1772209135,1769814722,10511.3,10504.3,-0.000661813,tighten,0
nangate45,dynamic_node,placeopt__design__instance__count__stdcell,442c25202ace17ce42288d502eef557a4ce7f1e5,1779202706,1774531618,10504.3,10492.2,-0.00115894,tighten,1
nangate45,dynamic_node,placeopt__design__instance__count__stdcell,205191eb2258fba7f674fe64c982e8e2ac40e5ba,1787584319,1781720239,10492.2,13006.1,0.239599,failing,1
nangate45,gcd,detailedroute__route__wirelength,3e85fcd8465d967e20d228c1494b8824e699e5a6,1652820402,1652373207,4665.22,4661.74,-0.000745573,tighten,0
nangate45,gcd,detailedroute__route__wirelength,373b724c682c33cdb2681bb95008e334cb2cff23,1658154812,1652820402,4661.74,4648.7,-0.00279799,tighten,0
nangate45,gcd,detailedroute__route__wirelength,02d8ff41a1d522a27f0794a9c34c3925fae4dfc7,1660177978,1658154812,4648.7,3573.91,-0.231201,tighten,1
nangate45,gcd,detailedroute__route__wirelength,99af1aca7b0b7c835f95f16c401716134e154ec9,1662650846,1660177978,3573.91,3573.04,-0.000243309,tighten,0
nangate45,gcd,detailedroute__route__wirelength,3799da2efef6eebe76862a917256cd6881f18bec,1672092902,1667495167,3573.04,2459.13,-0.311755,tighten,1
nangate45,gcd,detailedroute__route__wirelength,533686274bc7711df4ab6240b9e27bb1c85059c7,1689626103,1680234463,2459.13,2553.04,0.0381895,failing,1
nangate45,gcd,detailedroute__route__wirelength,a006172422544ec724ec4f2bd3b3ab46253ba94a,1713471019,1710588510,2553.04,3460.87,0.355586,failing,0
nangate45,gcd,detailedroute__route__wirelength,292a586ef4d47252ac6fa553d05d57bb5486229e,1723903819,1720750184,3460.87,4924.35,0.422864,failing,0
nangate45,gcd,detailedroute__route__wirelength,fabc855b4aeca0b29e97639f33900972c0ba6ad0,1724866939,1723903819,4924.35,4382.61,-0.110012,tighten,0
nangate45,gcd,detailedroute__route__wirelength,80d28863e882049bbdbddc5676cef590e196906c,1726801420,1724866939,4382.61,4370.43,-0.00277778,tighten,0
nangate45,gcd,detailedroute__route__wirelength,53873f6b5a049a999386861e7a9ee80aa61080c5,1727499238,1726801420,4370.43,4074.78,-0.0676482,tighten,0
nangate45,gcd,detailedroute__route__wirelength,10637aa0c1619c864d166343f69abd92c71207e3,1727820328,1727499238,4074.78,4800,0.177977,failing,0
nangate45,gcd,detailedroute__route__wirelength,1a629f5a309069fccd6ab3684234d178762fc9f0,1738793252,1738194375,4800,5886.96,0.226449,failing,0
nangate45,gcd,detailedroute__route__wirelength,804812ea75e47913c47c50f833524f3577d6b7be,1741306883,1739380119,5886.96,4158.26,-0.293648,tighten,1
nangate45,gcd,detailedroute__route__wirelength,fca2249dd22e6aad55d5cacc786e6c94fb7dbb86,1742416962,1741306883,4158.26,4078.26,-0.0192388,tighten,0
nangate45,gcd,detailedroute__route__wirelength,fa2f76ed36fe1cc67b5cdc32766d9902f321bf56,1743692301,1742507021,4078.26,4930.43,0.208955,failing,0
nangate45,gcd,detailedroute__route__wirelength,e35c9b1f3717fd81ad604d1f8673360b8254edc4,1748213042,1746769862,4930.43,4833.04,-0.0197531,tighten,0
nangate45,gcd,detailedroute__route__wirelength,d5f6f3a88807f23e991230761f3671a14aeed709,1749094747,1748213042,4833.04,5959.13,0.232997,failing,0
nangate45,gcd,detailedroute__route__wirelength,42c12e80a33d8c34badeff76e9aeeaea0b4e2651,1749917054,1749094747,5959.13,4391.3,-0.263096,tighten,0
nangate45,gcd,detailedroute__route__wirelength,252042c9c294386a7a8594dc3465b542c0184c52,1759899974,1757956713,4391.3,4024.35,-0.0835644,tighten,0
nangate45,gcd,detailedroute__route__wirelength,b2d224758b1fae76777c5fc5a3493c6bd769404c,1763659797,1761360171,4024.35,4013.04,-0.00280899,tighten,0
nangate45,gcd,detailedroute__route__wirelength,da1076da7bd09afa144375fbfa654d5237470ab7,1765823329,1764992860,4013.04,3926.09,-0.0216685,tighten,0
nangate45,gcd,detailedroute__route__wirelength,5101376937a58731b5038683b2cb7b70404da7fc,1772917750,1772036546,3926.09,4553.04,0.15969,failing,0
nangate45,gcd,detailedroute__route__wirelength,442c25202ace17ce42288d502eef557a4ce7f1e5,1779202706,1774531618,4553.04,4189.57,-0.0798319,tighten,1
nangate45,gcd,detailedroute__route__wirelength,205191eb2258fba7f674fe64c982e8e2ac40e5ba,1787584319,1786034690,4189.57,6277.39,0.49834,failing,1
nangate45,gcd,finish__design__instance__area,373b724c682c33cdb2681bb95008e334cb2cff23,1658154812,1652820402,652.174,621.739,-0.0466667,tighten,0
nangate45,gcd,finish__design__instance__area,02d8ff41a1d522a27f0794a9c34c3925fae4dfc7,1660177978,1658154812,621.739,580.87,-0.0657343,tighten,1
nangate45,gcd,finish__design__instance__area,3799da2efef6eebe76862a917256cd6881f18bec,1672092902,1667495167,580.87,579.13,-0.00299401,tighten,1
nangate45,gcd,finish__design__instance__area,533686274bc7711df4ab6240b9e27bb1c85059c7,1689626103,1680234463,579.13,606.087,0.0465465,failing,1
nangate45,gcd,finish__design__instance__area,d49af69631865875ae670693833152b614499f7f,1702929357,1693498950,606.087,605.217,-0.00143472,tighten,1
nangate45,gcd,finish__design__instance__area,a006172422544ec724ec4f2bd3b3ab46253ba94a,1713471019,1710588510,605.217,778.261,0.28592,failing,0
nangate45,gcd,finish__design__instance__area,53873f6b5a049a999386861e7a9ee80aa61080c5,1727499238,1726801420,778.261,788.696,0.0134078,failing,0
nangate45,gcd,finish__design__instance__area,1a629f5a309069fccd6ab3684234d178762fc9f0,1738793252,1738194375,788.696,927.826,0.176406,failing,0
nangate45,gcd,finish__design__instance__area,804812ea75e47913c47c50f833524f3577d6b7be,1741306883,1739380119,927.826,790.435,-0.148079,tighten,1
nangate45,gcd,finish__design__instance__area,d5f6f3a88807f23e991230761f3671a14aeed709,1749094747,1748213042,790.435,929.565,0.176018,failing,0
nangate45,gcd,finish__design__instance__area,42c12e80a33d8c34badeff76e9aeeaea0b4e2651,1749917054,1749094747,929.565,780.87,-0.159963,tighten,0
nangate45,gcd,finish__design__instance__area,457549938522cbf74360fab4520cc93d40adeb9c,1756497923,1749917054,780.87,906.087,0.160356,failing,1
nangate45,gcd,finish__design__instance__area,e79a174e30f63fd031fb72cdd264e7358caaadfb,1757956713,1756497923,906.087,896.522,-0.0105566,tighten,0
nangate45,gcd,finish__design__instance__area,252042c9c294386a7a8594dc3465b542c0184c52,1759899974,1757956713,896.522,852.174,-0.0494665,tighten,0
nangate45,gcd,finish__design__instance__area,205191eb2258fba7f674fe64c982e8e2ac40e5ba,1787584319,1786034690,852.174,969.565,0.137755,failing,1
nangate45,gcd,placeopt__design__instance__area,373b724c682c33cdb2681bb95008e334cb2cff23,1658154812,1652820402,564.348,561.739,-0.0046225,tighten,0
nangate45,gcd,placeopt__design__instance__area,02d8ff41a1d522a27f0794a9c34c3925fae4dfc7,1660177978,1658154812,561.739,547.826,-0.0247678,tighten,1
nangate45,gcd,placeopt__design__instance__area,3799da2efef6eebe76862a917256cd6881f18bec,1672092902,1667495167,547.826,540.87,-0.0126984,tighten,1
nangate45,gcd,placeopt__design__instance__area,b25454973f2d0d42e01bf37f8e50ed77ad2eb8c7,1710588510,1709227107,540.87,537.391,-0.00643087,tighten,0
nangate45,gcd,placeopt__design__instance__area,a006172422544ec724ec4f2bd3b3ab46253ba94a,1713471019,1710588510,537.391,626.087,0.165049,failing,0
nangate45,gcd,placeopt__design__instance__area,53873f6b5a049a999386861e7a9ee80aa61080c5,1727499238,1726801420,626.087,649.565,0.0375,failing,0
nangate45,gcd,placeopt__design__instance__area,42c12e80a33d8c34badeff76e9aeeaea0b4e2651,1749917054,1749094747,649.565,646.087,-0.00535475,tighten,0
nangate45,gcd,placeopt__design__instance__area,205191eb2258fba7f674fe64c982e8e2ac40e5ba,1787584319,1786034690,646.087,827.826,0.281292,failing,1
nangate45,gcd,placeopt__design__instance__count__stdcell,02d8ff41a1d522a27f0794a9c34c3925fae4dfc7,1660177978,1658154812,513.913,469.565,-0.0862944,tighten,1
nangate45,gcd,placeopt__design__instance__count__stdcell,3799da2efef6eebe76862a917256cd6881f18bec,1672092902,1667495167,469.565,441.739,-0.0592593,tighten,1
nangate45,gcd,placeopt__design__instance__count__stdcell,b25454973f2d0d42e01bf37f8e50ed77ad2eb8c7,1710588510,1709227107,441.739,424.348,-0.0393701,tighten,0
nangate45,gcd,placeopt__design__instance__count__stdcell,a006172422544ec724ec4f2bd3b3ab46253ba94a,1713471019,1710588510,424.348,594.783,0.401639,failing,0
nangate45,gcd,placeopt__design__instance__count__stdcell,53873f6b5a049a999386861e7a9ee80aa61080c5,1727499238,1726801420,594.783,604.348,0.0160819,failing,0
nangate45,gcd,placeopt__design__instance__count__stdcell,457549938522cbf74360fab4520cc93d40adeb9c,1756497923,1749917054,604.348,595.652,-0.0143885,tighten,1
nangate45,gcd,placeopt__design__instance__count__stdcell,252042c9c294386a7a8594dc3465b542c0184c52,1759899974,1757956713,595.652,588.696,-0.0116788,tighten,0
nangate45,gcd,placeopt__design__instance__count__stdcell,205191eb2258fba7f674fe64c982e8e2ac40e5ba,1787584319,1786034690,588.696,711.304,0.208272,failing,1
nangate45,ibex,detailedroute__route__wirelength,373b724c682c33cdb2681bb95008e334cb2cff23,1658154812,1652820402,385628,385160,-0.00121315,tighten,0
nangate45,ibex,detailedroute__route__wirelength,02d8ff41a1d522a27f0794a9c34c3925fae4dfc7,1660177978,1658154812,385160,293345,-0.238381,tighten,1
nangate45,ibex,detailedroute__route__wirelength,3799da2efef6eebe76862a917256cd6881f18bec,1672092902,1667495167,293345,261387,-0.108944,tighten,1
nangate45,ibex,detailedroute__route__wirelength,f50270aaac2990b084b60db7761a35581c188644,1693498950,1683090721,261387,262477,0.00417173,failing,1
nangate45,ibex,detailedroute__route__wirelength,d49af69631865875ae670693833152b614499f7f,1702929357,1693498950,262477,259663,-0.0107239,tighten,0
nangate45,ibex,detailedroute__route__wirelength,292a586ef4d47252ac6fa553d05d57bb5486229e,1723903819,1720750184,259663,304886,0.174162,failing,0
nangate45,ibex,detailedroute__route__wirelength,53873f6b5a049a999386861e7a9ee80aa61080c5,1727499238,1727222371,304886,316315,0.0374851,failing,0
nangate45,ibex,detailedroute__route__wirelength,42c12e80a33d8c34badeff76e9aeeaea0b4e2651,1749917054,1749094747,316315,283321,-0.104307,tighten,0
nangate45,ibex,detailedroute__route__wirelength,9753d33a6e24b5daad668aca9cde8918f2af9ebd,1756701107,1749917054,283321,267422,-0.056117,tighten,1
nangate45,ibex,detailedroute__route__wirelength,b2d224758b1fae76777c5fc5a3493c6bd769404c,1763659797,1763395270,267422,256015,-0.0426553,tighten,0
nangate45,ibex,detailedroute__route__wirelength,a89f995a56a40be9b48b39daad94210b36a88d0a,1781720239,1779202706,256015,260820,0.0187693,failing,1
nangate45,ibex,finish__design__instance__area,02d8ff41a1d522a27f0794a9c34c3925fae4dfc7,1660177978,1658154812,32162.6,31440.9,-0.0224403,tighten,1
nangate45,ibex,finish__design__instance__area,3799da2efef6eebe76862a917256cd6881f18bec,1672092902,1667495167,31440.9,31357.4,-0.00265509,tighten,1
nangate45,ibex,finish__design__instance__area,b459e9447c176b22902653912b6b3c2709e32985,1683090721,1672313005,31357.4,31317.4,-0.00127562,tighten,1
nangate45,ibex,finish__design__instance__area,f50270aaac2990b084b60db7761a35581c188644,1693498950,1683090721,31317.4,31351.3,0.00108288,failing,1
nangate45,ibex,finish__design__instance__area,53873f6b5a049a999386861e7a9ee80aa61080c5,1727499238,1727222371,31351.3,34379.1,0.0965774,failing,0
nangate45,ibex,finish__design__instance__area,42c12e80a33d8c34badeff76e9aeeaea0b4e2651,1749917054,1749094747,34379.1,32216.5,-0.0629047,tighten,0
nangate45,ibex,finish__design__instance__area,9753d33a6e24b5daad668aca9cde8918f2af9ebd,1756701107,1749917054,32216.5,29304.3,-0.0903938,tighten,1
nangate45,ibex,finish__design__instance__area,b2d224758b1fae76777c5fc5a3493c6bd769404c,1763659797,1763395270,29304.3,29091.3,-0.00727003,tighten,0
nangate45,ibex,finish__design__instance__area,a14e5dde46e6bef60f4eb9c20e1c28c6bb275c4d,1764888706,1764698552,29091.3,29078.3,-0.000448363,tighten,0
nangate45,ibex,finish__design__instance__area,a89f995a56a40be9b48b39daad94210b36a88d0a,1781720239,1779202706,29078.3,29267,0.00648923,failing,1
nangate45,ibex,placeopt__design__instance__area,02d8ff41a1d522a27f0794a9c34c3925fae4dfc7,1660177978,1658154812,32019.1,31298.3,-0.0225137,tighten,1
nangate45,ibex,placeopt__design__instance__area,3799da2efef6eebe76862a917256cd6881f18bec,1672092902,1667495167,31298.3,30962.6,-0.0107243,tighten,1
nangate45,ibex,placeopt__design__instance__area,b459e9447c176b22902653912b6b3c2709e32985,1683090721,1672313005,30962.6,30916.5,-0.00148847,tighten,1
nangate45,ibex,placeopt__design__instance__area,f50270aaac2990b084b60db7761a35581c188644,1693498950,1683090721,30916.5,30950.4,0.00109692,failing,1
nangate45,ibex,placeopt__design__instance__area,d49af69631865875ae670693833152b614499f7f,1702929357,1693498950,30950.4,30768.7,-0.00587194,tighten,0
nangate45,ibex,placeopt__design__instance__area,53873f6b5a049a999386861e7a9ee80aa61080c5,1727499238,1727222371,30768.7,32054.8,0.0417986,failing,0
nangate45,ibex,placeopt__design__instance__area,42c12e80a33d8c34badeff76e9aeeaea0b4e2651,1749917054,1749094747,32054.8,31302.6,-0.0234653,tighten,0
nangate45,ibex,placeopt__design__instance__area,9753d33a6e24b5daad668aca9cde8918f2af9ebd,1756701107,1749917054,31302.6,28544.3,-0.088116,tighten,1
nangate45,ibex,placeopt__design__instance__area,b2d224758b1fae76777c5fc5a3493c6bd769404c,1763659797,1763395270,28544.3,28329.6,-0.00752452,tighten,0
nangate45,ibex,placeopt__design__instance__area,a89f995a56a40be9b48b39daad94210b36a88d0a,1781720239,1779202706,28329.6,28671.3,0.012063,failing,1
nangate45,ibex,placeopt__design__instance__count__stdcell,02d8ff41a1d522a27f0794a9c34c3925fae4dfc7,1660177978,1658154812,16559.1,15467.8,-0.0659035,tighten,1
nangate45,ibex,placeopt__design__instance__count__stdcell,3799da2efef6eebe76862a917256cd6881f18bec,1672092902,1667495167,15467.8,15272.2,-0.012649,tighten,1
nangate45,ibex,placeopt__design__instance__count__stdcell,bfe8d930e547fae99ed3f7e2dc7200499eee1898,1672313005,1672092902,15272.2,15268.7,-0.000227752,tighten,1
nangate45,ibex,placeopt__design__instance__count__stdcell,b459e9447c176b22902653912b6b3c2709e32985,1683090721,1672313005,15268.7,15267,-0.000113902,tighten,1
nangate45,ibex,placeopt__design__instance__count__stdcell,f50270aaac2990b084b60db7761a35581c188644,1693498950,1683090721,15267,15268.7,0.000113915,failing,1
nangate45,ibex,placeopt__design__instance__count__stdcell,d49af69631865875ae670693833152b614499f7f,1702929357,1693498950,15268.7,14968.7,-0.019648,tighten,0
nangate45,ibex,placeopt__design__instance__count__stdcell,53873f6b5a049a999386861e7a9ee80aa61080c5,1727499238,1727222371,14968.7,16377.4,0.0941094,failing,0
nangate45,ibex,placeopt__design__instance__count__stdcell,42c12e80a33d8c34badeff76e9aeeaea0b4e2651,1749917054,1749094747,16377.4,15478.3,-0.0549007,tighten,0
nangate45,ibex,placeopt__design__instance__count__stdcell,442c25202ace17ce42288d502eef557a4ce7f1e5,1779202706,1774531618,15478.3,14978.3,-0.0323034,tighten,1
nangate45,ibex,placeopt__design__instance__count__stdcell,a89f995a56a40be9b48b39daad94210b36a88d0a,1781720239,1779202706,14978.3,14994.8,0.00110305,failing,1
nangate45,ibex,placeopt__design__instance__count__stdcell,28b73dc76c51287fe3cfedd1da43c2245439d58a,1788181231,1786034690,14994.8,14713.9,-0.0187312,tighten,0
nangate45,jpeg,detailedroute__route__wirelength,373b724c682c33cdb2681bb95008e334cb2cff23,1658154812,1652820402,719805,716885,-0.00405665,tighten,0
nangate45,jpeg,detailedroute__route__wirelength,02d8ff41a1d522a27f0794a9c34c3925fae4dfc7,1660177978,1658154812,716885,576601,-0.195686,tighten,1
nangate45,jpeg,detailedroute__route__wirelength,3799da2efef6eebe76862a917256cd6881f18bec,1672092902,1670719457,576601,545359,-0.0541826,tighten,1
nangate45,jpeg,detailedroute__route__wirelength,f50270aaac2990b084b60db7761a35581c188644,1693498950,1692226288,545359,548508,0.00577362,failing,0
nangate45,jpeg,detailedroute__route__wirelength,3d05440525390fe651bd9ad60df2267f2cb6ad23,1702463869,1693498950,548508,540956,-0.0137686,tighten,0
nangate45,jpeg,detailedroute__route__wirelength,a006172422544ec724ec4f2bd3b3ab46253ba94a,1713471019,1702463869,540956,642310,0.187361,failing,1
nangate45,jpeg,detailedroute__route__wirelength,3395328e1dd9952de67871f6c4d5963788082fcc,1721331380,1720750184,642310,642240,-0.000108305,tighten,0
nangate45,jpeg,detailedroute__route__wirelength,292a586ef4d47252ac6fa553d05d57bb5486229e,1723903819,1721331380,642240,1.12658e+06,0.754139,failing,0
nangate45,jpeg,detailedroute__route__wirelength,53873f6b5a049a999386861e7a9ee80aa61080c5,1727499238,1727222371,1.12658e+06,1.1419e+06,0.0136026,failing,0
nangate45,jpeg,detailedroute__route__wirelength,fe77cbcfd1bcf40fbd80dc27be908210288a2b17,1738194375,1732560471,1.1419e+06,1.05161e+06,-0.0790732,tighten,0
nangate45,jpeg,detailedroute__route__wirelength,42c12e80a33d8c34badeff76e9aeeaea0b4e2651,1749917054,1749094747,1.05161e+06,597982,-0.431365,tighten,0
nangate45,jpeg,detailedroute__route__wirelength,9753d33a6e24b5daad668aca9cde8918f2af9ebd,1756701107,1749917054,597982,589403,-0.0143468,tighten,1
nangate45,jpeg,detailedroute__route__wirelength,252042c9c294386a7a8594dc3465b542c0184c52,1759899974,1757516308,589403,583603,-0.00984047,tighten,0
nangate45,jpeg,detailedroute__route__wirelength,6edb3e778fd2f9620bdb8df3e793e0e861f1d4f6,1762821255,1761360171,583603,551579,-0.0548721,tighten,1
nangate45,jpeg,detailedroute__route__wirelength,e768a6934f2adf5c3d928bd83e7b7efbbd75b156,1762915582,1762821255,551579,548969,-0.00473266,tighten,0
nangate45,jpeg,detailedroute__route__wirelength,da1076da7bd09afa144375fbfa654d5237470ab7,1765823329,1764992860,548969,548821,-0.00026928,tighten,0
nangate45,jpeg,detailedroute__route__wirelength,a89f995a56a40be9b48b39daad94210b36a88d0a,1781720239,1779202706,548821,569308,0.037329,failing,1
nangate45,jpeg,detailedroute__route__wirelength,bea7dcd7be7f26d1328f6058b01cf42bf4352aa2,1784084356,1781720239,569308,658508,0.156681,failing,0
nangate45,jpeg,finish__design__instance__area,3e85fcd8465d967e20d228c1494b8824e699e5a6,1652820402,1652373207,103423,103415,-7.56709e-05,tighten,0
nangate45,jpeg,finish__design__instance__area,373b724c682c33cdb2681bb95008e334cb2cff23,1658154812,1652820402,103415,103323,-0.000891303,tighten,0
nangate45,jpeg,finish__design__instance__area,02d8ff41a1d522a27f0794a9c34c3925fae4dfc7,1660177978,1658154812,103323,101255,-0.0200133,tighten,1
nangate45,jpeg,finish__design__instance__area,10f0392286d7f9084cd7e57431a65b90a907e363,1670719457,1667495167,101255,101088,-0.00164888,tighten,0
nangate45,jpeg,finish__design__instance__area,3799da2efef6eebe76862a917256cd6881f18bec,1672092902,1670719457,101088,100773,-0.00311395,tighten,1
nangate45,jpeg,finish__design__instance__area,f50270aaac2990b084b60db7761a35581c188644,1693498950,1692226288,100773,100855,0.000811121,failing,0
nangate45,jpeg,finish__design__instance__area,3d05440525390fe651bd9ad60df2267f2cb6ad23,1702463869,1693498950,100855,99507.8,-0.0133554,tighten,0
nangate45,jpeg,finish__design__instance__area,53873f6b5a049a999386861e7a9ee80aa61080c5,1727499238,1727222371,99507.8,113398,0.139591,failing,0
nangate45,jpeg,finish__design__instance__area,fe77cbcfd1bcf40fbd80dc27be908210288a2b17,1738194375,1732560471,113398,97648.7,-0.138887,tighten,0
nangate45,jpeg,finish__design__instance__area,42c12e80a33d8c34badeff76e9aeeaea0b4e2651,1749917054,1749094747,97648.7,92467.8,-0.0530562,tighten,0
nangate45,jpeg,finish__design__instance__area,9753d33a6e24b5daad668aca9cde8918f2af9ebd,1756701107,1749917054,92467.8,90142.6,-0.0251462,tighten,1
nangate45,jpeg,finish__design__instance__area,4ee6469a2d53f71c6289a6b2395d7acdc4ec8071,1757516308,1756701107,90142.6,89933.9,-0.00231517,tighten,0
nangate45,jpeg,finish__design__instance__area,a89f995a56a40be9b48b39daad94210b36a88d0a,1781720239,1779202706,89933.9,91384.3,0.0161278,failing,1
nangate45,jpeg,placeopt__design__instance__area,373b724c682c33cdb2681bb95008e334cb2cff23,1658154812,1652820402,102982,102889,-0.000903495,tighten,0
nangate45,jpeg,placeopt__design__instance__area,02d8ff41a1d522a27f0794a9c34c3925fae4dfc7,1660177978,1658154812,102889,100882,-0.0195061,tighten,1
nangate45,jpeg,placeopt__design__instance__area,10f0392286d7f9084cd7e57431a65b90a907e363,1670719457,1667495167,100882,100764,-0.00116365,tighten,0
nangate45,jpeg,placeopt__design__instance__area,3799da2efef6eebe76862a917256cd6881f18bec,1672092902,1670719457,100764,100446,-0.00315847,tighten,1
nangate45,jpeg,placeopt__design__instance__area,f50270aaac2990b084b60db7761a35581c188644,1693498950,1692226288,100446,100517,0.000709877,failing,0
nangate45,jpeg,placeopt__design__instance__area,3d05440525390fe651bd9ad60df2267f2cb6ad23,1702463869,1693498950,100517,98998.3,-0.0151131,tighten,0
nangate45,jpeg,placeopt__design__instance__area,53873f6b5a049a999386861e7a9ee80aa61080c5,1727499238,1727222371,98998.3,110663,0.117824,failing,0
nangate45,jpeg,placeopt__design__instance__area,fe77cbcfd1bcf40fbd80dc27be908210288a2b17,1738194375,1732560471,110663,96046.1,-0.132082,tighten,0
nangate45,jpeg,placeopt__design__instance__area,42c12e80a33d8c34badeff76e9aeeaea0b4e2651,1749917054,1749094747,96046.1,90758.3,-0.0550551,tighten,0
nangate45,jpeg,placeopt__design__instance__area,9753d33a6e24b5daad668aca9cde8918f2af9ebd,1756701107,1749917054,90758.3,88435.7,-0.0255912,tighten,1
nangate45,jpeg,placeopt__design__instance__area,a89f995a56a40be9b48b39daad94210b36a88d0a,1781720239,1779202706,88435.7,89594.8,0.013107,failing,1
nangate45,jpeg,placeopt__design__instance__area,bea7dcd7be7f26d1328f6058b01cf42bf4352aa2,1784084356,1781720239,89594.8,89496.5,-0.00109673,tighten,0
nangate45,jpeg,placeopt__design__instance__count__stdcell,373b724c682c33cdb2681bb95008e334cb2cff23,1658154812,1652820402,60568.7,60560.9,-0.00012921,tighten,0
nangate45,jpeg,placeopt__design__instance__count__stdcell,02d8ff41a1d522a27f0794a9c34c3925fae4dfc7,1660177978,1658154812,60560.9,56558.3,-0.0660923,tighten,1
nangate45,jpeg,placeopt__design__instance__count__stdcell,10f0392286d7f9084cd7e57431a65b90a907e363,1670719457,1667495167,56558.3,56545.2,-0.00023062,tighten,0
nangate45,jpeg,placeopt__design__instance__count__stdcell,3799da2efef6eebe76862a917256cd6881f18bec,1672092902,1670719457,56545.2,56179.1,-0.00647423,tighten,1
nangate45,jpeg,placeopt__design__instance__count__stdcell,f50270aaac2990b084b60db7761a35581c188644,1693498950,1692226288,56179.1,56185.2,0.000108349,failing,0
nangate45,jpeg,placeopt__design__instance__count__stdcell,3d05440525390fe651bd9ad60df2267f2cb6ad23,1702463869,1693498950,56185.2,54208.7,-0.0351787,tighten,0
nangate45,jpeg,placeopt__design__instance__count__stdcell,a006172422544ec724ec4f2bd3b3ab46253ba94a,1713471019,1702463869,54208.7,68601.7,0.265512,failing,1
nangate45,jpeg,placeopt__design__instance__count__stdcell,3395328e1dd9952de67871f6c4d5963788082fcc,1721331380,1720750184,68601.7,65931.3,-0.0389266,tighten,0
nangate45,jpeg,placeopt__design__instance__count__stdcell,53873f6b5a049a999386861e7a9ee80aa61080c5,1727499238,1727222371,65931.3,68432.2,0.0379314,failing,0
nangate45,jpeg,placeopt__design__instance__count__stdcell,fe77cbcfd1bcf40fbd80dc27be908210288a2b17,1738194375,1732560471,68432.2,62055.7,-0.0931802,tighten,0
nangate45,jpeg,placeopt__design__instance__count__stdcell,804812ea75e47913c47c50f833524f3577d6b7be,1741306883,1739380119,62055.7,61919.1,-0.00219999,tighten,0
nangate45,jpeg,placeopt__design__instance__count__stdcell,20a3b2c0f8eba1ba0c69e78893ea04760c580c76,1742507021,1742416962,61919.1,61918.3,-1.40436e-05,tighten,0
nangate45,jpeg,placeopt__design__instance__count__stdcell,42c12e80a33d8c34badeff76e9aeeaea0b4e2651,1749917054,1749094747,61918.3,60081.7,-0.0296604,tighten,0
nangate45,jpeg,placeopt__design__instance__count__stdcell,9753d33a6e24b5daad668aca9cde8918f2af9ebd,1756701107,1749917054,60081.7,59573,-0.00846673,tighten,1
nangate45,jpeg,placeopt__design__instance__count__stdcell,442c25202ace17ce42288d502eef557a4ce7f1e5,1779202706,1777331710,59573,59227,-0.00580946,tighten,1
nangate45,jpeg,placeopt__design__instance__count__stdcell,a89f995a56a40be9b48b39daad94210b36a88d0a,1781720239,1779202706,59227,59258.3,0.000528549,failing,1
nangate45,jpeg,placeopt__design__instance__count__stdcell,bea7dcd7be7f26d1328f6058b01cf42bf4352aa2,1784084356,1781720239,59258.3,59184.3,-0.0012473,tighten,0
nangate45,mempool_group,detailedroute__route__wirelength,9753d33a6e24b5daad668aca9cde8918f2af9ebd,1756701107,1747174692,4.29794e+06,3.54441e+06,-0.175324,tighten,1
nangate45,mempool_group,detailedroute__route__wirelength,4ee6469a2d53f71c6289a6b2395d7acdc4ec8071,1757516308,1756701107,3.54441e+06,3.50355e+06,-0.011528,tighten,0
nangate45,mempool_group,detailedroute__route__wirelength,580834004f1c81a8574f53c6fb416f2751c08a7c,1773314750,1772209135,3.50355e+06,5.0393e+06,0.438344,failing,0
nangate45,mempool_group,detailedroute__route__wirelength,1ad9ee5203118586cab4535015c5184473e53783,1774531618,1773561379,5.0393e+06,4.79023e+06,-0.0494273,tighten,0
nangate45,mempool_group,detailedroute__route__wirelength,5cd7c5dc10f25d1d79e2fa3aeed34da5050a2faa,1777160412,1775429724,4.79023e+06,4.58588e+06,-0.0426586,tighten,0
nangate45,mempool_group,detailedroute__route__wirelength,e91f812c6d8eaed2a7aa33b076e880e81a9dc2b9,1777929565,1777160412,4.58588e+06,4.58457e+06,-0.000285565,tighten,0
nangate45,mempool_group,detailedroute__route__wirelength,442c25202ace17ce42288d502eef557a4ce7f1e5,1779202706,1777929565,4.58457e+06,4.57073e+06,-0.00301863,tighten,1
nangate45,mempool_group,finish__design__instance__area,9753d33a6e24b5daad668aca9cde8918f2af9ebd,1756701107,1747174692,287965,264910,-0.080064,tighten,1
nangate45,mempool_group,finish__design__instance__area,4ee6469a2d53f71c6289a6b2395d7acdc4ec8071,1757516308,1756701107,264910,264244,-0.00251111,tighten,0
nangate45,mempool_group,finish__design__instance__area,e79a174e30f63fd031fb72cdd264e7358caaadfb,1757956713,1757516308,264244,263860,-0.00145452,tighten,0
nangate45,mempool_group,finish__design__instance__area,cbdc8b4c8bee18125dee663aaa6d168b48810668,1758645668,1757956713,263860,263676,-0.000698658,tighten,0
nangate45,mempool_group,finish__design__instance__area,580834004f1c81a8574f53c6fb416f2751c08a7c,1773314750,1772209135,263676,401475,0.522608,failing,0
nangate45,mempool_group,finish__design__instance__area,4f75afd4cb1ea5150d91d3a010fe278c28955efa,1773561379,1773314750,401475,401174,-0.000749411,tighten,1
nangate45,mempool_group,finish__design__instance__area,1ad9ee5203118586cab4535015c5184473e53783,1774531618,1773561379,401174,394538,-0.0165406,tighten,0
nangate45,mempool_group,finish__design__instance__area,6c7028f16cf3edf11439f9f609f70176e5a4be55,1782632631,1781276615,394538,394519,-4.84882e-05,tighten,1
nangate45,mempool_group,finish__design__instance__area,bea7dcd7be7f26d1328f6058b01cf42bf4352aa2,1784084356,1783532472,394519,394451,-0.000171921,tighten,0
nangate45,mempool_group,placeopt__design__instance__area,9753d33a6e24b5daad668aca9cde8918f2af9ebd,1756701107,1747174692,280040,256616,-0.0836464,tighten,1
nangate45,mempool_group,placeopt__design__instance__area,580834004f1c81a8574f53c6fb416f2751c08a7c,1773314750,1772209135,256616,392337,0.528891,failing,0
nangate45,mempool_group,placeopt__design__instance__area,1ad9ee5203118586cab4535015c5184473e53783,1774531618,1773561379,392337,386240,-0.0155412,tighten,0
nangate45,mempool_group,placeopt__design__instance__count__stdcell,580834004f1c81a8574f53c6fb416f2751c08a7c,1773314750,1772209135,141878,172790,0.217872,failing,0
nangate45,mempool_group,placeopt__design__instance__count__stdcell,1ad9ee5203118586cab4535015c5184473e53783,1774531618,1773561379,172790,169229,-0.0206081,tighten,0
nangate45,mempool_group,placeopt__design__instance__count__stdcell,5cd7c5dc10f25d1d79e2fa3aeed34da5050a2faa,1777160412,1775429724,169229,163820,-0.0319609,tighten,0
nangate45,mempool_group,placeopt__design__instance__count__stdcell,e91f812c6d8eaed2a7aa33b076e880e81a9dc2b9,1777929565,1777160412,163820,163787,-0.000201706,tighten,0
nangate45,mempool_group,placeopt__design__instance__count__stdcell,442c25202ace17ce42288d502eef557a4ce7f1e5,1779202706,1777929565,163787,163755,-0.000196438,tighten,1
nangate45,mempool_group,placeopt__design__instance__count__stdcell,6c7028f16cf3edf11439f9f609f70176e5a4be55,1782632631,1781276615,163755,163727,-0.000169925,tighten,1
nangate45,swerv,detailedroute__route__wirelength,3e85fcd8465d967e20d228c1494b8824e699e5a6,1652820402,1652373207,3.37901e+06,3.37838e+06,-0.000186574,tighten,0
nangate45,swerv,detailedroute__route__wirelength,02d8ff41a1d522a27f0794a9c34c3925fae4dfc7,1660177978,1658154812,3.37838e+06,2.72193e+06,-0.19431,tighten,1
nangate45,swerv,detailedroute__route__wirelength,c7ddcdb4c019d9d61c6866807d764af3951325a4,1673993899,1667495167,2.72193e+06,2.38568e+06,-0.123534,tighten,0
nangate45,swerv,detailedroute__route__wirelength,89b2d9632357f0a6efbab30b78774058c4761ab9,1687068172,1683090721,2.38568e+06,2.33578e+06,-0.0209168,tighten,1
nangate45,swerv,detailedroute__route__wirelength,533686274bc7711df4ab6240b9e27bb1c85059c7,1689626103,1687261472,2.33578e+06,2.34196e+06,0.00264803,failing,0
nangate45,swerv,detailedroute__route__wirelength,3cf22e57f905b4c112a4c39dc124b323dbd284af,1720750184,1693498950,2.34196e+06,2.27356e+06,-0.0292085,tighten,0
nangate45,swerv,detailedroute__route__wirelength,292a586ef4d47252ac6fa553d05d57bb5486229e,1723903819,1720750184,2.27356e+06,2.85798e+06,0.257049,failing,0
nangate45,swerv,detailedroute__route__wirelength,53873f6b5a049a999386861e7a9ee80aa61080c5,1727499238,1727222371,2.85798e+06,2.90682e+06,0.0170905,failing,0
nangate45,swerv,detailedroute__route__wirelength,efbc08a20cb0e9999d8ae71e13efdd7faf28c429,1749587125,1749094747,2.90682e+06,3.39177e+06,0.166831,failing,0
nangate45,swerv,detailedroute__route__wirelength,b92972508bb00d0445d81ca520f66c824e19e7db,1755615137,1750273217,3.39177e+06,2.44961e+06,-0.277779,tighten,1
nangate45,swerv,detailedroute__route__wirelength,e79a174e30f63fd031fb72cdd264e7358caaadfb,1757956713,1757516308,2.44961e+06,2.44744e+06,-0.000883194,tighten,0
nangate45,swerv,detailedroute__route__wirelength,801cc97afc83a17c47a5220222155a151410ea35,1765479783,1765208251,2.44744e+06,2.43595e+06,-0.00469772,tighten,0
nangate45,swerv,detailedroute__route__wirelength,da1076da7bd09afa144375fbfa654d5237470ab7,1765823329,1765479783,2.43595e+06,2.43432e+06,-0.000667538,tighten,0
nangate45,swerv,detailedroute__route__wirelength,e3f6ead01c33c5c7ffed5824a43d44dfcadba162,1771913295,1769814722,2.43432e+06,2.3125e+06,-0.050042,tighten,1
nangate45,swerv,detailedroute__route__wirelength,442c25202ace17ce42288d502eef557a4ce7f1e5,1779202706,1778622148,2.3125e+06,2.05896e+06,-0.10964,tighten,0
nangate45,swerv,detailedroute__route__wirelength,d39a7b21e8f23d0220f03ee6e4f727156f236853,1780178044,1779996630,2.05896e+06,2.0574e+06,-0.000755553,tighten,0
nangate45,swerv,detailedroute__route__wirelength,dd16357d8e468bf10bbcaad074f42067030ff483,1780539925,1780178044,2.0574e+06,2.05657e+06,-0.000405746,tighten,0
nangate45,swerv,detailedroute__route__wirelength,a89f995a56a40be9b48b39daad94210b36a88d0a,1781720239,1780539925,2.05657e+06,2.04782e+06,-0.00425403,tighten,1
nangate45,swerv,finish__design__instance__area,02d8ff41a1d522a27f0794a9c34c3925fae4dfc7,1660177978,1658154812,182013,177900,-0.0225975,tighten,1
nangate45,swerv,finish__design__instance__area,c7ddcdb4c019d9d61c6866807d764af3951325a4,1673993899,1667495167,177900,174891,-0.0169123,tighten,0
nangate45,swerv,finish__design__instance__area,b459e9447c176b22902653912b6b3c2709e32985,1683090721,1673993899,174891,173880,-0.00578247,tighten,1
nangate45,swerv,finish__design__instance__area,533686274bc7711df4ab6240b9e27bb1c85059c7,1689626103,1687261472,173880,174960,0.00621118,failing,0
nangate45,swerv,finish__design__instance__area,53873f6b5a049a999386861e7a9ee80aa61080c5,1727499238,1727222371,174960,190303,0.0876921,failing,0
nangate45,swerv,finish__design__instance__area,42c12e80a33d8c34badeff76e9aeeaea0b4e2651,1749917054,1749587125,190303,179828,-0.0550428,tighten,0
nangate45,swerv,finish__design__instance__area,9753d33a6e24b5daad668aca9cde8918f2af9ebd,1756701107,1755615137,179828,161826,-0.100105,tighten,0
nangate45,swerv,finish__design__instance__area,faa7fe5f7e7c424bb2ca4b05ed18e113f2d482ac,1756800730,1756701107,161826,160945,-0.00544331,tighten,0
nangate45,swerv,finish__design__instance__area,4ee6469a2d53f71c6289a6b2395d7acdc4ec8071,1757516308,1756852624,160945,159913,-0.0064132,tighten,0
nangate45,swerv,finish__design__instance__area,e79a174e30f63fd031fb72cdd264e7358caaadfb,1757956713,1757516308,159913,159801,-0.000701468,tighten,0
nangate45,swerv,finish__design__instance__area,cbdc8b4c8bee18125dee663aaa6d168b48810668,1758645668,1757956713,159801,159770,-0.000190454,tighten,0
nangate45,swerv,finish__design__instance__area,d39a7b21e8f23d0220f03ee6e4f727156f236853,1780178044,1779996630,159770,159729,-0.000261244,tighten,0
nangate45,swerv,finish__design__instance__area,dd16357d8e468bf10bbcaad074f42067030ff483,1780539925,1780178044,159729,159630,-0.000620618,tighten,0
nangate45,swerv,finish__design__instance__area,a89f995a56a40be9b48b39daad94210b36a88d0a,1781720239,1780539925,159630,159428,-0.0012638,tighten,1
nangate45,swerv,finish__design__instance__area,993421dfc995dce4d6d2aec2028d7f34546a2f81,1784194417,1784084356,159428,159038,-0.00244352,tighten,0
nangate45,swerv,placeopt__design__instance__area,02d8ff41a1d522a27f0794a9c34c3925fae4dfc7,1660177978,1658154812,180842,176993,-0.0212821,tighten,1
nangate45,swerv,placeopt__design__instance__area,c7ddcdb4c019d9d61c6866807d764af3951325a4,1673993899,1667495167,176993,174091,-0.0163947,tighten,0
nangate45,swerv,placeopt__design__instance__area,b459e9447c176b22902653912b6b3c2709e32985,1683090721,1673993899,174091,173084,-0.00578407,tighten,1
nangate45,swerv,placeopt__design__instance__area,533686274bc7711df4ab6240b9e27bb1c85059c7,1689626103,1687261472,173084,174162,0.00622466,failing,0
nangate45,swerv,placeopt__design__instance__area,3cf22e57f905b4c112a4c39dc124b323dbd284af,1720750184,1693498950,174162,173932,-0.00131812,tighten,0
nangate45,swerv,placeopt__design__instance__area,53873f6b5a049a999386861e7a9ee80aa61080c5,1727499238,1727222371,173932,185424,0.0660727,failing,0
nangate45,swerv,placeopt__design__instance__area,42c12e80a33d8c34badeff76e9aeeaea0b4e2651,1749917054,1749587125,185424,175630,-0.0528236,tighten,0
nangate45,swerv,placeopt__design__instance__area,9753d33a6e24b5daad668aca9cde8918f2af9ebd,1756701107,1755615137,175630,156685,-0.107865,tighten,0
nangate45,swerv,placeopt__design__instance__area,4ee6469a2d53f71c6289a6b2395d7acdc4ec8071,1757516308,1756852624,156685,155834,-0.00543321,tighten,0
nangate45,swerv,placeopt__design__instance__area,e79a174e30f63fd031fb72cdd264e7358caaadfb,1757956713,1757516308,155834,155782,-0.000334805,tighten,0
nangate45,swerv,placeopt__design__instance__area,442c25202ace17ce42288d502eef557a4ce7f1e5,1779202706,1778622148,155782,154660,-0.00720071,tighten,0
nangate45,swerv,placeopt__design__instance__area,a89f995a56a40be9b48b39daad94210b36a88d0a,1781720239,1780539925,154660,154302,-0.00231644,tighten,1
nangate45,swerv,placeopt__design__instance__area,993421dfc995dce4d6d2aec2028d7f34546a2f81,1784194417,1784084356,154302,154181,-0.000783332,tighten,0
nangate45,swerv,placeopt__design__instance__count__stdcell,373b724c682c33cdb2681bb95008e334cb2cff23,1658154812,1652820402,88553,88533,-0.000225853,tighten,0
nangate45,swerv,placeopt__design__instance__count__stdcell,02d8ff41a1d522a27f0794a9c34c3925fae4dfc7,1660177978,1658154812,88533,82668.7,-0.0662391,tighten,1
nangate45,swerv,placeopt__design__instance__count__stdcell,c7ddcdb4c019d9d61c6866807d764af3951325a4,1673993899,1667495167,82668.7,82347,-0.00389191,tighten,0
nangate45,swerv,placeopt__design__instance__count__stdcell,b459e9447c176b22902653912b6b3c2709e32985,1683090721,1673993899,82347,81471.3,-0.0106337,tighten,1
nangate45,swerv,placeopt__design__instance__count__stdcell,533686274bc7711df4ab6240b9e27bb1c85059c7,1689626103,1687261472,81471.3,82347,0.010748,failing,0
nangate45,swerv,placeopt__design__instance__count__stdcell,53873f6b5a049a999386861e7a9ee80aa61080c5,1727499238,1727222371,82347,92238.3,0.120117,failing,0
nangate45,swerv,placeopt__design__instance__count__stdcell,42c12e80a33d8c34badeff76e9aeeaea0b4e2651,1749917054,1749587125,92238.3,86384.3,-0.0634651,tighten,0
nangate45,swerv,placeopt__design__instance__count__stdcell,442c25202ace17ce42288d502eef557a4ce7f1e5,1779202706,1778622148,86384.3,85587.8,-0.00922067,tighten,0
nangate45,swerv,placeopt__design__instance__count__stdcell,a89f995a56a40be9b48b39daad94210b36a88d0a,1781720239,1780539925,85587.8,85241.7,-0.00404365,tighten,1
nangate45,swerv,placeopt__design__instance__count__stdcell,993421dfc995dce4d6d2aec2028d7f34546a2f81,1784194417,1784084356,85241.7,84965.2,-0.00324397,tighten,0
nangate45,swerv_wrapper,detailedroute__route__wirelength,3e85fcd8465d967e20d228c1494b8824e699e5a6,1652820402,1652373207,4.50027e+06,4.49389e+06,-0.00141673,tighten,1
nangate45,swerv_wrapper,detailedroute__route__wirelength,373b724c682c33cdb2681bb95008e334cb2cff23,1658154812,1653240872,4.49389e+06,4.48263e+06,-0.00250678,tighten,1
nangate45,swerv_wrapper,detailedroute__route__wirelength,fab648635188d1546e02865e199152f36fd39d2c,1671287778,1667495167,4.48263e+06,4.03429e+06,-0.100017,tighten,1
nangate45,swerv_wrapper,detailedroute__route__wirelength,a4f921efb8e08239e7e413f1d09656c9711de927,1673495113,1671603612,4.03429e+06,4.70458e+06,0.166149,failing,1
nangate45,swerv_wrapper,detailedroute__route__wirelength,d88047488af4d447b2ffe465da20588f6948e00a,1676645592,1673495113,4.70458e+06,4.27313e+06,-0.0917092,tighten,1
nangate45,swerv_wrapper,detailedroute__route__wirelength,8b592cea2cb8670afb1c642fe2d310a30a3ac777,1683145855,1680104528,4.27313e+06,3.954e+06,-0.0746827,tighten,1
nangate45,swerv_wrapper,detailedroute__route__wirelength,533686274bc7711df4ab6240b9e27bb1c85059c7,1689626103,1684781594,3.954e+06,4.00435e+06,0.0127338,failing,1
nangate45,swerv_wrapper,detailedroute__route__wirelength,f50270aaac2990b084b60db7761a35581c188644,1693498950,1692226288,4.00435e+06,3.9897e+06,-0.00365841,tighten,0
nangate45,swerv_wrapper,detailedroute__route__wirelength,3cf22e57f905b4c112a4c39dc124b323dbd284af,1720750184,1696708795,3.9897e+06,3.63845e+06,-0.0880389,tighten,1
nangate45,swerv_wrapper,detailedroute__route__wirelength,292a586ef4d47252ac6fa553d05d57bb5486229e,1723903819,1720750184,3.63845e+06,4.2479e+06,0.167503,failing,1
nangate45,swerv_wrapper,detailedroute__route__wirelength,fabc855b4aeca0b29e97639f33900972c0ba6ad0,1724866939,1723903819,4.2479e+06,4.23189e+06,-0.00376923,tighten,0
nangate45,swerv_wrapper,detailedroute__route__wirelength,1b2abed1a3d0628769aa99ed747128159ab2fc77,1727222371,1726801420,4.23189e+06,6.18486e+06,0.461489,failing,1
nangate45,swerv_wrapper,detailedroute__route__wirelength,53873f6b5a049a999386861e7a9ee80aa61080c5,1727499238,1727222371,6.18486e+06,6.15741e+06,-0.00443721,tighten,0
nangate45,swerv_wrapper,detailedroute__route__wirelength,0a5008b61e52270c274703e0d1a206d125eaef14,1729625491,1727499238,6.15741e+06,4.34338e+06,-0.294609,tighten,1
nangate45,swerv_wrapper,detailedroute__route__wirelength,d12bbc7d8b49ff23f8769ea0b8f69f53cd6921f0,1729733195,1729625491,4.34338e+06,6.15741e+06,0.417654,failing,0
nangate45,swerv_wrapper,detailedroute__route__wirelength,7e8900be6942b8f67e67211f84a24089fde3b690,1733066847,1729733195,6.15741e+06,4.96727e+06,-0.193286,tighten,1
nangate45,swerv_wrapper,detailedroute__route__wirelength,faaca5deceec0a6aa9e03bc28b0a0c210a4610fe,1736542147,1733066847,4.96727e+06,4.65733e+06,-0.062397,tighten,1
nangate45,swerv_wrapper,detailedroute__route__wirelength,1a629f5a309069fccd6ab3684234d178762fc9f0,1738793252,1736542147,4.65733e+06,4.43027e+06,-0.0487524,tighten,1
nangate45,swerv_wrapper,detailedroute__route__wirelength,b434ab0f9eaa83373567f1bb5f067e9707d4e02d,1744678380,1744419103,4.43027e+06,5.39835e+06,0.218515,failing,0
nangate45,swerv_wrapper,detailedroute__route__wirelength,440775a4be4f30d90dc0b88d164a091d00c221fe,1745960501,1744678380,5.39835e+06,5.14118e+06,-0.0476388,tighten,0
nangate45,swerv_wrapper,detailedroute__route__wirelength,42178207582b826afda558465d444ace04ccbd4a,1747174692,1745960501,5.14118e+06,6.41081e+06,0.246952,failing,1
nangate45,swerv_wrapper,detailedroute__route__wirelength,b6d79b23bd75eb25966c86be90cb5432c21758a4,1748002531,1747174692,6.41081e+06,5.15003e+06,-0.196664,tighten,1
nangate45,swerv_wrapper,detailedroute__route__wirelength,d5f6f3a88807f23e991230761f3671a14aeed709,1749094747,1748002531,5.15003e+06,4.78971e+06,-0.0699653,tighten,1
nangate45,swerv_wrapper,detailedroute__route__wirelength,efbc08a20cb0e9999d8ae71e13efdd7faf28c429,1749587125,1749094747,4.78971e+06,4.43135e+06,-0.0748173,tighten,0
nangate45,swerv_wrapper,detailedroute__route__wirelength,42c12e80a33d8c34badeff76e9aeeaea0b4e2651,1749917054,1749587125,4.43135e+06,4.66588e+06,0.0529235,failing,1
nangate45,swerv_wrapper,detailedroute__route__wirelength,449a6add123eed49ba17f11d5154c5c9865a99a4,1756152598,1750273217,4.66588e+06,4.37542e+06,-0.062251,tighten,1
nangate45,swerv_wrapper,detailedroute__route__wirelength,9753d33a6e24b5daad668aca9cde8918f2af9ebd,1756701107,1756152598,4.37542e+06,3.42005e+06,-0.21835,tighten,0
nangate45,swerv_wrapper,detailedroute__route__wirelength,cddcedb9d559b67a6b598a2c4b38ad0e04fd2bde,1759261996,1757956713,3.42005e+06,4.21866e+06,0.233507,failing,0
nangate45,swerv_wrapper,detailedroute__route__wirelength,b31abb52d66b377d02766ec029c33e1eef38624c,1760587812,1760426794,4.21866e+06,3.63605e+06,-0.138101,tighten,0
nangate45,swerv_wrapper,detailedroute__route__wirelength,e768a6934f2adf5c3d928bd83e7b7efbbd75b156,1762915582,1762448358,3.63605e+06,3.5234e+06,-0.0309837,tighten,0
nangate45,swerv_wrapper,detailedroute__route__wirelength,08605fea40cbedc1d6c98b778d615095c0d471cc,1768590962,1768332750,3.5234e+06,3.48907e+06,-0.0097411,tighten,0
nangate45,swerv_wrapper,detailedroute__route__wirelength,3b73eb16ccac67fee3022b843ec73964fed2da93,1769102322,1768590962,3.48907e+06,3.48867e+06,-0.000115391,tighten,0
nangate45,swerv_wrapper,detailedroute__route__wirelength,0cbf0c6d8da9eef06ba6262c7ff01edee0756a99,1771960426,1770953622,3.48867e+06,3.1818e+06,-0.087961,tighten,1
nangate45,swerv_wrapper,detailedroute__route__wirelength,e0f1ad381d76fce62eb9703e978d0734548bf7d5,1772209135,1771960426,3.1818e+06,3.1645e+06,-0.00543717,tighten,0
nangate45,swerv_wrapper,detailedroute__route__wirelength,38e838ab6c8df2044b12fd36f19db23ba3deae0a,1772834135,1772209135,3.1645e+06,3.80672e+06,0.202944,failing,0
nangate45,swerv_wrapper,detailedroute__route__wirelength,5101376937a58731b5038683b2cb7b70404da7fc,1772917750,1772834135,3.80672e+06,4.8691e+06,0.27908,failing,0
nangate45,swerv_wrapper,detailedroute__route__wirelength,4f75afd4cb1ea5150d91d3a010fe278c28955efa,1773561379,1773099015,4.8691e+06,4.82304e+06,-0.00945965,tighten,0
nangate45,swerv_wrapper,detailedroute__route__wirelength,1ad9ee5203118586cab4535015c5184473e53783,1774531618,1774311851,4.82304e+06,4.41552e+06,-0.0844949,tighten,0
nangate45,swerv_wrapper,detailedroute__route__wirelength,ceb03b9a89661ab44292cb183c26fea1b142c837,1775429724,1775130306,4.41552e+06,4.22164e+06,-0.0439082,tighten,0
nangate45,swerv_wrapper,detailedroute__route__wirelength,44a0461f3fe8e9787f224d7b8ac5de1963d46d77,1775583283,1775429724,4.22164e+06,3.82232e+06,-0.0945898,tighten,0
nangate45,swerv_wrapper,detailedroute__route__wirelength,442c25202ace17ce42288d502eef557a4ce7f1e5,1779202706,1777048191,3.82232e+06,3.81963e+06,-0.000703648,tighten,1
nangate45,swerv_wrapper,detailedroute__route__wirelength,d39a7b21e8f23d0220f03ee6e4f727156f236853,1780178044,1779371670,3.81963e+06,3.81946e+06,-4.34825e-05,tighten,0
nangate45,swerv_wrapper,detailedroute__route__wirelength,a89f995a56a40be9b48b39daad94210b36a88d0a,1781720239,1780539925,3.81946e+06,3.64528e+06,-0.0456026,tighten,1
nangate45,swerv_wrapper,detailedroute__route__wirelength,6c7028f16cf3edf11439f9f609f70176e5a4be55,1782632631,1781720239,3.64528e+06,3.61782e+06,-0.00753397,tighten,0
nangate45,swerv_wrapper,detailedroute__route__wirelength,fbd08fec657f6d98f1cc36c7231c7c84698bcc97,1786595143,1786034690,3.61782e+06,4.20403e+06,0.162032,failing,0
nangate45,swerv_wrapper,finish__design__instance__area,3e85fcd8465d967e20d228c1494b8824e699e5a6,1652820402,1652373207,663290,663267,-3.40857e-05,tighten,1
nangate45,swerv_wrapper,finish__design__instance__area,373b724c682c33cdb2681bb95008e334cb2cff23,1658154812,1653240872,663267,662832,-0.000655517,tighten,1
nangate45,swerv_wrapper,finish__design__instance__area,547194abbf5f1a61abcc545e0b98d4f0136dba79,1671603612,1671287778,662832,661938,-0.00134863,tighten,1
nangate45,swerv_wrapper,finish__design__instance__area,533686274bc7711df4ab6240b9e27bb1c85059c7,1689626103,1684781594,661938,671752,0.014826,failing,1
nangate45,swerv_wrapper,finish__design__instance__area,f50270aaac2990b084b60db7761a35581c188644,1693498950,1692226288,671752,671595,-0.0002343,tighten,0
nangate45,swerv_wrapper,finish__design__instance__area,53873f6b5a049a999386861e7a9ee80aa61080c5,1727499238,1727222371,671595,687569,0.023785,failing,0
nangate45,swerv_wrapper,finish__design__instance__area,faaca5deceec0a6aa9e03bc28b0a0c210a4610fe,1736542147,1733066847,687569,684642,-0.00425697,tighten,1
nangate45,swerv_wrapper,finish__design__instance__area,1a629f5a309069fccd6ab3684234d178762fc9f0,1738793252,1736542147,684642,682832,-0.00264308,tighten,1
nangate45,swerv_wrapper,finish__design__instance__area,804812ea75e47913c47c50f833524f3577d6b7be,1741306883,1739380119,682832,675393,-0.0108945,tighten,0
nangate45,swerv_wrapper,finish__design__instance__area,87326a791158be03cb2b9523f4552764934d821a,1741437680,1741306883,675393,675135,-0.000382386,tighten,0
nangate45,swerv_wrapper,finish__design__instance__area,fca2249dd22e6aad55d5cacc786e6c94fb7dbb86,1742416962,1742397693,675135,663916,-0.0166176,tighten,0
nangate45,swerv_wrapper,finish__design__instance__area,20a3b2c0f8eba1ba0c69e78893ea04760c580c76,1742507021,1742416962,663916,663568,-0.000523901,tighten,0
nangate45,swerv_wrapper,finish__design__instance__area,42178207582b826afda558465d444ace04ccbd4a,1747174692,1745960501,663568,663499,-0.000103525,tighten,1
nangate45,swerv_wrapper,finish__design__instance__area,efbc08a20cb0e9999d8ae71e13efdd7faf28c429,1749587125,1749094747,663499,663377,-0.00018348,tighten,0
nangate45,swerv_wrapper,finish__design__instance__area,449a6add123eed49ba17f11d5154c5c9865a99a4,1756152598,1750273217,663377,643249,-0.0303428,tighten,1
nangate45,swerv_wrapper,finish__design__instance__area,9753d33a6e24b5daad668aca9cde8918f2af9ebd,1756701107,1756152598,643249,640889,-0.00366888,tighten,0
nangate45,swerv_wrapper,finish__design__instance__area,4ee6469a2d53f71c6289a6b2395d7acdc4ec8071,1757516308,1756701107,640889,639879,-0.00157526,tighten,0
nangate45,swerv_wrapper,finish__design__instance__area,e79a174e30f63fd031fb72cdd264e7358caaadfb,1757956713,1757516308,639879,639669,-0.000328866,tighten,0
nangate45,swerv_wrapper,finish__design__instance__area,08605fea40cbedc1d6c98b778d615095c0d471cc,1768590962,1768332750,639669,636507,-0.00494278,tighten,0
nangate45,swerv_wrapper,finish__design__instance__area,a89f995a56a40be9b48b39daad94210b36a88d0a,1781720239,1780539925,636507,638579,0.00325554,failing,1
nangate45,swerv_wrapper,finish__design__instance__area,fbd08fec657f6d98f1cc36c7231c7c84698bcc97,1786595143,1786034690,638579,638241,-0.000529709,tighten,0
nangate45,swerv_wrapper,placeopt__design__instance__area,3e85fcd8465d967e20d228c1494b8824e699e5a6,1652820402,1652373207,662171,662150,-3.28301e-05,tighten,1
nangate45,swerv_wrapper,placeopt__design__instance__area,373b724c682c33cdb2681bb95008e334cb2cff23,1658154812,1653240872,662150,661705,-0.000671069,tighten,1
nangate45,swerv_wrapper,placeopt__design__instance__area,547194abbf5f1a61abcc545e0b98d4f0136dba79,1671603612,1671287778,661705,661038,-0.00100794,tighten,1
nangate45,swerv_wrapper,placeopt__design__instance__area,533686274bc7711df4ab6240b9e27bb1c85059c7,1689626103,1684781594,661038,670896,0.014912,failing,1
nangate45,swerv_wrapper,placeopt__design__instance__area,f50270aaac2990b084b60db7761a35581c188644,1693498950,1692226288,670896,670727,-0.000251448,tighten,0
nangate45,swerv_wrapper,placeopt__design__instance__area,53873f6b5a049a999386861e7a9ee80aa61080c5,1727499238,1727222371,670727,681726,0.0163988,failing,0
nangate45,swerv_wrapper,placeopt__design__instance__area,faaca5deceec0a6aa9e03bc28b0a0c210a4610fe,1736542147,1733066847,681726,678513,-0.0047131,tighten,1
nangate45,swerv_wrapper,placeopt__design__instance__area,1a629f5a309069fccd6ab3684234d178762fc9f0,1738793252,1736542147,678513,676636,-0.00276692,tighten,1
nangate45,swerv_wrapper,placeopt__design__instance__area,804812ea75e47913c47c50f833524f3577d6b7be,1741306883,1739380119,676636,669791,-0.0101153,tighten,0
nangate45,swerv_wrapper,placeopt__design__instance__area,fca2249dd22e6aad55d5cacc786e6c94fb7dbb86,1742416962,1742397693,669791,657974,-0.0176434,tighten,0
nangate45,swerv_wrapper,placeopt__design__instance__area,2a31587075cb487f1aaa9a64fb093e5307f965df,1744419103,1742849336,657974,657357,-0.000937,tighten,0
nangate45,swerv_wrapper,placeopt__design__instance__area,42178207582b826afda558465d444ace04ccbd4a,1747174692,1745960501,657357,656982,-0.000571458,tighten,1
nangate45,swerv_wrapper,placeopt__design__instance__area,efbc08a20cb0e9999d8ae71e13efdd7faf28c429,1749587125,1749094747,656982,656659,-0.000491047,tighten,0
nangate45,swerv_wrapper,placeopt__design__instance__area,449a6add123eed49ba17f11d5154c5c9865a99a4,1756152598,1750273217,656659,637412,-0.0293104,tighten,1
nangate45,swerv_wrapper,placeopt__design__instance__area,9753d33a6e24b5daad668aca9cde8918f2af9ebd,1756701107,1756152598,637412,634938,-0.00388118,tighten,0
nangate45,swerv_wrapper,placeopt__design__instance__area,1be034e737a02fe70284f707097323db943e71cf,1765297538,1765208251,634938,634936,-4.10858e-06,tighten,0
nangate45,swerv_wrapper,placeopt__design__instance__area,20dc208b49af875cfa5ba1c4490f68d635d8d621,1768019333,1767727881,634936,634551,-0.000605334,tighten,1
nangate45,swerv_wrapper,placeopt__design__instance__area,08605fea40cbedc1d6c98b778d615095c0d471cc,1768590962,1768332750,634551,631741,-0.00442901,tighten,0
nangate45,swerv_wrapper,placeopt__design__instance__area,a89f995a56a40be9b48b39daad94210b36a88d0a,1781720239,1780539925,631741,634048,0.00365174,failing,1
nangate45,swerv_wrapper,placeopt__design__instance__area,46ab2641676dbb70f63a78ed72d6ff9f978c5b6c,1784903195,1784194417,634048,632632,-0.00223272,tighten,1
nangate45,swerv_wrapper,placeopt__design__instance__count__stdcell,3e85fcd8465d967e20d228c1494b8824e699e5a6,1652820402,1652373207,93841.7,93831.3,-0.000111196,tighten,1
nangate45,swerv_wrapper,placeopt__design__instance__count__stdcell,373b724c682c33cdb2681bb95008e334cb2cff23,1658154812,1653240872,93831.3,93755.7,-0.000806257,tighten,1
nangate45,swerv_wrapper,placeopt__design__instance__count__stdcell,547194abbf5f1a61abcc545e0b98d4f0136dba79,1671603612,1671287778,93755.7,93504.3,-0.00268042,tighten,1
nangate45,swerv_wrapper,placeopt__design__instance__count__stdcell,533686274bc7711df4ab6240b9e27bb1c85059c7,1689626103,1684781594,93504.3,95965.2,0.0263182,failing,1
nangate45,swerv_wrapper,placeopt__design__instance__count__stdcell,f50270aaac2990b084b60db7761a35581c188644,1693498950,1692226288,95965.2,95946.1,-0.000199348,tighten,0
nangate45,swerv_wrapper,placeopt__design__instance__count__stdcell,53873f6b5a049a999386861e7a9ee80aa61080c5,1727499238,1727222371,95946.1,107142,0.116687,failing,0
nangate45,swerv_wrapper,placeopt__design__instance__count__stdcell,faaca5deceec0a6aa9e03bc28b0a0c210a4610fe,1736542147,1733066847,107142,101261,-0.0548887,tighten,1
nangate45,swerv_wrapper,placeopt__design__instance__count__stdcell,1a629f5a309069fccd6ab3684234d178762fc9f0,1738793252,1736542147,101261,100261,-0.00987548,tighten,1
nangate45,swerv_wrapper,placeopt__design__instance__count__stdcell,42c12e80a33d8c34badeff76e9aeeaea0b4e2651,1749917054,1749587125,100261,98320.9,-0.0193495,tighten,1
nangate45,swerv_wrapper,placeopt__design__instance__count__stdcell,9753d33a6e24b5daad668aca9cde8918f2af9ebd,1756701107,1756152598,98320.9,98211.3,-0.00111436,tighten,0
nangate45,swerv_wrapper,placeopt__design__instance__count__stdcell,b31abb52d66b377d02766ec029c33e1eef38624c,1760587812,1760426794,98211.3,98133.9,-0.000788008,tighten,0
nangate45,swerv_wrapper,placeopt__design__instance__count__stdcell,20dc208b49af875cfa5ba1c4490f68d635d8d621,1768019333,1767727881,98133.9,96027.8,-0.0214614,tighten,1
nangate45,swerv_wrapper,placeopt__design__instance__count__stdcell,08605fea40cbedc1d6c98b778d615095c0d471cc,1768590962,1768332750,96027.8,94297.4,-0.0180201,tighten,0
nangate45,swerv_wrapper,placeopt__design__instance__count__stdcell,a89f995a56a40be9b48b39daad94210b36a88d0a,1781720239,1780539925,94297.4,96326.1,0.0215138,failing,1
nangate45,swerv_wrapper,placeopt__design__instance__count__stdcell,46ab2641676dbb70f63a78ed72d6ff9f978c5b6c,1784903195,1784194417,96326.1,92247,-0.0423471,tighten,1
nangate45,tinyRocket,detailedroute__route__wirelength,373b724c682c33cdb2681bb95008e334cb2cff23,1658154812,1652820402,588731,588373,-0.00060853,tighten,0
nangate45,tinyRocket,detailedroute__route__wirelength,99af1aca7b0b7c835f95f16c401716134e154ec9,1662650846,1658154812,588373,588213,-0.000271936,tighten,0
nangate45,tinyRocket,detailedroute__route__wirelength,533686274bc7711df4ab6240b9e27bb1c85059c7,1689626103,1667495167,588213,582145,-0.0103157,tighten,1
nangate45,tinyRocket,detailedroute__route__wirelength,292a586ef4d47252ac6fa553d05d57bb5486229e,1723903819,1720750184,582145,711206,0.221699,failing,1
nangate45,tinyRocket,detailedroute__route__wirelength,fabc855b4aeca0b29e97639f33900972c0ba6ad0,1724866939,1723903819,711206,711030,-0.000248201,tighten,0
nangate45,tinyRocket,detailedroute__route__wirelength,53873f6b5a049a999386861e7a9ee80aa61080c5,1727499238,1726801420,711030,735826,0.0348741,failing,0
nangate45,tinyRocket,detailedroute__route__wirelength,804812ea75e47913c47c50f833524f3577d6b7be,1741306883,1739380119,735826,734257,-0.00213188,tighten,0
nangate45,tinyRocket,detailedroute__route__wirelength,fca2249dd22e6aad55d5cacc786e6c94fb7dbb86,1742416962,1741306883,734257,724734,-0.0129702,tighten,1
nangate45,tinyRocket,detailedroute__route__wirelength,efbc08a20cb0e9999d8ae71e13efdd7faf28c429,1749587125,1749094747,724734,714899,-0.0135702,tighten,0
nangate45,tinyRocket,detailedroute__route__wirelength,4718111f7552f875b40f9cdd3bb01ed2b5b0d543,1754943686,1750273217,714899,663558,-0.0718155,tighten,0
nangate45,tinyRocket,detailedroute__route__wirelength,9753d33a6e24b5daad668aca9cde8918f2af9ebd,1756701107,1754943686,663558,657946,-0.0084577,tighten,0
nangate45,tinyRocket,detailedroute__route__wirelength,4ee6469a2d53f71c6289a6b2395d7acdc4ec8071,1757516308,1756701107,657946,639076,-0.0286808,tighten,0
nangate45,tinyRocket,detailedroute__route__wirelength,8480ed06239614f9f1a1b9c937635634e53f9e69,1766074556,1765990388,639076,477576,-0.252709,tighten,1
nangate45,tinyRocket,detailedroute__route__wirelength,52671e62635e2d0af21b8c715f3eb8220e2c0b62,1769814722,1769102322,477576,474517,-0.00640372,tighten,0
nangate45,tinyRocket,detailedroute__route__wirelength,1426c0532d3d759be3e09a25c96ed9e31ab7df71,1770743745,1770224518,474517,469171,-0.0112664,tighten,0
nangate45,tinyRocket,detailedroute__route__wirelength,1ad9ee5203118586cab4535015c5184473e53783,1774531618,1773561379,469171,467887,-0.00273748,tighten,0
nangate45,tinyRocket,finish__design__instance__area,373b724c682c33cdb2681bb95008e334cb2cff23,1658154812,1652820402,52748.7,52741.7,-0.00013188,tighten,0
nangate45,tinyRocket,finish__design__instance__area,533686274bc7711df4ab6240b9e27bb1c85059c7,1689626103,1667495167,52741.7,52730.4,-0.000214334,tighten,1
nangate45,tinyRocket,finish__design__instance__area,53873f6b5a049a999386861e7a9ee80aa61080c5,1727499238,1726801420,52730.4,59513.9,0.128644,failing,0
nangate45,tinyRocket,finish__design__instance__area,42c12e80a33d8c34badeff76e9aeeaea0b4e2651,1749917054,1749587125,59513.9,58545.2,-0.0162768,tighten,0
nangate45,tinyRocket,finish__design__instance__area,4718111f7552f875b40f9cdd3bb01ed2b5b0d543,1754943686,1750273217,58545.2,57908.7,-0.0108723,tighten,0
nangate45,tinyRocket,finish__design__instance__area,9753d33a6e24b5daad668aca9cde8918f2af9ebd,1756701107,1754943686,57908.7,55387.8,-0.0435318,tighten,0
nangate45,tinyRocket,finish__design__instance__area,4ee6469a2d53f71c6289a6b2395d7acdc4ec8071,1757516308,1756701107,55387.8,55266.1,-0.00219794,tighten,0
nangate45,tinyRocket,finish__design__instance__area,3da1022ca3cb0782985b0286c2d9ff9c28926514,1761244845,1761193610,55266.1,55164.3,-0.0018409,tighten,0
nangate45,tinyRocket,finish__design__instance__area,2e7f3ae0cfd828041f40bd18d738fc654a52a5fd,1763795185,1763733007,55164.3,55133.9,-0.000551711,tighten,0
nangate45,tinyRocket,finish__design__instance__area,edfa2befffccc1d987cfdc9df7bd2ebaf1911c37,1765208251,1764992860,55133.9,55049.6,-0.00152987,tighten,0
nangate45,tinyRocket,finish__design__instance__area,801cc97afc83a17c47a5220222155a151410ea35,1765479783,1765297538,55049.6,55046.1,-6.31842e-05,tighten,0
nangate45,tinyRocket,finish__design__instance__area,8480ed06239614f9f1a1b9c937635634e53f9e69,1766074556,1765990388,55046.1,54335.7,-0.0129062,tighten,1
nangate45,tinyRocket,finish__design__instance__area,1ad9ee5203118586cab4535015c5184473e53783,1774531618,1773561379,54335.7,53971.3,-0.0067055,tighten,0
nangate45,tinyRocket,placeopt__design__instance__area,373b724c682c33cdb2681bb95008e334cb2cff23,1658154812,1652820402,52445.2,52437.4,-0.000149224,tighten,0
nangate45,tinyRocket,placeopt__design__instance__area,99af1aca7b0b7c835f95f16c401716134e154ec9,1662650846,1658154812,52437.4,52436.5,-1.65829e-05,tighten,0
nangate45,tinyRocket,placeopt__design__instance__area,f50270aaac2990b084b60db7761a35581c188644,1693498950,1689626103,52436.5,52440,6.63328e-05,failing,1
nangate45,tinyRocket,placeopt__design__instance__area,53873f6b5a049a999386861e7a9ee80aa61080c5,1727499238,1726801420,52440,57553,0.0975027,failing,0
nangate45,tinyRocket,placeopt__design__instance__area,42c12e80a33d8c34badeff76e9aeeaea0b4e2651,1749917054,1749587125,57553,56204.3,-0.023434,tighten,0
nangate45,tinyRocket,placeopt__design__instance__area,4718111f7552f875b40f9cdd3bb01ed2b5b0d543,1754943686,1750273217,56204.3,56123.5,-0.00143885,tighten,0
nangate45,tinyRocket,placeopt__design__instance__area,9753d33a6e24b5daad668aca9cde8918f2af9ebd,1756701107,1754943686,56123.5,53594.8,-0.0450559,tighten,0
nangate45,tinyRocket,placeopt__design__instance__area,aad6b36d2a98876e019315f4711e7e7eb8efa058,1760067789,1760033903,53594.8,53273,-0.00600318,tighten,0
nangate45,tinyRocket,placeopt__design__instance__area,73b3e3209165d7c551ebbdcb7f32893d7b384702,1761600294,1761360171,53273,53260,-0.000244842,tighten,0
nangate45,tinyRocket,placeopt__design__instance__area,8480ed06239614f9f1a1b9c937635634e53f9e69,1766074556,1765990388,53260,52823.5,-0.00819605,tighten,1
nangate45,tinyRocket,placeopt__design__instance__area,4a06a65c58f4b630161485e15fa14086877512e1,1767210623,1766439824,52823.5,52734.8,-0.0016791,tighten,0
nangate45,tinyRocket,placeopt__design__instance__area,1ad9ee5203118586cab4535015c5184473e53783,1774531618,1773561379,52734.8,52441.7,-0.00555693,tighten,0
nangate45,tinyRocket,placeopt__design__instance__count__stdcell,373b724c682c33cdb2681bb95008e334cb2cff23,1658154812,1652820402,25787,25778.3,-0.000337211,tighten,0
nangate45,tinyRocket,placeopt__design__instance__count__stdcell,99af1aca7b0b7c835f95f16c401716134e154ec9,1662650846,1658154812,25778.3,25775.7,-0.000101198,tighten,0
nangate45,tinyRocket,placeopt__design__instance__count__stdcell,533686274bc7711df4ab6240b9e27bb1c85059c7,1689626103,1667495167,25775.7,25771.3,-0.00016868,tighten,1
nangate45,tinyRocket,placeopt__design__instance__count__stdcell,53873f6b5a049a999386861e7a9ee80aa61080c5,1727499238,1726801420,25771.3,28420,0.102777,failing,0
nangate45,tinyRocket,placeopt__design__instance__count__stdcell,4718111f7552f875b40f9cdd3bb01ed2b5b0d543,1754943686,1750273217,28420,28254.8,-0.00581342,tighten,0
nangate45,tinyRocket,placeopt__design__instance__count__stdcell,8480ed06239614f9f1a1b9c937635634e53f9e69,1766074556,1765990388,28254.8,28040.9,-0.00757086,tighten,1
nangate45,tinyRocket,placeopt__design__instance__count__stdcell,4a06a65c58f4b630161485e15fa14086877512e1,1767210623,1766439824,28040.9,27947.8,-0.00331814,tighten,0
nangate45,tinyRocket,placeopt__design__instance__count__stdcell,1ad9ee5203118586cab4535015c5184473e53783,1774531618,1773561379,27947.8,27524.3,-0.0151525,tighten,0
rapidus2hp,cva6,finish__design__instance__area,252042c9c294386a7a8594dc3465b542c0184c52,1759899974,1756529126,13073.9,12632.2,-0.0337878,tighten,1
rapidus2hp,cva6,finish__design__instance__area,aad6b36d2a98876e019315f4711e7e7eb8efa058,1760067789,1759899974,12632.2,12629.6,-0.000206512,tighten,0
rapidus2hp,cva6,finish__design__instance__area,2e7f3ae0cfd828041f40bd18d738fc654a52a5fd,1763795185,1761360171,12629.6,12526.1,-0.00819334,tighten,1
rapidus2hp,cva6,finish__design__instance__area,055f8c083eb6f938c51af6d03fdb94d593e5fc8d,1766593199,1766528584,12526.1,12487,-0.00312392,tighten,1
rapidus2hp,cva6,finish__design__instance__area,bac20e656e8aa91ad1c90f095c0bd14ce7e4b342,1774462767,1774311851,12487,12439.1,-0.00383008,tighten,1
rapidus2hp,cva6,finish__design__instance__area,c1e62b4c7e2f7dace7a71eea42ad3bfabda202d7,1776315170,1775955957,12439.1,11511.3,-0.0745893,tighten,1
rapidus2hp,cva6,finish__design__instance__area,bdb262792fef3797730e1b8341b946426272dcdc,1776607464,1776315170,11511.3,11517.4,0.000528781,failing,1
rapidus2hp,cva6,finish__design__instance__area,74f5ff9ccd8d5fc2a5547d59bd9c254c0e69cff6,1776979304,1776607464,11517.4,11128.7,-0.0337486,tighten,1
rapidus2hp,cva6,finish__design__instance__area,0910db9ae09d073a1b6899d3f1447a6ea01bf664,1777417076,1776979304,11128.7,11098.3,-0.0027348,tighten,1
rapidus2hp,cva6,placeopt__design__instance__area,252042c9c294386a7a8594dc3465b542c0184c52,1759899974,1756529126,12822.6,12309.6,-0.0400109,tighten,1
rapidus2hp,cva6,placeopt__design__instance__area,2e7f3ae0cfd828041f40bd18d738fc654a52a5fd,1763795185,1761360171,12309.6,12275.7,-0.00275502,tighten,1
rapidus2hp,cva6,placeopt__design__instance__area,055f8c083eb6f938c51af6d03fdb94d593e5fc8d,1766593199,1766528584,12275.7,12208.7,-0.00545442,tighten,1
rapidus2hp,cva6,placeopt__design__instance__area,bac20e656e8aa91ad1c90f095c0bd14ce7e4b342,1774462767,1774311851,12208.7,12048.7,-0.0131054,tighten,1
rapidus2hp,cva6,placeopt__design__instance__area,c1e62b4c7e2f7dace7a71eea42ad3bfabda202d7,1776315170,1775955957,12048.7,11078.3,-0.0805427,tighten,1
rapidus2hp,cva6,placeopt__design__instance__area,74f5ff9ccd8d5fc2a5547d59bd9c254c0e69cff6,1776979304,1776607464,11078.3,10680.9,-0.0358713,tighten,1
rapidus2hp,cva6,placeopt__design__instance__count__stdcell,2e7f3ae0cfd828041f40bd18d738fc654a52a5fd,1763795185,1761360171,149056,148438,-0.00414202,tighten,1
rapidus2hp,cva6,placeopt__design__instance__count__stdcell,055f8c083eb6f938c51af6d03fdb94d593e5fc8d,1766593199,1766528584,148438,146042,-0.0161449,tighten,1
rapidus2hp,cva6,placeopt__design__instance__count__stdcell,5ad3f1fe5b1a655dcf3d5bdd3e28bd742a390d93,1773774308,1773587602,146042,169325,0.15943,failing,1
rapidus2hp,cva6,placeopt__design__instance__count__stdcell,b4da11d91a892f825442bdecda19b8dc6e1f0f3b,1774311851,1773774308,169325,143234,-0.15409,tighten,0
rapidus2hp,cva6,placeopt__design__instance__count__stdcell,bac20e656e8aa91ad1c90f095c0bd14ce7e4b342,1774462767,1774311851,143234,123649,-0.136736,tighten,1
rapidus2hp,cva6,placeopt__design__instance__count__stdcell,c1e62b4c7e2f7dace7a71eea42ad3bfabda202d7,1776315170,1775955957,123649,105344,-0.148035,tighten,1
rapidus2hp,cva6,placeopt__design__instance__count__stdcell,74f5ff9ccd8d5fc2a5547d59bd9c254c0e69cff6,1776979304,1776607464,105344,99367,-0.0567415,tighten,1
rapidus2hp,ethmac,finish__design__instance__area,89623564950faafaf70ec12501c6677270bf75c9,1759869739,1756529126,3444.35,3149.57,-0.0855844,tighten,1
rapidus2hp,ethmac,finish__design__instance__area,252042c9c294386a7a8594dc3465b542c0184c52,1759899974,1759869739,3149.57,3217.39,0.0215351,failing,0
rapidus2hp,ethmac,finish__design__instance__area,2e7f3ae0cfd828041f40bd18d738fc654a52a5fd,1763795185,1761360171,3217.39,3146.96,-0.0218919,tighten,1
rapidus2hp,ethmac,finish__design__instance__area,a3914fbf64925fae0ef7c3077af7965665f8ca84,1764110123,1763795185,3146.96,3144.35,-0.000828958,tighten,0
rapidus2hp,ethmac,finish__design__instance__area,4633349c06a5a60d25c2f58ceed07c3320d6723d,1766528584,1766439824,3144.35,3118.26,-0.00829646,tighten,1
rapidus2hp,ethmac,finish__design__instance__area,0612a470cc67e8cf7cd035d649acbb181f876d1f,1767148456,1766593199,3118.26,3114.78,-0.00111545,tighten,0
rapidus2hp,ethmac,finish__design__instance__area,4a06a65c58f4b630161485e15fa14086877512e1,1767210623,1767148456,3114.78,3110.43,-0.00139587,tighten,1
rapidus2hp,ethmac,finish__design__instance__area,59cfda06199f7e21706699ac17958e8e55cbb704,1769118151,1768977935,3110.43,4113.91,0.322617,failing,1
rapidus2hp,ethmac,finish__design__instance__area,c1e62b4c7e2f7dace7a71eea42ad3bfabda202d7,1776315170,1775955957,4113.91,2867.83,-0.302896,tighten,1
rapidus2hp,ethmac,finish__design__instance__area,bdb262792fef3797730e1b8341b946426272dcdc,1776607464,1776437566,2867.83,2866.96,-0.000303214,tighten,1
rapidus2hp,ethmac,placeopt__design__instance__area,89623564950faafaf70ec12501c6677270bf75c9,1759869739,1756529126,3281.74,2979.13,-0.0922099,tighten,1
rapidus2hp,ethmac,placeopt__design__instance__area,252042c9c294386a7a8594dc3465b542c0184c52,1759899974,1759869739,2979.13,3027.83,0.0163456,failing,0
rapidus2hp,ethmac,placeopt__design__instance__area,2e7f3ae0cfd828041f40bd18d738fc654a52a5fd,1763795185,1761360171,3027.83,2977.39,-0.0166571,tighten,1
rapidus2hp,ethmac,placeopt__design__instance__area,055f8c083eb6f938c51af6d03fdb94d593e5fc8d,1766593199,1766528584,2977.39,2970.43,-0.00233645,tighten,0
rapidus2hp,ethmac,placeopt__design__instance__area,4a06a65c58f4b630161485e15fa14086877512e1,1767210623,1767148456,2970.43,2968.7,-0.00058548,tighten,1
rapidus2hp,ethmac,placeopt__design__instance__area,59cfda06199f7e21706699ac17958e8e55cbb704,1769118151,1768977935,2968.7,3968.7,0.336848,failing,1
rapidus2hp,ethmac,placeopt__design__instance__area,2478d61b06892d2aa52a02f604781e8a5d027b1c,1769552712,1769182033,3968.7,3967.83,-0.000219106,tighten,1
rapidus2hp,ethmac,placeopt__design__instance__area,c1e62b4c7e2f7dace7a71eea42ad3bfabda202d7,1776315170,1775955957,3967.83,2741.74,-0.309007,tighten,1
rapidus2hp,ethmac,placeopt__design__instance__count__stdcell,89623564950faafaf70ec12501c6677270bf75c9,1759869739,1756529126,61620.9,59349.6,-0.0368593,tighten,1
rapidus2hp,ethmac,placeopt__design__instance__count__stdcell,252042c9c294386a7a8594dc3465b542c0184c52,1759899974,1759869739,59349.6,59987.8,0.0107543,failing,0
rapidus2hp,ethmac,placeopt__design__instance__count__stdcell,2e7f3ae0cfd828041f40bd18d738fc654a52a5fd,1763795185,1761360171,59987.8,59287.8,-0.011669,tighten,1
rapidus2hp,ethmac,placeopt__design__instance__count__stdcell,59cfda06199f7e21706699ac17958e8e55cbb704,1769118151,1768977935,59287.8,76717.4,0.293982,failing,1
rapidus2hp,ethmac,placeopt__design__instance__count__stdcell,2478d61b06892d2aa52a02f604781e8a5d027b1c,1769552712,1769182033,76717.4,76715.7,-2.26693e-05,tighten,1
rapidus2hp,ethmac,placeopt__design__instance__count__stdcell,7a40b1eb8ecc1677d56271dfb106c7298c087e5f,1770846148,1769552712,76715.7,76687.8,-0.000362717,tighten,1
rapidus2hp,ethmac,placeopt__design__instance__count__stdcell,c1e62b4c7e2f7dace7a71eea42ad3bfabda202d7,1776315170,1775955957,76687.8,40007.8,-0.478303,tighten,1
rapidus2hp,gcd,finish__design__instance__area,457549938522cbf74360fab4520cc93d40adeb9c,1756497923,1756355532,28.6957,26.9565,-0.0606061,tighten,0
rapidus2hp,gcd,finish__design__instance__area,a037c3d9c501cc941962ffd10777d6d53a3b5870,1756529126,1756497923,26.9565,34.7826,0.290323,failing,1
rapidus2hp,gcd,finish__design__instance__area,6c92a772fbc94cb88f4850d3813ff20f54ad070c,1759358816,1756529126,34.7826,32.1739,-0.075,tighten,0
rapidus2hp,gcd,finish__design__instance__area,2e7f3ae0cfd828041f40bd18d738fc654a52a5fd,1763795185,1761360171,32.1739,30.4348,-0.0540541,tighten,1
rapidus2hp,gcd,finish__design__instance__area,055f8c083eb6f938c51af6d03fdb94d593e5fc8d,1766593199,1766528584,30.4348,29.5652,-0.0285714,tighten,1
rapidus2hp,gcd,finish__design__instance__area,2478d61b06892d2aa52a02f604781e8a5d027b1c,1769552712,1769118151,29.5652,28.6957,-0.0294118,tighten,1
rapidus2hp,gcd,finish__design__instance__area,7a40b1eb8ecc1677d56271dfb106c7298c087e5f,1770846148,1769552712,28.6957,27.8261,-0.030303,tighten,1
rapidus2hp,gcd,finish__design__instance__area,5101376937a58731b5038683b2cb7b70404da7fc,1772917750,1772036546,27.8261,26.9565,-0.03125,tighten,1
rapidus2hp,gcd,finish__design__instance__area,5ad3f1fe5b1a655dcf3d5bdd3e28bd742a390d93,1773774308,1772917750,26.9565,34.7826,0.290323,failing,1
rapidus2hp,gcd,finish__design__instance__area,1a4e81795473e692c6df86751485e60443f6cdfa,1775955957,1774462767,34.7826,40.8696,0.175,failing,1
rapidus2hp,gcd,finish__design__instance__area,c1e62b4c7e2f7dace7a71eea42ad3bfabda202d7,1776315170,1775955957,40.8696,28.6957,-0.297872,tighten,1
rapidus2hp,gcd,finish__design__instance__area,bdb262792fef3797730e1b8341b946426272dcdc,1776607464,1776437566,28.6957,27.8261,-0.030303,tighten,1
rapidus2hp,gcd,placeopt__design__instance__area,457549938522cbf74360fab4520cc93d40adeb9c,1756497923,1756355532,26.9565,25.2174,-0.0645161,tighten,0
rapidus2hp,gcd,placeopt__design__instance__area,5101376937a58731b5038683b2cb7b70404da7fc,1772917750,1772036546,25.2174,23.4783,-0.0689655,tighten,1
rapidus2hp,gcd,placeopt__design__instance__area,5ad3f1fe5b1a655dcf3d5bdd3e28bd742a390d93,1773774308,1772917750,23.4783,31.3043,0.333333,failing,1
rapidus2hp,gcd,placeopt__design__instance__area,c1e62b4c7e2f7dace7a71eea42ad3bfabda202d7,1776315170,1775955957,31.3043,25.2174,-0.194444,tighten,1
rapidus2hp,gcd,placeopt__design__instance__count__stdcell,6c8dd1103d4f87aec14802c309d2b3b9dfeee9d7,1756355532,1754343104,554.783,545.217,-0.0172414,tighten,0
rapidus2hp,gcd,placeopt__design__instance__count__stdcell,457549938522cbf74360fab4520cc93d40adeb9c,1756497923,1756355532,545.217,538.261,-0.0127592,tighten,0
rapidus2hp,gcd,placeopt__design__instance__count__stdcell,a037c3d9c501cc941962ffd10777d6d53a3b5870,1756529126,1756497923,538.261,659.13,0.224556,failing,1
rapidus2hp,gcd,placeopt__design__instance__count__stdcell,6c92a772fbc94cb88f4850d3813ff20f54ad070c,1759358816,1756529126,659.13,641.739,-0.0263852,tighten,0
rapidus2hp,gcd,placeopt__design__instance__count__stdcell,89623564950faafaf70ec12501c6677270bf75c9,1759869739,1759358816,641.739,605.217,-0.0569106,tighten,1
rapidus2hp,gcd,placeopt__design__instance__count__stdcell,055f8c083eb6f938c51af6d03fdb94d593e5fc8d,1766593199,1766528584,605.217,593.043,-0.0201149,tighten,1
rapidus2hp,gcd,placeopt__design__instance__count__stdcell,5101376937a58731b5038683b2cb7b70404da7fc,1772917750,1772036546,593.043,553.913,-0.0659824,tighten,1
rapidus2hp,gcd,placeopt__design__instance__count__stdcell,5ad3f1fe5b1a655dcf3d5bdd3e28bd742a390d93,1773774308,1772917750,553.913,672.174,0.213501,failing,1
rapidus2hp,gcd,placeopt__design__instance__count__stdcell,bac20e656e8aa91ad1c90f095c0bd14ce7e4b342,1774462767,1773774308,672.174,601.739,-0.104787,tighten,1
rapidus2hp,gcd,placeopt__design__instance__count__stdcell,c1e62b4c7e2f7dace7a71eea42ad3bfabda202d7,1776315170,1775955957,601.739,437.391,-0.273121,tighten,1
rapidus2hp,hercules_idecode,finish__design__instance__area,6c8dd1103d4f87aec14802c309d2b3b9dfeee9d7,1756355532,1754966082,15420.9,15376.5,-0.00287583,tighten,0
rapidus2hp,hercules_idecode,finish__design__instance__area,457549938522cbf74360fab4520cc93d40adeb9c,1756497923,1756355532,15376.5,12037.4,-0.217158,tighten,0
rapidus2hp,hercules_idecode,finish__design__instance__area,faa7fe5f7e7c424bb2ca4b05ed18e113f2d482ac,1756800730,1756529126,12037.4,12010.4,-0.0022394,tighten,0
rapidus2hp,hercules_idecode,finish__design__instance__area,89623564950faafaf70ec12501c6677270bf75c9,1759869739,1756800730,12010.4,11167,-0.0702288,tighten,1
rapidus2hp,hercules_idecode,finish__design__instance__area,73b3e3209165d7c551ebbdcb7f32893d7b384702,1761600294,1761360171,11167,11160,-0.000622956,tighten,0
rapidus2hp,hercules_idecode,finish__design__instance__area,0e8bca68ad681b5284fb77af05ccc4680f4f529e,1762448358,1761600294,11160,11139.1,-0.00187003,tighten,0
rapidus2hp,hercules_idecode,finish__design__instance__area,edfa2befffccc1d987cfdc9df7bd2ebaf1911c37,1765208251,1764992860,11139.1,11098.3,-0.00366901,tighten,0
rapidus2hp,hercules_idecode,finish__design__instance__area,a5dca2e3bf78f0f25218c2c5abae46f34abbaf2e,1766439824,1766098099,11098.3,11059.1,-0.00352582,tighten,0
rapidus2hp,hercules_idecode,finish__design__instance__area,055f8c083eb6f938c51af6d03fdb94d593e5fc8d,1766593199,1766439824,11059.1,10324.3,-0.0664413,tighten,1
rapidus2hp,hercules_idecode,finish__design__instance__area,1c28718ca51b3304afd944bee53809790d1692bf,1768367918,1768004157,10324.3,10320.9,-0.000336899,tighten,0
rapidus2hp,hercules_idecode,finish__design__instance__area,cd48cac6843355786ef16a2afd16340826f48747,1768432207,1768367918,10320.9,10318.3,-0.000252759,tighten,1
rapidus2hp,hercules_idecode,finish__design__instance__area,f339662d2aaa89112ffee40907486b4fce288bc0,1768607958,1768432207,10318.3,10317.4,-8.42744e-05,tighten,1
rapidus2hp,hercules_idecode,finish__design__instance__area,bac20e656e8aa91ad1c90f095c0bd14ce7e4b342,1774462767,1773774308,10317.4,9241.74,-0.104256,tighten,1
rapidus2hp,hercules_idecode,finish__design__instance__area,c1e62b4c7e2f7dace7a71eea42ad3bfabda202d7,1776315170,1775955957,9241.74,8705.22,-0.0580542,tighten,1
rapidus2hp,hercules_idecode,finish__design__instance__area,bdb262792fef3797730e1b8341b946426272dcdc,1776607464,1776315170,8705.22,8672.17,-0.00379582,tighten,1
rapidus2hp,hercules_idecode,finish__design__instance__area,74f5ff9ccd8d5fc2a5547d59bd9c254c0e69cff6,1776979304,1776607464,8672.17,8621.74,-0.0058157,tighten,1
rapidus2hp,hercules_idecode,finish__design__instance__area,0910db9ae09d073a1b6899d3f1447a6ea01bf664,1777417076,1776979304,8621.74,8608.7,-0.00151286,tighten,1
rapidus2hp,hercules_idecode,placeopt__design__instance__area,6c8dd1103d4f87aec14802c309d2b3b9dfeee9d7,1756355532,1754966082,15177.4,15126.1,-0.00338031,tighten,0
rapidus2hp,hercules_idecode,placeopt__design__instance__area,457549938522cbf74360fab4520cc93d40adeb9c,1756497923,1756355532,15126.1,11797.4,-0.220063,tighten,0
rapidus2hp,hercules_idecode,placeopt__design__instance__area,faa7fe5f7e7c424bb2ca4b05ed18e113f2d482ac,1756800730,1756529126,11797.4,11765.2,-0.00272721,tighten,0
rapidus2hp,hercules_idecode,placeopt__design__instance__area,ed0f1aa6ce7c054df1ea03588aceca872572e2fd,1757731518,1756800730,11765.2,10944.3,-0.0697709,tighten,1
rapidus2hp,hercules_idecode,placeopt__design__instance__area,89623564950faafaf70ec12501c6677270bf75c9,1759869739,1757731518,10944.3,10927.8,-0.00150961,tighten,0
rapidus2hp,hercules_idecode,placeopt__design__instance__area,73b3e3209165d7c551ebbdcb7f32893d7b384702,1761600294,1761360171,10927.8,10926.1,-0.000159147,tighten,0
rapidus2hp,hercules_idecode,placeopt__design__instance__area,0e8bca68ad681b5284fb77af05ccc4680f4f529e,1762448358,1761600294,10926.1,10902.6,-0.00214883,tighten,0
rapidus2hp,hercules_idecode,placeopt__design__instance__area,edfa2befffccc1d987cfdc9df7bd2ebaf1911c37,1765208251,1764992860,10902.6,10860.9,-0.00382836,tighten,0
rapidus2hp,hercules_idecode,placeopt__design__instance__area,801cc97afc83a17c47a5220222155a151410ea35,1765479783,1765208251,10860.9,10855.7,-0.000480384,tighten,0
rapidus2hp,hercules_idecode,placeopt__design__instance__area,a5dca2e3bf78f0f25218c2c5abae46f34abbaf2e,1766439824,1766098099,10855.7,10815.7,-0.00368472,tighten,0
rapidus2hp,hercules_idecode,placeopt__design__instance__area,055f8c083eb6f938c51af6d03fdb94d593e5fc8d,1766593199,1766439824,10815.7,10091.3,-0.0669722,tighten,1
rapidus2hp,hercules_idecode,placeopt__design__instance__area,1c28718ca51b3304afd944bee53809790d1692bf,1768367918,1768004157,10091.3,10086.1,-0.000517019,tighten,0
rapidus2hp,hercules_idecode,placeopt__design__instance__area,bac20e656e8aa91ad1c90f095c0bd14ce7e4b342,1774462767,1773774308,10086.1,8973.91,-0.110268,tighten,1
rapidus2hp,hercules_idecode,placeopt__design__instance__area,c1e62b4c7e2f7dace7a71eea42ad3bfabda202d7,1776315170,1775955957,8973.91,8462.61,-0.0569767,tighten,1
rapidus2hp,hercules_idecode,placeopt__design__instance__area,74f5ff9ccd8d5fc2a5547d59bd9c254c0e69cff6,1776979304,1776607464,8462.61,8389.57,-0.00863132,tighten,1
rapidus2hp,hercules_idecode,placeopt__design__instance__count__stdcell,6c8dd1103d4f87aec14802c309d2b3b9dfeee9d7,1756355532,1754966082,274633,273679,-0.00347341,tighten,0
rapidus2hp,hercules_idecode,placeopt__design__instance__count__stdcell,055f8c083eb6f938c51af6d03fdb94d593e5fc8d,1766593199,1766439824,273679,259291,-0.0525719,tighten,1
rapidus2hp,hercules_idecode,placeopt__design__instance__count__stdcell,1c28718ca51b3304afd944bee53809790d1692bf,1768367918,1768004157,259291,257536,-0.00677096,tighten,0
rapidus2hp,hercules_idecode,placeopt__design__instance__count__stdcell,bac20e656e8aa91ad1c90f095c0bd14ce7e4b342,1774462767,1773774308,257536,200444,-0.221683,tighten,1
rapidus2hp,hercules_idecode,placeopt__design__instance__count__stdcell,c1e62b4c7e2f7dace7a71eea42ad3bfabda202d7,1776315170,1775955957,200444,186107,-0.071528,tighten,1
rapidus2hp,hercules_idecode,placeopt__design__instance__count__stdcell,74f5ff9ccd8d5fc2a5547d59bd9c254c0e69cff6,1776979304,1776607464,186107,184812,-0.0069572,tighten,1
rapidus2hp,hercules_is_int,finish__design__instance__area,457549938522cbf74360fab4520cc93d40adeb9c,1756497923,1756355532,39246.1,33000,-0.159152,tighten,0
rapidus2hp,hercules_is_int,finish__design__instance__area,5d3f1f919295a490f75982e951af7a8252ae0256,1757011445,1756529126,33000,30721.7,-0.0690382,tighten,1
rapidus2hp,hercules_is_int,finish__design__instance__area,89623564950faafaf70ec12501c6677270bf75c9,1759869739,1758984286,30721.7,30682.6,-0.00127371,tighten,0
rapidus2hp,hercules_is_int,finish__design__instance__area,801cc97afc83a17c47a5220222155a151410ea35,1765479783,1764992860,30682.6,30660,-0.000736857,tighten,0
rapidus2hp,hercules_is_int,finish__design__instance__area,84ad63b70d27a3f07a20071c94144ebea2defb06,1765914226,1765479783,30660,30659.1,-2.83616e-05,tighten,0
rapidus2hp,hercules_is_int,finish__design__instance__area,055f8c083eb6f938c51af6d03fdb94d593e5fc8d,1766593199,1766439824,30659.1,29283.5,-0.0448692,tighten,1
rapidus2hp,hercules_is_int,finish__design__instance__area,0612a470cc67e8cf7cd035d649acbb181f876d1f,1767148456,1766593199,29283.5,29271.3,-0.000415726,tighten,1
rapidus2hp,hercules_is_int,finish__design__instance__area,4a06a65c58f4b630161485e15fa14086877512e1,1767210623,1767148456,29271.3,29188.7,-0.00282217,tighten,1
rapidus2hp,hercules_is_int,finish__design__instance__area,e5346a73984be951017e93dba779a6ffc1b73493,1767286197,1767210623,29188.7,29222.6,0.00116186,failing,1
rapidus2hp,hercules_is_int,finish__design__instance__area,1bc6a433af5ceb7d1a4b280f24f5591b51b04436,1767658193,1767286197,29222.6,29217.4,-0.00017854,tighten,1
rapidus2hp,hercules_is_int,finish__design__instance__area,0398acec1261b98460fcf214c166f9466ef13ff6,1767732337,1767658193,29217.4,29035.7,-0.00622024,tighten,1
rapidus2hp,hercules_is_int,finish__design__instance__area,cd48cac6843355786ef16a2afd16340826f48747,1768432207,1768367918,29035.7,29012.2,-0.000808601,tighten,1
rapidus2hp,hercules_is_int,finish__design__instance__area,f339662d2aaa89112ffee40907486b4fce288bc0,1768607958,1768432207,29012.2,28934.8,-0.00266755,tighten,1
rapidus2hp,hercules_is_int,finish__design__instance__area,c1e62b4c7e2f7dace7a71eea42ad3bfabda202d7,1776315170,1775955957,28934.8,26077.4,-0.0987528,tighten,1
rapidus2hp,hercules_is_int,finish__design__instance__area,bdb262792fef3797730e1b8341b946426272dcdc,1776607464,1776315170,26077.4,26048.7,-0.0011004,tighten,1
rapidus2hp,hercules_is_int,finish__design__instance__area,cffc79c0a6dac4496cdbe5061d4a1689533efcb0,1777331710,1776979304,26048.7,26001.7,-0.00180264,tighten,1
rapidus2hp,hercules_is_int,placeopt__design__instance__area,457549938522cbf74360fab4520cc93d40adeb9c,1756497923,1756355532,38306.1,32054.8,-0.163193,tighten,0
rapidus2hp,hercules_is_int,placeopt__design__instance__area,5d3f1f919295a490f75982e951af7a8252ae0256,1757011445,1756529126,32054.8,29860,-0.0684697,tighten,1
rapidus2hp,hercules_is_int,placeopt__design__instance__area,801cc97afc83a17c47a5220222155a151410ea35,1765479783,1764992860,29860,29763.5,-0.00323248,tighten,0
rapidus2hp,hercules_is_int,placeopt__design__instance__area,055f8c083eb6f938c51af6d03fdb94d593e5fc8d,1766593199,1766439824,29763.5,27742.6,-0.0678976,tighten,1
rapidus2hp,hercules_is_int,placeopt__design__instance__area,e5346a73984be951017e93dba779a6ffc1b73493,1767286197,1767210623,27742.6,27707,-0.00128511,tighten,1
rapidus2hp,hercules_is_int,placeopt__design__instance__area,0398acec1261b98460fcf214c166f9466ef13ff6,1767732337,1767658193,27707,27620.9,-0.00310705,tighten,1
rapidus2hp,hercules_is_int,placeopt__design__instance__area,1c28718ca51b3304afd944bee53809790d1692bf,1768367918,1768004157,27620.9,27599.1,-0.000787055,tighten,0
rapidus2hp,hercules_is_int,placeopt__design__instance__area,c1e62b4c7e2f7dace7a71eea42ad3bfabda202d7,1776315170,1775955957,27599.1,24073.9,-0.127729,tighten,1
rapidus2hp,hercules_is_int,placeopt__design__instance__area,cffc79c0a6dac4496cdbe5061d4a1689533efcb0,1777331710,1776979304,24073.9,24059.1,-0.000614051,tighten,1
rapidus2hp,hercules_is_int,placeopt__design__instance__count__stdcell,42a203d4dbf846d0b7bb26d49bf78c478a3f4a2a,1754490944,1754343104,664838,652910,-0.0179423,tighten,0
rapidus2hp,hercules_is_int,placeopt__design__instance__count__stdcell,5d3f1f919295a490f75982e951af7a8252ae0256,1757011445,1756529126,652910,649715,-0.00489315,tighten,1
rapidus2hp,hercules_is_int,placeopt__design__instance__count__stdcell,055f8c083eb6f938c51af6d03fdb94d593e5fc8d,1766593199,1766439824,649715,575725,-0.11388,tighten,1
rapidus2hp,hercules_is_int,placeopt__design__instance__count__stdcell,4a06a65c58f4b630161485e15fa14086877512e1,1767210623,1767148456,575725,575537,-0.000326243,tighten,1
rapidus2hp,hercules_is_int,placeopt__design__instance__count__stdcell,e5346a73984be951017e93dba779a6ffc1b73493,1767286197,1767210623,575537,575146,-0.000679894,tighten,1
rapidus2hp,hercules_is_int,placeopt__design__instance__count__stdcell,0398acec1261b98460fcf214c166f9466ef13ff6,1767732337,1767658193,575146,573664,-0.00257628,tighten,1
rapidus2hp,hercules_is_int,placeopt__design__instance__count__stdcell,1c28718ca51b3304afd944bee53809790d1692bf,1768367918,1768004157,573664,572858,-0.00140515,tighten,0
rapidus2hp,hercules_is_int,placeopt__design__instance__count__stdcell,bac20e656e8aa91ad1c90f095c0bd14ce7e4b342,1774462767,1773774308,572858,563246,-0.0167793,tighten,1
rapidus2hp,hercules_is_int,placeopt__design__instance__count__stdcell,1a4e067e5c0d872f0a032511058134fc1c53b8e3,1775760953,1775484580,563246,562988,-0.000458522,tighten,1
rapidus2hp,hercules_is_int,placeopt__design__instance__count__stdcell,c1e62b4c7e2f7dace7a71eea42ad3bfabda202d7,1776315170,1775955957,562988,464090,-0.175665,tighten,1
rapidus2hp,hercules_is_int,placeopt__design__instance__count__stdcell,cffc79c0a6dac4496cdbe5061d4a1689533efcb0,1777331710,1776979304,464090,463900,-0.00041034,tighten,1
rapidus2hp,ibex,finish__design__instance__area,457549938522cbf74360fab4520cc93d40adeb9c,1756497923,1754343104,1084.35,960.87,-0.113873,tighten,0
rapidus2hp,ibex,finish__design__instance__area,2e7f3ae0cfd828041f40bd18d738fc654a52a5fd,1763795185,1761360171,960.87,946.087,-0.0153846,tighten,1
rapidus2hp,ibex,finish__design__instance__area,5ad3f1fe5b1a655dcf3d5bdd3e28bd742a390d93,1773774308,1772640436,946.087,1121.74,0.185662,failing,1
rapidus2hp,ibex,finish__design__instance__area,bac20e656e8aa91ad1c90f095c0bd14ce7e4b342,1774462767,1773774308,1121.74,1100.87,-0.0186047,tighten,1
rapidus2hp,ibex,finish__design__instance__area,c1e62b4c7e2f7dace7a71eea42ad3bfabda202d7,1776315170,1775955957,1100.87,908.696,-0.174566,tighten,1
rapidus2hp,ibex,finish__design__instance__area,0910db9ae09d073a1b6899d3f1447a6ea01bf664,1777417076,1776607464,908.696,902.609,-0.00669856,tighten,1
rapidus2hp,ibex,placeopt__design__instance__area,457549938522cbf74360fab4520cc93d40adeb9c,1756497923,1754343104,1041.74,921.739,-0.115192,tighten,0
rapidus2hp,ibex,placeopt__design__instance__area,2e7f3ae0cfd828041f40bd18d738fc654a52a5fd,1763795185,1761360171,921.739,912.174,-0.0103774,tighten,1
rapidus2hp,ibex,placeopt__design__instance__area,5ad3f1fe5b1a655dcf3d5bdd3e28bd742a390d93,1773774308,1772640436,912.174,1069.57,0.172545,failing,1
rapidus2hp,ibex,placeopt__design__instance__area,bac20e656e8aa91ad1c90f095c0bd14ce7e4b342,1774462767,1773774308,1069.57,1057.39,-0.0113821,tighten,1
rapidus2hp,ibex,placeopt__design__instance__area,c1e62b4c7e2f7dace7a71eea42ad3bfabda202d7,1776315170,1775955957,1057.39,851.304,-0.194901,tighten,1
rapidus2hp,ibex,placeopt__design__instance__count__stdcell,37a2cce7ea6f7e67a35f712884c6ca81f55f1259,1770701421,1769444466,17084.3,19957.4,0.168168,failing,1
rapidus2hp,ibex,placeopt__design__instance__count__stdcell,1face853132bd640ca2e8124ff6b94e51e0aa970,1771792763,1770701421,19957.4,19947,-0.000522853,tighten,0
rapidus2hp,ibex,placeopt__design__instance__count__stdcell,bac20e656e8aa91ad1c90f095c0bd14ce7e4b342,1774462767,1773774308,19947,18210.4,-0.087057,tighten,1
rapidus2hp,ibex,placeopt__design__instance__count__stdcell,c1e62b4c7e2f7dace7a71eea42ad3bfabda202d7,1776315170,1775955957,18210.4,14493,-0.204135,tighten,1
rapidus2hp,jpeg,finish__design__instance__area,457549938522cbf74360fab4520cc93d40adeb9c,1756497923,1756355532,3442.61,3133.04,-0.0899217,tighten,0
rapidus2hp,jpeg,finish__design__instance__area,faa7fe5f7e7c424bb2ca4b05ed18e113f2d482ac,1756800730,1756529126,3133.04,3084.35,-0.0155426,tighten,0
rapidus2hp,jpeg,finish__design__instance__area,89623564950faafaf70ec12501c6677270bf75c9,1759869739,1756800730,3084.35,2946.96,-0.0445447,tighten,1
rapidus2hp,jpeg,finish__design__instance__area,252042c9c294386a7a8594dc3465b542c0184c52,1759899974,1759869739,2946.96,2989.57,0.0144585,failing,0
rapidus2hp,jpeg,finish__design__instance__area,2e7f3ae0cfd828041f40bd18d738fc654a52a5fd,1763795185,1761360171,2989.57,2988.7,-0.000290867,tighten,1
rapidus2hp,jpeg,finish__design__instance__area,59cfda06199f7e21706699ac17958e8e55cbb704,1769118151,1768432207,2988.7,3510.43,0.174571,failing,1
rapidus2hp,jpeg,finish__design__instance__area,1a4e81795473e692c6df86751485e60443f6cdfa,1775955957,1774462767,3510.43,4075.65,0.161011,failing,1
rapidus2hp,jpeg,finish__design__instance__area,c1e62b4c7e2f7dace7a71eea42ad3bfabda202d7,1776315170,1775955957,4075.65,3673.04,-0.0987839,tighten,1
rapidus2hp,jpeg,finish__design__instance__area,bdb262792fef3797730e1b8341b946426272dcdc,1776607464,1776315170,3673.04,3679.13,0.0016572,failing,1
rapidus2hp,jpeg,finish__design__instance__area,0910db9ae09d073a1b6899d3f1447a6ea01bf664,1777417076,1776607464,3679.13,3667.83,-0.00307256,tighten,1
rapidus2hp,jpeg,placeopt__design__instance__area,457549938522cbf74360fab4520cc93d40adeb9c,1756497923,1756355532,3350.43,3012.17,-0.10096,tighten,0
rapidus2hp,jpeg,placeopt__design__instance__area,a037c3d9c501cc941962ffd10777d6d53a3b5870,1756529126,1756497923,3012.17,3321.74,0.102771,failing,1
rapidus2hp,jpeg,placeopt__design__instance__area,faa7fe5f7e7c424bb2ca4b05ed18e113f2d482ac,1756800730,1756529126,3321.74,2981.74,-0.102356,tighten,0
rapidus2hp,jpeg,placeopt__design__instance__area,89623564950faafaf70ec12501c6677270bf75c9,1759869739,1756800730,2981.74,2850.43,-0.0440362,tighten,1
rapidus2hp,jpeg,placeopt__design__instance__area,252042c9c294386a7a8594dc3465b542c0184c52,1759899974,1759869739,2850.43,2892.17,0.0146431,failing,0
rapidus2hp,jpeg,placeopt__design__instance__area,59cfda06199f7e21706699ac17958e8e55cbb704,1769118151,1768432207,2892.17,3422.61,0.183403,failing,1
rapidus2hp,jpeg,placeopt__design__instance__area,1a4e81795473e692c6df86751485e60443f6cdfa,1775955957,1774462767,3422.61,3984.35,0.164126,failing,1
rapidus2hp,jpeg,placeopt__design__instance__area,c1e62b4c7e2f7dace7a71eea42ad3bfabda202d7,1776315170,1775955957,3984.35,3596.52,-0.0973374,tighten,1
rapidus2hp,jpeg,placeopt__design__instance__count__stdcell,6c8dd1103d4f87aec14802c309d2b3b9dfeee9d7,1756355532,1754343104,87372.2,87368.7,-3.98097e-05,tighten,0
rapidus2hp,jpeg,placeopt__design__instance__count__stdcell,a037c3d9c501cc941962ffd10777d6d53a3b5870,1756529126,1756497923,87368.7,86979.1,-0.00445886,tighten,1
rapidus2hp,jpeg,placeopt__design__instance__count__stdcell,89623564950faafaf70ec12501c6677270bf75c9,1759869739,1756800730,86979.1,84271.3,-0.0311319,tighten,1
rapidus2hp,jpeg,placeopt__design__instance__count__stdcell,252042c9c294386a7a8594dc3465b542c0184c52,1759899974,1759869739,84271.3,84817.4,0.00648011,failing,0
rapidus2hp,jpeg,placeopt__design__instance__count__stdcell,29fa1c9317cc279f4cc76cb3397d59f43e16247d,1769444466,1769118151,84817.4,101111,0.192106,failing,1
rapidus2hp,jpeg,placeopt__design__instance__count__stdcell,bac20e656e8aa91ad1c90f095c0bd14ce7e4b342,1774462767,1773774308,101111,95454.8,-0.0559435,tighten,1
rapidus2hp,jpeg,placeopt__design__instance__count__stdcell,c1e62b4c7e2f7dace7a71eea42ad3bfabda202d7,1776315170,1775955957,95454.8,93317.4,-0.0223917,tighten,1
sky130hd,aes,detailedroute__route__wirelength,526fd7aa3497c2b706d9202811c9e02a0b957252,1659117194,1658154812,795865,795052,-0.00102158,tighten,1
sky130hd,aes,detailedroute__route__wirelength,99af1aca7b0b7c835f95f16c401716134e154ec9,1662650846,1660179792,795052,794683,-0.000464831,tighten,0
sky130hd,aes,detailedroute__route__wirelength,09b386b7086f1a10e11f6e26cebac15e53095626,1665635960,1664989164,794683,790437,-0.00534203,tighten,0
sky130hd,aes,detailedroute__route__wirelength,b34f40c79b06af45896fd11f9719657b9f926ca6,1674582080,1674023373,790437,780576,-0.0124763,tighten,0
sky130hd,aes,detailedroute__route__wirelength,f50270aaac2990b084b60db7761a35581c188644,1693498950,1689626103,780576,792437,0.0151961,failing,0
sky130hd,aes,detailedroute__route__wirelength,10bcfa8486ac864cf3c46e983129c0003ea4f27d,1705421598,1693498950,792437,540039,-0.318509,tighten,1
sky130hd,aes,detailedroute__route__wirelength,ba65ce9e4a0adb436600b4577aaf61f89c2f640b,1718165607,1705421598,540039,654735,0.212384,failing,1
sky130hd,aes,detailedroute__route__wirelength,3cf22e57f905b4c112a4c39dc124b323dbd284af,1720750184,1718165607,654735,654618,-0.000177968,tighten,1
sky130hd,aes,detailedroute__route__wirelength,3395328e1dd9952de67871f6c4d5963788082fcc,1721331380,1720750184,654618,577454,-0.117877,tighten,1
sky130hd,aes,detailedroute__route__wirelength,fabc855b4aeca0b29e97639f33900972c0ba6ad0,1724866939,1721331380,577454,576154,-0.00225126,tighten,1
sky130hd,aes,detailedroute__route__wirelength,53873f6b5a049a999386861e7a9ee80aa61080c5,1727499238,1726801420,576154,599600,0.0406941,failing,0
sky130hd,aes,detailedroute__route__wirelength,10637aa0c1619c864d166343f69abd92c71207e3,1727820328,1727499238,599600,589857,-0.0162485,tighten,0
sky130hd,aes,detailedroute__route__wirelength,e30d4e9bd59c3914b556cffc37d7dc6ea219b9ce,1729200570,1727820328,589857,588965,-0.00151252,tighten,1
sky130hd,aes,detailedroute__route__wirelength,e68e9c75a1fa045427ca14d93f085340361aca22,1752269303,1749917054,588965,680878,0.156059,failing,1
sky130hd,aes,detailedroute__route__wirelength,0e005ec17fcd8b5f8de96bef205165465dc0ed6d,1760993175,1760426794,680878,835976,0.22779,failing,0
sky130hd,aes,detailedroute__route__wirelength,b2d224758b1fae76777c5fc5a3493c6bd769404c,1763659797,1763395270,835976,780092,-0.0668482,tighten,0
sky130hd,aes,detailedroute__route__wirelength,20dc208b49af875cfa5ba1c4490f68d635d8d621,1768019333,1767727881,780092,698256,-0.104906,tighten,1
sky130hd,aes,detailedroute__route__wirelength,3b73eb16ccac67fee3022b843ec73964fed2da93,1769102322,1768019333,698256,698248,-1.12081e-05,tighten,1
sky130hd,aes,detailedroute__route__wirelength,1d0b5091d57a278d080fb4eb0639718dcdbb2e63,1770953622,1770822359,698248,573015,-0.179353,tighten,0
sky130hd,aes,detailedroute__route__wirelength,a89f995a56a40be9b48b39daad94210b36a88d0a,1781720239,1780178044,573015,576574,0.00621124,failing,1
sky130hd,aes,finish__design__instance__area,3e85fcd8465d967e20d228c1494b8824e699e5a6,1652820402,1652373207,149007,148809,-0.00133055,tighten,0
sky130hd,aes,finish__design__instance__area,0317619cb67f1c77437a0aad479e4902f7cffa1b,1664989164,1662650846,148809,148802,-4.67481e-05,tighten,0
sky130hd,aes,finish__design__instance__area,bfe8d930e547fae99ed3f7e2dc7200499eee1898,1672313005,1667495167,148802,147582,-0.00819883,tighten,1
sky130hd,aes,finish__design__instance__area,b34f40c79b06af45896fd11f9719657b9f926ca6,1674582080,1674023373,147582,146085,-0.0101403,tighten,0
sky130hd,aes,finish__design__instance__area,f50270aaac2990b084b60db7761a35581c188644,1693498950,1689626103,146085,146762,0.00463101,failing,0
sky130hd,aes,finish__design__instance__area,10bcfa8486ac864cf3c46e983129c0003ea4f27d,1705421598,1693498950,146762,121072,-0.175043,tighten,1
sky130hd,aes,finish__design__instance__area,3395328e1dd9952de67871f6c4d5963788082fcc,1721331380,1720750184,121072,118197,-0.0237444,tighten,1
sky130hd,aes,finish__design__instance__area,53873f6b5a049a999386861e7a9ee80aa61080c5,1727499238,1726801420,118197,124959,0.0572072,failing,0
sky130hd,aes,finish__design__instance__area,10637aa0c1619c864d166343f69abd92c71207e3,1727820328,1727499238,124959,122361,-0.0207929,tighten,0
sky130hd,aes,finish__design__instance__area,ad1b24dbd83dbaadaf5b5df8effc6c9d643b1421,1734995732,1729200570,122361,118057,-0.0351704,tighten,1
sky130hd,aes,finish__design__instance__area,09f99d674c46964abd773bcb887d0df145d6a307,1754448894,1752269303,118057,137023,0.160644,failing,0
sky130hd,aes,finish__design__instance__area,457549938522cbf74360fab4520cc93d40adeb9c,1756497923,1754448894,137023,123441,-0.0991204,tighten,0
sky130hd,aes,finish__design__instance__area,9753d33a6e24b5daad668aca9cde8918f2af9ebd,1756701107,1756497923,123441,123435,-4.93107e-05,tighten,0
sky130hd,aes,finish__design__instance__area,20dc208b49af875cfa5ba1c4490f68d635d8d621,1768019333,1767727881,123435,117642,-0.046932,tighten,1
sky130hd,aes,finish__design__instance__area,18565046f22080b455a17c898eeb65e48066d064,1772640436,1772209135,117642,135376,0.150745,failing,0
sky130hd,aes,finish__design__instance__area,1ad9ee5203118586cab4535015c5184473e53783,1774531618,1772640436,135376,127082,-0.0612659,tighten,0
sky130hd,aes,finish__design__instance__area,d39a7b21e8f23d0220f03ee6e4f727156f236853,1780178044,1779202706,127082,126107,-0.00767052,tighten,0
sky130hd,aes,finish__design__instance__area,a89f995a56a40be9b48b39daad94210b36a88d0a,1781720239,1780178044,126107,124069,-0.016163,tighten,1
sky130hd,aes,placeopt__design__instance__area,0317619cb67f1c77437a0aad479e4902f7cffa1b,1664989164,1662650846,145635,145596,-0.000268689,tighten,0
sky130hd,aes,placeopt__design__instance__area,09b386b7086f1a10e11f6e26cebac15e53095626,1665635960,1664989164,145596,145555,-0.000280706,tighten,0
sky130hd,aes,placeopt__design__instance__area,b34f40c79b06af45896fd11f9719657b9f926ca6,1674582080,1674023373,145555,145012,-0.00372787,tighten,0
sky130hd,aes,placeopt__design__instance__area,533686274bc7711df4ab6240b9e27bb1c85059c7,1689626103,1674582080,145012,144790,-0.0015351,tighten,1
sky130hd,aes,placeopt__design__instance__area,10bcfa8486ac864cf3c46e983129c0003ea4f27d,1705421598,1693498950,144790,113885,-0.213443,tighten,1
sky130hd,aes,placeopt__design__instance__area,53873f6b5a049a999386861e7a9ee80aa61080c5,1727499238,1726801420,113885,118562,0.0410635,failing,0
sky130hd,aes,placeopt__design__instance__area,10637aa0c1619c864d166343f69abd92c71207e3,1727820328,1727499238,118562,115900,-0.0224502,tighten,0
sky130hd,aes,placeopt__design__instance__area,ad1b24dbd83dbaadaf5b5df8effc6c9d643b1421,1734995732,1729200570,115900,112849,-0.026327,tighten,1
sky130hd,aes,placeopt__design__instance__area,09f99d674c46964abd773bcb887d0df145d6a307,1754448894,1752269303,112849,132199,0.171472,failing,0
sky130hd,aes,placeopt__design__instance__area,457549938522cbf74360fab4520cc93d40adeb9c,1756497923,1754448894,132199,118611,-0.102783,tighten,0
sky130hd,aes,placeopt__design__instance__area,20dc208b49af875cfa5ba1c4490f68d635d8d621,1768019333,1767727881,118611,113211,-0.0455269,tighten,1
sky130hd,aes,placeopt__design__instance__area,a89f995a56a40be9b48b39daad94210b36a88d0a,1781720239,1780178044,113211,115902,0.0237647,failing,1
sky130hd,aes,placeopt__design__instance__count__stdcell,c7ddcdb4c019d9d61c6866807d764af3951325a4,1673993899,1672313005,22564.3,22558.3,-0.00026976,tighten,0
sky130hd,aes,placeopt__design__instance__count__stdcell,b34f40c79b06af45896fd11f9719657b9f926ca6,1674582080,1674023373,22558.3,22552.2,-0.000269833,tighten,0
sky130hd,aes,placeopt__design__instance__count__stdcell,f50270aaac2990b084b60db7761a35581c188644,1693498950,1689626103,22552.2,22554.8,0.000115674,failing,0
sky130hd,aes,placeopt__design__instance__count__stdcell,10bcfa8486ac864cf3c46e983129c0003ea4f27d,1705421598,1693498950,22554.8,17641.7,-0.217827,tighten,1
sky130hd,aes,placeopt__design__instance__count__stdcell,53873f6b5a049a999386861e7a9ee80aa61080c5,1727499238,1726801420,17641.7,17771.3,0.00734424,failing,0
sky130hd,aes,placeopt__design__instance__count__stdcell,10637aa0c1619c864d166343f69abd92c71207e3,1727820328,1727499238,17771.3,17748.7,-0.0012722,tighten,0
sky130hd,aes,placeopt__design__instance__count__stdcell,ad1b24dbd83dbaadaf5b5df8effc6c9d643b1421,1734995732,1729200570,17748.7,17579.1,-0.00955367,tighten,1
sky130hd,aes,placeopt__design__instance__count__stdcell,457549938522cbf74360fab4520cc93d40adeb9c,1756497923,1754448894,17579.1,20553,0.169173,failing,0
sky130hd,aes,placeopt__design__instance__count__stdcell,20dc208b49af875cfa5ba1c4490f68d635d8d621,1768019333,1767727881,20553,19389.6,-0.0566086,tighten,1
sky130hd,aes,placeopt__design__instance__count__stdcell,1d0b5091d57a278d080fb4eb0639718dcdbb2e63,1770953622,1770822359,19389.6,17912.2,-0.0761952,tighten,0
sky130hd,aes,placeopt__design__instance__count__stdcell,1ad9ee5203118586cab4535015c5184473e53783,1774531618,1772640436,17912.2,17595.7,-0.0176708,tighten,0
sky130hd,aes,placeopt__design__instance__count__stdcell,a89f995a56a40be9b48b39daad94210b36a88d0a,1781720239,1780178044,17595.7,17698.3,0.00583148,failing,1
sky130hd,chameleon,detailedroute__route__wirelength,f50270aaac2990b084b60db7761a35581c188644,1693498950,1691093844,683104,746897,0.093387,failing,0
sky130hd,chameleon,detailedroute__route__wirelength,53873f6b5a049a999386861e7a9ee80aa61080c5,1727499238,1726801420,746897,838146,0.12217,failing,0
sky130hd,chameleon,detailedroute__route__wirelength,10637aa0c1619c864d166343f69abd92c71207e3,1727820328,1727499238,838146,805696,-0.0387169,tighten,0
sky130hd,chameleon,detailedroute__route__wirelength,005a71c2385cc04367d94386586ec7a58857386e,1727886494,1727820328,805696,802957,-0.00339863,tighten,0
sky130hd,chameleon,detailedroute__route__wirelength,9c02f01173ff8cba70acb19ecbda7e8df2a13f0f,1732733877,1729200570,802957,733468,-0.086542,tighten,1
sky130hd,chameleon,detailedroute__route__wirelength,ad1b24dbd83dbaadaf5b5df8effc6c9d643b1421,1734995732,1732920940,733468,714639,-0.0256708,tighten,0
sky130hd,chameleon,detailedroute__route__wirelength,759bc3182091858806b53f09a728eaf5ea6216e5,1735395970,1734995732,714639,696237,-0.0257497,tighten,0
sky130hd,chameleon,detailedroute__route__wirelength,804812ea75e47913c47c50f833524f3577d6b7be,1741306883,1739380119,696237,694655,-0.00227309,tighten,0
sky130hd,chameleon,detailedroute__route__wirelength,fca2249dd22e6aad55d5cacc786e6c94fb7dbb86,1742416962,1741306883,694655,694231,-0.000609624,tighten,0
sky130hd,chameleon,detailedroute__route__wirelength,faa7fe5f7e7c424bb2ca4b05ed18e113f2d482ac,1756800730,1756701107,694231,691718,-0.00361989,tighten,0
sky130hd,chameleon,detailedroute__route__wirelength,4ee6469a2d53f71c6289a6b2395d7acdc4ec8071,1757516308,1756800730,691718,686018,-0.00824035,tighten,1
sky130hd,chameleon,detailedroute__route__wirelength,73b3e3209165d7c551ebbdcb7f32893d7b384702,1761600294,1761360171,686018,682022,-0.00582568,tighten,0
sky130hd,chameleon,detailedroute__route__wirelength,b2d224758b1fae76777c5fc5a3493c6bd769404c,1763659797,1763395270,682022,670758,-0.0165148,tighten,0
sky130hd,chameleon,detailedroute__route__wirelength,e3f6ead01c33c5c7ffed5824a43d44dfcadba162,1771913295,1770701421,670758,591691,-0.117877,tighten,1
sky130hd,chameleon,detailedroute__route__wirelength,5101376937a58731b5038683b2cb7b70404da7fc,1772917750,1772640436,591691,703334,0.188684,failing,0
sky130hd,chameleon,detailedroute__route__wirelength,1ad9ee5203118586cab4535015c5184473e53783,1774531618,1773314750,703334,685532,-0.0253105,tighten,0
sky130hd,chameleon,detailedroute__route__wirelength,0d21d8b95b2ba2d73225f02683aea4c0c742a155,1775140916,1774759716,685532,658969,-0.0387487,tighten,1
sky130hd,chameleon,detailedroute__route__wirelength,a89f995a56a40be9b48b39daad94210b36a88d0a,1781720239,1781109839,658969,736170,0.117154,failing,1
sky130hd,chameleon,detailedroute__route__wirelength,21f74110bbb7319634e124f8c3414e6c034a6634,1782411734,1781720239,736170,735761,-0.000555165,tighten,0
sky130hd,chameleon,detailedroute__route__wirelength,6c7028f16cf3edf11439f9f609f70176e5a4be55,1782632631,1782411734,735761,734961,-0.00108731,tighten,0
sky130hd,chameleon,detailedroute__route__wirelength,993421dfc995dce4d6d2aec2028d7f34546a2f81,1784194417,1782632631,734961,630698,-0.141861,tighten,0
sky130hd,chameleon,detailedroute__route__wirelength,fbd08fec657f6d98f1cc36c7231c7c84698bcc97,1786595143,1786034690,630698,742370,0.17706,failing,0
sky130hd,chameleon,detailedroute__route__wirelength,28b73dc76c51287fe3cfedd1da43c2245439d58a,1788181231,1786756751,742370,740563,-0.00243404,tighten,0
sky130hd,chameleon,finish__design__instance__area,3e85fcd8465d967e20d228c1494b8824e699e5a6,1652820402,1652373207,5.68005e+06,5.67971e+06,-5.90932e-05,tighten,0
sky130hd,chameleon,finish__design__instance__area,0ceedb39f3da9ecf862b94f0ae1cab39eb95246d,1655834219,1652820402,5.67971e+06,5.67968e+06,-6.27711e-06,tighten,0
sky130hd,chameleon,finish__design__instance__area,f50270aaac2990b084b60db7761a35581c188644,1693498950,1691093844,5.67968e+06,5.68092e+06,0.000219088,failing,0
sky130hd,chameleon,finish__design__instance__area,53873f6b5a049a999386861e7a9ee80aa61080c5,1727499238,1726801420,5.68092e+06,5.68939e+06,0.00149088,failing,0
sky130hd,chameleon,finish__design__instance__area,10637aa0c1619c864d166343f69abd92c71207e3,1727820328,1727499238,5.68939e+06,5.68802e+06,-0.000240723,tighten,0
sky130hd,chameleon,finish__design__instance__area,9c02f01173ff8cba70acb19ecbda7e8df2a13f0f,1732733877,1729200570,5.68802e+06,5.68661e+06,-0.000247966,tighten,1
sky130hd,chameleon,finish__design__instance__area,3caec25fe4cf710f66f48cf6556b970424cd5073,1732920940,1732733877,5.68661e+06,5.68586e+06,-0.000131812,tighten,0
sky130hd,chameleon,finish__design__instance__area,ad1b24dbd83dbaadaf5b5df8effc6c9d643b1421,1734995732,1732920940,5.68586e+06,5.68532e+06,-9.49724e-05,tighten,0
sky130hd,chameleon,finish__design__instance__area,759bc3182091858806b53f09a728eaf5ea6216e5,1735395970,1734995732,5.68532e+06,5.68478e+06,-9.49815e-05,tighten,0
sky130hd,chameleon,finish__design__instance__area,804812ea75e47913c47c50f833524f3577d6b7be,1741306883,1739380119,5.68478e+06,5.68254e+06,-0.000394035,tighten,0
sky130hd,chameleon,finish__design__instance__area,4ee6469a2d53f71c6289a6b2395d7acdc4ec8071,1757516308,1756800730,5.68254e+06,5.68005e+06,-0.000438261,tighten,1
sky130hd,chameleon,finish__design__instance__area,b2d224758b1fae76777c5fc5a3493c6bd769404c,1763659797,1763395270,5.68005e+06,5.67996e+06,-1.57684e-05,tighten,0
sky130hd,chameleon,finish__design__instance__area,2ee6de90b83bfbf8168a79a6340fe5f735b8d98e,1768241546,1767727881,5.67996e+06,5.67988e+06,-1.40846e-05,tighten,0
sky130hd,chameleon,finish__design__instance__area,e3f6ead01c33c5c7ffed5824a43d44dfcadba162,1771913295,1770701421,5.67988e+06,5.64647e+06,-0.00588224,tighten,1
sky130hd,chameleon,finish__design__instance__area,a89f995a56a40be9b48b39daad94210b36a88d0a,1781720239,1781109839,5.64647e+06,5.66948e+06,0.00407519,failing,1
sky130hd,chameleon,placeopt__design__instance__area,3e85fcd8465d967e20d228c1494b8824e699e5a6,1652820402,1652373207,5.67793e+06,5.67781e+06,-2.02156e-05,tighten,0
sky130hd,chameleon,placeopt__design__instance__area,0ceedb39f3da9ecf862b94f0ae1cab39eb95246d,1655834219,1652820402,5.67781e+06,5.67777e+06,-7.96388e-06,tighten,0
sky130hd,chameleon,placeopt__design__instance__area,09b386b7086f1a10e11f6e26cebac15e53095626,1665635960,1662650846,5.67777e+06,5.67773e+06,-5.5135e-06,tighten,0
sky130hd,chameleon,placeopt__design__instance__area,f50270aaac2990b084b60db7761a35581c188644,1693498950,1691093844,5.67773e+06,5.68024e+06,0.000441235,failing,0
sky130hd,chameleon,placeopt__design__instance__area,53873f6b5a049a999386861e7a9ee80aa61080c5,1727499238,1726801420,5.68024e+06,5.6857e+06,0.000961227,failing,0
sky130hd,chameleon,placeopt__design__instance__area,10637aa0c1619c864d166343f69abd92c71207e3,1727820328,1727499238,5.6857e+06,5.68413e+06,-0.000276208,tighten,0
sky130hd,chameleon,placeopt__design__instance__area,9c02f01173ff8cba70acb19ecbda7e8df2a13f0f,1732733877,1729200570,5.68413e+06,5.68262e+06,-0.000265575,tighten,1
sky130hd,chameleon,placeopt__design__instance__area,3caec25fe4cf710f66f48cf6556b970424cd5073,1732920940,1732733877,5.68262e+06,5.68256e+06,-1.05585e-05,tighten,0
sky130hd,chameleon,placeopt__design__instance__area,ad1b24dbd83dbaadaf5b5df8effc6c9d643b1421,1734995732,1732920940,5.68256e+06,5.68158e+06,-0.000172457,tighten,0
sky130hd,chameleon,placeopt__design__instance__area,759bc3182091858806b53f09a728eaf5ea6216e5,1735395970,1734995732,5.68158e+06,5.68061e+06,-0.000170804,tighten,0
sky130hd,chameleon,placeopt__design__instance__area,804812ea75e47913c47c50f833524f3577d6b7be,1741306883,1739380119,5.68061e+06,5.67888e+06,-0.000304468,tighten,0
sky130hd,chameleon,placeopt__design__instance__area,9753d33a6e24b5daad668aca9cde8918f2af9ebd,1756701107,1755785256,5.67888e+06,5.67655e+06,-0.000410369,tighten,0
sky130hd,chameleon,placeopt__design__instance__area,e3f6ead01c33c5c7ffed5824a43d44dfcadba162,1771913295,1770701421,5.67655e+06,5.64301e+06,-0.00590852,tighten,1
sky130hd,chameleon,placeopt__design__instance__area,a89f995a56a40be9b48b39daad94210b36a88d0a,1781720239,1781109839,5.64301e+06,5.66654e+06,0.00416984,failing,1
sky130hd,chameleon,placeopt__design__instance__area,993421dfc995dce4d6d2aec2028d7f34546a2f81,1784194417,1782632631,5.66654e+06,5.66629e+06,-4.41954e-05,tighten,0
sky130hd,chameleon,placeopt__design__instance__count__stdcell,0ceedb39f3da9ecf862b94f0ae1cab39eb95246d,1655834219,1652820402,61153.9,61152.2,-2.84386e-05,tighten,0
sky130hd,chameleon,placeopt__design__instance__count__stdcell,99af1aca7b0b7c835f95f16c401716134e154ec9,1662650846,1655834219,61152.2,61146.1,-9.95379e-05,tighten,1
sky130hd,chameleon,placeopt__design__instance__count__stdcell,b459e9447c176b22902653912b6b3c2709e32985,1683090721,1667495167,61146.1,61127,-0.000312864,tighten,1
sky130hd,chameleon,placeopt__design__instance__count__stdcell,089e6f0c2da75179c2c6fb32ee48dcf957ec091c,1691084586,1690837866,61127,61051.3,-0.00123762,tighten,0
sky130hd,chameleon,placeopt__design__instance__count__stdcell,3cf22e57f905b4c112a4c39dc124b323dbd284af,1720750184,1693498950,61051.3,60952.2,-0.00162372,tighten,0
sky130hd,chameleon,placeopt__design__instance__count__stdcell,53873f6b5a049a999386861e7a9ee80aa61080c5,1727499238,1726801420,60952.2,61142.6,0.00312433,failing,0
sky130hd,chameleon,placeopt__design__instance__count__stdcell,ad1b24dbd83dbaadaf5b5df8effc6c9d643b1421,1734995732,1732920940,61142.6,60692.2,-0.00736695,tighten,0
sky130hd,chameleon,placeopt__design__instance__count__stdcell,42c12e80a33d8c34badeff76e9aeeaea0b4e2651,1749917054,1743692301,60692.2,60619.1,-0.00120351,tighten,0
sky130hd,chameleon,placeopt__design__instance__count__stdcell,e3f6ead01c33c5c7ffed5824a43d44dfcadba162,1771913295,1770701421,60619.1,33866.1,-0.44133,tighten,1
sky130hd,chameleon,placeopt__design__instance__count__stdcell,0d21d8b95b2ba2d73225f02683aea4c0c742a155,1775140916,1774759716,33866.1,51882.6,0.531993,failing,1
sky130hd,chameleon,placeopt__design__instance__count__stdcell,5cd7c5dc10f25d1d79e2fa3aeed34da5050a2faa,1777160412,1776199700,51882.6,51700.9,-0.00350289,tighten,0
sky130hd,chameleon,placeopt__design__instance__count__stdcell,a89f995a56a40be9b48b39daad94210b36a88d0a,1781720239,1781109839,51700.9,51715.7,0.000285926,failing,1
sky130hd,chameleon,placeopt__design__instance__count__stdcell,6c7028f16cf3edf11439f9f609f70176e5a4be55,1782632631,1782411734,51715.7,51709.6,-0.0001177,tighten,0
sky130hd,chameleon_hier,detailedroute__route__wirelength,3e85fcd8465d967e20d228c1494b8824e699e5a6,1652820402,1652373207,2.34122e+06,2.30023e+06,-0.0175052,tighten,0
sky130hd,chameleon_hier,finish__design__instance__area,3e85fcd8465d967e20d228c1494b8824e699e5a6,1652820402,1652373207,1.68776e+07,1.68762e+07,-7.9962e-05,tighten,0
sky130hd,chameleon_hier,placeopt__design__instance__area,3e85fcd8465d967e20d228c1494b8824e699e5a6,1652820402,1652373207,1.68744e+07,1.68733e+07,-6.83824e-05,tighten,0
sky130hd,chameleon_hier,placeopt__design__instance__count__stdcell,3e85fcd8465d967e20d228c1494b8824e699e5a6,1652820402,1652373207,327964,327898,-0.000201507,tighten,0
sky130hd,gcd,detailedroute__route__wirelength,3e85fcd8465d967e20d228c1494b8824e699e5a6,1652820402,1652373207,11560,11551.3,-0.000752219,tighten,0
sky130hd,gcd,detailedroute__route__wirelength,3799da2efef6eebe76862a917256cd6881f18bec,1672092902,1667495167,11551.3,6040,-0.477115,tighten,1
sky130hd,gcd,detailedroute__route__wirelength,bfe8d930e547fae99ed3f7e2dc7200499eee1898,1672313005,1672092902,6040,5955.65,-0.0139649,tighten,1
sky130hd,gcd,detailedroute__route__wirelength,a006172422544ec724ec4f2bd3b3ab46253ba94a,1713471019,1702463869,5955.65,7422.61,0.246313,failing,1
sky130hd,gcd,detailedroute__route__wirelength,3cf22e57f905b4c112a4c39dc124b323dbd284af,1720750184,1713471019,7422.61,7042.61,-0.0511949,tighten,1
sky130hd,gcd,detailedroute__route__wirelength,292a586ef4d47252ac6fa553d05d57bb5486229e,1723903819,1720750184,7042.61,8582.61,0.218669,failing,0
sky130hd,gcd,detailedroute__route__wirelength,fabc855b4aeca0b29e97639f33900972c0ba6ad0,1724866939,1723903819,8582.61,8512.17,-0.00820669,tighten,0
sky130hd,gcd,detailedroute__route__wirelength,65414c90140eb7a7b3e835a43d5a48841eeab074,1725004257,1724866939,8512.17,10435.7,0.225968,failing,1
sky130hd,gcd,detailedroute__route__wirelength,53873f6b5a049a999386861e7a9ee80aa61080c5,1727499238,1726801420,10435.7,12293,0.177985,failing,0
sky130hd,gcd,detailedroute__route__wirelength,36e13b02baaaf1e9529a4e27908b5fdbda55661c,1735740249,1727499238,12293,8207.83,-0.332319,tighten,1
sky130hd,gcd,detailedroute__route__wirelength,09ec72a7354c364b458c5c1b63bbaaad9bbd08c3,1738015257,1735740249,8207.83,8690.43,0.0587986,failing,1
sky130hd,gcd,detailedroute__route__wirelength,fe77cbcfd1bcf40fbd80dc27be908210288a2b17,1738194375,1738015257,8690.43,10379.1,0.194317,failing,0
sky130hd,gcd,detailedroute__route__wirelength,32ae955873a87d075ad6929e6b4c44c2427faf86,1738624514,1738263999,10379.1,10210.4,-0.0162534,tighten,0
sky130hd,gcd,detailedroute__route__wirelength,6279898876147ee3a229f0703e10299671869e38,1739465446,1739380119,10210.4,8981.74,-0.120337,tighten,0
sky130hd,gcd,detailedroute__route__wirelength,804812ea75e47913c47c50f833524f3577d6b7be,1741306883,1739830152,8981.74,8694.78,-0.0319489,tighten,1
sky130hd,gcd,detailedroute__route__wirelength,fca2249dd22e6aad55d5cacc786e6c94fb7dbb86,1742416962,1741306883,8694.78,8480,-0.0247025,tighten,0
sky130hd,gcd,detailedroute__route__wirelength,3d39210dd6861a9c8e03f3030f5f375613a4a0da,1751483506,1750273217,8480,10152.2,0.19719,failing,1
sky130hd,gcd,detailedroute__route__wirelength,09f99d674c46964abd773bcb887d0df145d6a307,1754448894,1751918507,10152.2,12172.2,0.198972,failing,0
sky130hd,gcd,detailedroute__route__wirelength,9fd2babd7c012de509aee68145c512a215bac1e0,1756277203,1754448894,12172.2,14291.3,0.174096,failing,0
sky130hd,gcd,detailedroute__route__wirelength,9753d33a6e24b5daad668aca9cde8918f2af9ebd,1756701107,1756277203,14291.3,14060.9,-0.0161241,tighten,0
sky130hd,gcd,detailedroute__route__wirelength,cddcedb9d559b67a6b598a2c4b38ad0e04fd2bde,1759261996,1757516308,14060.9,8413.04,-0.40167,tighten,0
sky130hd,gcd,detailedroute__route__wirelength,2ee6de90b83bfbf8168a79a6340fe5f735b8d98e,1768241546,1767727881,8413.04,7342.61,-0.127235,tighten,0
sky130hd,gcd,detailedroute__route__wirelength,52671e62635e2d0af21b8c715f3eb8220e2c0b62,1769814722,1768241546,7342.61,7315.65,-0.00367125,tighten,0
sky130hd,gcd,detailedroute__route__wirelength,e0f1ad381d76fce62eb9703e978d0734548bf7d5,1772209135,1772036546,7315.65,7125.22,-0.0260311,tighten,0
sky130hd,gcd,detailedroute__route__wirelength,5101376937a58731b5038683b2cb7b70404da7fc,1772917750,1772209135,7125.22,8647.83,0.213693,failing,0
sky130hd,gcd,detailedroute__route__wirelength,b1bdc32fceaee7135bd4624e04b42fe42d04344d,1774929008,1774531618,8647.83,12984.3,0.501458,failing,1
sky130hd,gcd,detailedroute__route__wirelength,a89f995a56a40be9b48b39daad94210b36a88d0a,1781720239,1781109839,12984.3,9610.43,-0.259845,tighten,1
sky130hd,gcd,detailedroute__route__wirelength,bea7dcd7be7f26d1328f6058b01cf42bf4352aa2,1784084356,1782632631,9610.43,11327,0.17861,failing,0
sky130hd,gcd,detailedroute__route__wirelength,fbd08fec657f6d98f1cc36c7231c7c84698bcc97,1786595143,1786034690,11327,12660,0.117688,failing,0
sky130hd,gcd,detailedroute__route__wirelength,28b73dc76c51287fe3cfedd1da43c2245439d58a,1788181231,1786725772,12660,11786.1,-0.0690295,tighten,0
sky130hd,gcd,finish__design__instance__area,3799da2efef6eebe76862a917256cd6881f18bec,1672092902,1667495167,4035.65,2665.22,-0.339582,tighten,1
sky130hd,gcd,finish__design__instance__area,f50270aaac2990b084b60db7761a35581c188644,1693498950,1672313005,2665.22,2673.91,0.00326264,failing,1
sky130hd,gcd,finish__design__instance__area,3d05440525390fe651bd9ad60df2267f2cb6ad23,1702463869,1693498950,2673.91,3204.35,0.198374,failing,1
sky130hd,gcd,finish__design__instance__area,65414c90140eb7a7b3e835a43d5a48841eeab074,1725004257,1724866939,3204.35,4347.83,0.356852,failing,1
sky130hd,gcd,finish__design__instance__area,53873f6b5a049a999386861e7a9ee80aa61080c5,1727499238,1726801420,4347.83,4570.43,0.0512,failing,0
sky130hd,gcd,finish__design__instance__area,36e13b02baaaf1e9529a4e27908b5fdbda55661c,1735740249,1727499238,4570.43,3936.52,-0.138699,tighten,1
sky130hd,gcd,finish__design__instance__area,fe77cbcfd1bcf40fbd80dc27be908210288a2b17,1738194375,1738015257,3936.52,4759.13,0.208968,failing,0
sky130hd,gcd,finish__design__instance__area,650e321b0093881d5007662642a9d12b0a2f1c92,1738263999,1738194375,4759.13,4699.13,-0.0126073,tighten,1
sky130hd,gcd,finish__design__instance__area,32ae955873a87d075ad6929e6b4c44c2427faf86,1738624514,1738263999,4699.13,4570.43,-0.0273871,tighten,0
sky130hd,gcd,finish__design__instance__area,6279898876147ee3a229f0703e10299671869e38,1739465446,1739380119,4570.43,4199.13,-0.0812405,tighten,0
sky130hd,gcd,finish__design__instance__area,fca2249dd22e6aad55d5cacc786e6c94fb7dbb86,1742416962,1741306883,4199.13,4062.61,-0.0325119,tighten,0
sky130hd,gcd,finish__design__instance__area,09f99d674c46964abd773bcb887d0df145d6a307,1754448894,1751918507,4062.61,5407.83,0.331122,failing,0
sky130hd,gcd,finish__design__instance__area,cddcedb9d559b67a6b598a2c4b38ad0e04fd2bde,1759261996,1757516308,5407.83,4777.39,-0.116578,tighten,0
sky130hd,gcd,finish__design__instance__area,b2d224758b1fae76777c5fc5a3493c6bd769404c,1763659797,1761360171,4777.39,4775.65,-0.000364033,tighten,0
sky130hd,gcd,finish__design__instance__area,6e3bcbe960c3763af531c9518513409a3d5a34da,1764698552,1763659797,4775.65,4772.17,-0.000728332,tighten,0
sky130hd,gcd,finish__design__instance__area,2ee6de90b83bfbf8168a79a6340fe5f735b8d98e,1768241546,1767727881,4772.17,4401.74,-0.0776239,tighten,0
sky130hd,gcd,finish__design__instance__area,52671e62635e2d0af21b8c715f3eb8220e2c0b62,1769814722,1768241546,4401.74,4396.52,-0.0011853,tighten,0
sky130hd,gcd,finish__design__instance__area,e0f1ad381d76fce62eb9703e978d0734548bf7d5,1772209135,1772036546,4396.52,4335.65,-0.0138449,tighten,0
sky130hd,gcd,finish__design__instance__area,5101376937a58731b5038683b2cb7b70404da7fc,1772917750,1772209135,4335.65,5040.87,0.162655,failing,0
sky130hd,gcd,finish__design__instance__area,a89f995a56a40be9b48b39daad94210b36a88d0a,1781720239,1781109839,5040.87,5213.91,0.0343281,failing,1
sky130hd,gcd,finish__design__instance__area,fbd08fec657f6d98f1cc36c7231c7c84698bcc97,1786595143,1786034690,5213.91,5053.91,-0.0306871,tighten,0
sky130hd,gcd,placeopt__design__instance__area,2f572bcc84a401f64ce9ff8b1a66337253e4936e,1660179792,1652820402,3984.35,3983.48,-0.000218245,tighten,1
sky130hd,gcd,placeopt__design__instance__area,3799da2efef6eebe76862a917256cd6881f18bec,1672092902,1667495167,3983.48,2627.83,-0.340319,tighten,1
sky130hd,gcd,placeopt__design__instance__area,f50270aaac2990b084b60db7761a35581c188644,1693498950,1672313005,2627.83,2636.52,0.00330907,failing,1
sky130hd,gcd,placeopt__design__instance__area,a006172422544ec724ec4f2bd3b3ab46253ba94a,1713471019,1702463869,2636.52,3294.78,0.24967,failing,1
sky130hd,gcd,placeopt__design__instance__area,3cf22e57f905b4c112a4c39dc124b323dbd284af,1720750184,1713471019,3294.78,3261.74,-0.010029,tighten,1
sky130hd,gcd,placeopt__design__instance__area,53873f6b5a049a999386861e7a9ee80aa61080c5,1727499238,1726801420,3261.74,3484.35,0.0682485,failing,0
sky130hd,gcd,placeopt__design__instance__area,36e13b02baaaf1e9529a4e27908b5fdbda55661c,1735740249,1727499238,3484.35,3078.26,-0.116546,tighten,1
sky130hd,gcd,placeopt__design__instance__area,09f99d674c46964abd773bcb887d0df145d6a307,1754448894,1751918507,3078.26,4005.22,0.30113,failing,0
sky130hd,gcd,placeopt__design__instance__area,cddcedb9d559b67a6b598a2c4b38ad0e04fd2bde,1759261996,1757516308,4005.22,3713.91,-0.0727312,tighten,0
sky130hd,gcd,placeopt__design__instance__area,2ee6de90b83bfbf8168a79a6340fe5f735b8d98e,1768241546,1767727881,3713.91,3618.26,-0.0257551,tighten,0
sky130hd,gcd,placeopt__design__instance__area,a89f995a56a40be9b48b39daad94210b36a88d0a,1781720239,1781109839,3618.26,4082.61,0.128335,failing,1
sky130hd,gcd,placeopt__design__instance__area,6c7028f16cf3edf11439f9f609f70176e5a4be55,1782632631,1781720239,4082.61,4070.43,-0.0029819,tighten,0
sky130hd,gcd,placeopt__design__instance__area,fbd08fec657f6d98f1cc36c7231c7c84698bcc97,1786595143,1786034690,4070.43,4054.78,-0.00384533,tighten,0
sky130hd,gcd,placeopt__design__instance__count__stdcell,3799da2efef6eebe76862a917256cd6881f18bec,1672092902,1667495167,1195.65,394.783,-0.669818,tighten,1
sky130hd,gcd,placeopt__design__instance__count__stdcell,a006172422544ec724ec4f2bd3b3ab46253ba94a,1713471019,1702463869,394.783,527.826,0.337004,failing,1
sky130hd,gcd,placeopt__design__instance__count__stdcell,3cf22e57f905b4c112a4c39dc124b323dbd284af,1720750184,1713471019,527.826,526.957,-0.00164745,tighten,1
sky130hd,gcd,placeopt__design__instance__count__stdcell,53873f6b5a049a999386861e7a9ee80aa61080c5,1727499238,1726801420,526.957,540,0.0247525,failing,0
sky130hd,gcd,placeopt__design__instance__count__stdcell,36e13b02baaaf1e9529a4e27908b5fdbda55661c,1735740249,1727499238,540,414.783,-0.231884,tighten,1
sky130hd,gcd,placeopt__design__instance__count__stdcell,650e321b0093881d5007662642a9d12b0a2f1c92,1738263999,1738194375,414.783,480,0.157233,failing,1
sky130hd,gcd,placeopt__design__instance__count__stdcell,6279898876147ee3a229f0703e10299671869e38,1739465446,1739380119,480,418.261,-0.128623,tighten,0
sky130hd,gcd,placeopt__design__instance__count__stdcell,42c12e80a33d8c34badeff76e9aeeaea0b4e2651,1749917054,1746769862,418.261,505.217,0.2079,failing,0
sky130hd,gcd,placeopt__design__instance__count__stdcell,cddcedb9d559b67a6b598a2c4b38ad0e04fd2bde,1759261996,1757516308,505.217,451.304,-0.106713,tighten,0
sky130hd,gcd,placeopt__design__instance__count__stdcell,2ee6de90b83bfbf8168a79a6340fe5f735b8d98e,1768241546,1767727881,451.304,440,-0.0250482,tighten,0
sky130hd,gcd,placeopt__design__instance__count__stdcell,a89f995a56a40be9b48b39daad94210b36a88d0a,1781720239,1781109839,440,480,0.0909091,failing,1
sky130hd,gcd,placeopt__design__instance__count__stdcell,fbd08fec657f6d98f1cc36c7231c7c84698bcc97,1786595143,1786034690,480,478.261,-0.00362319,tighten,0
sky130hd,ibex,detailedroute__route__wirelength,3e85fcd8465d967e20d228c1494b8824e699e5a6,1652820402,1652373207,722170,706229,-0.0220736,tighten,0
sky130hd,ibex,detailedroute__route__wirelength,2f572bcc84a401f64ce9ff8b1a66337253e4936e,1660179792,1658154812,706229,670993,-0.0498927,tighten,1
sky130hd,ibex,detailedroute__route__wirelength,085ec3e1140673788ea46e5d2be55ff333320faa,1671142322,1667495167,670993,657847,-0.019592,tighten,0
sky130hd,ibex,detailedroute__route__wirelength,912dc0779b31be32f0d9382cb1cbe9654a297e9f,1671165356,1671142322,657847,656653,-0.00181488,tighten,0
sky130hd,ibex,detailedroute__route__wirelength,3799da2efef6eebe76862a917256cd6881f18bec,1672092902,1671165356,656653,642542,-0.0214897,tighten,1
sky130hd,ibex,detailedroute__route__wirelength,bfe8d930e547fae99ed3f7e2dc7200499eee1898,1672313005,1672092902,642542,641986,-0.000864772,tighten,1
sky130hd,ibex,detailedroute__route__wirelength,f50270aaac2990b084b60db7761a35581c188644,1693498950,1690837866,641986,647759,0.00899247,failing,0
sky130hd,ibex,detailedroute__route__wirelength,d49af69631865875ae670693833152b614499f7f,1702929357,1693498950,647759,646224,-0.00236937,tighten,1
sky130hd,ibex,detailedroute__route__wirelength,b79dcf0d15a4d5dd70e48630ea16452d31d66182,1726992325,1726801420,646224,780222,0.207354,failing,1
sky130hd,ibex,detailedroute__route__wirelength,a098e477bbf99ca6cd134db402eb3bbdb1c950d9,1730895801,1726992325,780222,752916,-0.0349979,tighten,1
sky130hd,ibex,detailedroute__route__wirelength,3caec25fe4cf710f66f48cf6556b970424cd5073,1732920940,1730895801,752916,708452,-0.0590551,tighten,0
sky130hd,ibex,detailedroute__route__wirelength,faaca5deceec0a6aa9e03bc28b0a0c210a4610fe,1736542147,1735740249,708452,705493,-0.0041769,tighten,0
sky130hd,ibex,detailedroute__route__wirelength,fca2249dd22e6aad55d5cacc786e6c94fb7dbb86,1742416962,1741437680,705493,703472,-0.00286448,tighten,0
sky130hd,ibex,detailedroute__route__wirelength,efbc08a20cb0e9999d8ae71e13efdd7faf28c429,1749587125,1743692301,703472,697303,-0.00877016,tighten,1
sky130hd,ibex,detailedroute__route__wirelength,4ee6469a2d53f71c6289a6b2395d7acdc4ec8071,1757516308,1756701107,697303,659572,-0.0541091,tighten,0
sky130hd,ibex,detailedroute__route__wirelength,e79a174e30f63fd031fb72cdd264e7358caaadfb,1757956713,1757516308,659572,658416,-0.00175344,tighten,0
sky130hd,ibex,detailedroute__route__wirelength,cbdc8b4c8bee18125dee663aaa6d168b48810668,1758645668,1757956713,658416,654435,-0.00604613,tighten,0
sky130hd,ibex,detailedroute__route__wirelength,e768a6934f2adf5c3d928bd83e7b7efbbd75b156,1762915582,1761600294,654435,652211,-0.00339756,tighten,0
sky130hd,ibex,detailedroute__route__wirelength,b2d224758b1fae76777c5fc5a3493c6bd769404c,1763659797,1763395270,652211,652055,-0.000239986,tighten,0
sky130hd,ibex,detailedroute__route__wirelength,e476f58f5155006a0f2c0851e65872a1443cb4f6,1772835964,1772209135,652055,633611,-0.0282852,tighten,1
sky130hd,ibex,detailedroute__route__wirelength,442c25202ace17ce42288d502eef557a4ce7f1e5,1779202706,1774531618,633611,612296,-0.0336415,tighten,1
sky130hd,ibex,detailedroute__route__wirelength,d39a7b21e8f23d0220f03ee6e4f727156f236853,1780178044,1779202706,612296,612047,-0.000406169,tighten,0
sky130hd,ibex,finish__design__instance__area,3e85fcd8465d967e20d228c1494b8824e699e5a6,1652820402,1652373207,173715,170948,-0.0159282,tighten,0
sky130hd,ibex,finish__design__instance__area,2f572bcc84a401f64ce9ff8b1a66337253e4936e,1660179792,1658154812,170948,163524,-0.0434254,tighten,1
sky130hd,ibex,finish__design__instance__area,085ec3e1140673788ea46e5d2be55ff333320faa,1671142322,1667495167,163524,160758,-0.0169154,tighten,0
sky130hd,ibex,finish__design__instance__area,3799da2efef6eebe76862a917256cd6881f18bec,1672092902,1671165356,160758,159519,-0.00770804,tighten,1
sky130hd,ibex,finish__design__instance__area,bfe8d930e547fae99ed3f7e2dc7200499eee1898,1672313005,1672092902,159519,159260,-0.00162445,tighten,1
sky130hd,ibex,finish__design__instance__area,c7ddcdb4c019d9d61c6866807d764af3951325a4,1673993899,1672313005,159260,159193,-0.000420423,tighten,0
sky130hd,ibex,finish__design__instance__area,c37a33e462e9c15af03f7a46a6d62a3c81271036,1687261472,1674023373,159193,159191,-1.09247e-05,tighten,1
sky130hd,ibex,finish__design__instance__area,d49af69631865875ae670693833152b614499f7f,1702929357,1693498950,159191,183903,0.15523,failing,1
sky130hd,ibex,finish__design__instance__area,fabc855b4aeca0b29e97639f33900972c0ba6ad0,1724866939,1720750184,183903,179154,-0.0258218,tighten,1
sky130hd,ibex,finish__design__instance__area,80d28863e882049bbdbddc5676cef590e196906c,1726801420,1724866939,179154,178995,-0.000888233,tighten,0
sky130hd,ibex,finish__design__instance__area,3caec25fe4cf710f66f48cf6556b970424cd5073,1732920940,1730895801,178995,178459,-0.00299256,tighten,0
sky130hd,ibex,finish__design__instance__area,efbc08a20cb0e9999d8ae71e13efdd7faf28c429,1749587125,1743692301,178459,177607,-0.00477518,tighten,1
sky130hd,ibex,finish__design__instance__area,42c12e80a33d8c34badeff76e9aeeaea0b4e2651,1749917054,1749587125,177607,177886,0.00157162,failing,0
sky130hd,ibex,finish__design__instance__area,457549938522cbf74360fab4520cc93d40adeb9c,1756497923,1751739576,177886,163193,-0.082598,tighten,0
sky130hd,ibex,finish__design__instance__area,9753d33a6e24b5daad668aca9cde8918f2af9ebd,1756701107,1756497923,163193,163044,-0.000911164,tighten,0
sky130hd,ibex,finish__design__instance__area,e768a6934f2adf5c3d928bd83e7b7efbbd75b156,1762915582,1761600294,163044,159843,-0.0196372,tighten,0
sky130hd,ibex,finish__design__instance__area,20dc208b49af875cfa5ba1c4490f68d635d8d621,1768019333,1767727881,159843,157149,-0.0168535,tighten,1
sky130hd,ibex,finish__design__instance__area,3b73eb16ccac67fee3022b843ec73964fed2da93,1769102322,1768019333,157149,157137,-7.19341e-05,tighten,1
sky130hd,ibex,finish__design__instance__area,e476f58f5155006a0f2c0851e65872a1443cb4f6,1772835964,1772209135,157137,156150,-0.00628638,tighten,1
sky130hd,ibex,finish__design__instance__area,4f75afd4cb1ea5150d91d3a010fe278c28955efa,1773561379,1772835964,156150,156022,-0.000818613,tighten,0
sky130hd,ibex,finish__design__instance__area,442c25202ace17ce42288d502eef557a4ce7f1e5,1779202706,1774531618,156022,154796,-0.00785844,tighten,1
sky130hd,ibex,finish__design__instance__area,d39a7b21e8f23d0220f03ee6e4f727156f236853,1780178044,1779202706,154796,154576,-0.00142123,tighten,0
sky130hd,ibex,placeopt__design__instance__area,3e85fcd8465d967e20d228c1494b8824e699e5a6,1652820402,1652373207,166467,166111,-0.00213647,tighten,0
sky130hd,ibex,placeopt__design__instance__area,2f572bcc84a401f64ce9ff8b1a66337253e4936e,1660179792,1658154812,166111,158835,-0.0438051,tighten,1
sky130hd,ibex,placeopt__design__instance__area,3799da2efef6eebe76862a917256cd6881f18bec,1672092902,1671165356,158835,157567,-0.00798204,tighten,1
sky130hd,ibex,placeopt__design__instance__area,bfe8d930e547fae99ed3f7e2dc7200499eee1898,1672313005,1672092902,157567,157353,-0.0013576,tighten,1
sky130hd,ibex,placeopt__design__instance__area,c7ddcdb4c019d9d61c6866807d764af3951325a4,1673993899,1672313005,157353,157218,-0.000856562,tighten,0
sky130hd,ibex,placeopt__design__instance__area,f50270aaac2990b084b60db7761a35581c188644,1693498950,1690837866,157218,157248,0.000188052,failing,0
sky130hd,ibex,placeopt__design__instance__area,457549938522cbf74360fab4520cc93d40adeb9c,1756497923,1751739576,157248,149242,-0.0509138,tighten,0
sky130hd,ibex,placeopt__design__instance__area,e768a6934f2adf5c3d928bd83e7b7efbbd75b156,1762915582,1761600294,149242,147635,-0.0107675,tighten,0
sky130hd,ibex,placeopt__design__instance__area,20dc208b49af875cfa5ba1c4490f68d635d8d621,1768019333,1767727881,147635,147066,-0.00385204,tighten,1
sky130hd,ibex,placeopt__design__instance__area,e476f58f5155006a0f2c0851e65872a1443cb4f6,1772835964,1772209135,147066,145702,-0.00927711,tighten,1
sky130hd,ibex,placeopt__design__instance__area,442c25202ace17ce42288d502eef557a4ce7f1e5,1779202706,1774531618,145702,144655,-0.00718561,tighten,1
sky130hd,ibex,placeopt__design__instance__count__stdcell,3e85fcd8465d967e20d228c1494b8824e699e5a6,1652820402,1652373207,23671.3,23667,-0.000183675,tighten,0
sky130hd,ibex,placeopt__design__instance__count__stdcell,a9135b34ffdaa0c04b18a4423d038cd98cc8827f,1654188137,1653240872,23667,23665.2,-7.34835e-05,tighten,0
sky130hd,ibex,placeopt__design__instance__count__stdcell,2f572bcc84a401f64ce9ff8b1a66337253e4936e,1660179792,1658154812,23665.2,19211.3,-0.188205,tighten,1
sky130hd,ibex,placeopt__design__instance__count__stdcell,085ec3e1140673788ea46e5d2be55ff333320faa,1671142322,1667495167,19211.3,19207.8,-0.000181053,tighten,0
sky130hd,ibex,placeopt__design__instance__count__stdcell,3799da2efef6eebe76862a917256cd6881f18bec,1672092902,1671165356,19207.8,18622.6,-0.0304677,tighten,1
sky130hd,ibex,placeopt__design__instance__count__stdcell,c37a33e462e9c15af03f7a46a6d62a3c81271036,1687261472,1674023373,18622.6,18621.7,-4.66941e-05,tighten,1
sky130hd,ibex,placeopt__design__instance__count__stdcell,d49af69631865875ae670693833152b614499f7f,1702929357,1693498950,18621.7,18527,-0.00508989,tighten,1
sky130hd,ibex,placeopt__design__instance__count__stdcell,5a5fa4573a15dcf9a029faa44188e6ddd8155d04,1739830152,1739380119,18527,18240.9,-0.0154417,tighten,1
sky130hd,jpeg,detailedroute__route__wirelength,3e85fcd8465d967e20d228c1494b8824e699e5a6,1652820402,1652373207,1.19944e+06,1.19867e+06,-0.000643778,tighten,0
sky130hd,jpeg,detailedroute__route__wirelength,2f572bcc84a401f64ce9ff8b1a66337253e4936e,1660179792,1658154812,1.19867e+06,1.16747e+06,-0.0260252,tighten,1
sky130hd,jpeg,detailedroute__route__wirelength,99af1aca7b0b7c835f95f16c401716134e154ec9,1662650846,1660179792,1.16747e+06,1.16737e+06,-8.49103e-05,tighten,0
sky130hd,jpeg,detailedroute__route__wirelength,3799da2efef6eebe76862a917256cd6881f18bec,1672092902,1667495167,1.16737e+06,1.12597e+06,-0.0354687,tighten,1
sky130hd,jpeg,detailedroute__route__wirelength,f50270aaac2990b084b60db7761a35581c188644,1693498950,1692226288,1.12597e+06,1.13166e+06,0.00505072,failing,0
sky130hd,jpeg,detailedroute__route__wirelength,a006172422544ec724ec4f2bd3b3ab46253ba94a,1713471019,1693498950,1.13166e+06,1.35085e+06,0.19369,failing,1
sky130hd,jpeg,detailedroute__route__wirelength,204610eaf40c1d4389d776a3bdc9dfa21554727c,1719417626,1713471019,1.35085e+06,1.28922e+06,-0.0456171,tighten,1
sky130hd,jpeg,detailedroute__route__wirelength,3cf22e57f905b4c112a4c39dc124b323dbd284af,1720750184,1719417626,1.28922e+06,1.28898e+06,-0.000190205,tighten,0
sky130hd,jpeg,detailedroute__route__wirelength,292a586ef4d47252ac6fa553d05d57bb5486229e,1723903819,1721331380,1.28898e+06,2.75393e+06,1.13652,failing,0
sky130hd,jpeg,detailedroute__route__wirelength,fabc855b4aeca0b29e97639f33900972c0ba6ad0,1724866939,1723903819,2.75393e+06,2.74366e+06,-0.00373032,tighten,0
sky130hd,jpeg,detailedroute__route__wirelength,80d28863e882049bbdbddc5676cef590e196906c,1726801420,1724866939,2.74366e+06,2.70671e+06,-0.0134676,tighten,0
sky130hd,jpeg,detailedroute__route__wirelength,53873f6b5a049a999386861e7a9ee80aa61080c5,1727499238,1726801420,2.70671e+06,1.3359e+06,-0.506446,tighten,1
sky130hd,jpeg,detailedroute__route__wirelength,ad1b24dbd83dbaadaf5b5df8effc6c9d643b1421,1734995732,1730148173,1.3359e+06,1.24341e+06,-0.0692389,tighten,1
sky130hd,jpeg,detailedroute__route__wirelength,0237d84dbf0b1cb2fd3455e6cc0ede497ac27009,1737487889,1735740249,1.24341e+06,1.26391e+06,0.0164855,failing,0
sky130hd,jpeg,detailedroute__route__wirelength,38048dd84fa7ded350b777c6645e174532a12580,1738168326,1738100326,1.26391e+06,1.24973e+06,-0.0112178,tighten,0
sky130hd,jpeg,detailedroute__route__wirelength,fe77cbcfd1bcf40fbd80dc27be908210288a2b17,1738194375,1738168326,1.24973e+06,1.05364e+06,-0.156907,tighten,0
sky130hd,jpeg,detailedroute__route__wirelength,372e2136d874c075907167b16749458ff2ec82b1,1742326415,1741306883,1.05364e+06,1.21554e+06,0.153665,failing,1
sky130hd,jpeg,detailedroute__route__wirelength,fca2249dd22e6aad55d5cacc786e6c94fb7dbb86,1742416962,1742326415,1.21554e+06,1.18519e+06,-0.0249757,tighten,0
sky130hd,jpeg,detailedroute__route__wirelength,9753d33a6e24b5daad668aca9cde8918f2af9ebd,1756701107,1749917054,1.18519e+06,1.18472e+06,-0.000391793,tighten,1
sky130hd,jpeg,detailedroute__route__wirelength,4ee6469a2d53f71c6289a6b2395d7acdc4ec8071,1757516308,1756701107,1.18472e+06,1.16375e+06,-0.0177044,tighten,0
sky130hd,jpeg,detailedroute__route__wirelength,e446cb72c394e70556be0e1e636da15011cffad2,1757687866,1757516308,1.16375e+06,1.16072e+06,-0.00259656,tighten,0
sky130hd,jpeg,detailedroute__route__wirelength,a89f995a56a40be9b48b39daad94210b36a88d0a,1781720239,1781109839,1.16072e+06,1.14537e+06,-0.0132256,tighten,1
sky130hd,jpeg,finish__design__instance__area,3e85fcd8465d967e20d228c1494b8824e699e5a6,1652820402,1652373207,526918,526846,-0.000136974,tighten,0
sky130hd,jpeg,finish__design__instance__area,373b724c682c33cdb2681bb95008e334cb2cff23,1658154812,1652820402,526846,526510,-0.000638748,tighten,0
sky130hd,jpeg,finish__design__instance__area,2f572bcc84a401f64ce9ff8b1a66337253e4936e,1660179792,1658154812,526510,500857,-0.0487228,tighten,1
sky130hd,jpeg,finish__design__instance__area,3799da2efef6eebe76862a917256cd6881f18bec,1672092902,1667495167,500857,497772,-0.00615815,tighten,1
sky130hd,jpeg,finish__design__instance__area,f50270aaac2990b084b60db7761a35581c188644,1693498950,1692226288,497772,497831,0.00011879,failing,0
sky130hd,jpeg,finish__design__instance__area,292a586ef4d47252ac6fa553d05d57bb5486229e,1723903819,1721331380,497831,591625,0.188405,failing,0
sky130hd,jpeg,finish__design__instance__area,fabc855b4aeca0b29e97639f33900972c0ba6ad0,1724866939,1723903819,591625,589558,-0.00349369,tighten,0
sky130hd,jpeg,finish__design__instance__area,80d28863e882049bbdbddc5676cef590e196906c,1726801420,1724866939,589558,582894,-0.011304,tighten,0
sky130hd,jpeg,finish__design__instance__area,53873f6b5a049a999386861e7a9ee80aa61080c5,1727499238,1726801420,582894,540347,-0.0729926,tighten,1
sky130hd,jpeg,finish__design__instance__area,ad1b24dbd83dbaadaf5b5df8effc6c9d643b1421,1734995732,1730148173,540347,535042,-0.00981817,tighten,1
sky130hd,jpeg,finish__design__instance__area,0237d84dbf0b1cb2fd3455e6cc0ede497ac27009,1737487889,1735740249,535042,535520,0.000893876,failing,0
sky130hd,jpeg,finish__design__instance__area,38048dd84fa7ded350b777c6645e174532a12580,1738168326,1738100326,535520,534961,-0.00104409,tighten,0
sky130hd,jpeg,finish__design__instance__area,fe77cbcfd1bcf40fbd80dc27be908210288a2b17,1738194375,1738168326,534961,452889,-0.153417,tighten,0
sky130hd,jpeg,finish__design__instance__area,804812ea75e47913c47c50f833524f3577d6b7be,1741306883,1739226770,452889,452232,-0.00144963,tighten,1
sky130hd,jpeg,finish__design__instance__area,a89f995a56a40be9b48b39daad94210b36a88d0a,1781720239,1781109839,452232,451058,-0.00259582,tighten,1
sky130hd,jpeg,placeopt__design__instance__area,373b724c682c33cdb2681bb95008e334cb2cff23,1658154812,1652820402,523716,523370,-0.00065917,tighten,0
sky130hd,jpeg,placeopt__design__instance__area,2f572bcc84a401f64ce9ff8b1a66337253e4936e,1660179792,1658154812,523370,497957,-0.0485582,tighten,1
sky130hd,jpeg,placeopt__design__instance__area,3799da2efef6eebe76862a917256cd6881f18bec,1672092902,1667495167,497957,495953,-0.0040234,tighten,1
sky130hd,jpeg,placeopt__design__instance__area,bfe8d930e547fae99ed3f7e2dc7200499eee1898,1672313005,1672092902,495953,495910,-8.59128e-05,tighten,1
sky130hd,jpeg,placeopt__design__instance__area,533686274bc7711df4ab6240b9e27bb1c85059c7,1689626103,1672313005,495910,495780,-0.000263021,tighten,1
sky130hd,jpeg,placeopt__design__instance__area,f50270aaac2990b084b60db7761a35581c188644,1693498950,1692226288,495780,495794,2.80629e-05,failing,0
sky130hd,jpeg,placeopt__design__instance__area,53873f6b5a049a999386861e7a9ee80aa61080c5,1727499238,1726801420,495794,520499,0.0498296,failing,1
sky130hd,jpeg,placeopt__design__instance__area,ad1b24dbd83dbaadaf5b5df8effc6c9d643b1421,1734995732,1730148173,520499,516010,-0.00862383,tighten,1
sky130hd,jpeg,placeopt__design__instance__area,0237d84dbf0b1cb2fd3455e6cc0ede497ac27009,1737487889,1735740249,516010,516696,0.00132791,failing,0
sky130hd,jpeg,placeopt__design__instance__area,38048dd84fa7ded350b777c6645e174532a12580,1738168326,1738100326,516696,516082,-0.00118815,tighten,0
sky130hd,jpeg,placeopt__design__instance__area,fe77cbcfd1bcf40fbd80dc27be908210288a2b17,1738194375,1738168326,516082,434028,-0.158994,tighten,0
sky130hd,jpeg,placeopt__design__instance__area,804812ea75e47913c47c50f833524f3577d6b7be,1741306883,1739226770,434028,433495,-0.00122813,tighten,1
sky130hd,jpeg,placeopt__design__instance__area,372e2136d874c075907167b16749458ff2ec82b1,1742326415,1741306883,433495,432958,-0.00123767,tighten,1
sky130hd,jpeg,placeopt__design__instance__area,9753d33a6e24b5daad668aca9cde8918f2af9ebd,1756701107,1749917054,432958,432545,-0.000954003,tighten,1
sky130hd,jpeg,placeopt__design__instance__area,4ee6469a2d53f71c6289a6b2395d7acdc4ec8071,1757516308,1756701107,432545,431508,-0.00239834,tighten,0
sky130hd,jpeg,placeopt__design__instance__area,442c25202ace17ce42288d502eef557a4ce7f1e5,1779202706,1776208573,431508,429641,-0.00432659,tighten,1
sky130hd,jpeg,placeopt__design__instance__area,a89f995a56a40be9b48b39daad94210b36a88d0a,1781720239,1781109839,429641,428779,-0.00200572,tighten,1
sky130hd,jpeg,placeopt__design__instance__area,993421dfc995dce4d6d2aec2028d7f34546a2f81,1784194417,1784084356,428779,423653,-0.0119551,tighten,0
sky130hd,jpeg,placeopt__design__instance__count__stdcell,3e85fcd8465d967e20d228c1494b8824e699e5a6,1652820402,1652373207,77829.6,77827.8,-2.23454e-05,tighten,0
sky130hd,jpeg,placeopt__design__instance__count__stdcell,2f572bcc84a401f64ce9ff8b1a66337253e4936e,1660179792,1658154812,77827.8,59348.7,-0.237436,tighten,1
sky130hd,jpeg,placeopt__design__instance__count__stdcell,3799da2efef6eebe76862a917256cd6881f18bec,1672092902,1667495167,59348.7,58067.8,-0.0215821,tighten,1
sky130hd,jpeg,placeopt__design__instance__count__stdcell,bfe8d930e547fae99ed3f7e2dc7200499eee1898,1672313005,1672092902,58067.8,58065.2,-4.4925e-05,tighten,1
sky130hd,jpeg,placeopt__design__instance__count__stdcell,f50270aaac2990b084b60db7761a35581c188644,1693498950,1692226288,58065.2,58068.7,5.99027e-05,failing,0
sky130hd,jpeg,placeopt__design__instance__count__stdcell,53873f6b5a049a999386861e7a9ee80aa61080c5,1727499238,1726801420,58068.7,63592.2,0.0951197,failing,1
sky130hd,jpeg,placeopt__design__instance__count__stdcell,ad1b24dbd83dbaadaf5b5df8effc6c9d643b1421,1734995732,1730148173,63592.2,56667,-0.1089,tighten,1
sky130hd,jpeg,placeopt__design__instance__count__stdcell,0237d84dbf0b1cb2fd3455e6cc0ede497ac27009,1737487889,1735740249,56667,56669.6,4.60356e-05,failing,0
sky130hd,jpeg,placeopt__design__instance__count__stdcell,fe77cbcfd1bcf40fbd80dc27be908210288a2b17,1738194375,1738168326,56669.6,48174.8,-0.1499,tighten,0
sky130hd,jpeg,placeopt__design__instance__count__stdcell,804812ea75e47913c47c50f833524f3577d6b7be,1741306883,1739226770,48174.8,48100.9,-0.00153427,tighten,1
sky130hd,jpeg,placeopt__design__instance__count__stdcell,372e2136d874c075907167b16749458ff2ec82b1,1742326415,1741306883,48100.9,48094.8,-0.000126546,tighten,1
sky130hd,jpeg,placeopt__design__instance__count__stdcell,442c25202ace17ce42288d502eef557a4ce7f1e5,1779202706,1776208573,48094.8,45721.7,-0.049341,tighten,1
sky130hd,jpeg,placeopt__design__instance__count__stdcell,a89f995a56a40be9b48b39daad94210b36a88d0a,1781720239,1781109839,45721.7,45611.3,-0.00241537,tighten,1
sky130hd,jpeg,placeopt__design__instance__count__stdcell,993421dfc995dce4d6d2aec2028d7f34546a2f81,1784194417,1784084356,45611.3,44881.7,-0.0159953,tighten,0
sky130hd,microwatt,detailedroute__route__wirelength,f50270aaac2990b084b60db7761a35581c188644,1693498950,1691110098,7.75421e+06,8.31202e+06,0.0719369,failing,1
sky130hd,microwatt,detailedroute__route__wirelength,a006172422544ec724ec4f2bd3b3ab46253ba94a,1713471019,1710779916,8.31202e+06,7.65841e+06,-0.0786347,tighten,1
sky130hd,microwatt,detailedroute__route__wirelength,0472df8bb07ff94ba2e407042bbf0793772eccd7,1713890382,1713471019,7.65841e+06,7.6518e+06,-0.000862593,tighten,1
sky130hd,microwatt,detailedroute__route__wirelength,e938ba6d0e8275ea8f5702ceacb830cd9ed34c56,1717596379,1713890382,7.6518e+06,9.2394e+06,0.20748,failing,0
sky130hd,microwatt,detailedroute__route__wirelength,3cf22e57f905b4c112a4c39dc124b323dbd284af,1720750184,1717596379,9.2394e+06,8.67804e+06,-0.0607576,tighten,1
sky130hd,microwatt,detailedroute__route__wirelength,292a586ef4d47252ac6fa553d05d57bb5486229e,1723903819,1721331380,8.67804e+06,8.57589e+06,-0.0117703,tighten,1
sky130hd,microwatt,detailedroute__route__wirelength,1b2abed1a3d0628769aa99ed747128159ab2fc77,1727222371,1726801420,8.57589e+06,8.44023e+06,-0.0158198,tighten,0
sky130hd,microwatt,detailedroute__route__wirelength,53873f6b5a049a999386861e7a9ee80aa61080c5,1727499238,1727222371,8.44023e+06,9.14614e+06,0.0836373,failing,0
sky130hd,microwatt,detailedroute__route__wirelength,20cf8faa9986c3849c2edfadde05f62e7e7308d6,1727799197,1727499238,9.14614e+06,8.43922e+06,-0.0772918,tighten,0
sky130hd,microwatt,detailedroute__route__wirelength,b28c1421cdabdb13a641c05b86eb3303cd6972ec,1731624393,1730895801,8.43922e+06,8.98472e+06,0.0646386,failing,1
sky130hd,microwatt,detailedroute__route__wirelength,804812ea75e47913c47c50f833524f3577d6b7be,1741306883,1739380119,8.98472e+06,8.45017e+06,-0.0594952,tighten,0
sky130hd,microwatt,detailedroute__route__wirelength,4ec37c32e04a698d3cb861f2ad4fc49ebcdb85e1,1746456052,1745637922,8.45017e+06,1.01897e+07,0.205856,failing,1
sky130hd,microwatt,detailedroute__route__wirelength,e6ddecf3dc7882bedfd21c2bebe7a1634e0987e4,1746606035,1746456052,1.01897e+07,9.62761e+06,-0.0551618,tighten,1
sky130hd,microwatt,detailedroute__route__wirelength,42178207582b826afda558465d444ace04ccbd4a,1747174692,1746660157,9.62761e+06,8.74398e+06,-0.0917807,tighten,0
sky130hd,microwatt,detailedroute__route__wirelength,efbc08a20cb0e9999d8ae71e13efdd7faf28c429,1749587125,1748213042,8.74398e+06,1.02135e+07,0.168064,failing,0
sky130hd,microwatt,detailedroute__route__wirelength,42c12e80a33d8c34badeff76e9aeeaea0b4e2651,1749917054,1749744305,1.02135e+07,8.7187e+06,-0.146357,tighten,0
sky130hd,microwatt,detailedroute__route__wirelength,9753d33a6e24b5daad668aca9cde8918f2af9ebd,1756701107,1755907724,8.7187e+06,7.63845e+06,-0.123901,tighten,1
sky130hd,microwatt,detailedroute__route__wirelength,738e6850c5d5c7d7d2d73ae0ae4d5617430c29de,1759975221,1759899974,7.63845e+06,7.0047e+06,-0.0829683,tighten,1
sky130hd,microwatt,detailedroute__route__wirelength,1c28718ca51b3304afd944bee53809790d1692bf,1768367918,1768019333,7.0047e+06,6.83032e+06,-0.0248941,tighten,1
sky130hd,microwatt,detailedroute__route__wirelength,a89f995a56a40be9b48b39daad94210b36a88d0a,1781720239,1781445587,6.83032e+06,7.16558e+06,0.0490834,failing,1
sky130hd,microwatt,detailedroute__route__wirelength,46ab2641676dbb70f63a78ed72d6ff9f978c5b6c,1784903195,1784640606,7.16558e+06,7.02319e+06,-0.0198705,tighten,1
sky130hd,microwatt,detailedroute__route__wirelength,fbd08fec657f6d98f1cc36c7231c7c84698bcc97,1786595143,1786034690,7.02319e+06,6.79639e+06,-0.0322939,tighten,1
sky130hd,microwatt,detailedroute__route__wirelength,95bcb0ed233cfa1ba4291477b9f8a214f7b7bb44,1787267685,1787176830,6.79639e+06,6.76572e+06,-0.00451288,tighten,0
sky130hd,microwatt,detailedroute__route__wirelength,28b73dc76c51287fe3cfedd1da43c2245439d58a,1788181231,1787267685,6.76572e+06,6.74196e+06,-0.00351144,tighten,0
sky130hd,microwatt,finish__design__instance__area,f50270aaac2990b084b60db7761a35581c188644,1693498950,1691110098,4.78299e+06,4.79512e+06,0.00253561,failing,1
sky130hd,microwatt,finish__design__instance__area,53873f6b5a049a999386861e7a9ee80aa61080c5,1727499238,1727222371,4.79512e+06,5.05429e+06,0.0540488,failing,0
sky130hd,microwatt,finish__design__instance__area,20cf8faa9986c3849c2edfadde05f62e7e7308d6,1727799197,1727499238,5.05429e+06,5.02858e+06,-0.00508685,tighten,0
sky130hd,microwatt,finish__design__instance__area,10637aa0c1619c864d166343f69abd92c71207e3,1727820328,1727799197,5.02858e+06,5.02179e+06,-0.00135037,tighten,0
sky130hd,microwatt,finish__design__instance__area,804812ea75e47913c47c50f833524f3577d6b7be,1741306883,1739380119,5.02179e+06,4.99198e+06,-0.00593604,tighten,0
sky130hd,microwatt,finish__design__instance__area,d03acf11e24e6c23480dd305ffe34eb7572c2525,1755907724,1755785256,4.99198e+06,4.88983e+06,-0.0204629,tighten,0
sky130hd,microwatt,finish__design__instance__area,9753d33a6e24b5daad668aca9cde8918f2af9ebd,1756701107,1755907724,4.88983e+06,4.87076e+06,-0.00389984,tighten,1
sky130hd,microwatt,finish__design__instance__area,738e6850c5d5c7d7d2d73ae0ae4d5617430c29de,1759975221,1759899974,4.87076e+06,4.85469e+06,-0.00329919,tighten,1
sky130hd,microwatt,finish__design__instance__area,1c28718ca51b3304afd944bee53809790d1692bf,1768367918,1768019333,4.85469e+06,4.85085e+06,-0.000790988,tighten,1
sky130hd,microwatt,finish__design__instance__area,3b73eb16ccac67fee3022b843ec73964fed2da93,1769102322,1769009688,4.85085e+06,4.85068e+06,-3.5135e-05,tighten,0
sky130hd,microwatt,finish__design__instance__area,5cd7c5dc10f25d1d79e2fa3aeed34da5050a2faa,1777160412,1776199700,4.85068e+06,4.84531e+06,-0.00110715,tighten,0
sky130hd,microwatt,finish__design__instance__area,b49d1c3c3596a1313fb84705f383c3379660a1cb,1781326664,1781276615,4.84531e+06,4.84488e+06,-8.86559e-05,tighten,0
sky130hd,microwatt,finish__design__instance__area,a89f995a56a40be9b48b39daad94210b36a88d0a,1781720239,1781445587,4.84488e+06,4.84854e+06,0.000755437,failing,1
sky130hd,microwatt,finish__design__instance__area,21f74110bbb7319634e124f8c3414e6c034a6634,1782411734,1781720239,4.84854e+06,4.84838e+06,-3.29996e-05,tighten,0
sky130hd,microwatt,finish__design__instance__area,993421dfc995dce4d6d2aec2028d7f34546a2f81,1784194417,1784084356,4.84838e+06,4.84369e+06,-0.000967244,tighten,0
sky130hd,microwatt,finish__design__instance__area,46ab2641676dbb70f63a78ed72d6ff9f978c5b6c,1784903195,1784640606,4.84369e+06,4.84255e+06,-0.000235537,tighten,1
sky130hd,microwatt,finish__design__instance__area,fbd08fec657f6d98f1cc36c7231c7c84698bcc97,1786595143,1786034690,4.84255e+06,4.7932e+06,-0.0101908,tighten,1
sky130hd,microwatt,finish__design__instance__area,3a46609b40b4a8405e7759f79f8ccd849f674dec,1787176830,1786595143,4.7932e+06,4.79254e+06,-0.000137695,tighten,0
sky130hd,microwatt,placeopt__design__instance__area,f50270aaac2990b084b60db7761a35581c188644,1693498950,1691110098,4.71901e+06,4.74348e+06,0.00518587,failing,1
sky130hd,microwatt,placeopt__design__instance__area,53873f6b5a049a999386861e7a9ee80aa61080c5,1727499238,1727222371,4.74348e+06,4.94606e+06,0.042707,failing,0
sky130hd,microwatt,placeopt__design__instance__area,20cf8faa9986c3849c2edfadde05f62e7e7308d6,1727799197,1727499238,4.94606e+06,4.93427e+06,-0.0023838,tighten,0
sky130hd,microwatt,placeopt__design__instance__area,10637aa0c1619c864d166343f69abd92c71207e3,1727820328,1727799197,4.93427e+06,4.92286e+06,-0.00231231,tighten,0
sky130hd,microwatt,placeopt__design__instance__area,7e8900be6942b8f67e67211f84a24089fde3b690,1733066847,1732920940,4.92286e+06,4.91779e+06,-0.00102998,tighten,0
sky130hd,microwatt,placeopt__design__instance__area,804812ea75e47913c47c50f833524f3577d6b7be,1741306883,1739380119,4.91779e+06,4.89381e+06,-0.004876,tighten,0
sky130hd,microwatt,placeopt__design__instance__area,42c12e80a33d8c34badeff76e9aeeaea0b4e2651,1749917054,1749744305,4.89381e+06,4.88795e+06,-0.00119761,tighten,0
sky130hd,microwatt,placeopt__design__instance__area,d03acf11e24e6c23480dd305ffe34eb7572c2525,1755907724,1755785256,4.88795e+06,4.75661e+06,-0.02687,tighten,0
sky130hd,microwatt,placeopt__design__instance__area,9753d33a6e24b5daad668aca9cde8918f2af9ebd,1756701107,1755907724,4.75661e+06,4.73901e+06,-0.00370011,tighten,1
sky130hd,microwatt,placeopt__design__instance__area,738e6850c5d5c7d7d2d73ae0ae4d5617430c29de,1759975221,1759899974,4.73901e+06,4.73405e+06,-0.00104663,tighten,1
sky130hd,microwatt,placeopt__design__instance__area,ade358bbed511cea8958a0327c9c0e5ab62bbeee,1763733007,1763659797,4.73405e+06,4.73393e+06,-2.53483e-05,tighten,0
sky130hd,microwatt,placeopt__design__instance__area,2e7f3ae0cfd828041f40bd18d738fc654a52a5fd,1763795185,1763733007,4.73393e+06,4.73356e+06,-7.8251e-05,tighten,0
sky130hd,microwatt,placeopt__design__instance__area,1c28718ca51b3304afd944bee53809790d1692bf,1768367918,1768019333,4.73356e+06,4.7254e+06,-0.00172386,tighten,1
sky130hd,microwatt,placeopt__design__instance__area,08605fea40cbedc1d6c98b778d615095c0d471cc,1768590962,1768579904,4.7254e+06,4.72515e+06,-5.29976e-05,tighten,0
sky130hd,microwatt,placeopt__design__instance__area,5cd7c5dc10f25d1d79e2fa3aeed34da5050a2faa,1777160412,1776199700,4.72515e+06,4.72304e+06,-0.000446455,tighten,0
sky130hd,microwatt,placeopt__design__instance__area,a89f995a56a40be9b48b39daad94210b36a88d0a,1781720239,1781445587,4.72304e+06,4.72405e+06,0.000213937,failing,1
sky130hd,microwatt,placeopt__design__instance__area,993421dfc995dce4d6d2aec2028d7f34546a2f81,1784194417,1784084356,4.72405e+06,4.71981e+06,-0.000897535,tighten,0
sky130hd,microwatt,placeopt__design__instance__area,46ab2641676dbb70f63a78ed72d6ff9f978c5b6c,1784903195,1784640606,4.71981e+06,4.70298e+06,-0.00356591,tighten,1
sky130hd,microwatt,placeopt__design__instance__area,fbd08fec657f6d98f1cc36c7231c7c84698bcc97,1786595143,1786034690,4.70298e+06,4.66208e+06,-0.00869661,tighten,1
sky130hd,microwatt,placeopt__design__instance__area,95bcb0ed233cfa1ba4291477b9f8a214f7b7bb44,1787267685,1787176830,4.66208e+06,4.66044e+06,-0.000351774,tighten,0
sky130hd,microwatt,placeopt__design__instance__count__stdcell,f50270aaac2990b084b60db7761a35581c188644,1693498950,1691110098,145790,151141,0.0367057,failing,1
sky130hd,microwatt,placeopt__design__instance__count__stdcell,53873f6b5a049a999386861e7a9ee80aa61080c5,1727499238,1727222371,151141,167103,0.105608,failing,0
sky130hd,microwatt,placeopt__design__instance__count__stdcell,20cf8faa9986c3849c2edfadde05f62e7e7308d6,1727799197,1727499238,167103,166868,-0.00140502,tighten,0
sky130hd,microwatt,placeopt__design__instance__count__stdcell,10637aa0c1619c864d166343f69abd92c71207e3,1727820328,1727799197,166868,166851,-9.90109e-05,tighten,0
sky130hd,microwatt,placeopt__design__instance__count__stdcell,b28c1421cdabdb13a641c05b86eb3303cd6972ec,1731624393,1730895801,166851,166814,-0.0002241,tighten,1
sky130hd,microwatt,placeopt__design__instance__count__stdcell,ad1b24dbd83dbaadaf5b5df8effc6c9d643b1421,1734995732,1733880700,166814,159432,-0.0442513,tighten,1
sky130hd,microwatt,placeopt__design__instance__count__stdcell,0237d84dbf0b1cb2fd3455e6cc0ede497ac27009,1737487889,1734995732,159432,159284,-0.000927204,tighten,0
sky130hd,microwatt,placeopt__design__instance__count__stdcell,38048dd84fa7ded350b777c6645e174532a12580,1738168326,1737487889,159284,158819,-0.00292067,tighten,1
sky130hd,microwatt,placeopt__design__instance__count__stdcell,804812ea75e47913c47c50f833524f3577d6b7be,1741306883,1739380119,158819,158678,-0.000886981,tighten,0
sky130hd,microwatt,placeopt__design__instance__count__stdcell,a89f995a56a40be9b48b39daad94210b36a88d0a,1781720239,1781445587,158678,160116,0.00905853,failing,1
sky130hd,microwatt,placeopt__design__instance__count__stdcell,46ab2641676dbb70f63a78ed72d6ff9f978c5b6c,1784903195,1784640606,160116,157832,-0.0142614,tighten,1
sky130hd,microwatt,placeopt__design__instance__count__stdcell,fbd08fec657f6d98f1cc36c7231c7c84698bcc97,1786595143,1786034690,157832,124090,-0.213782,tighten,1
sky130hd,microwatt,placeopt__design__instance__count__stdcell,95bcb0ed233cfa1ba4291477b9f8a214f7b7bb44,1787267685,1787176830,124090,123897,-0.00155567,tighten,0
sky130hd,riscv32i,detailedroute__route__wirelength,373b724c682c33cdb2681bb95008e334cb2cff23,1658154812,1652820402,437891,434891,-0.00685102,tighten,0
sky130hd,riscv32i,detailedroute__route__wirelength,3799da2efef6eebe76862a917256cd6881f18bec,1672092902,1671663257,434891,401435,-0.0769308,tighten,1
sky130hd,riscv32i,detailedroute__route__wirelength,f50270aaac2990b084b60db7761a35581c188644,1693498950,1687261472,401435,406191,0.0118488,failing,0
sky130hd,riscv32i,detailedroute__route__wirelength,3cf22e57f905b4c112a4c39dc124b323dbd284af,1720750184,1693498950,406191,286702,-0.294171,tighten,0
sky130hd,riscv32i,detailedroute__route__wirelength,3395328e1dd9952de67871f6c4d5963788082fcc,1721331380,1720750184,286702,276123,-0.0368994,tighten,0
sky130hd,riscv32i,detailedroute__route__wirelength,fabc855b4aeca0b29e97639f33900972c0ba6ad0,1724866939,1721331380,276123,275049,-0.00388926,tighten,1
sky130hd,riscv32i,detailedroute__route__wirelength,53873f6b5a049a999386861e7a9ee80aa61080c5,1727499238,1727015793,275049,293612,0.0674916,failing,0
sky130hd,riscv32i,detailedroute__route__wirelength,e30d4e9bd59c3914b556cffc37d7dc6ea219b9ce,1729200570,1727499238,293612,289869,-0.0127497,tighten,0
sky130hd,riscv32i,detailedroute__route__wirelength,ad1b24dbd83dbaadaf5b5df8effc6c9d643b1421,1734995732,1729200570,289869,273341,-0.0570183,tighten,1
sky130hd,riscv32i,detailedroute__route__wirelength,36e13b02baaaf1e9529a4e27908b5fdbda55661c,1735740249,1734995732,273341,272466,-0.00320034,tighten,0
sky130hd,riscv32i,detailedroute__route__wirelength,664eee8ec2c363995ed3c00e29e62e597230d79a,1739400070,1739380119,272466,269180,-0.0120605,tighten,0
sky130hd,riscv32i,detailedroute__route__wirelength,42c12e80a33d8c34badeff76e9aeeaea0b4e2651,1749917054,1746769862,269180,262071,-0.0264087,tighten,0
sky130hd,riscv32i,detailedroute__route__wirelength,c8bdbc9a977b6e84d36f0b1d88729056ba415c86,1756852624,1756800730,262071,258351,-0.0141946,tighten,0
sky130hd,riscv32i,detailedroute__route__wirelength,4ee6469a2d53f71c6289a6b2395d7acdc4ec8071,1757516308,1756852624,258351,256007,-0.00907426,tighten,0
sky130hd,riscv32i,detailedroute__route__wirelength,e79a174e30f63fd031fb72cdd264e7358caaadfb,1757956713,1757516308,256007,255927,-0.000312492,tighten,0
sky130hd,riscv32i,detailedroute__route__wirelength,a89f995a56a40be9b48b39daad94210b36a88d0a,1781720239,1780539925,255927,272132,0.0633197,failing,1
sky130hd,riscv32i,detailedroute__route__wirelength,bea7dcd7be7f26d1328f6058b01cf42bf4352aa2,1784084356,1781720239,272132,269465,-0.00980022,tighten,0
sky130hd,riscv32i,detailedroute__route__wirelength,aaf99bfae2bd77848e9778e902d0f4b4c8e1f11c,1784640606,1784084356,269465,272132,0.00989722,failing,0
sky130hd,riscv32i,finish__design__instance__area,2f572bcc84a401f64ce9ff8b1a66337253e4936e,1660179792,1658637452,88187,87227.8,-0.0108761,tighten,1
sky130hd,riscv32i,finish__design__instance__area,e5c149b9fe67d4756469268004e733fe4e572e21,1667304522,1666884783,87227.8,86883.5,-0.00394768,tighten,0
sky130hd,riscv32i,finish__design__instance__area,085ec3e1140673788ea46e5d2be55ff333320faa,1671142322,1667495167,86883.5,86793,-0.00104087,tighten,0
sky130hd,riscv32i,finish__design__instance__area,41f997981bafd43eedeb7b568b9be15b434bb868,1671663257,1671142322,86793,86698.3,-0.00109205,tighten,0
sky130hd,riscv32i,finish__design__instance__area,c37a33e462e9c15af03f7a46a6d62a3c81271036,1687261472,1687058647,86698.3,86601.7,-0.00111331,tighten,0
sky130hd,riscv32i,finish__design__instance__area,3cf22e57f905b4c112a4c39dc124b323dbd284af,1720750184,1693498950,86601.7,77350.4,-0.106826,tighten,0
sky130hd,riscv32i,finish__design__instance__area,3395328e1dd9952de67871f6c4d5963788082fcc,1721331380,1720750184,77350.4,77315.7,-0.000449676,tighten,0
sky130hd,riscv32i,finish__design__instance__area,fabc855b4aeca0b29e97639f33900972c0ba6ad0,1724866939,1721331380,77315.7,76877.4,-0.00566846,tighten,1
sky130hd,riscv32i,finish__design__instance__area,80d28863e882049bbdbddc5676cef590e196906c,1726801420,1724866939,76877.4,76854.8,-0.000294088,tighten,0
sky130hd,riscv32i,finish__design__instance__area,53873f6b5a049a999386861e7a9ee80aa61080c5,1727499238,1727015793,76854.8,78645.2,0.0232963,failing,0
sky130hd,riscv32i,finish__design__instance__area,e30d4e9bd59c3914b556cffc37d7dc6ea219b9ce,1729200570,1727499238,78645.2,78446.1,-0.00253201,tighten,0
sky130hd,riscv32i,finish__design__instance__area,d182b81f60bfdeacdaf77014d3f928b4c079e07f,1746660157,1743692301,78446.1,90385.2,0.152195,failing,0
sky130hd,riscv32i,finish__design__instance__area,d7fc9ef04db5e8fa6abcded47c95f754225b7491,1746729873,1746660157,90385.2,90191.3,-0.00214541,tighten,0
sky130hd,riscv32i,finish__design__instance__area,42c12e80a33d8c34badeff76e9aeeaea0b4e2651,1749917054,1746769862,90191.3,82529.6,-0.0849499,tighten,0
sky130hd,riscv32i,finish__design__instance__area,9753d33a6e24b5daad668aca9cde8918f2af9ebd,1756701107,1755785256,82529.6,78958.3,-0.043273,tighten,0
sky130hd,riscv32i,finish__design__instance__area,c8bdbc9a977b6e84d36f0b1d88729056ba415c86,1756852624,1756800730,78958.3,72786.1,-0.0781701,tighten,0
sky130hd,riscv32i,finish__design__instance__area,e79a174e30f63fd031fb72cdd264e7358caaadfb,1757956713,1757516308,72786.1,72785.2,-1.19469e-05,tighten,0
sky130hd,riscv32i,finish__design__instance__area,a89f995a56a40be9b48b39daad94210b36a88d0a,1781720239,1780539925,72785.2,75559.1,0.0381109,failing,1
sky130hd,riscv32i,placeopt__design__instance__area,2f572bcc84a401f64ce9ff8b1a66337253e4936e,1660179792,1658637452,87819.1,86784.3,-0.0117831,tighten,1
sky130hd,riscv32i,placeopt__design__instance__area,e5c149b9fe67d4756469268004e733fe4e572e21,1667304522,1666884783,86784.3,86493,-0.00335665,tighten,0
sky130hd,riscv32i,placeopt__design__instance__area,085ec3e1140673788ea46e5d2be55ff333320faa,1671142322,1667495167,86493,86440,-0.000613269,tighten,0
sky130hd,riscv32i,placeopt__design__instance__area,41f997981bafd43eedeb7b568b9be15b434bb868,1671663257,1671142322,86440,86337.4,-0.00118705,tighten,0
sky130hd,riscv32i,placeopt__design__instance__area,c37a33e462e9c15af03f7a46a6d62a3c81271036,1687261472,1687058647,86337.4,86264.3,-0.000846024,tighten,0
sky130hd,riscv32i,placeopt__design__instance__area,3cf22e57f905b4c112a4c39dc124b323dbd284af,1720750184,1693498950,86264.3,73553,-0.147353,tighten,0
sky130hd,riscv32i,placeopt__design__instance__area,3395328e1dd9952de67871f6c4d5963788082fcc,1721331380,1720750184,73553,73131.3,-0.00573381,tighten,0
sky130hd,riscv32i,placeopt__design__instance__area,fabc855b4aeca0b29e97639f33900972c0ba6ad0,1724866939,1721331380,73131.3,72957.4,-0.00237809,tighten,1
sky130hd,riscv32i,placeopt__design__instance__area,53873f6b5a049a999386861e7a9ee80aa61080c5,1727499238,1727015793,72957.4,72893.9,-0.000870073,tighten,0
sky130hd,riscv32i,placeopt__design__instance__area,e30d4e9bd59c3914b556cffc37d7dc6ea219b9ce,1729200570,1727499238,72893.9,72379.1,-0.00706208,tighten,0
sky130hd,riscv32i,placeopt__design__instance__area,42c12e80a33d8c34badeff76e9aeeaea0b4e2651,1749917054,1746769862,72379.1,71045.2,-0.0184295,tighten,0
sky130hd,riscv32i,placeopt__design__instance__area,9753d33a6e24b5daad668aca9cde8918f2af9ebd,1756701107,1755785256,71045.2,67053,-0.056192,tighten,0
sky130hd,riscv32i,placeopt__design__instance__area,faa7fe5f7e7c424bb2ca4b05ed18e113f2d482ac,1756800730,1756701107,67053,66980.9,-0.00107637,tighten,0
sky130hd,riscv32i,placeopt__design__instance__area,a89f995a56a40be9b48b39daad94210b36a88d0a,1781720239,1780539925,66980.9,71161.7,0.0624189,failing,1
sky130hd,riscv32i,placeopt__design__instance__area,bea7dcd7be7f26d1328f6058b01cf42bf4352aa2,1784084356,1781720239,71161.7,71023.5,-0.00194291,tighten,0
sky130hd,riscv32i,placeopt__design__instance__area,aaf99bfae2bd77848e9778e902d0f4b4c8e1f11c,1784640606,1784084356,71023.5,70973,-0.000710114,tighten,0
sky130hd,riscv32i,placeopt__design__instance__count__stdcell,2f572bcc84a401f64ce9ff8b1a66337253e4936e,1660179792,1658637452,11112.2,10295.7,-0.0734799,tighten,1
sky130hd,riscv32i,placeopt__design__instance__count__stdcell,085ec3e1140673788ea46e5d2be55ff333320faa,1671142322,1667495167,10295.7,10287.8,-0.000760135,tighten,0
sky130hd,riscv32i,placeopt__design__instance__count__stdcell,41f997981bafd43eedeb7b568b9be15b434bb868,1671663257,1671142322,10287.8,10285.2,-0.000253571,tighten,0
sky130hd,riscv32i,placeopt__design__instance__count__stdcell,3799da2efef6eebe76862a917256cd6881f18bec,1672092902,1671663257,10285.2,10074.8,-0.0204599,tighten,1
sky130hd,riscv32i,placeopt__design__instance__count__stdcell,bfe8d930e547fae99ed3f7e2dc7200499eee1898,1672313005,1672092902,10074.8,10072.2,-0.000258933,tighten,1
sky130hd,riscv32i,placeopt__design__instance__count__stdcell,c37a33e462e9c15af03f7a46a6d62a3c81271036,1687261472,1687058647,10072.2,10071.3,-8.63334e-05,tighten,0
sky130hd,riscv32i,placeopt__design__instance__count__stdcell,3cf22e57f905b4c112a4c39dc124b323dbd284af,1720750184,1693498950,10071.3,8412.17,-0.164738,tighten,0
sky130hd,riscv32i,placeopt__design__instance__count__stdcell,53873f6b5a049a999386861e7a9ee80aa61080c5,1727499238,1727015793,8412.17,8461.74,0.00589208,failing,0
sky130hd,riscv32i,placeopt__design__instance__count__stdcell,ad1b24dbd83dbaadaf5b5df8effc6c9d643b1421,1734995732,1729200570,8461.74,6398.26,-0.24386,tighten,1
sky130hd,riscv32i,placeopt__design__instance__count__stdcell,664eee8ec2c363995ed3c00e29e62e597230d79a,1739400070,1739380119,6398.26,6360,-0.00597989,tighten,0
sky130hd,riscv32i,placeopt__design__instance__count__stdcell,4a06a65c58f4b630161485e15fa14086877512e1,1767210623,1763795185,6360,7405.22,0.164342,failing,0
sky130hd,riscv32i,placeopt__design__instance__count__stdcell,e0f1ad381d76fce62eb9703e978d0734548bf7d5,1772209135,1772036546,7405.22,7389.57,-0.00211367,tighten,0
sky130hd,riscv32i,placeopt__design__instance__count__stdcell,1ad9ee5203118586cab4535015c5184473e53783,1774531618,1772209135,7389.57,7298.26,-0.0123558,tighten,0
sky130hd,riscv32i,placeopt__design__instance__count__stdcell,a89f995a56a40be9b48b39daad94210b36a88d0a,1781720239,1780539925,7298.26,7307.83,0.00131062,failing,1
sky130hd,riscv32i,placeopt__design__instance__count__stdcell,bea7dcd7be7f26d1328f6058b01cf42bf4352aa2,1784084356,1781720239,7307.83,7290.43,-0.00237982,tighten,0
sky130hd,riscv32i,placeopt__design__instance__count__stdcell,aaf99bfae2bd77848e9778e902d0f4b4c8e1f11c,1784640606,1784084356,7290.43,7273.91,-0.00226622,tighten,0
sky130hs,aes,detailedroute__route__wirelength,a012a597fb0f0e1407e40fe689b4587d2b18d445,1657542110,1652820402,848650,842799,-0.00689382,tighten,0
sky130hs,aes,detailedroute__route__wirelength,9a3468557b3e333a4bf740b7e32308d938e2f73b,1658273903,1658154812,842799,839777,-0.00358536,tighten,0
sky130hs,aes,detailedroute__route__wirelength,2f572bcc84a401f64ce9ff8b1a66337253e4936e,1660179792,1658273903,839777,816584,-0.0276181,tighten,1
sky130hs,aes,detailedroute__route__wirelength,99af1aca7b0b7c835f95f16c401716134e154ec9,1662650846,1660179792,816584,815847,-0.000903019,tighten,0
sky130hs,aes,detailedroute__route__wirelength,09b386b7086f1a10e11f6e26cebac15e53095626,1665635960,1664989164,815847,811302,-0.00557116,tighten,0
sky130hs,aes,detailedroute__route__wirelength,eda569d2218d03a09e3b98bbfec0583ce707ce82,1670771408,1667495167,811302,810880,-0.00051983,tighten,0
sky130hs,aes,detailedroute__route__wirelength,085ec3e1140673788ea46e5d2be55ff333320faa,1671142322,1670771408,810880,803924,-0.00857791,tighten,0
sky130hs,aes,detailedroute__route__wirelength,f50270aaac2990b084b60db7761a35581c188644,1693498950,1690837866,803924,821977,0.0224561,failing,0
sky130hs,aes,detailedroute__route__wirelength,3cf22e57f905b4c112a4c39dc124b323dbd284af,1720750184,1693498950,821977,574329,-0.301284,tighten,0
sky130hs,aes,detailedroute__route__wirelength,a0615e8f0e00649cf642861e4e1e1951fa33df02,1722127969,1720750184,574329,532516,-0.0728033,tighten,0
sky130hs,aes,detailedroute__route__wirelength,292a586ef4d47252ac6fa553d05d57bb5486229e,1723903819,1722127969,532516,795371,0.493611,failing,0
sky130hs,aes,detailedroute__route__wirelength,fabc855b4aeca0b29e97639f33900972c0ba6ad0,1724866939,1723903819,795371,532780,-0.330149,tighten,1
sky130hs,aes,detailedroute__route__wirelength,80d28863e882049bbdbddc5676cef590e196906c,1726801420,1724866939,532780,532699,-0.000151788,tighten,0
sky130hs,aes,detailedroute__route__wirelength,53873f6b5a049a999386861e7a9ee80aa61080c5,1727499238,1726801420,532699,533202,0.000943513,failing,0
sky130hs,aes,detailedroute__route__wirelength,8477d4663c48a52bdbc6b8b4ec1f4235cec75163,1738854100,1735740249,533202,626037,0.17411,failing,0
sky130hs,aes,detailedroute__route__wirelength,5a5fa4573a15dcf9a029faa44188e6ddd8155d04,1739830152,1739380119,626037,620469,-0.00889515,tighten,0
sky130hs,aes,detailedroute__route__wirelength,804812ea75e47913c47c50f833524f3577d6b7be,1741306883,1739830152,620469,598997,-0.034605,tighten,0
sky130hs,aes,detailedroute__route__wirelength,372e2136d874c075907167b16749458ff2ec82b1,1742326415,1741306883,598997,691012,0.153615,failing,1
sky130hs,aes,detailedroute__route__wirelength,fca2249dd22e6aad55d5cacc786e6c94fb7dbb86,1742416962,1742326415,691012,641724,-0.071327,tighten,0
sky130hs,aes,detailedroute__route__wirelength,42c12e80a33d8c34badeff76e9aeeaea0b4e2651,1749917054,1749094747,641724,628518,-0.0205791,tighten,0
sky130hs,aes,detailedroute__route__wirelength,20dc208b49af875cfa5ba1c4490f68d635d8d621,1768019333,1767727881,628518,617590,-0.017388,tighten,1
sky130hs,aes,detailedroute__route__wirelength,3b73eb16ccac67fee3022b843ec73964fed2da93,1769102322,1768019333,617590,616374,-0.00196838,tighten,1
sky130hs,aes,detailedroute__route__wirelength,52671e62635e2d0af21b8c715f3eb8220e2c0b62,1769814722,1769102322,616374,615984,-0.000632027,tighten,0
sky130hs,aes,detailedroute__route__wirelength,1d0b5091d57a278d080fb4eb0639718dcdbb2e63,1770953622,1769814722,615984,570159,-0.0743935,tighten,0
sky130hs,aes,detailedroute__route__wirelength,a89f995a56a40be9b48b39daad94210b36a88d0a,1781720239,1780178044,570159,596755,0.046646,failing,1
sky130hs,aes,finish__design__instance__area,3e85fcd8465d967e20d228c1494b8824e699e5a6,1652820402,1652373207,224602,224414,-0.000836263,tighten,0
sky130hs,aes,finish__design__instance__area,a012a597fb0f0e1407e40fe689b4587d2b18d445,1657542110,1652820402,224414,223723,-0.00308049,tighten,0
sky130hs,aes,finish__design__instance__area,9a3468557b3e333a4bf740b7e32308d938e2f73b,1658273903,1658154812,223723,222189,-0.00685632,tighten,0
sky130hs,aes,finish__design__instance__area,2f572bcc84a401f64ce9ff8b1a66337253e4936e,1660179792,1658273903,222189,217283,-0.0220768,tighten,1
sky130hs,aes,finish__design__instance__area,09b386b7086f1a10e11f6e26cebac15e53095626,1665635960,1664989164,217283,216401,-0.00406201,tighten,0
sky130hs,aes,finish__design__instance__area,eda569d2218d03a09e3b98bbfec0583ce707ce82,1670771408,1667495167,216401,215411,-0.00457283,tighten,0
sky130hs,aes,finish__design__instance__area,085ec3e1140673788ea46e5d2be55ff333320faa,1671142322,1670771408,215411,213494,-0.00890107,tighten,0
sky130hs,aes,finish__design__instance__area,e684b1901aff98beb6e0d0565aa9a5bf99f16452,1675962476,1672313005,213494,211443,-0.00960826,tighten,0
sky130hs,aes,finish__design__instance__area,f50270aaac2990b084b60db7761a35581c188644,1693498950,1690837866,211443,211535,0.000435929,failing,0
sky130hs,aes,finish__design__instance__area,3cf22e57f905b4c112a4c39dc124b323dbd284af,1720750184,1693498950,211535,166477,-0.213002,tighten,0
sky130hs,aes,finish__design__instance__area,a0615e8f0e00649cf642861e4e1e1951fa33df02,1722127969,1720750184,166477,162853,-0.0217708,tighten,0
sky130hs,aes,finish__design__instance__area,53873f6b5a049a999386861e7a9ee80aa61080c5,1727499238,1726801420,162853,162473,-0.00233339,tighten,0
sky130hs,aes,finish__design__instance__area,372e2136d874c075907167b16749458ff2ec82b1,1742326415,1741306883,162473,194019,0.194162,failing,1
sky130hs,aes,finish__design__instance__area,fca2249dd22e6aad55d5cacc786e6c94fb7dbb86,1742416962,1742326415,194019,169024,-0.128826,tighten,0
sky130hs,aes,finish__design__instance__area,20a3b2c0f8eba1ba0c69e78893ea04760c580c76,1742507021,1742416962,169024,168096,-0.00549445,tighten,0
sky130hs,aes,finish__design__instance__area,42c12e80a33d8c34badeff76e9aeeaea0b4e2651,1749917054,1749094747,168096,160348,-0.0460918,tighten,0
sky130hs,aes,finish__design__instance__area,20dc208b49af875cfa5ba1c4490f68d635d8d621,1768019333,1767727881,160348,155545,-0.0299512,tighten,1
sky130hs,aes,finish__design__instance__area,3b73eb16ccac67fee3022b843ec73964fed2da93,1769102322,1768019333,155545,155342,-0.00130816,tighten,1
sky130hs,aes,finish__design__instance__area,e0f1ad381d76fce62eb9703e978d0734548bf7d5,1772209135,1770953622,155342,154023,-0.0084918,tighten,1
sky130hs,aes,finish__design__instance__area,1ad9ee5203118586cab4535015c5184473e53783,1774531618,1772917750,154023,153469,-0.00359631,tighten,0
sky130hs,aes,finish__design__instance__area,442c25202ace17ce42288d502eef557a4ce7f1e5,1779202706,1774531618,153469,150403,-0.0199786,tighten,1
sky130hs,aes,finish__design__instance__area,a89f995a56a40be9b48b39daad94210b36a88d0a,1781720239,1780178044,150403,153048,0.0175876,failing,1
sky130hs,aes,placeopt__design__instance__area,9a3468557b3e333a4bf740b7e32308d938e2f73b,1658273903,1658154812,219097,218145,-0.00434589,tighten,0
sky130hs,aes,placeopt__design__instance__area,2f572bcc84a401f64ce9ff8b1a66337253e4936e,1660179792,1658273903,218145,213351,-0.0219758,tighten,1
sky130hs,aes,placeopt__design__instance__area,09b386b7086f1a10e11f6e26cebac15e53095626,1665635960,1664989164,213351,211395,-0.00917042,tighten,0
sky130hs,aes,placeopt__design__instance__area,e684b1901aff98beb6e0d0565aa9a5bf99f16452,1675962476,1672313005,211395,210126,-0.00600155,tighten,0
sky130hs,aes,placeopt__design__instance__area,f50270aaac2990b084b60db7761a35581c188644,1693498950,1690837866,210126,210998,0.00415072,failing,0
sky130hs,aes,placeopt__design__instance__area,3cf22e57f905b4c112a4c39dc124b323dbd284af,1720750184,1693498950,210998,162549,-0.229621,tighten,0
sky130hs,aes,placeopt__design__instance__area,a0615e8f0e00649cf642861e4e1e1951fa33df02,1722127969,1720750184,162549,158777,-0.0232011,tighten,0
sky130hs,aes,placeopt__design__instance__area,53873f6b5a049a999386861e7a9ee80aa61080c5,1727499238,1726801420,158777,158529,-0.00156632,tighten,0
sky130hs,aes,placeopt__design__instance__area,fca2249dd22e6aad55d5cacc786e6c94fb7dbb86,1742416962,1742326415,158529,153948,-0.0288962,tighten,0
sky130hs,aes,placeopt__design__instance__area,d5f6f3a88807f23e991230761f3671a14aeed709,1749094747,1742849336,153948,153416,-0.00345685,tighten,1
sky130hs,aes,placeopt__design__instance__area,9753d33a6e24b5daad668aca9cde8918f2af9ebd,1756701107,1755785256,153416,148138,-0.0343993,tighten,0
sky130hs,aes,placeopt__design__instance__area,1be034e737a02fe70284f707097323db943e71cf,1765297538,1764992860,148138,147790,-0.00235385,tighten,0
sky130hs,aes,placeopt__design__instance__area,20dc208b49af875cfa5ba1c4490f68d635d8d621,1768019333,1767727881,147790,141108,-0.0452112,tighten,1
sky130hs,aes,placeopt__design__instance__area,1d0b5091d57a278d080fb4eb0639718dcdbb2e63,1770953622,1769814722,141108,141097,-7.3949e-05,tighten,0
sky130hs,aes,placeopt__design__instance__area,e0f1ad381d76fce62eb9703e978d0734548bf7d5,1772209135,1770953622,141097,139564,-0.0108651,tighten,1
sky130hs,aes,placeopt__design__instance__area,442c25202ace17ce42288d502eef557a4ce7f1e5,1779202706,1774531618,139564,138778,-0.00563243,tighten,1
sky130hs,aes,placeopt__design__instance__area,a89f995a56a40be9b48b39daad94210b36a88d0a,1781720239,1780178044,138778,140699,0.0138413,failing,1
sky130hs,aes,placeopt__design__instance__count__stdcell,a012a597fb0f0e1407e40fe689b4587d2b18d445,1657542110,1652820402,23073,23066.1,-0.0003015,tighten,0
sky130hs,aes,placeopt__design__instance__count__stdcell,9a3468557b3e333a4bf740b7e32308d938e2f73b,1658273903,1658154812,23066.1,23064.3,-7.53977e-05,tighten,0
sky130hs,aes,placeopt__design__instance__count__stdcell,2f572bcc84a401f64ce9ff8b1a66337253e4936e,1660179792,1658273903,23064.3,19024.3,-0.175162,tighten,1
sky130hs,aes,placeopt__design__instance__count__stdcell,09b386b7086f1a10e11f6e26cebac15e53095626,1665635960,1664989164,19024.3,19010.4,-0.000731328,tighten,0
sky130hs,aes,placeopt__design__instance__count__stdcell,eda569d2218d03a09e3b98bbfec0583ce707ce82,1670771408,1667495167,19010.4,19002.6,-0.000411673,tighten,0
sky130hs,aes,placeopt__design__instance__count__stdcell,bfe8d930e547fae99ed3f7e2dc7200499eee1898,1672313005,1672092902,19002.6,19001.7,-4.57603e-05,tighten,1
sky130hs,aes,placeopt__design__instance__count__stdcell,e684b1901aff98beb6e0d0565aa9a5bf99f16452,1675962476,1672313005,19001.7,18995.7,-0.000320337,tighten,0
sky130hs,aes,placeopt__design__instance__count__stdcell,533686274bc7711df4ab6240b9e27bb1c85059c7,1689626103,1675962476,18995.7,18993.9,-9.15541e-05,tighten,1
sky130hs,aes,placeopt__design__instance__count__stdcell,3cf22e57f905b4c112a4c39dc124b323dbd284af,1720750184,1693498950,18993.9,15080.9,-0.206016,tighten,0
sky130hs,aes,placeopt__design__instance__count__stdcell,a0615e8f0e00649cf642861e4e1e1951fa33df02,1722127969,1720750184,15080.9,15020,-0.00403621,tighten,0
sky130hs,aes,placeopt__design__instance__count__stdcell,53873f6b5a049a999386861e7a9ee80aa61080c5,1727499238,1726801420,15020,15024.3,0.000289469,failing,0
sky130hs,aes,placeopt__design__instance__count__stdcell,ad1b24dbd83dbaadaf5b5df8effc6c9d643b1421,1734995732,1733066847,15024.3,14927.8,-0.00642435,tighten,0
sky130hs,aes,placeopt__design__instance__count__stdcell,fca2249dd22e6aad55d5cacc786e6c94fb7dbb86,1742416962,1742326415,14927.8,14915.7,-0.000815518,tighten,0
sky130hs,aes,placeopt__design__instance__count__stdcell,aad91813f6449c7015dc05fa71156bb3da2ed9d2,1755785256,1749917054,14915.7,17330.4,0.161896,failing,1
sky130hs,aes,placeopt__design__instance__count__stdcell,20dc208b49af875cfa5ba1c4490f68d635d8d621,1768019333,1767727881,17330.4,17100.9,-0.0132464,tighten,1
sky130hs,aes,placeopt__design__instance__count__stdcell,1d0b5091d57a278d080fb4eb0639718dcdbb2e63,1770953622,1769814722,17100.9,17100,-5.08492e-05,tighten,0
sky130hs,aes,placeopt__design__instance__count__stdcell,e0f1ad381d76fce62eb9703e978d0734548bf7d5,1772209135,1770953622,17100,16971.3,-0.00752606,tighten,1
sky130hs,aes,placeopt__design__instance__count__stdcell,442c25202ace17ce42288d502eef557a4ce7f1e5,1779202706,1774531618,16971.3,16724.3,-0.0145514,tighten,1
sky130hs,aes,placeopt__design__instance__count__stdcell,a89f995a56a40be9b48b39daad94210b36a88d0a,1781720239,1780178044,16724.3,16887,0.00972287,failing,1
sky130hs,gcd,detailedroute__route__wirelength,3e85fcd8465d967e20d228c1494b8824e699e5a6,1652820402,1652373207,11653.9,11653,-7.46157e-05,tighten,0
sky130hs,gcd,detailedroute__route__wirelength,3799da2efef6eebe76862a917256cd6881f18bec,1672092902,1667495167,11653,6331.3,-0.456682,tighten,1
sky130hs,gcd,detailedroute__route__wirelength,bfe8d930e547fae99ed3f7e2dc7200499eee1898,1672313005,1672092902,6331.3,6315.65,-0.00247219,tighten,1
sky130hs,gcd,detailedroute__route__wirelength,f50270aaac2990b084b60db7761a35581c188644,1693498950,1690837866,6315.65,6425.22,0.0173482,failing,0
sky130hs,gcd,detailedroute__route__wirelength,a006172422544ec724ec4f2bd3b3ab46253ba94a,1713471019,1693498950,6425.22,9248.7,0.439437,failing,1
sky130hs,gcd,detailedroute__route__wirelength,3cf22e57f905b4c112a4c39dc124b323dbd284af,1720750184,1713471019,9248.7,8819.13,-0.046446,tighten,0
sky130hs,gcd,detailedroute__route__wirelength,292a586ef4d47252ac6fa553d05d57bb5486229e,1723903819,1720750184,8819.13,10515.7,0.192368,failing,0
sky130hs,gcd,detailedroute__route__wirelength,53873f6b5a049a999386861e7a9ee80aa61080c5,1727499238,1726801420,10515.7,10453,-0.00595386,tighten,0
sky130hs,gcd,detailedroute__route__wirelength,804812ea75e47913c47c50f833524f3577d6b7be,1741306883,1739380119,10453,9126.96,-0.126861,tighten,0
sky130hs,gcd,detailedroute__route__wirelength,42c12e80a33d8c34badeff76e9aeeaea0b4e2651,1749917054,1741306883,9126.96,10895.7,0.193788,failing,0
sky130hs,gcd,detailedroute__route__wirelength,9753d33a6e24b5daad668aca9cde8918f2af9ebd,1756701107,1749917054,10895.7,9285.22,-0.147805,tighten,1
sky130hs,gcd,detailedroute__route__wirelength,4ee6469a2d53f71c6289a6b2395d7acdc4ec8071,1757516308,1756701107,9285.22,8800,-0.052257,tighten,0
sky130hs,gcd,detailedroute__route__wirelength,7d4f0eae2c5de59f107c517118eb05502f72ac7f,1762810338,1761360171,8800,13114.8,0.490316,failing,1
sky130hs,gcd,detailedroute__route__wirelength,b2d224758b1fae76777c5fc5a3493c6bd769404c,1763659797,1763395270,13114.8,12975.7,-0.0106087,tighten,0
sky130hs,gcd,detailedroute__route__wirelength,75c067510af04cf949bb76087ff07757fd050f84,1764088621,1763659797,12975.7,12846.1,-0.00998526,tighten,0
sky130hs,gcd,detailedroute__route__wirelength,1be034e737a02fe70284f707097323db943e71cf,1765297538,1764992860,12846.1,12101.7,-0.0579435,tighten,0
sky130hs,gcd,detailedroute__route__wirelength,2ee6de90b83bfbf8168a79a6340fe5f735b8d98e,1768241546,1767727881,12101.7,10493,-0.132931,tighten,0
sky130hs,gcd,detailedroute__route__wirelength,5f96c41ce70550f4b264c7a2680cf15301a454ff,1772036546,1770391497,10493,12380.9,0.179912,failing,1
sky130hs,gcd,detailedroute__route__wirelength,442c25202ace17ce42288d502eef557a4ce7f1e5,1779202706,1773561379,12380.9,11351.3,-0.0831577,tighten,1
sky130hs,gcd,detailedroute__route__wirelength,a89f995a56a40be9b48b39daad94210b36a88d0a,1781720239,1780178044,11351.3,15652.2,0.378888,failing,1
sky130hs,gcd,finish__design__instance__area,373b724c682c33cdb2681bb95008e334cb2cff23,1658154812,1652820402,5000,4993.04,-0.0013913,tighten,0
sky130hs,gcd,finish__design__instance__area,3799da2efef6eebe76862a917256cd6881f18bec,1672092902,1667495167,4993.04,3577.39,-0.283525,tighten,1
sky130hs,gcd,finish__design__instance__area,f50270aaac2990b084b60db7761a35581c188644,1693498950,1690837866,3577.39,3621.74,0.0123967,failing,0
sky130hs,gcd,finish__design__instance__area,a006172422544ec724ec4f2bd3b3ab46253ba94a,1713471019,1693498950,3621.74,4680,0.292197,failing,1
sky130hs,gcd,finish__design__instance__area,3cf22e57f905b4c112a4c39dc124b323dbd284af,1720750184,1713471019,4680,4626.09,-0.0115199,tighten,0
sky130hs,gcd,finish__design__instance__area,53873f6b5a049a999386861e7a9ee80aa61080c5,1727499238,1726801420,4626.09,4853.04,0.0490602,failing,0
sky130hs,gcd,finish__design__instance__area,9753d33a6e24b5daad668aca9cde8918f2af9ebd,1756701107,1749917054,4853.04,4824.35,-0.00591292,tighten,1
sky130hs,gcd,finish__design__instance__area,4ee6469a2d53f71c6289a6b2395d7acdc4ec8071,1757516308,1756701107,4824.35,4699.13,-0.0259553,tighten,0
sky130hs,gcd,finish__design__instance__area,252042c9c294386a7a8594dc3465b542c0184c52,1759899974,1757516308,4699.13,4686.09,-0.00277572,tighten,0
sky130hs,gcd,finish__design__instance__area,7d4f0eae2c5de59f107c517118eb05502f72ac7f,1762810338,1761360171,4686.09,7130.43,0.521618,failing,1
sky130hs,gcd,finish__design__instance__area,b2d224758b1fae76777c5fc5a3493c6bd769404c,1763659797,1763395270,7130.43,7098.26,-0.0045122,tighten,0
sky130hs,gcd,finish__design__instance__area,75c067510af04cf949bb76087ff07757fd050f84,1764088621,1763659797,7098.26,7095.65,-0.000367512,tighten,0
sky130hs,gcd,finish__design__instance__area,6e3bcbe960c3763af531c9518513409a3d5a34da,1764698552,1764088621,7095.65,7092.17,-0.000490196,tighten,0
sky130hs,gcd,finish__design__instance__area,2ee6de90b83bfbf8168a79a6340fe5f735b8d98e,1768241546,1767727881,7092.17,6593.04,-0.0703776,tighten,0
sky130hs,gcd,finish__design__instance__area,52671e62635e2d0af21b8c715f3eb8220e2c0b62,1769814722,1769102322,6593.04,6561.74,-0.00474809,tighten,0
sky130hs,gcd,finish__design__instance__area,4f75afd4cb1ea5150d91d3a010fe278c28955efa,1773561379,1772209135,6561.74,6205.22,-0.0543334,tighten,0
sky130hs,gcd,placeopt__design__instance__area,373b724c682c33cdb2681bb95008e334cb2cff23,1658154812,1652820402,4917.39,4913.04,-0.000884173,tighten,0
sky130hs,gcd,placeopt__design__instance__area,3799da2efef6eebe76862a917256cd6881f18bec,1672092902,1667495167,4913.04,3529.57,-0.281593,tighten,1
sky130hs,gcd,placeopt__design__instance__area,f50270aaac2990b084b60db7761a35581c188644,1693498950,1690837866,3529.57,3570.43,0.0115792,failing,0
sky130hs,gcd,placeopt__design__instance__area,a006172422544ec724ec4f2bd3b3ab46253ba94a,1713471019,1693498950,3570.43,4592.17,0.286167,failing,1
sky130hs,gcd,placeopt__design__instance__area,3cf22e57f905b4c112a4c39dc124b323dbd284af,1720750184,1713471019,4592.17,4496.52,-0.0208294,tighten,0
sky130hs,gcd,placeopt__design__instance__area,53873f6b5a049a999386861e7a9ee80aa61080c5,1727499238,1726801420,4496.52,4716.52,0.0489267,failing,0
sky130hs,gcd,placeopt__design__instance__area,42c12e80a33d8c34badeff76e9aeeaea0b4e2651,1749917054,1741306883,4716.52,4715.65,-0.000184366,tighten,0
sky130hs,gcd,placeopt__design__instance__area,9753d33a6e24b5daad668aca9cde8918f2af9ebd,1756701107,1749917054,4715.65,4464.35,-0.0532915,tighten,1
sky130hs,gcd,placeopt__design__instance__area,7d4f0eae2c5de59f107c517118eb05502f72ac7f,1762810338,1761360171,4464.35,5827.83,0.305415,failing,1
sky130hs,gcd,placeopt__design__instance__area,1be034e737a02fe70284f707097323db943e71cf,1765297538,1764992860,5827.83,5791.3,-0.00626679,tighten,0
sky130hs,gcd,placeopt__design__instance__area,2ee6de90b83bfbf8168a79a6340fe5f735b8d98e,1768241546,1767727881,5791.3,5633.04,-0.0273273,tighten,0
sky130hs,gcd,placeopt__design__instance__area,52671e62635e2d0af21b8c715f3eb8220e2c0b62,1769814722,1769102322,5633.04,5555.65,-0.0137388,tighten,0
sky130hs,gcd,placeopt__design__instance__area,4f75afd4cb1ea5150d91d3a010fe278c28955efa,1773561379,1772209135,5555.65,5314.78,-0.0433558,tighten,0
sky130hs,gcd,placeopt__design__instance__count__stdcell,3799da2efef6eebe76862a917256cd6881f18bec,1672092902,1667495167,1059.13,428.696,-0.595238,tighten,1
sky130hs,gcd,placeopt__design__instance__count__stdcell,a006172422544ec724ec4f2bd3b3ab46253ba94a,1713471019,1693498950,428.696,600.87,0.401623,failing,1
sky130hs,gcd,placeopt__design__instance__count__stdcell,53873f6b5a049a999386861e7a9ee80aa61080c5,1727499238,1726801420,600.87,640,0.065123,failing,0
sky130hs,gcd,placeopt__design__instance__count__stdcell,804812ea75e47913c47c50f833524f3577d6b7be,1741306883,1739380119,640,548.696,-0.142663,tighten,0
sky130hs,gcd,placeopt__design__instance__count__stdcell,42c12e80a33d8c34badeff76e9aeeaea0b4e2651,1749917054,1741306883,548.696,540.87,-0.0142631,tighten,0
sky130hs,gcd,placeopt__design__instance__count__stdcell,7d4f0eae2c5de59f107c517118eb05502f72ac7f,1762810338,1761360171,540.87,644.348,0.191318,failing,1
sky130hs,gcd,placeopt__design__instance__count__stdcell,2ee6de90b83bfbf8168a79a6340fe5f735b8d98e,1768241546,1767727881,644.348,631.304,-0.0202429,tighten,0
sky130hs,gcd,placeopt__design__instance__count__stdcell,52671e62635e2d0af21b8c715f3eb8220e2c0b62,1769814722,1769102322,631.304,626.957,-0.00688705,tighten,0
sky130hs,gcd,placeopt__design__instance__count__stdcell,4f75afd4cb1ea5150d91d3a010fe278c28955efa,1773561379,1772209135,626.957,621.739,-0.00832178,tighten,0
sky130hs,ibex,detailedroute__route__wirelength,3e85fcd8465d967e20d228c1494b8824e699e5a6,1652820402,1652373207,1.05402e+06,1.04862e+06,-0.00512653,tighten,0
sky130hs,ibex,detailedroute__route__wirelength,2f572bcc84a401f64ce9ff8b1a66337253e4936e,1660179792,1658154812,1.04862e+06,796610,-0.240325,tighten,1
sky130hs,ibex,detailedroute__route__wirelength,99af1aca7b0b7c835f95f16c401716134e154ec9,1662650846,1660179792,796610,794773,-0.00230542,tighten,0
sky130hs,ibex,detailedroute__route__wirelength,3799da2efef6eebe76862a917256cd6881f18bec,1672092902,1667495167,794773,749208,-0.0573311,tighten,1
sky130hs,ibex,detailedroute__route__wirelength,f50270aaac2990b084b60db7761a35581c188644,1693498950,1689626103,749208,763312,0.0188257,failing,0
sky130hs,ibex,detailedroute__route__wirelength,3cf22e57f905b4c112a4c39dc124b323dbd284af,1720750184,1693498950,763312,733621,-0.038898,tighten,1
sky130hs,ibex,detailedroute__route__wirelength,fabc855b4aeca0b29e97639f33900972c0ba6ad0,1724866939,1720750184,733621,697447,-0.0493087,tighten,1
sky130hs,ibex,detailedroute__route__wirelength,80d28863e882049bbdbddc5676cef590e196906c,1726801420,1724866939,697447,693304,-0.00593968,tighten,1
sky130hs,ibex,detailedroute__route__wirelength,53873f6b5a049a999386861e7a9ee80aa61080c5,1727499238,1727222371,693304,695890,0.00372883,failing,0
sky130hs,ibex,detailedroute__route__wirelength,9a4de6894f350418a1e4c32815f6e48e4a7255ed,1732382585,1730895801,695890,685091,-0.0155172,tighten,0
sky130hs,ibex,detailedroute__route__wirelength,efbc08a20cb0e9999d8ae71e13efdd7faf28c429,1749587125,1747174692,685091,792563,0.156872,failing,0
sky130hs,ibex,detailedroute__route__wirelength,2dff1a34ed4b52a25c0b1099024a02eba03c42d4,1749744305,1749587125,792563,789835,-0.00344178,tighten,0
sky130hs,ibex,detailedroute__route__wirelength,b36848c1ad43f98fff1e23f9efd823179f713366,1756315375,1755604051,789835,735213,-0.0691559,tighten,0
sky130hs,ibex,detailedroute__route__wirelength,b2d224758b1fae76777c5fc5a3493c6bd769404c,1763659797,1761360171,735213,719273,-0.0216808,tighten,0
sky130hs,ibex,detailedroute__route__wirelength,993421dfc995dce4d6d2aec2028d7f34546a2f81,1784194417,1781720239,719273,716883,-0.0033234,tighten,0
sky130hs,ibex,detailedroute__route__wirelength,a16fb344899f51d75bee31ad18650a2aa91d8c53,1788542093,1786725772,716883,681068,-0.0499591,tighten,1
sky130hs,ibex,finish__design__instance__area,3e85fcd8465d967e20d228c1494b8824e699e5a6,1652820402,1652373207,317477,315983,-0.00470831,tighten,0
sky130hs,ibex,finish__design__instance__area,2f572bcc84a401f64ce9ff8b1a66337253e4936e,1660179792,1658154812,315983,240530,-0.238786,tighten,1
sky130hs,ibex,finish__design__instance__area,3799da2efef6eebe76862a917256cd6881f18bec,1672092902,1667495167,240530,234266,-0.0260439,tighten,1
sky130hs,ibex,finish__design__instance__area,f50270aaac2990b084b60db7761a35581c188644,1693498950,1689626103,234266,234827,0.00239416,failing,0
sky130hs,ibex,finish__design__instance__area,53873f6b5a049a999386861e7a9ee80aa61080c5,1727499238,1727222371,234827,247936,0.0558228,failing,0
sky130hs,ibex,finish__design__instance__area,9a4de6894f350418a1e4c32815f6e48e4a7255ed,1732382585,1730895801,247936,244082,-0.015544,tighten,0
sky130hs,ibex,finish__design__instance__area,b36848c1ad43f98fff1e23f9efd823179f713366,1756315375,1755604051,244082,233203,-0.0445717,tighten,0
sky130hs,ibex,finish__design__instance__area,c8bdbc9a977b6e84d36f0b1d88729056ba415c86,1756852624,1756701107,233203,220825,-0.0530757,tighten,0
sky130hs,ibex,finish__design__instance__area,4ee6469a2d53f71c6289a6b2395d7acdc4ec8071,1757516308,1756852624,220825,218869,-0.00886005,tighten,0
sky130hs,ibex,finish__design__instance__area,cddcedb9d559b67a6b598a2c4b38ad0e04fd2bde,1759261996,1758645668,218869,217724,-0.00522847,tighten,0
sky130hs,ibex,finish__design__instance__area,b2d224758b1fae76777c5fc5a3493c6bd769404c,1763659797,1761360171,217724,213169,-0.0209239,tighten,0
sky130hs,ibex,finish__design__instance__area,a14e5dde46e6bef60f4eb9c20e1c28c6bb275c4d,1764888706,1763795185,213169,212081,-0.00510312,tighten,0
sky130hs,ibex,placeopt__design__instance__area,a9135b34ffdaa0c04b18a4423d038cd98cc8827f,1654188137,1653240872,310548,310369,-0.000576821,tighten,0
sky130hs,ibex,placeopt__design__instance__area,2f572bcc84a401f64ce9ff8b1a66337253e4936e,1660179792,1658154812,310369,235390,-0.241581,tighten,1
sky130hs,ibex,placeopt__design__instance__area,3799da2efef6eebe76862a917256cd6881f18bec,1672092902,1667495167,235390,232057,-0.014156,tighten,1
sky130hs,ibex,placeopt__design__instance__area,f50270aaac2990b084b60db7761a35581c188644,1693498950,1689626103,232057,232551,0.00212841,failing,0
sky130hs,ibex,placeopt__design__instance__area,3cf22e57f905b4c112a4c39dc124b323dbd284af,1720750184,1693498950,232551,231605,-0.00406829,tighten,1
sky130hs,ibex,placeopt__design__instance__area,fabc855b4aeca0b29e97639f33900972c0ba6ad0,1724866939,1720750184,231605,227921,-0.0159079,tighten,1
sky130hs,ibex,placeopt__design__instance__area,53873f6b5a049a999386861e7a9ee80aa61080c5,1727499238,1727222371,227921,228191,0.00118653,failing,0
sky130hs,ibex,placeopt__design__instance__area,42178207582b826afda558465d444ace04ccbd4a,1747174692,1746660157,228191,227395,-0.00349059,tighten,0
sky130hs,ibex,placeopt__design__instance__area,efbc08a20cb0e9999d8ae71e13efdd7faf28c429,1749587125,1747174692,227395,227072,-0.00141872,tighten,0
sky130hs,ibex,placeopt__design__instance__area,b36848c1ad43f98fff1e23f9efd823179f713366,1756315375,1755604051,227072,200201,-0.118338,tighten,0
sky130hs,ibex,placeopt__design__instance__area,ffa73bcb96b7719b902b544072088821c8791165,1756365842,1756315375,200201,232096,0.159314,failing,0
sky130hs,ibex,placeopt__design__instance__area,457549938522cbf74360fab4520cc93d40adeb9c,1756497923,1756365842,232096,204418,-0.11925,tighten,0
sky130hs,ibex,placeopt__design__instance__area,4ee6469a2d53f71c6289a6b2395d7acdc4ec8071,1757516308,1756852624,204418,203542,-0.00428788,tighten,0
sky130hs,ibex,placeopt__design__instance__area,cddcedb9d559b67a6b598a2c4b38ad0e04fd2bde,1759261996,1758645668,203542,202543,-0.00490873,tighten,0
sky130hs,ibex,placeopt__design__instance__area,b2d224758b1fae76777c5fc5a3493c6bd769404c,1763659797,1761360171,202543,201394,-0.00567138,tighten,0
sky130hs,ibex,placeopt__design__instance__area,2e7f3ae0cfd828041f40bd18d738fc654a52a5fd,1763795185,1763659797,201394,200714,-0.00337647,tighten,0
sky130hs,ibex,placeopt__design__instance__count__stdcell,2f572bcc84a401f64ce9ff8b1a66337253e4936e,1660179792,1658154812,62505.2,18228.7,-0.708365,tighten,1
sky130hs,ibex,placeopt__design__instance__count__stdcell,3799da2efef6eebe76862a917256cd6881f18bec,1672092902,1667495167,18228.7,17602.6,-0.0343462,tighten,1
sky130hs,ibex,placeopt__design__instance__count__stdcell,f50270aaac2990b084b60db7761a35581c188644,1693498950,1689626103,17602.6,17614.8,0.000691597,failing,0
sky130hs,ibex,placeopt__design__instance__count__stdcell,53873f6b5a049a999386861e7a9ee80aa61080c5,1727499238,1727222371,17614.8,17987.8,0.0211779,failing,0
sky130hs,ibex,placeopt__design__instance__count__stdcell,a098e477bbf99ca6cd134db402eb3bbdb1c950d9,1730895801,1727820328,17987.8,17360.9,-0.0348545,tighten,1
sky130hs,ibex,placeopt__design__instance__count__stdcell,fe77cbcfd1bcf40fbd80dc27be908210288a2b17,1738194375,1738168326,17360.9,16907.8,-0.0260957,tighten,0
sky130hs,ibex,placeopt__design__instance__count__stdcell,efbc08a20cb0e9999d8ae71e13efdd7faf28c429,1749587125,1747174692,16907.8,16900.9,-0.000411438,tighten,0
sky130hs,jpeg,detailedroute__route__wirelength,2f572bcc84a401f64ce9ff8b1a66337253e4936e,1660179792,1659117194,1.56537e+06,1.47692e+06,-0.0565045,tighten,1
sky130hs,jpeg,detailedroute__route__wirelength,99af1aca7b0b7c835f95f16c401716134e154ec9,1662650846,1660179792,1.47692e+06,1.47626e+06,-0.000446287,tighten,0
sky130hs,jpeg,detailedroute__route__wirelength,085ec3e1140673788ea46e5d2be55ff333320faa,1671142322,1667495167,1.47626e+06,1.46417e+06,-0.00819168,tighten,0
sky130hs,jpeg,detailedroute__route__wirelength,f50270aaac2990b084b60db7761a35581c188644,1693498950,1690837866,1.46417e+06,1.47637e+06,0.0083312,failing,0
sky130hs,jpeg,detailedroute__route__wirelength,3d05440525390fe651bd9ad60df2267f2cb6ad23,1702463869,1693498950,1.47637e+06,1.42741e+06,-0.0331613,tighten,0
sky130hs,jpeg,detailedroute__route__wirelength,a006172422544ec724ec4f2bd3b3ab46253ba94a,1713471019,1705421598,1.42741e+06,1.72673e+06,0.209699,failing,1
sky130hs,jpeg,detailedroute__route__wirelength,3cf22e57f905b4c112a4c39dc124b323dbd284af,1720750184,1713471019,1.72673e+06,1.70081e+06,-0.015011,tighten,1
sky130hs,jpeg,detailedroute__route__wirelength,292a586ef4d47252ac6fa553d05d57bb5486229e,1723903819,1723594734,1.70081e+06,3.30163e+06,0.941206,failing,0
sky130hs,jpeg,detailedroute__route__wirelength,80d28863e882049bbdbddc5676cef590e196906c,1726801420,1724866939,3.30163e+06,3.29484e+06,-0.00205643,tighten,0
sky130hs,jpeg,detailedroute__route__wirelength,53873f6b5a049a999386861e7a9ee80aa61080c5,1727499238,1727222371,3.29484e+06,3.28901e+06,-0.00176719,tighten,0
sky130hs,jpeg,detailedroute__route__wirelength,3caec25fe4cf710f66f48cf6556b970424cd5073,1732920940,1729279903,3.28901e+06,3.24451e+06,-0.0135309,tighten,1
sky130hs,jpeg,detailedroute__route__wirelength,36e13b02baaaf1e9529a4e27908b5fdbda55661c,1735740249,1733066847,3.24451e+06,2.34419e+06,-0.277492,tighten,0
sky130hs,jpeg,detailedroute__route__wirelength,0237d84dbf0b1cb2fd3455e6cc0ede497ac27009,1737487889,1735740249,2.34419e+06,2.35408e+06,0.0042195,failing,0
sky130hs,jpeg,detailedroute__route__wirelength,fe77cbcfd1bcf40fbd80dc27be908210288a2b17,1738194375,1737487889,2.35408e+06,2.16754e+06,-0.079242,tighten,0
sky130hs,jpeg,detailedroute__route__wirelength,fca2249dd22e6aad55d5cacc786e6c94fb7dbb86,1742416962,1741306883,2.16754e+06,2.15787e+06,-0.00445708,tighten,0
sky130hs,jpeg,detailedroute__route__wirelength,42c12e80a33d8c34badeff76e9aeeaea0b4e2651,1749917054,1749094747,2.15787e+06,1.40785e+06,-0.347575,tighten,0
sky130hs,jpeg,detailedroute__route__wirelength,20dc208b49af875cfa5ba1c4490f68d635d8d621,1768019333,1767727881,1.40785e+06,1.3739e+06,-0.0241157,tighten,1
sky130hs,jpeg,detailedroute__route__wirelength,1c28718ca51b3304afd944bee53809790d1692bf,1768367918,1768019333,1.3739e+06,1.33907e+06,-0.025354,tighten,1
sky130hs,jpeg,detailedroute__route__wirelength,3b73eb16ccac67fee3022b843ec73964fed2da93,1769102322,1768367918,1.33907e+06,1.33906e+06,-5.19505e-06,tighten,0
sky130hs,jpeg,detailedroute__route__wirelength,52671e62635e2d0af21b8c715f3eb8220e2c0b62,1769814722,1769102322,1.33906e+06,1.33877e+06,-0.000213648,tighten,0
sky130hs,jpeg,detailedroute__route__wirelength,a89f995a56a40be9b48b39daad94210b36a88d0a,1781720239,1780178044,1.33877e+06,1.35211e+06,0.00995914,failing,1
sky130hs,jpeg,detailedroute__route__wirelength,0bcfb41764ea2aa89b2872ff24a0ab5986e748bf,1788894849,1788278532,1.35211e+06,1.69554e+06,0.253998,failing,1
sky130hs,jpeg,finish__design__instance__area,3e85fcd8465d967e20d228c1494b8824e699e5a6,1652820402,1652373207,744368,743905,-0.000621479,tighten,0
sky130hs,jpeg,finish__design__instance__area,2f572bcc84a401f64ce9ff8b1a66337253e4936e,1660179792,1659117194,743905,705994,-0.0509625,tighten,1
sky130hs,jpeg,finish__design__instance__area,09b386b7086f1a10e11f6e26cebac15e53095626,1665635960,1662650846,705994,705927,-9.48401e-05,tighten,0
sky130hs,jpeg,finish__design__instance__area,085ec3e1140673788ea46e5d2be55ff333320faa,1671142322,1667495167,705927,703128,-0.00396518,tighten,0
sky130hs,jpeg,finish__design__instance__area,b34f40c79b06af45896fd11f9719657b9f926ca6,1674582080,1672313005,703128,702980,-0.000210241,tighten,0
sky130hs,jpeg,finish__design__instance__area,f50270aaac2990b084b60db7761a35581c188644,1693498950,1690837866,702980,703309,0.000467575,failing,0
sky130hs,jpeg,finish__design__instance__area,3d05440525390fe651bd9ad60df2267f2cb6ad23,1702463869,1693498950,703309,701682,-0.00231329,tighten,0
sky130hs,jpeg,finish__design__instance__area,292a586ef4d47252ac6fa553d05d57bb5486229e,1723903819,1723594734,701682,843532,0.202158,failing,0
sky130hs,jpeg,finish__design__instance__area,fabc855b4aeca0b29e97639f33900972c0ba6ad0,1724866939,1723903819,843532,843402,-0.000154629,tighten,0
sky130hs,jpeg,finish__design__instance__area,80d28863e882049bbdbddc5676cef590e196906c,1726801420,1724866939,843402,841820,-0.00187543,tighten,0
sky130hs,jpeg,finish__design__instance__area,53873f6b5a049a999386861e7a9ee80aa61080c5,1727499238,1727222371,841820,842852,0.00122612,failing,0
sky130hs,jpeg,finish__design__instance__area,36e13b02baaaf1e9529a4e27908b5fdbda55661c,1735740249,1733066847,842852,835188,-0.00909335,tighten,0
sky130hs,jpeg,finish__design__instance__area,0237d84dbf0b1cb2fd3455e6cc0ede497ac27009,1737487889,1735740249,835188,834386,-0.000959951,tighten,0
sky130hs,jpeg,finish__design__instance__area,fe77cbcfd1bcf40fbd80dc27be908210288a2b17,1738194375,1737487889,834386,699337,-0.161854,tighten,0
sky130hs,jpeg,finish__design__instance__area,5a5fa4573a15dcf9a029faa44188e6ddd8155d04,1739830152,1739380119,699337,694160,-0.00740328,tighten,0
sky130hs,jpeg,finish__design__instance__area,804812ea75e47913c47c50f833524f3577d6b7be,1741306883,1739830152,694160,693567,-0.000854333,tighten,0
sky130hs,jpeg,finish__design__instance__area,fca2249dd22e6aad55d5cacc786e6c94fb7dbb86,1742416962,1741306883,693567,677591,-0.023034,tighten,0
sky130hs,jpeg,finish__design__instance__area,42c12e80a33d8c34badeff76e9aeeaea0b4e2651,1749917054,1749094747,677591,660902,-0.0246307,tighten,0
sky130hs,jpeg,finish__design__instance__area,b36848c1ad43f98fff1e23f9efd823179f713366,1756315375,1755785256,660902,630254,-0.0463727,tighten,0
sky130hs,jpeg,finish__design__instance__area,a89f995a56a40be9b48b39daad94210b36a88d0a,1781720239,1780178044,630254,683445,0.0843966,failing,1
sky130hs,jpeg,placeopt__design__instance__area,3e85fcd8465d967e20d228c1494b8824e699e5a6,1652820402,1652373207,739367,739017,-0.00047279,tighten,0
sky130hs,jpeg,placeopt__design__instance__area,2f572bcc84a401f64ce9ff8b1a66337253e4936e,1660179792,1659117194,739017,702059,-0.05001,tighten,1
sky130hs,jpeg,placeopt__design__instance__area,09b386b7086f1a10e11f6e26cebac15e53095626,1665635960,1662650846,702059,701577,-0.000687419,tighten,0
sky130hs,jpeg,placeopt__design__instance__area,085ec3e1140673788ea46e5d2be55ff333320faa,1671142322,1667495167,701577,699756,-0.0025954,tighten,0
sky130hs,jpeg,placeopt__design__instance__area,b34f40c79b06af45896fd11f9719657b9f926ca6,1674582080,1672313005,699756,699648,-0.000154091,tighten,0
sky130hs,jpeg,placeopt__design__instance__area,f50270aaac2990b084b60db7761a35581c188644,1693498950,1690837866,699648,700061,0.000590359,failing,0
sky130hs,jpeg,placeopt__design__instance__area,3d05440525390fe651bd9ad60df2267f2cb6ad23,1702463869,1693498950,700061,683783,-0.0232526,tighten,0
sky130hs,jpeg,placeopt__design__instance__area,292a586ef4d47252ac6fa553d05d57bb5486229e,1723903819,1723594734,683783,817195,0.195109,failing,0
sky130hs,jpeg,placeopt__design__instance__area,53873f6b5a049a999386861e7a9ee80aa61080c5,1727499238,1727222371,817195,818091,0.00109707,failing,0
sky130hs,jpeg,placeopt__design__instance__area,36e13b02baaaf1e9529a4e27908b5fdbda55661c,1735740249,1733066847,818091,810651,-0.00909434,tighten,0
sky130hs,jpeg,placeopt__design__instance__area,0237d84dbf0b1cb2fd3455e6cc0ede497ac27009,1737487889,1735740249,810651,809606,-0.00128936,tighten,0
sky130hs,jpeg,placeopt__design__instance__area,fe77cbcfd1bcf40fbd80dc27be908210288a2b17,1738194375,1737487889,809606,673887,-0.167636,tighten,0
sky130hs,jpeg,placeopt__design__instance__area,5a5fa4573a15dcf9a029faa44188e6ddd8155d04,1739830152,1739380119,673887,670222,-0.00543892,tighten,0
sky130hs,jpeg,placeopt__design__instance__area,804812ea75e47913c47c50f833524f3577d6b7be,1741306883,1739830152,670222,669650,-0.000853708,tighten,0
sky130hs,jpeg,placeopt__design__instance__area,fca2249dd22e6aad55d5cacc786e6c94fb7dbb86,1742416962,1741306883,669650,652815,-0.0251397,tighten,0
sky130hs,jpeg,placeopt__design__instance__area,d5f6f3a88807f23e991230761f3671a14aeed709,1749094747,1742507021,652815,651580,-0.00189147,tighten,1
sky130hs,jpeg,placeopt__design__instance__area,42c12e80a33d8c34badeff76e9aeeaea0b4e2651,1749917054,1749094747,651580,628806,-0.0349518,tighten,0
sky130hs,jpeg,placeopt__design__instance__area,b36848c1ad43f98fff1e23f9efd823179f713366,1756315375,1755785256,628806,595876,-0.0523698,tighten,0
sky130hs,jpeg,placeopt__design__instance__area,252042c9c294386a7a8594dc3465b542c0184c52,1759899974,1756701107,595876,594335,-0.00258589,tighten,0
sky130hs,jpeg,placeopt__design__instance__area,a89f995a56a40be9b48b39daad94210b36a88d0a,1781720239,1780178044,594335,646989,0.088593,failing,1
sky130hs,jpeg,placeopt__design__instance__count__stdcell,3e85fcd8465d967e20d228c1494b8824e699e5a6,1652820402,1652373207,84655.7,84648.7,-8.21743e-05,tighten,0
sky130hs,jpeg,placeopt__design__instance__count__stdcell,2f572bcc84a401f64ce9ff8b1a66337253e4936e,1660179792,1659117194,84648.7,64222.6,-0.241304,tighten,1
sky130hs,jpeg,placeopt__design__instance__count__stdcell,09b386b7086f1a10e11f6e26cebac15e53095626,1665635960,1662650846,64222.6,64218.3,-6.76993e-05,tighten,0
sky130hs,jpeg,placeopt__design__instance__count__stdcell,085ec3e1140673788ea46e5d2be55ff333320faa,1671142322,1667495167,64218.3,64207,-0.00017603,tighten,0
sky130hs,jpeg,placeopt__design__instance__count__stdcell,bfe8d930e547fae99ed3f7e2dc7200499eee1898,1672313005,1671142322,64207,64205.2,-2.70863e-05,tighten,1
sky130hs,jpeg,placeopt__design__instance__count__stdcell,b34f40c79b06af45896fd11f9719657b9f926ca6,1674582080,1672313005,64205.2,64204.3,-1.35435e-05,tighten,0
sky130hs,jpeg,placeopt__design__instance__count__stdcell,3d05440525390fe651bd9ad60df2267f2cb6ad23,1702463869,1693498950,64204.3,61761.7,-0.0380443,tighten,0
sky130hs,jpeg,placeopt__design__instance__count__stdcell,a006172422544ec724ec4f2bd3b3ab46253ba94a,1713471019,1705421598,61761.7,75124.3,0.216357,failing,1
sky130hs,jpeg,placeopt__design__instance__count__stdcell,3cf22e57f905b4c112a4c39dc124b323dbd284af,1720750184,1713471019,75124.3,75112.2,-0.00016205,tighten,1
sky130hs,jpeg,placeopt__design__instance__count__stdcell,53873f6b5a049a999386861e7a9ee80aa61080c5,1727499238,1727222371,75112.2,75991.3,0.0117042,failing,0
sky130hs,jpeg,placeopt__design__instance__count__stdcell,36e13b02baaaf1e9529a4e27908b5fdbda55661c,1735740249,1733066847,75991.3,66732.2,-0.121845,tighten,0
sky130hs,jpeg,placeopt__design__instance__count__stdcell,fe77cbcfd1bcf40fbd80dc27be908210288a2b17,1738194375,1737487889,66732.2,55848.7,-0.163092,tighten,0
sky130hs,jpeg,placeopt__design__instance__count__stdcell,5a5fa4573a15dcf9a029faa44188e6ddd8155d04,1739830152,1739380119,55848.7,55573,-0.0049357,tighten,0
sky130hs,jpeg,placeopt__design__instance__count__stdcell,42c12e80a33d8c34badeff76e9aeeaea0b4e2651,1749917054,1749094747,55573,55108.7,-0.00835563,tighten,0
sky130hs,jpeg,placeopt__design__instance__count__stdcell,20dc208b49af875cfa5ba1c4490f68d635d8d621,1768019333,1767727881,55108.7,49046.1,-0.110012,tighten,1
sky130hs,jpeg,placeopt__design__instance__count__stdcell,1c28718ca51b3304afd944bee53809790d1692bf,1768367918,1768019333,49046.1,48747,-0.00609897,tighten,1
sky130hs,jpeg,placeopt__design__instance__count__stdcell,1ad9ee5203118586cab4535015c5184473e53783,1774531618,1772834135,48747,48712.2,-0.000713534,tighten,0
sky130hs,jpeg,placeopt__design__instance__count__stdcell,43ca564bb3d4167cb62f5008c93b1ce96c7438b0,1776208573,1774531618,48712.2,48580.9,-0.00269551,tighten,0
sky130hs,jpeg,placeopt__design__instance__count__stdcell,a89f995a56a40be9b48b39daad94210b36a88d0a,1781720239,1780178044,48580.9,48648.7,0.00139615,failing,1
sky130hs,riscv32i,detailedroute__route__wirelength,2f572bcc84a401f64ce9ff8b1a66337253e4936e,1660179792,1658154812,389921,361426,-0.0730784,tighten,1
sky130hs,riscv32i,detailedroute__route__wirelength,3799da2efef6eebe76862a917256cd6881f18bec,1672092902,1667495167,361426,346713,-0.0407083,tighten,1
sky130hs,riscv32i,detailedroute__route__wirelength,f50270aaac2990b084b60db7761a35581c188644,1693498950,1689626103,346713,349582,0.00827398,failing,0
sky130hs,riscv32i,detailedroute__route__wirelength,3cf22e57f905b4c112a4c39dc124b323dbd284af,1720750184,1709227107,349582,325309,-0.0694345,tighten,0
sky130hs,riscv32i,detailedroute__route__wirelength,53873f6b5a049a999386861e7a9ee80aa61080c5,1727499238,1726801420,325309,335358,0.0308924,failing,0
sky130hs,riscv32i,detailedroute__route__wirelength,ad1b24dbd83dbaadaf5b5df8effc6c9d643b1421,1734995732,1727499238,335358,306107,-0.087224,tighten,1
sky130hs,riscv32i,detailedroute__route__wirelength,8477d4663c48a52bdbc6b8b4ec1f4235cec75163,1738854100,1734995732,306107,302368,-0.0122151,tighten,0
sky130hs,riscv32i,detailedroute__route__wirelength,6aa8eac7fd0da1dbd90656a92ba4e882e54e6502,1739226770,1738854100,302368,302178,-0.000626936,tighten,0
sky130hs,riscv32i,detailedroute__route__wirelength,d182b81f60bfdeacdaf77014d3f928b4c079e07f,1746660157,1742849336,302178,358239,0.185523,failing,0
sky130hs,riscv32i,detailedroute__route__wirelength,d5f6f3a88807f23e991230761f3671a14aeed709,1749094747,1746660157,358239,328704,-0.0824443,tighten,0
sky130hs,riscv32i,detailedroute__route__wirelength,42c12e80a33d8c34badeff76e9aeeaea0b4e2651,1749917054,1749094747,328704,321390,-0.0222534,tighten,0
sky130hs,riscv32i,detailedroute__route__wirelength,9753d33a6e24b5daad668aca9cde8918f2af9ebd,1756701107,1755604051,321390,316038,-0.0166505,tighten,0
sky130hs,riscv32i,detailedroute__route__wirelength,4ee6469a2d53f71c6289a6b2395d7acdc4ec8071,1757516308,1756800730,316038,309233,-0.0215329,tighten,0
sky130hs,riscv32i,detailedroute__route__wirelength,e0f1ad381d76fce62eb9703e978d0734548bf7d5,1772209135,1770953622,309233,306172,-0.00989826,tighten,1
sky130hs,riscv32i,detailedroute__route__wirelength,1ad9ee5203118586cab4535015c5184473e53783,1774531618,1772640436,306172,305890,-0.000920198,tighten,1
sky130hs,riscv32i,detailedroute__route__wirelength,442c25202ace17ce42288d502eef557a4ce7f1e5,1779202706,1774531618,305890,301631,-0.0139237,tighten,1
sky130hs,riscv32i,detailedroute__route__wirelength,dd16357d8e468bf10bbcaad074f42067030ff483,1780539925,1780178044,301631,301431,-0.000663061,tighten,0
sky130hs,riscv32i,detailedroute__route__wirelength,a89f995a56a40be9b48b39daad94210b36a88d0a,1781720239,1780539925,301431,301237,-0.000643308,tighten,1
sky130hs,riscv32i,detailedroute__route__wirelength,993421dfc995dce4d6d2aec2028d7f34546a2f81,1784194417,1781720239,301237,298734,-0.00831065,tighten,0
sky130hs,riscv32i,finish__design__instance__area,373b724c682c33cdb2681bb95008e334cb2cff23,1658154812,1652820402,111377,111153,-0.0020143,tighten,0
sky130hs,riscv32i,finish__design__instance__area,2f572bcc84a401f64ce9ff8b1a66337253e4936e,1660179792,1658154812,111153,109172,-0.0178211,tighten,1
sky130hs,riscv32i,finish__design__instance__area,3799da2efef6eebe76862a917256cd6881f18bec,1672092902,1667495167,109172,106887,-0.0209322,tighten,1
sky130hs,riscv32i,finish__design__instance__area,f50270aaac2990b084b60db7761a35581c188644,1693498950,1689626103,106887,107056,0.00157826,failing,0
sky130hs,riscv32i,finish__design__instance__area,53873f6b5a049a999386861e7a9ee80aa61080c5,1727499238,1726801420,107056,107906,0.00794386,failing,0
sky130hs,riscv32i,finish__design__instance__area,d182b81f60bfdeacdaf77014d3f928b4c079e07f,1746660157,1742849336,107906,129908,0.203897,failing,0
sky130hs,riscv32i,finish__design__instance__area,d5f6f3a88807f23e991230761f3671a14aeed709,1749094747,1746660157,129908,123182,-0.0517758,tighten,0
sky130hs,riscv32i,finish__design__instance__area,42c12e80a33d8c34badeff76e9aeeaea0b4e2651,1749917054,1749094747,123182,116664,-0.0529087,tighten,0
sky130hs,riscv32i,finish__design__instance__area,9753d33a6e24b5daad668aca9cde8918f2af9ebd,1756701107,1755604051,116664,110296,-0.0545899,tighten,0
sky130hs,riscv32i,finish__design__instance__area,faa7fe5f7e7c424bb2ca4b05ed18e113f2d482ac,1756800730,1756701107,110296,110117,-0.00161621,tighten,0
sky130hs,riscv32i,finish__design__instance__area,4ee6469a2d53f71c6289a6b2395d7acdc4ec8071,1757516308,1756800730,110117,97895.7,-0.110988,tighten,0
sky130hs,riscv32i,finish__design__instance__area,e79a174e30f63fd031fb72cdd264e7358caaadfb,1757956713,1757516308,97895.7,97726.1,-0.0017321,tighten,0
sky130hs,riscv32i,finish__design__instance__area,a89f995a56a40be9b48b39daad94210b36a88d0a,1781720239,1780539925,97726.1,104366,0.067945,failing,1
sky130hs,riscv32i,placeopt__design__instance__area,373b724c682c33cdb2681bb95008e334cb2cff23,1658154812,1652820402,110839,110587,-0.00227513,tighten,0
sky130hs,riscv32i,placeopt__design__instance__area,2f572bcc84a401f64ce9ff8b1a66337253e4936e,1660179792,1658154812,110587,108645,-0.0175585,tighten,1
sky130hs,riscv32i,placeopt__design__instance__area,3799da2efef6eebe76862a917256cd6881f18bec,1672092902,1667495167,108645,106436,-0.0203374,tighten,1
sky130hs,riscv32i,placeopt__design__instance__area,f50270aaac2990b084b60db7761a35581c188644,1693498950,1689626103,106436,106605,0.00159312,failing,0
sky130hs,riscv32i,placeopt__design__instance__area,47ed28588427c75486322c73c5ed159a33399f17,1709227107,1693498950,106605,103639,-0.0278231,tighten,1
sky130hs,riscv32i,placeopt__design__instance__area,3395328e1dd9952de67871f6c4d5963788082fcc,1721331380,1720750184,103639,103576,-0.000612493,tighten,1
sky130hs,riscv32i,placeopt__design__instance__area,fabc855b4aeca0b29e97639f33900972c0ba6ad0,1724866939,1721331380,103576,103114,-0.00445799,tighten,1
sky130hs,riscv32i,placeopt__design__instance__area,53873f6b5a049a999386861e7a9ee80aa61080c5,1727499238,1726801420,103114,103105,-8.43305e-05,tighten,0
sky130hs,riscv32i,placeopt__design__instance__area,42c12e80a33d8c34badeff76e9aeeaea0b4e2651,1749917054,1749094747,103105,101487,-0.0156952,tighten,0
sky130hs,riscv32i,placeopt__design__instance__area,9753d33a6e24b5daad668aca9cde8918f2af9ebd,1756701107,1755604051,101487,91581.7,-0.0976009,tighten,0
sky130hs,riscv32i,placeopt__design__instance__area,a89f995a56a40be9b48b39daad94210b36a88d0a,1781720239,1780539925,91581.7,97852.2,0.0684682,failing,1
sky130hs,riscv32i,placeopt__design__instance__area,993421dfc995dce4d6d2aec2028d7f34546a2f81,1784194417,1781720239,97852.2,97773.9,-0.000799787,tighten,0
sky130hs,riscv32i,placeopt__design__instance__count__stdcell,373b724c682c33cdb2681bb95008e334cb2cff23,1658154812,1652820402,9854.78,9846.96,-0.000794141,tighten,0
sky130hs,riscv32i,placeopt__design__instance__count__stdcell,2f572bcc84a401f64ce9ff8b1a66337253e4936e,1660179792,1658154812,9846.96,9066.96,-0.0792123,tighten,1
sky130hs,riscv32i,placeopt__design__instance__count__stdcell,3799da2efef6eebe76862a917256cd6881f18bec,1672092902,1667495167,9066.96,8773.04,-0.0324158,tighten,1
sky130hs,riscv32i,placeopt__design__instance__count__stdcell,93cec18e4b060d6eadba735a14a6867f9c7e6dd1,1687058647,1672092902,8773.04,8771.3,-0.000198236,tighten,1
sky130hs,riscv32i,placeopt__design__instance__count__stdcell,f50270aaac2990b084b60db7761a35581c188644,1693498950,1689626103,8771.3,8777.39,0.000693963,failing,0
sky130hs,riscv32i,placeopt__design__instance__count__stdcell,47ed28588427c75486322c73c5ed159a33399f17,1709227107,1693498950,8777.39,8519.13,-0.0294234,tighten,1
sky130hs,riscv32i,placeopt__design__instance__count__stdcell,53873f6b5a049a999386861e7a9ee80aa61080c5,1727499238,1726801420,8519.13,8626.96,0.0126569,failing,0
sky130hs,riscv32i,placeopt__design__instance__count__stdcell,ad1b24dbd83dbaadaf5b5df8effc6c9d643b1421,1734995732,1727499238,8626.96,6600.87,-0.234855,tighten,1
sky130hs,riscv32i,placeopt__design__instance__count__stdcell,42c12e80a33d8c34badeff76e9aeeaea0b4e2651,1749917054,1749094747,6600.87,6554.78,-0.00698195,tighten,0
sky130hs,riscv32i,placeopt__design__instance__count__stdcell,a89f995a56a40be9b48b39daad94210b36a88d0a,1781720239,1780539925,6554.78,7172.17,0.0941894,failing,1
sky130hs,riscv32i,placeopt__design__instance__count__stdcell,993421dfc995dce4d6d2aec2028d7f34546a2f81,1784194417,1781720239,7172.17,7119.13,-0.00739573,tighten,0
tsmc65lp,aes,detailedroute__route__wirelength,3e85fcd8465d967e20d228c1494b8824e699e5a6,1652820402,1652373207,580427,576590,-0.00661133,tighten,0
tsmc65lp,aes,detailedroute__route__wirelength,5e16d3e90191aa74f11062ee97fede607f33a5af,1657833468,1652820402,576590,574382,-0.00382911,tighten,0
tsmc65lp,aes,detailedroute__route__wirelength,99af1aca7b0b7c835f95f16c401716134e154ec9,1662650846,1657833468,574382,568451,-0.0103249,tighten,0
tsmc65lp,aes,detailedroute__route__wirelength,f50270aaac2990b084b60db7761a35581c188644,1693498950,1689626103,568451,585048,0.029196,failing,1
tsmc65lp,aes,detailedroute__route__wirelength,d24181e0389fc97fed47c7dc18f2fc6b1d71821b,1718278257,1693498950,585048,396210,-0.322774,tighten,0
tsmc65lp,aes,finish__design__instance__area,3e85fcd8465d967e20d228c1494b8824e699e5a6,1652820402,1652373207,113800,113460,-0.0029877,tighten,0
tsmc65lp,aes,finish__design__instance__area,5e16d3e90191aa74f11062ee97fede607f33a5af,1657833468,1652820402,113460,113067,-0.00346416,tighten,0
tsmc65lp,aes,finish__design__instance__area,99af1aca7b0b7c835f95f16c401716134e154ec9,1662650846,1657833468,113067,112357,-0.00627562,tighten,0
tsmc65lp,aes,finish__design__instance__area,f50270aaac2990b084b60db7761a35581c188644,1693498950,1689626103,112357,116617,0.0379147,failing,1
tsmc65lp,aes,finish__design__instance__area,d24181e0389fc97fed47c7dc18f2fc6b1d71821b,1718278257,1693498950,116617,81240.9,-0.303355,tighten,0
tsmc65lp,aes,placeopt__design__instance__area,5e16d3e90191aa74f11062ee97fede607f33a5af,1657833468,1652820402,110296,110157,-0.00125355,tighten,0
tsmc65lp,aes,placeopt__design__instance__area,c9cb6802b0b5a858e4993159102664bcb54de02c,1664716388,1662650846,110157,110014,-0.00130248,tighten,0
tsmc65lp,aes,placeopt__design__instance__area,071de4231f923c76b37bd9605276cd278f3f0e59,1672923481,1667495167,110014,109845,-0.0015334,tighten,1
tsmc65lp,aes,placeopt__design__instance__area,b34f40c79b06af45896fd11f9719657b9f926ca6,1674582080,1672923481,109845,109800,-0.000411646,tighten,0
tsmc65lp,aes,placeopt__design__instance__area,93cec18e4b060d6eadba735a14a6867f9c7e6dd1,1687058647,1674582080,109800,109754,-0.000419735,tighten,0
tsmc65lp,aes,placeopt__design__instance__area,d24181e0389fc97fed47c7dc18f2fc6b1d71821b,1718278257,1693498950,109754,76131.3,-0.306345,tighten,0
tsmc65lp,aes,placeopt__design__instance__count__stdcell,5e16d3e90191aa74f11062ee97fede607f33a5af,1657833468,1652820402,19800.9,19794.8,-0.000307409,tighten,0
tsmc65lp,aes,placeopt__design__instance__count__stdcell,f50270aaac2990b084b60db7761a35581c188644,1693498950,1689626103,19794.8,19799.1,0.000219645,failing,1
tsmc65lp,aes,placeopt__design__instance__count__stdcell,d24181e0389fc97fed47c7dc18f2fc6b1d71821b,1718278257,1693498950,19799.1,14535.7,-0.265844,tighten,0
tsmc65lp,ariane,detailedroute__route__wirelength,3e85fcd8465d967e20d228c1494b8824e699e5a6,1652820402,1652373207,8.11222e+06,7.93131e+06,-0.0223004,tighten,1
tsmc65lp,ariane,detailedroute__route__wirelength,5e16d3e90191aa74f11062ee97fede607f33a5af,1657833468,1652820402,7.93131e+06,7.93047e+06,-0.0001058,tighten,1
tsmc65lp,ariane,detailedroute__route__wirelength,0d97930c857277857c2e9773e8d367d3798d731b,1690301287,1689626103,7.93047e+06,9.38744e+06,0.183718,failing,0
tsmc65lp,ariane,detailedroute__route__wirelength,f50270aaac2990b084b60db7761a35581c188644,1693498950,1691617103,9.38744e+06,9.22786e+06,-0.0169998,tighten,0
tsmc65lp,ariane,detailedroute__route__wirelength,731787b6f1be0727dfcb0077f0b8a9e5ad9fe4b6,1708004423,1695993401,9.22786e+06,8.32315e+06,-0.098041,tighten,0
tsmc65lp,ariane,finish__design__instance__area,3e85fcd8465d967e20d228c1494b8824e699e5a6,1652820402,1652373207,1.76295e+06,1.72878e+06,-0.0193855,tighten,1
tsmc65lp,ariane,finish__design__instance__area,5e16d3e90191aa74f11062ee97fede607f33a5af,1657833468,1652820402,1.72878e+06,1.72467e+06,-0.00237665,tighten,1
tsmc65lp,ariane,finish__design__instance__area,f50270aaac2990b084b60db7761a35581c188644,1693498950,1691617103,1.72467e+06,1.86172e+06,0.0794664,failing,0
tsmc65lp,ariane,placeopt__design__instance__area,5e16d3e90191aa74f11062ee97fede607f33a5af,1657833468,1652820402,1.70835e+06,1.70602e+06,-0.00136364,tighten,1
tsmc65lp,ariane,placeopt__design__instance__area,f50270aaac2990b084b60db7761a35581c188644,1693498950,1691617103,1.70602e+06,1.85264e+06,0.0859433,failing,0
tsmc65lp,ariane,placeopt__design__instance__area,731787b6f1be0727dfcb0077f0b8a9e5ad9fe4b6,1708004423,1695993401,1.85264e+06,1.83871e+06,-0.00751923,tighten,0
tsmc65lp,ariane,placeopt__design__instance__area,b74ef455ba17c6ea9d310c15ef654ff7c11b6eae,1708705110,1708004423,1.83871e+06,1.83273e+06,-0.00325181,tighten,0
tsmc65lp,ariane,placeopt__design__instance__count__stdcell,3e85fcd8465d967e20d228c1494b8824e699e5a6,1652820402,1652373207,133393,133381,-9.12635e-05,tighten,1
tsmc65lp,ariane,placeopt__design__instance__count__stdcell,5e16d3e90191aa74f11062ee97fede607f33a5af,1657833468,1652820402,133381,133257,-0.000925757,tighten,1
tsmc65lp,ariane,placeopt__design__instance__count__stdcell,99af1aca7b0b7c835f95f16c401716134e154ec9,1662650846,1657833468,133257,133220,-0.000280595,tighten,1
tsmc65lp,ariane,placeopt__design__instance__count__stdcell,c9cb6802b0b5a858e4993159102664bcb54de02c,1664716388,1662650846,133220,133215,-3.91637e-05,tighten,1
tsmc65lp,ariane,placeopt__design__instance__count__stdcell,8fe628882ab14408a546d97c3fb5b0b4a7d59e0f,1668126704,1667495167,133215,133180,-0.000261102,tighten,0
tsmc65lp,ariane,placeopt__design__instance__count__stdcell,8b592cea2cb8670afb1c642fe2d310a30a3ac777,1683145855,1668126704,133180,154168,0.15759,failing,1
tsmc65lp,ariane,placeopt__design__instance__count__stdcell,f50270aaac2990b084b60db7761a35581c188644,1693498950,1691617103,154168,154921,0.00488457,failing,0
tsmc65lp,ariane,placeopt__design__instance__count__stdcell,731787b6f1be0727dfcb0077f0b8a9e5ad9fe4b6,1708004423,1695993401,154921,154618,-0.00195331,tighten,0
tsmc65lp,ariane,placeopt__design__instance__count__stdcell,b74ef455ba17c6ea9d310c15ef654ff7c11b6eae,1708705110,1708004423,154618,153959,-0.00426295,tighten,0
tsmc65lp,black_parrot,detailedroute__route__wirelength,3e85fcd8465d967e20d228c1494b8824e699e5a6,1652820402,1652373207,7.9432e+06,7.89965e+06,-0.00548295,tighten,0
tsmc65lp,black_parrot,detailedroute__route__wirelength,8fe628882ab14408a546d97c3fb5b0b4a7d59e0f,1668126704,1667495167,7.89965e+06,7.85363e+06,-0.0058258,tighten,0
tsmc65lp,black_parrot,detailedroute__route__wirelength,7e073100feab0ed61d13999707a19f397796a32f,1668959240,1668126704,7.85363e+06,7.85054e+06,-0.000392951,tighten,0
tsmc65lp,black_parrot,detailedroute__route__wirelength,6c124b5f51d003da42f6fb114d53a08e303f01ae,1669782715,1668959240,7.85054e+06,7.76485e+06,-0.0109156,tighten,1
tsmc65lp,black_parrot,detailedroute__route__wirelength,8b592cea2cb8670afb1c642fe2d310a30a3ac777,1683145855,1680189283,7.76485e+06,9.08601e+06,0.170147,failing,0
tsmc65lp,black_parrot,detailedroute__route__wirelength,5c135fc6553ee3d75250814490b0cd661b9a3c26,1691093844,1690925842,9.08601e+06,9.0852e+06,-8.87174e-05,tighten,0
tsmc65lp,black_parrot,detailedroute__route__wirelength,6136b5a6718e2158ea86743c9e7ec2a352eb9765,1709742588,1693498950,9.0852e+06,8.92246e+06,-0.0179128,tighten,0
tsmc65lp,black_parrot,finish__design__instance__area,3e85fcd8465d967e20d228c1494b8824e699e5a6,1652820402,1652373207,1.59483e+06,1.58056e+06,-0.0089436,tighten,0
tsmc65lp,black_parrot,finish__design__instance__area,5e16d3e90191aa74f11062ee97fede607f33a5af,1657833468,1652820402,1.58056e+06,1.57575e+06,-0.0030413,tighten,0
tsmc65lp,black_parrot,finish__design__instance__area,1ad07528c890cb22d593a4f2feaa72c9cc20a27b,1665530037,1664716388,1.57575e+06,1.55651e+06,-0.0122117,tighten,0
tsmc65lp,black_parrot,finish__design__instance__area,6c124b5f51d003da42f6fb114d53a08e303f01ae,1669782715,1668959240,1.55651e+06,1.53545e+06,-0.0135336,tighten,1
tsmc65lp,black_parrot,finish__design__instance__area,510b8a1771ecc6c2a7f65508d1753ba7794c4a01,1673834248,1669925681,1.53545e+06,1.84842e+06,0.203832,failing,1
tsmc65lp,black_parrot,finish__design__instance__area,b34f40c79b06af45896fd11f9719657b9f926ca6,1674582080,1673834248,1.84842e+06,1.84673e+06,-0.000914059,tighten,0
tsmc65lp,black_parrot,finish__design__instance__area,f50270aaac2990b084b60db7761a35581c188644,1693498950,1691093844,1.84673e+06,1.85996e+06,0.00716378,failing,0
tsmc65lp,black_parrot,placeopt__design__instance__area,5e16d3e90191aa74f11062ee97fede607f33a5af,1657833468,1652820402,1.50991e+06,1.50743e+06,-0.00164536,tighten,0
tsmc65lp,black_parrot,placeopt__design__instance__area,510b8a1771ecc6c2a7f65508d1753ba7794c4a01,1673834248,1669925681,1.50743e+06,1.82459e+06,0.210398,failing,1
tsmc65lp,black_parrot,placeopt__design__instance__area,b34f40c79b06af45896fd11f9719657b9f926ca6,1674582080,1673834248,1.82459e+06,1.82319e+06,-0.000767296,tighten,0
tsmc65lp,black_parrot,placeopt__design__instance__area,f50270aaac2990b084b60db7761a35581c188644,1693498950,1691093844,1.82319e+06,1.83579e+06,0.00691097,failing,0
tsmc65lp,black_parrot,placeopt__design__instance__area,6136b5a6718e2158ea86743c9e7ec2a352eb9765,1709742588,1693498950,1.83579e+06,1.8232e+06,-0.00685785,tighten,0
tsmc65lp,black_parrot,placeopt__design__instance__count__stdcell,3e85fcd8465d967e20d228c1494b8824e699e5a6,1652820402,1652373207,123955,123906,-0.00039285,tighten,0
tsmc65lp,black_parrot,placeopt__design__instance__count__stdcell,5e16d3e90191aa74f11062ee97fede607f33a5af,1657833468,1652820402,123906,123744,-0.00130534,tighten,0
tsmc65lp,black_parrot,placeopt__design__instance__count__stdcell,526fd7aa3497c2b706d9202811c9e02a0b957252,1659117194,1657833468,123744,123720,-0.000196759,tighten,0
tsmc65lp,black_parrot,placeopt__design__instance__count__stdcell,8fe628882ab14408a546d97c3fb5b0b4a7d59e0f,1668126704,1667495167,123720,123637,-0.000667707,tighten,0
tsmc65lp,black_parrot,placeopt__design__instance__count__stdcell,510b8a1771ecc6c2a7f65508d1753ba7794c4a01,1673834248,1669925681,123637,158727,0.28381,failing,1
tsmc65lp,black_parrot,placeopt__design__instance__count__stdcell,b34f40c79b06af45896fd11f9719657b9f926ca6,1674582080,1673834248,158727,158704,-0.000142438,tighten,0
tsmc65lp,black_parrot,placeopt__design__instance__count__stdcell,f50270aaac2990b084b60db7761a35581c188644,1693498950,1691093844,158704,158771,0.000421895,failing,0
tsmc65lp,black_parrot,placeopt__design__instance__count__stdcell,6136b5a6718e2158ea86743c9e7ec2a352eb9765,1709742588,1693498950,158771,157736,-0.00652292,tighten,0
tsmc65lp,bp_be_top,detailedroute__route__wirelength,5e16d3e90191aa74f11062ee97fede607f33a5af,1657833468,1652820402,3.04402e+06,3.01345e+06,-0.0100425,tighten,0
tsmc65lp,bp_be_top,detailedroute__route__wirelength,8c78b885f072d7c262d333f06dc260243ef6bc14,1676585443,1675278235,3.01345e+06,3.50299e+06,0.16245,failing,0
tsmc65lp,bp_be_top,detailedroute__route__wirelength,8b592cea2cb8670afb1c642fe2d310a30a3ac777,1683145855,1680189283,3.50299e+06,2.98018e+06,-0.149245,tighten,0
tsmc65lp,bp_be_top,detailedroute__route__wirelength,4a55eb2a35456f5495027725e33a6e7bab7e65c0,1683177743,1683145855,2.98018e+06,3.58316e+06,0.20233,failing,0
tsmc65lp,bp_be_top,detailedroute__route__wirelength,533686274bc7711df4ab6240b9e27bb1c85059c7,1689626103,1683177743,3.58316e+06,2.90313e+06,-0.189786,tighten,1
tsmc65lp,bp_be_top,detailedroute__route__wirelength,5c135fc6553ee3d75250814490b0cd661b9a3c26,1691093844,1689626103,2.90313e+06,2.89167e+06,-0.00394747,tighten,0
tsmc65lp,bp_be_top,detailedroute__route__wirelength,f50270aaac2990b084b60db7761a35581c188644,1693498950,1691962183,2.89167e+06,2.91987e+06,0.00975487,failing,0
tsmc65lp,bp_be_top,detailedroute__route__wirelength,3d05440525390fe651bd9ad60df2267f2cb6ad23,1702463869,1693498950,2.91987e+06,2.7427e+06,-0.0606789,tighten,0
tsmc65lp,bp_be_top,detailedroute__route__wirelength,adf97dd410ad7e549b40a356ea73e5516fbb023a,1707770799,1702463869,2.7427e+06,3.29141e+06,0.200063,failing,0
tsmc65lp,bp_be_top,detailedroute__route__wirelength,a5072f4d751a2707742a6c9b61ebfcca087cb70d,1716244421,1707770799,3.29141e+06,3.18819e+06,-0.0313612,tighten,0
tsmc65lp,bp_be_top,detailedroute__route__wirelength,e938ba6d0e8275ea8f5702ceacb830cd9ed34c56,1717596379,1716244421,3.18819e+06,3.13489e+06,-0.016718,tighten,0
tsmc65lp,bp_be_top,finish__design__instance__area,8b592cea2cb8670afb1c642fe2d310a30a3ac777,1683145855,1680189283,612506,593272,-0.031402,tighten,0
tsmc65lp,bp_be_top,finish__design__instance__area,533686274bc7711df4ab6240b9e27bb1c85059c7,1689626103,1683177743,593272,592208,-0.00179403,tighten,1
tsmc65lp,bp_be_top,finish__design__instance__area,5c135fc6553ee3d75250814490b0cd661b9a3c26,1691093844,1689626103,592208,589907,-0.00388524,tighten,0
tsmc65lp,bp_be_top,finish__design__instance__area,f50270aaac2990b084b60db7761a35581c188644,1693498950,1691962183,589907,591399,0.00252951,failing,0
tsmc65lp,bp_be_top,placeopt__design__instance__area,3e85fcd8465d967e20d228c1494b8824e699e5a6,1652820402,1652373207,572737,572572,-0.00028847,tighten,0
tsmc65lp,bp_be_top,placeopt__design__instance__area,f50270aaac2990b084b60db7761a35581c188644,1693498950,1691962183,572572,587353,0.0258149,failing,0
tsmc65lp,bp_be_top,placeopt__design__instance__area,3d05440525390fe651bd9ad60df2267f2cb6ad23,1702463869,1693498950,587353,585200,-0.00366567,tighten,0
tsmc65lp,bp_be_top,placeopt__design__instance__count__stdcell,3e85fcd8465d967e20d228c1494b8824e699e5a6,1652820402,1652373207,43666.1,43660.9,-0.000119484,tighten,0
tsmc65lp,bp_be_top,placeopt__design__instance__count__stdcell,5e16d3e90191aa74f11062ee97fede607f33a5af,1657833468,1652820402,43660.9,43637.4,-0.000537741,tighten,0
tsmc65lp,bp_be_top,placeopt__design__instance__count__stdcell,99af1aca7b0b7c835f95f16c401716134e154ec9,1662650846,1657833468,43637.4,43627,-0.000239125,tighten,0
tsmc65lp,bp_be_top,placeopt__design__instance__count__stdcell,533686274bc7711df4ab6240b9e27bb1c85059c7,1689626103,1683177743,43627,43533.9,-0.00213271,tighten,1
tsmc65lp,bp_be_top,placeopt__design__instance__count__stdcell,5c135fc6553ee3d75250814490b0cd661b9a3c26,1691093844,1689626103,43533.9,43507,-0.000619207,tighten,0
tsmc65lp,bp_be_top,placeopt__design__instance__count__stdcell,f50270aaac2990b084b60db7761a35581c188644,1693498950,1691962183,43507,43524.3,0.000399736,failing,0
tsmc65lp,bp_be_top,placeopt__design__instance__count__stdcell,adf97dd410ad7e549b40a356ea73e5516fbb023a,1707770799,1702463869,43524.3,43251.3,-0.00627335,tighten,0
tsmc65lp,bp_fe_top,detailedroute__route__wirelength,3e85fcd8465d967e20d228c1494b8824e699e5a6,1652820402,1652373207,1.79972e+06,1.79643e+06,-0.00182493,tighten,0
tsmc65lp,bp_fe_top,detailedroute__route__wirelength,510b8a1771ecc6c2a7f65508d1753ba7794c4a01,1673834248,1667495167,1.79643e+06,2.13286e+06,0.187275,failing,1
tsmc65lp,bp_fe_top,detailedroute__route__wirelength,7c3a0685a2a2759d4dec6e3c2a1ea1ea64ebbd3d,1676755759,1674582080,2.13286e+06,2.08005e+06,-0.0247571,tighten,1
tsmc65lp,bp_fe_top,detailedroute__route__wirelength,4aabc998cd360560035a34d652bbb090a3d924cd,1677619792,1676755759,2.08005e+06,1.98543e+06,-0.0454938,tighten,1
tsmc65lp,bp_fe_top,detailedroute__route__wirelength,10c750ca1c1d6a8c77084ba00d140603cc92bc39,1680189283,1677619792,1.98543e+06,1.98539e+06,-1.53291e-05,tighten,0
tsmc65lp,bp_fe_top,detailedroute__route__wirelength,4a55eb2a35456f5495027725e33a6e7bab7e65c0,1683177743,1683145855,1.98539e+06,1.93348e+06,-0.0261462,tighten,0
tsmc65lp,bp_fe_top,detailedroute__route__wirelength,f50270aaac2990b084b60db7761a35581c188644,1693498950,1691093844,1.93348e+06,2.20603e+06,0.140959,failing,0
tsmc65lp,bp_fe_top,finish__design__instance__area,3e85fcd8465d967e20d228c1494b8824e699e5a6,1652820402,1652373207,483240,482691,-0.00113545,tighten,0
tsmc65lp,bp_fe_top,finish__design__instance__area,f50270aaac2990b084b60db7761a35581c188644,1693498950,1691093844,482691,484915,0.00460642,failing,0
tsmc65lp,bp_fe_top,placeopt__design__instance__area,3e85fcd8465d967e20d228c1494b8824e699e5a6,1652820402,1652373207,480949,480785,-0.000339908,tighten,0
tsmc65lp,bp_fe_top,placeopt__design__instance__area,4aabc998cd360560035a34d652bbb090a3d924cd,1677619792,1676755759,480785,480089,-0.00144872,tighten,1
tsmc65lp,bp_fe_top,placeopt__design__instance__area,4a55eb2a35456f5495027725e33a6e7bab7e65c0,1683177743,1683145855,480089,477981,-0.00439049,tighten,0
tsmc65lp,bp_fe_top,placeopt__design__instance__area,f50270aaac2990b084b60db7761a35581c188644,1693498950,1691093844,477981,483561,0.0116741,failing,0
tsmc65lp,bp_fe_top,placeopt__design__instance__count__stdcell,5e16d3e90191aa74f11062ee97fede607f33a5af,1657833468,1653240872,29757.4,29749.6,-0.000262996,tighten,0
tsmc65lp,bp_fe_top,placeopt__design__instance__count__stdcell,99af1aca7b0b7c835f95f16c401716134e154ec9,1662650846,1657833468,29749.6,29739.1,-0.000350754,tighten,0
tsmc65lp,bp_fe_top,placeopt__design__instance__count__stdcell,c9cb6802b0b5a858e4993159102664bcb54de02c,1664716388,1662650846,29739.1,29684.3,-0.00184211,tighten,0
tsmc65lp,bp_fe_top,placeopt__design__instance__count__stdcell,510b8a1771ecc6c2a7f65508d1753ba7794c4a01,1673834248,1667495167,29684.3,28807.8,-0.0295281,tighten,1
tsmc65lp,bp_fe_top,placeopt__design__instance__count__stdcell,b34f40c79b06af45896fd11f9719657b9f926ca6,1674582080,1673834248,28807.8,28800,-0.000271665,tighten,0
tsmc65lp,bp_fe_top,placeopt__design__instance__count__stdcell,7c3a0685a2a2759d4dec6e3c2a1ea1ea64ebbd3d,1676755759,1674582080,28800,28644.3,-0.00540459,tighten,1
tsmc65lp,bp_fe_top,placeopt__design__instance__count__stdcell,4aabc998cd360560035a34d652bbb090a3d924cd,1677619792,1676755759,28644.3,28634.8,-0.00033393,tighten,1
tsmc65lp,bp_fe_top,placeopt__design__instance__count__stdcell,8b592cea2cb8670afb1c642fe2d310a30a3ac777,1683145855,1682738555,28634.8,27994.8,-0.0223504,tighten,0
tsmc65lp,bp_fe_top,placeopt__design__instance__count__stdcell,533686274bc7711df4ab6240b9e27bb1c85059c7,1689626103,1683177743,27994.8,27873.9,-0.00431757,tighten,1
tsmc65lp,bp_fe_top,placeopt__design__instance__count__stdcell,5c135fc6553ee3d75250814490b0cd661b9a3c26,1691093844,1689626103,27873.9,27837.4,-0.00131025,tighten,0
tsmc65lp,bp_multi_top,detailedroute__route__wirelength,c9cb6802b0b5a858e4993159102664bcb54de02c,1664716388,1662650846,6.35111e+06,6.18861e+06,-0.0255865,tighten,0
tsmc65lp,bp_multi_top,detailedroute__route__wirelength,1ad07528c890cb22d593a4f2feaa72c9cc20a27b,1665530037,1664716388,6.18861e+06,6.18375e+06,-0.000784612,tighten,0
tsmc65lp,bp_multi_top,detailedroute__route__wirelength,e5c149b9fe67d4756469268004e733fe4e572e21,1667304522,1666884783,6.18375e+06,6.15121e+06,-0.00526162,tighten,0
tsmc65lp,bp_multi_top,detailedroute__route__wirelength,510b8a1771ecc6c2a7f65508d1753ba7794c4a01,1673834248,1671142322,6.15121e+06,5.80394e+06,-0.0564567,tighten,1
tsmc65lp,bp_multi_top,detailedroute__route__wirelength,b34f40c79b06af45896fd11f9719657b9f926ca6,1674582080,1673834248,5.80394e+06,5.78941e+06,-0.00250355,tighten,0
tsmc65lp,bp_multi_top,detailedroute__route__wirelength,533686274bc7711df4ab6240b9e27bb1c85059c7,1689626103,1683177743,5.78941e+06,5.36247e+06,-0.0737443,tighten,1
tsmc65lp,bp_multi_top,detailedroute__route__wirelength,f50270aaac2990b084b60db7761a35581c188644,1693498950,1691617103,5.36247e+06,5.36123e+06,-0.000231723,tighten,0
tsmc65lp,bp_multi_top,detailedroute__route__wirelength,9070633314a88909814adcdc3720d1c2f96fb160,1703620538,1693498950,5.36123e+06,5.20786e+06,-0.0286075,tighten,0
tsmc65lp,bp_multi_top,finish__design__instance__area,3e85fcd8465d967e20d228c1494b8824e699e5a6,1652820402,1652373207,1.27511e+06,1.26061e+06,-0.0113716,tighten,0
tsmc65lp,bp_multi_top,finish__design__instance__area,c9cb6802b0b5a858e4993159102664bcb54de02c,1664716388,1662650846,1.26061e+06,1.25336e+06,-0.00574876,tighten,0
tsmc65lp,bp_multi_top,finish__design__instance__area,1ad07528c890cb22d593a4f2feaa72c9cc20a27b,1665530037,1664716388,1.25336e+06,1.25016e+06,-0.00255313,tighten,0
tsmc65lp,bp_multi_top,finish__design__instance__area,10f0392286d7f9084cd7e57431a65b90a907e363,1670719457,1667495167,1.25016e+06,1.24747e+06,-0.00215902,tighten,1
tsmc65lp,bp_multi_top,finish__design__instance__area,f50270aaac2990b084b60db7761a35581c188644,1693498950,1691617103,1.24747e+06,1.25893e+06,0.00919081,failing,0
tsmc65lp,bp_multi_top,placeopt__design__instance__area,e5c149b9fe67d4756469268004e733fe4e572e21,1667304522,1666884783,1.19589e+06,1.19554e+06,-0.000285762,tighten,0
tsmc65lp,bp_multi_top,placeopt__design__instance__area,10f0392286d7f9084cd7e57431a65b90a907e363,1670719457,1667495167,1.19554e+06,1.19359e+06,-0.00163651,tighten,1
tsmc65lp,bp_multi_top,placeopt__design__instance__area,f50270aaac2990b084b60db7761a35581c188644,1693498950,1691617103,1.19359e+06,1.2347e+06,0.0344442,failing,0
tsmc65lp,bp_multi_top,placeopt__design__instance__area,9070633314a88909814adcdc3720d1c2f96fb160,1703620538,1693498950,1.2347e+06,1.23285e+06,-0.00149799,tighten,0
tsmc65lp,bp_multi_top,placeopt__design__instance__count__stdcell,a9135b34ffdaa0c04b18a4423d038cd98cc8827f,1654188137,1652820402,85425.2,85339.1,-0.00100775,tighten,0
tsmc65lp,bp_multi_top,placeopt__design__instance__count__stdcell,99af1aca7b0b7c835f95f16c401716134e154ec9,1662650846,1657833468,85339.1,85313,-0.000305686,tighten,0
tsmc65lp,bp_multi_top,placeopt__design__instance__count__stdcell,c9cb6802b0b5a858e4993159102664bcb54de02c,1664716388,1662650846,85313,85260.9,-0.000611558,tighten,0
tsmc65lp,bp_multi_top,placeopt__design__instance__count__stdcell,10f0392286d7f9084cd7e57431a65b90a907e363,1670719457,1667495167,85260.9,85153,-0.00126466,tighten,1
tsmc65lp,bp_multi_top,placeopt__design__instance__count__stdcell,f50270aaac2990b084b60db7761a35581c188644,1693498950,1691617103,85153,86337.4,0.0139085,failing,0
tsmc65lp,coyote,detailedroute__route__wirelength,c9cb6802b0b5a858e4993159102664bcb54de02c,1664716388,1662650846,9.09253e+06,1.06059e+07,0.166442,failing,1
tsmc65lp,coyote,detailedroute__route__wirelength,60c202001de3eed3110c499e69e7d6de2f8b5420,1665804700,1665433690,1.06059e+07,1.05858e+07,-0.00189181,tighten,0
tsmc65lp,coyote,detailedroute__route__wirelength,510b8a1771ecc6c2a7f65508d1753ba7794c4a01,1673834248,1667495167,1.05858e+07,1.30894e+07,0.236496,failing,1
tsmc65lp,coyote,detailedroute__route__wirelength,b34f40c79b06af45896fd11f9719657b9f926ca6,1674582080,1673834248,1.30894e+07,1.3076e+07,-0.00102333,tighten,0
tsmc65lp,coyote,detailedroute__route__wirelength,f50270aaac2990b084b60db7761a35581c188644,1693498950,1690301287,1.3076e+07,1.36388e+07,0.0430469,failing,1
tsmc65lp,coyote,finish__design__instance__area,510b8a1771ecc6c2a7f65508d1753ba7794c4a01,1673834248,1667495167,2.1701e+06,2.6243e+06,0.209302,failing,1
tsmc65lp,coyote,finish__design__instance__area,b34f40c79b06af45896fd11f9719657b9f926ca6,1674582080,1673834248,2.6243e+06,2.62283e+06,-0.000560315,tighten,0
tsmc65lp,coyote,finish__design__instance__area,f50270aaac2990b084b60db7761a35581c188644,1693498950,1690301287,2.62283e+06,2.63919e+06,0.00623754,failing,1
tsmc65lp,coyote,placeopt__design__instance__area,510b8a1771ecc6c2a7f65508d1753ba7794c4a01,1673834248,1667495167,2.15239e+06,2.60864e+06,0.211974,failing,1
tsmc65lp,coyote,placeopt__design__instance__area,b34f40c79b06af45896fd11f9719657b9f926ca6,1674582080,1673834248,2.60864e+06,2.60721e+06,-0.000548012,tighten,0
tsmc65lp,coyote,placeopt__design__instance__area,f50270aaac2990b084b60db7761a35581c188644,1693498950,1690301287,2.60721e+06,2.62506e+06,0.00684623,failing,1
tsmc65lp,coyote,placeopt__design__instance__count__stdcell,3e85fcd8465d967e20d228c1494b8824e699e5a6,1652820402,1652373207,261098,259194,-0.00729361,tighten,1
tsmc65lp,coyote,placeopt__design__instance__count__stdcell,5e16d3e90191aa74f11062ee97fede607f33a5af,1657833468,1652820402,259194,259044,-0.00057704,tighten,1
tsmc65lp,coyote,placeopt__design__instance__count__stdcell,805f4a02b227d644f517a7195151d21f133b6754,1661972156,1657833468,259044,258284,-0.00293386,tighten,1
tsmc65lp,coyote,placeopt__design__instance__count__stdcell,99af1aca7b0b7c835f95f16c401716134e154ec9,1662650846,1661972156,258284,258197,-0.00033667,tighten,1
tsmc65lp,coyote,placeopt__design__instance__count__stdcell,510b8a1771ecc6c2a7f65508d1753ba7794c4a01,1673834248,1667495167,258197,328239,0.271272,failing,1
tsmc65lp,coyote,placeopt__design__instance__count__stdcell,b34f40c79b06af45896fd11f9719657b9f926ca6,1674582080,1673834248,328239,328185,-0.000164249,tighten,0
tsmc65lp,coyote,placeopt__design__instance__count__stdcell,f50270aaac2990b084b60db7761a35581c188644,1693498950,1690301287,328185,329530,0.00409631,failing,1
tsmc65lp,dynamic_node,detailedroute__route__wirelength,99af1aca7b0b7c835f95f16c401716134e154ec9,1662650846,1657833468,386555,386539,-4.04915e-05,tighten,0
tsmc65lp,dynamic_node,detailedroute__route__wirelength,c9cb6802b0b5a858e4993159102664bcb54de02c,1664716388,1662650846,386539,386019,-0.00134527,tighten,0
tsmc65lp,dynamic_node,detailedroute__route__wirelength,b34f40c79b06af45896fd11f9719657b9f926ca6,1674582080,1667495167,386019,375529,-0.0271759,tighten,0
tsmc65lp,dynamic_node,detailedroute__route__wirelength,f50270aaac2990b084b60db7761a35581c188644,1693498950,1689626103,375529,389357,0.0368246,failing,0
tsmc65lp,dynamic_node,finish__design__instance__area,5e16d3e90191aa74f11062ee97fede607f33a5af,1657833468,1652820402,75679.1,75260,-0.00553826,tighten,0
tsmc65lp,dynamic_node,finish__design__instance__area,99af1aca7b0b7c835f95f16c401716134e154ec9,1662650846,1657833468,75260,75218.3,-0.000554599,tighten,0
tsmc65lp,dynamic_node,finish__design__instance__area,c9cb6802b0b5a858e4993159102664bcb54de02c,1664716388,1662650846,75218.3,75034.8,-0.00243928,tighten,0
tsmc65lp,dynamic_node,finish__design__instance__area,b34f40c79b06af45896fd11f9719657b9f926ca6,1674582080,1667495167,75034.8,74542.6,-0.00655928,tighten,0
tsmc65lp,dynamic_node,finish__design__instance__area,f50270aaac2990b084b60db7761a35581c188644,1693498950,1689626103,74542.6,76103.5,0.0209393,failing,0
tsmc65lp,dynamic_node,placeopt__design__instance__area,b34f40c79b06af45896fd11f9719657b9f926ca6,1674582080,1667495167,73291.3,73149.6,-0.00193391,tighten,0
tsmc65lp,dynamic_node,placeopt__design__instance__area,f50270aaac2990b084b60db7761a35581c188644,1693498950,1689626103,73149.6,73240,0.0012363,failing,0
tsmc65lp,dynamic_node,placeopt__design__instance__count__stdcell,b34f40c79b06af45896fd11f9719657b9f926ca6,1674582080,1667495167,9848.7,9844.35,-0.000441462,tighten,0
tsmc65lp,dynamic_node,placeopt__design__instance__count__stdcell,f50270aaac2990b084b60db7761a35581c188644,1693498950,1689626103,9844.35,9846.09,0.000176663,failing,0
tsmc65lp,gcd,detailedroute__route__wirelength,5e16d3e90191aa74f11062ee97fede607f33a5af,1657833468,1652820402,6020,5927.83,-0.0153113,tighten,0
tsmc65lp,gcd,detailedroute__route__wirelength,071de4231f923c76b37bd9605276cd278f3f0e59,1672923481,1667495167,5927.83,5760,-0.0283116,tighten,1
tsmc65lp,gcd,detailedroute__route__wirelength,533686274bc7711df4ab6240b9e27bb1c85059c7,1689626103,1683128820,5760,5668.7,-0.0158514,tighten,0
tsmc65lp,gcd,detailedroute__route__wirelength,f50270aaac2990b084b60db7761a35581c188644,1693498950,1689805902,5668.7,5704.35,0.00628931,failing,0
tsmc65lp,gcd,detailedroute__route__wirelength,a006172422544ec724ec4f2bd3b3ab46253ba94a,1713471019,1710368324,5704.35,7960,0.395427,failing,0
tsmc65lp,gcd,finish__design__instance__area,5e16d3e90191aa74f11062ee97fede607f33a5af,1657833468,1652820402,2151.3,2139.13,-0.00565885,tighten,0
tsmc65lp,gcd,finish__design__instance__area,b34f40c79b06af45896fd11f9719657b9f926ca6,1674582080,1672923481,2139.13,2124.35,-0.00691057,tighten,0
tsmc65lp,gcd,finish__design__instance__area,533686274bc7711df4ab6240b9e27bb1c85059c7,1689626103,1683128820,2124.35,2075.65,-0.0229226,tighten,0
tsmc65lp,gcd,finish__design__instance__area,f50270aaac2990b084b60db7761a35581c188644,1693498950,1689805902,2075.65,2091.3,0.00754085,failing,0
tsmc65lp,gcd,finish__design__instance__area,a006172422544ec724ec4f2bd3b3ab46253ba94a,1713471019,1710368324,2091.3,3006.09,0.437422,failing,0
tsmc65lp,gcd,placeopt__design__instance__area,5e16d3e90191aa74f11062ee97fede607f33a5af,1657833468,1652820402,1885.22,1882.61,-0.00138376,tighten,0
tsmc65lp,gcd,placeopt__design__instance__area,f50270aaac2990b084b60db7761a35581c188644,1693498950,1689805902,1882.61,1891.3,0.00461894,failing,0
tsmc65lp,gcd,placeopt__design__instance__area,3d05440525390fe651bd9ad60df2267f2cb6ad23,1702463869,1693498950,1891.3,1877.39,-0.00735632,tighten,0
tsmc65lp,gcd,placeopt__design__instance__area,a006172422544ec724ec4f2bd3b3ab46253ba94a,1713471019,1710368324,1877.39,2477.39,0.319592,failing,0
tsmc65lp,gcd,placeopt__design__instance__count__stdcell,3d05440525390fe651bd9ad60df2267f2cb6ad23,1702463869,1693498950,435.652,422.609,-0.0299401,tighten,0
tsmc65lp,gcd,placeopt__design__instance__count__stdcell,a006172422544ec724ec4f2bd3b3ab46253ba94a,1713471019,1710368324,422.609,549.565,0.300412,failing,0
tsmc65lp,ibex,detailedroute__route__wirelength,5e16d3e90191aa74f11062ee97fede607f33a5af,1657833468,1653240872,471164,470790,-0.000795439,tighten,0
tsmc65lp,ibex,detailedroute__route__wirelength,c9cb6802b0b5a858e4993159102664bcb54de02c,1664716388,1662650846,470790,464152,-0.0140984,tighten,0
tsmc65lp,ibex,detailedroute__route__wirelength,f50270aaac2990b084b60db7761a35581c188644,1693498950,1689626103,464152,509193,0.097039,failing,0
tsmc65lp,ibex,detailedroute__route__wirelength,731787b6f1be0727dfcb0077f0b8a9e5ad9fe4b6,1708004423,1705421598,509193,598923,0.176219,failing,0
tsmc65lp,ibex,finish__design__instance__area,f50270aaac2990b084b60db7761a35581c188644,1693498950,1689626103,108028,112317,0.039708,failing,0
tsmc65lp,ibex,placeopt__design__instance__area,5e16d3e90191aa74f11062ee97fede607f33a5af,1657833468,1653240872,106998,106983,-0.000146284,tighten,0
tsmc65lp,ibex,placeopt__design__instance__area,c9cb6802b0b5a858e4993159102664bcb54de02c,1664716388,1662650846,106983,106960,-0.000211331,tighten,0
tsmc65lp,ibex,placeopt__design__instance__area,071de4231f923c76b37bd9605276cd278f3f0e59,1672923481,1667495167,106960,106877,-0.000772333,tighten,1
tsmc65lp,ibex,placeopt__design__instance__area,b34f40c79b06af45896fd11f9719657b9f926ca6,1674582080,1672923481,106877,106802,-0.000707841,tighten,0
tsmc65lp,ibex,placeopt__design__instance__area,f50270aaac2990b084b60db7761a35581c188644,1693498950,1689626103,106802,106850,0.000447803,failing,0
tsmc65lp,ibex,placeopt__design__instance__area,10bcfa8486ac864cf3c46e983129c0003ea4f27d,1705421598,1693498950,106850,106226,-0.0058351,tighten,0
tsmc65lp,ibex,placeopt__design__instance__count__stdcell,071de4231f923c76b37bd9605276cd278f3f0e59,1672923481,1667495167,13641.7,13640,-0.000127486,tighten,1
tsmc65lp,ibex,placeopt__design__instance__count__stdcell,b34f40c79b06af45896fd11f9719657b9f926ca6,1674582080,1672923481,13640,13639.1,-6.37511e-05,tighten,0
tsmc65lp,ibex,placeopt__design__instance__count__stdcell,f50270aaac2990b084b60db7761a35581c188644,1693498950,1689626103,13639.1,13640,6.37552e-05,failing,0
tsmc65lp,ibex,placeopt__design__instance__count__stdcell,10bcfa8486ac864cf3c46e983129c0003ea4f27d,1705421598,1693498950,13640,13538.3,-0.00745888,tighten,0
tsmc65lp,jpeg,detailedroute__route__wirelength,5e16d3e90191aa74f11062ee97fede607f33a5af,1657833468,1652820402,1.21986e+06,1.21502e+06,-0.00396197,tighten,0
tsmc65lp,jpeg,detailedroute__route__wirelength,99af1aca7b0b7c835f95f16c401716134e154ec9,1662650846,1657833468,1.21502e+06,1.21478e+06,-0.000202537,tighten,0
tsmc65lp,jpeg,detailedroute__route__wirelength,f50270aaac2990b084b60db7761a35581c188644,1693498950,1691093844,1.21478e+06,1.25499e+06,0.0330989,failing,0
tsmc65lp,jpeg,finish__design__instance__area,5e16d3e90191aa74f11062ee97fede607f33a5af,1657833468,1652820402,415693,415449,-0.000587808,tighten,0
tsmc65lp,jpeg,finish__design__instance__area,f50270aaac2990b084b60db7761a35581c188644,1693498950,1691093844,415449,418366,0.00702227,failing,0
tsmc65lp,jpeg,placeopt__design__instance__area,5e16d3e90191aa74f11062ee97fede607f33a5af,1657833468,1652820402,413760,413577,-0.00044134,tighten,0
tsmc65lp,jpeg,placeopt__design__instance__area,071de4231f923c76b37bd9605276cd278f3f0e59,1672923481,1667495167,413577,412496,-0.00261557,tighten,1
tsmc65lp,jpeg,placeopt__design__instance__area,533686274bc7711df4ab6240b9e27bb1c85059c7,1689626103,1674582080,412496,412333,-0.000394207,tighten,0
tsmc65lp,jpeg,placeopt__design__instance__count__stdcell,5e16d3e90191aa74f11062ee97fede607f33a5af,1657833468,1652820402,64448.7,64441.7,-0.000107939,tighten,0
tsmc65lp,jpeg,placeopt__design__instance__count__stdcell,c9cb6802b0b5a858e4993159102664bcb54de02c,1664716388,1662650846,64441.7,64440,-2.69876e-05,tighten,0
tsmc65lp,jpeg,placeopt__design__instance__count__stdcell,071de4231f923c76b37bd9605276cd278f3f0e59,1672923481,1667495167,64440,64418.3,-0.000337355,tighten,1
tsmc65lp,jpeg,placeopt__design__instance__count__stdcell,533686274bc7711df4ab6240b9e27bb1c85059c7,1689626103,1674582080,64418.3,64414.8,-5.3995e-05,tighten,0
tsmc65lp,swerv,detailedroute__route__wirelength,3e85fcd8465d967e20d228c1494b8824e699e5a6,1652820402,1652373207,4.67677e+06,4.66451e+06,-0.00262184,tighten,0
tsmc65lp,swerv,detailedroute__route__wirelength,c9cb6802b0b5a858e4993159102664bcb54de02c,1664716388,1662650846,4.66451e+06,4.63892e+06,-0.00548695,tighten,0
tsmc65lp,swerv,detailedroute__route__wirelength,b34f40c79b06af45896fd11f9719657b9f926ca6,1674582080,1667495167,4.63892e+06,4.56807e+06,-0.0152721,tighten,0
tsmc65lp,swerv,detailedroute__route__wirelength,f50270aaac2990b084b60db7761a35581c188644,1693498950,1691093844,4.56807e+06,4.58935e+06,0.00465957,failing,0
tsmc65lp,swerv,finish__design__instance__area,3e85fcd8465d967e20d228c1494b8824e699e5a6,1652820402,1652373207,639364,638510,-0.00133693,tighten,0
tsmc65lp,swerv,finish__design__instance__area,b34f40c79b06af45896fd11f9719657b9f926ca6,1674582080,1667495167,638510,635446,-0.00479786,tighten,0
tsmc65lp,swerv,finish__design__instance__area,f50270aaac2990b084b60db7761a35581c188644,1693498950,1691093844,635446,638253,0.0044173,failing,0
tsmc65lp,swerv,placeopt__design__instance__area,99af1aca7b0b7c835f95f16c401716134e154ec9,1662650846,1652820402,626535,626326,-0.000333095,tighten,0
tsmc65lp,swerv,placeopt__design__instance__area,b34f40c79b06af45896fd11f9719657b9f926ca6,1674582080,1667495167,626326,625245,-0.00172573,tighten,0
tsmc65lp,swerv,placeopt__design__instance__area,f50270aaac2990b084b60db7761a35581c188644,1693498950,1691093844,625245,625881,0.00101664,failing,0
tsmc65lp,swerv,placeopt__design__instance__count__stdcell,99af1aca7b0b7c835f95f16c401716134e154ec9,1662650846,1652820402,80365.2,80341.7,-0.000292145,tighten,0
tsmc65lp,swerv,placeopt__design__instance__count__stdcell,b34f40c79b06af45896fd11f9719657b9f926ca6,1674582080,1667495167,80341.7,80292.2,-0.00061693,tighten,0
tsmc65lp,swerv,placeopt__design__instance__count__stdcell,533686274bc7711df4ab6240b9e27bb1c85059c7,1689626103,1674582080,80292.2,80287,-6.49801e-05,tighten,0
tsmc65lp,swerv_wrapper,detailedroute__route__wirelength,3e85fcd8465d967e20d228c1494b8824e699e5a6,1652820402,1652373207,4.91735e+06,4.86486e+06,-0.0106731,tighten,1
tsmc65lp,swerv_wrapper,detailedroute__route__wirelength,a9135b34ffdaa0c04b18a4423d038cd98cc8827f,1654188137,1652820402,4.86486e+06,4.86213e+06,-0.000561971,tighten,0
tsmc65lp,swerv_wrapper,detailedroute__route__wirelength,5e16d3e90191aa74f11062ee97fede607f33a5af,1657833468,1654188137,4.86213e+06,4.85869e+06,-0.000706615,tighten,1
tsmc65lp,swerv_wrapper,detailedroute__route__wirelength,510b8a1771ecc6c2a7f65508d1753ba7794c4a01,1673834248,1667495167,4.85869e+06,5.71383e+06,0.176001,failing,1
tsmc65lp,swerv_wrapper,detailedroute__route__wirelength,7c3a0685a2a2759d4dec6e3c2a1ea1ea64ebbd3d,1676755759,1674582080,5.71383e+06,5.49641e+06,-0.0380515,tighten,1
tsmc65lp,swerv_wrapper,detailedroute__route__wirelength,533686274bc7711df4ab6240b9e27bb1c85059c7,1689626103,1680189283,5.49641e+06,5.44316e+06,-0.00968838,tighten,1
tsmc65lp,swerv_wrapper,detailedroute__route__wirelength,f50270aaac2990b084b60db7761a35581c188644,1693498950,1691093844,5.44316e+06,5.45994e+06,0.00308213,failing,0
tsmc65lp,swerv_wrapper,finish__design__instance__area,3e85fcd8465d967e20d228c1494b8824e699e5a6,1652820402,1652373207,1.29639e+06,1.29349e+06,-0.00224167,tighten,1
tsmc65lp,swerv_wrapper,finish__design__instance__area,f50270aaac2990b084b60db7761a35581c188644,1693498950,1691093844,1.29349e+06,1.3353e+06,0.0323258,failing,0
tsmc65lp,swerv_wrapper,placeopt__design__instance__area,a9135b34ffdaa0c04b18a4423d038cd98cc8827f,1654188137,1652820402,1.27722e+06,1.27718e+06,-2.92756e-05,tighten,0
tsmc65lp,swerv_wrapper,placeopt__design__instance__area,f50270aaac2990b084b60db7761a35581c188644,1693498950,1691093844,1.27718e+06,1.32018e+06,0.0336679,failing,0
tsmc65lp,swerv_wrapper,placeopt__design__instance__count__stdcell,a9135b34ffdaa0c04b18a4423d038cd98cc8827f,1654188137,1652820402,83813,83797.4,-0.000186751,tighten,0
tsmc65lp,swerv_wrapper,placeopt__design__instance__count__stdcell,99af1aca7b0b7c835f95f16c401716134e154ec9,1662650846,1657833468,83797.4,83768.7,-0.000342441,tighten,1
tsmc65lp,swerv_wrapper,placeopt__design__instance__count__stdcell,f50270aaac2990b084b60db7761a35581c188644,1693498950,1691093844,83768.7,88573.9,0.0573629,failing,0
tsmc65lp,tinyRocket,detailedroute__route__wirelength,5e16d3e90191aa74f11062ee97fede607f33a5af,1657833468,1652820402,883271,881615,-0.00187544,tighten,0
tsmc65lp,tinyRocket,detailedroute__route__wirelength,82fe045bddfc519ac5802b23758aca8fa36a7407,1690221567,1689626103,881615,1.07753e+06,0.222218,failing,1
tsmc65lp,tinyRocket,detailedroute__route__wirelength,f50270aaac2990b084b60db7761a35581c188644,1693498950,1690301287,1.07753e+06,1.09479e+06,0.0160214,failing,0
tsmc65lp,tinyRocket,finish__design__instance__area,5e16d3e90191aa74f11062ee97fede607f33a5af,1657833468,1652820402,181702,181596,-0.000583852,tighten,0
tsmc65lp,tinyRocket,finish__design__instance__area,b34f40c79b06af45896fd11f9719657b9f926ca6,1674582080,1667495167,181596,181314,-0.00155146,tighten,0
tsmc65lp,tinyRocket,finish__design__instance__area,82fe045bddfc519ac5802b23758aca8fa36a7407,1690221567,1689626103,181314,208641,0.150716,failing,1
tsmc65lp,tinyRocket,finish__design__instance__area,0d97930c857277857c2e9773e8d367d3798d731b,1690301287,1690221567,208641,208115,-0.0025215,tighten,0
tsmc65lp,tinyRocket,placeopt__design__instance__area,5e16d3e90191aa74f11062ee97fede607f33a5af,1657833468,1652820402,180355,180302,-0.000294106,tighten,0
tsmc65lp,tinyRocket,placeopt__design__instance__area,b34f40c79b06af45896fd11f9719657b9f926ca6,1674582080,1667495167,180302,180073,-0.00126841,tighten,0
tsmc65lp,tinyRocket,placeopt__design__instance__area,f50270aaac2990b084b60db7761a35581c188644,1693498950,1690301287,180073,206329,0.145806,failing,0
tsmc65lp,tinyRocket,placeopt__design__instance__count__stdcell,5e16d3e90191aa74f11062ee97fede607f33a5af,1657833468,1652820402,23987,23980,-0.000290013,tighten,0
tsmc65lp,tinyRocket,placeopt__design__instance__count__stdcell,99af1aca7b0b7c835f95f16c401716134e154ec9,1662650846,1657833468,23980,23978.3,-7.25242e-05,tighten,0
tsmc65lp,tinyRocket,placeopt__design__instance__count__stdcell,c9cb6802b0b5a858e4993159102664bcb54de02c,1664716388,1662650846,23978.3,23975.7,-0.000108794,tighten,0
tsmc65lp,tinyRocket,placeopt__design__instance__count__stdcell,b34f40c79b06af45896fd11f9719657b9f926ca6,1674582080,1667495167,23975.7,23974.8,-3.62687e-05,tighten,0
tsmc65lp,tinyRocket,placeopt__design__instance__count__stdcell,f50270aaac2990b084b60db7761a35581c188644,1693498950,1690301287,23974.8,26987.8,0.125676,failing,0
