platform,design,arm,arm_witnessed,seed,clk_period,gp_hpwl_final,gp_iterations,gp_segments,diverge_revert,ip_iterations,ip_residual,ip_converged,ip_hit_cap,ip_hpwl_first,ip_hpwl_last,src_odb_3_1,src_core_3_1,src_odb_3_3,src_core_3_3,min_period_wns,setup_ws,setup_tns,hold_ws,wirelength,grt_usage_pct,grt_overflow,grt_max_layer_usage_pct,grt_congested,drc,place_area,place_instances,gp_wall_s,serial,cores,loadavg_at_start,status,place_gp_sha1,skip_io_sha1,grt_sha1
asap7,aes,anchored,anchored,1,380.0,39438.15,381,4,False,5,3.19e-06,True,False,43214009,20396827,,,,,389.33109,-9.33109,-152.297,37.1573,688611,23.48,0,36.01,False,0,1399.05,12532,9.56,False,4,8.9833984375,0,d03f75e63a7a36095b04,58b625cc36bc7d6872cc,4f339cccf67ff48bd668
asap7,aes,anchored,anchored,2,380.0,40375.3,382,4,False,5,4.1e-06,True,False,43091393,20362744,,,,,393.6527,-13.6527,-160.502,37.1984,699863,23.84,0,36.69,False,0,1405.19,12622,9.65,False,4,8.9833984375,0,617dfa859c3f93f8f170,ef81d7026354dbba9b8d,556b6ea60c06027cff69
asap7,aes,anchored,anchored,3,380.0,40650.41,382,4,False,5,3.37e-06,True,False,43081869,20423354,,,,,395.795,-15.795,-278.507,36.8231,704189,24.09,0,36.43,False,0,1407.29,12644,12.1,False,4,8.9833984375,0,f9448357bc80f43474e9,1a6c6124751598a89f32,d314f187e191444c835f
asap7,aes,anchored,anchored,4,380.0,39108.56,378,4,False,5,7.2e-07,True,False,43110391,20552725,,,,,393.1199,-13.1199,-219.618,35.806,684678,23.26,0,36.18,False,0,1407.32,12639,9.81,False,4,8.9833984375,0,e6fcf51c5d23a31b34dd,ddc34ba129d400a8a3d0,5aae16b1b8510ddbe155
asap7,aes,anchored,anchored,5,380.0,40019.4,381,4,False,5,2.9e-06,True,False,43037377,20495467,,,,,394.6314,-14.6314,-194.696,37.7019,695006,23.64,0,35.17,False,0,1406.3,12628,9.86,False,4,8.9833984375,0,af59f734c437b53ab1b5,5968f8b95a043699abd0,f15c0128ffc9d4f3c067
asap7,aes,anchored,anchored,6,380.0,40164.99,380,4,False,5,1.43e-06,True,False,43000052,20677159,,,,,390.8258,-10.8258,-74.5296,37.2925,693963,23.69,0,37.61,False,0,1403.69,12605,9.85,False,4,8.9833984375,0,c0ebbed1547c36db3310,292824eb355a81946efc,4d4ab2ff5168285434a6
asap7,aes,anchored,anchored,7,380.0,40472.2,383,4,False,5,1.03e-06,True,False,42968113,20602682,,,,,387.75294,-7.75294,-72.0637,36.9738,696842,23.85,0,38.11,False,0,1406.71,12618,9.48,False,4,8.59423828125,0,9b090d32a27a23446437,686015f949922040ab0d,1f29b83d8fd3eccfb8cc
asap7,aes,anchored,anchored,8,380.0,40055.55,380,4,False,5,1.81e-06,True,False,43080481,20687343,,,,,395.1814,-15.1814,-248.789,37.1316,694824,23.71,0,36.01,False,0,1419.6,12762,9.61,False,4,8.59423828125,0,5e14896be3296efe2136,9bb124e303c6ba6dbe8e,bef23143d009e0b1899e
asap7,aes,anchored,anchored,9,380.0,39635.34,379,4,False,5,1.71e-06,True,False,43162535,20743912,,,,,,,,,,,,,,,1391.4,12461,9.55,False,4,8.59423828125,0,1f57bddb4265ccc7f6d1,2b0b37256531851d367a,
asap7,aes,anchored,anchored,10,380.0,38884.44,380,4,False,5,1.05e-06,True,False,43281043,20497000,,,,,,,,,,,,,,,1400.55,12567,9.97,False,4,8.59423828125,0,aefecdb587ae344ac1c9,ef5ae0a1691fe5f6832b,
asap7,aes,anchored,anchored,11,380.0,39876.21,380,4,False,5,1.6e-06,True,False,43035569,20394737,,,,,,,,,,,,,,,1400.15,12567,9.81,False,4,8.59423828125,0,9730f0a29eb4f0c1c15f,5b635c6428ac84754562,
asap7,aes,anchored,anchored,12,380.0,39646.04,379,4,False,5,1.04e-06,True,False,43044450,20705772,,,,,,,,,,,,,,,1406.2,12613,9.61,False,4,8.59423828125,0,7875ee828409808ed10f,9e727735037b51a34db2,
asap7,aes,anchored,anchored,13,380.0,39993.12,381,4,False,5,1.88e-06,True,False,43170324,20447658,,,,,,,,,,,,,,,1410.41,12665,9.05,False,4,8.65478515625,0,d727519b66977351de5e,9b0d8438824cd7bda5c2,
asap7,aes,anchored,anchored,14,380.0,38885.95,377,4,False,5,2.58e-06,True,False,43043514,20679295,,,,,,,,,,,,,,,1400.58,12554,9.15,False,4,8.65478515625,0,0ad62a1d1d9c1cbb278d,2f2c56e23ccc12bd05b9,
asap7,aes,anchored,anchored,15,380.0,39764.21,380,4,False,5,5.38e-06,True,False,43218644,20539316,,,,,,,,,,,,,,,1414.52,12700,8.96,False,4,8.65478515625,0,c51639b735192faea76d,b1fd23ccec940addc6ea,
asap7,aes,anchored,anchored,16,380.0,40011.23,377,4,False,5,3.26e-06,True,False,43161618,20604787,,,,,,,,,,,,,,,1409.04,12646,9.22,False,4,8.44189453125,0,212710e9aea9a59b7aef,c3eb87373cbe53f86b88,
asap7,aes,center,center,1,380.0,39213.4,389,4,False,5,3.23e-06,True,False,43214009,20394835,,,,,,,,,,,,,,,1397.77,12530,9.87,False,4,8.86474609375,0,39ce3e8c3f2ec85a4ab8,58b625cc36bc7d6872cc,
asap7,aes,center,center,2,380.0,40147.49,388,4,False,5,6.92e-06,True,False,43091393,20354574,,,,,,,,,,,,,,,1418.28,12755,9.83,False,4,8.86474609375,0,65bd743ca67ab15487c6,ef81d7026354dbba9b8d,
asap7,aes,center,center,3,380.0,39916.8,390,4,False,5,3.75e-06,True,False,43081869,20418749,,,,,,,,,,,,,,,1409.33,12656,9.82,False,4,9.31689453125,0,279d3bb3c24e059b5f82,1a6c6124751598a89f32,
asap7,aes,center,center,4,380.0,39268.04,386,4,False,5,2.29e-06,True,False,43110391,20544708,,,,,,,,,,,,,,,1400.61,12559,10.07,False,4,9.31689453125,0,6031cec1066365992daa,ddc34ba129d400a8a3d0,
asap7,aes,center,center,5,380.0,39458.57,388,4,False,5,3.2e-06,True,False,43037377,20491247,,,,,,,,,,,,,,,1409.22,12656,10.23,False,4,9.31689453125,0,7560a62a1e35deb70e7c,5968f8b95a043699abd0,
asap7,aes,center,center,6,380.0,40232.26,388,4,False,5,2.96e-06,True,False,43000052,20674097,,,,,,,,,,,,,,,1404.54,12606,10.01,False,4,9.31689453125,0,689ef45b7cf42f4953d1,292824eb355a81946efc,
asap7,aes,center,center,7,380.0,39884.98,390,4,False,5,4.95e-06,True,False,42968113,20595308,,,,,,,,,,,,,,,1403.73,12600,10.23,False,4,9.31689453125,0,cefdc35e9fd15be2b079,686015f949922040ab0d,
asap7,aes,center,center,8,380.0,40207.95,387,4,False,5,5.56e-06,True,False,43080481,20680491,,,,,,,,,,,,,,,1414.58,12714,10.24,False,4,9.31689453125,0,458d95cb62772f7ff420,9bb124e303c6ba6dbe8e,
asap7,aes,center,center,9,380.0,39478.43,387,4,False,5,3.07e-06,True,False,43162535,20743938,,,,,,,,,,,,,,,1389.39,12450,9.96,False,4,9.70361328125,0,1401f9263fcc769b9b89,2b0b37256531851d367a,
asap7,aes,center,center,10,380.0,38940.02,387,4,False,5,2.88e-06,True,False,43281043,20489867,,,,,,,,,,,,,,,1397.26,12528,9.98,False,4,9.70361328125,0,81033368772614c1c826,ef5ae0a1691fe5f6832b,
asap7,aes,center,center,11,380.0,39868.1,387,4,False,5,4.55e-06,True,False,43035569,20387027,,,,,,,,,,,,,,,1405.8,12631,9.83,False,4,9.70361328125,0,ac7fb642f0dd2566fe65,5b635c6428ac84754562,
asap7,aes,center,center,12,380.0,39826.73,387,4,False,5,1.46e-06,True,False,43044450,20701249,,,,,,,,,,,,,,,1404.21,12599,9.77,False,4,9.70361328125,0,98ca6a73a4ae7f27daa7,9e727735037b51a34db2,
asap7,aes,center,center,13,380.0,39416.43,388,4,False,5,2.81e-06,True,False,43170324,20440621,,,,,,,,,,,,,,,1410.91,12672,10.15,False,4,9.70361328125,0,3690fd179ad2061d8a26,9b0d8438824cd7bda5c2,
asap7,aes,center,center,14,380.0,39680.41,385,4,False,5,2.45e-06,True,False,43043514,20673693,,,,,,,,,,,,,,,1410.12,12663,10.01,False,4,9.70361328125,0,ff78d121a562b8ac052f,2f2c56e23ccc12bd05b9,
asap7,aes,center,center,15,380.0,39831.96,387,4,False,6,3.47e-06,True,False,43218644,20581387,,,,,,,,,,,,,,,1410.15,12660,9.72,False,4,9.50244140625,0,138099ca0addc97974cf,b1fd23ccec940addc6ea,
asap7,aes,center,center,16,380.0,40029.11,385,4,False,5,3.94e-06,True,False,43161618,20606158,,,,,,,,,,,,,,,1399.85,12569,9.62,False,4,9.50244140625,0,cc8858bd5aa88f8c24b9,c3eb87373cbe53f86b88,
asap7,aes,corner_ll,corner_ll,1,380.0,40316.76,392,4,False,5,5.84e-06,True,False,43382694,20826334,,,,,,,,,,,,,,,1405.44,12605,9.7,False,4,9.11474609375,0,fdd68997b04376b8d139,1e18ef8ed99fcd0064e5,
asap7,aes,corner_ll,corner_ll,2,380.0,40474.7,391,4,False,5,5.84e-06,True,False,43382694,20826334,,,,,,,,,,,,,,,1401.3,12567,9.62,False,4,9.11474609375,0,28562d9d571e30e8da08,1e18ef8ed99fcd0064e5,
asap7,aes,corner_ll,corner_ll,3,380.0,40073.67,391,4,False,5,5.84e-06,True,False,43382694,20826334,,,,,,,,,,,,,,,1399.11,12540,9.53,False,4,9.11474609375,0,20c383506e1692e2be52,1e18ef8ed99fcd0064e5,
asap7,aes,corner_ll,corner_ll,4,380.0,40368.24,392,4,False,5,5.84e-06,True,False,43382694,20826334,,,,,,,,,,,,,,,1399.08,12543,9.72,False,4,9.11474609375,0,cb7a142bd9a6c7a05a23,1e18ef8ed99fcd0064e5,
asap7,aes,corner_ll,corner_ll,5,380.0,40101.36,390,4,False,5,5.84e-06,True,False,43382694,20826334,,,,,,,,,,,,,,,1399.9,12551,9.51,False,4,9.11474609375,0,73257b5e7187847954e5,1e18ef8ed99fcd0064e5,
asap7,aes,corner_ll,corner_ll,6,380.0,39983.93,391,4,False,5,5.84e-06,True,False,43382694,20826334,,,,,,,,,,,,,,,1401.36,12569,9.74,False,4,9.11474609375,0,84e3cbafd1e398568c2d,1e18ef8ed99fcd0064e5,
asap7,aes,corner_ll,corner_ll,7,380.0,40054.19,390,4,False,5,5.84e-06,True,False,43382694,20826334,,,,,,,,,,,,,,,1403.46,12583,10.07,False,4,8.35302734375,0,e06cf32661aba0d3c961,1e18ef8ed99fcd0064e5,
asap7,aes,corner_ll,corner_ll,8,380.0,40371.91,391,4,False,5,5.84e-06,True,False,43382694,20826334,,,,,,,,,,,,,,,1400.8,12562,9.93,False,4,8.35302734375,0,a5626ac59b78746feee5,1e18ef8ed99fcd0064e5,
asap7,aes,corner_ll,corner_ll,9,380.0,40268.34,391,4,False,5,5.84e-06,True,False,43382694,20826334,,,,,,,,,,,,,,,1402.41,12589,10.0,False,4,8.35302734375,0,29e48e3b2d54a3a52599,1e18ef8ed99fcd0064e5,
asap7,aes,corner_ll,corner_ll,10,380.0,40502.62,391,4,False,5,5.84e-06,True,False,43382694,20826334,,,,,,,,,,,,,,,1402.41,12571,10.46,False,4,8.35302734375,0,a7c2c6020cfbdbd819a0,1e18ef8ed99fcd0064e5,
asap7,aes,corner_ll,corner_ll,11,380.0,40526.31,391,4,False,5,5.84e-06,True,False,43382694,20826334,,,,,,,,,,,,,,,1402.7,12571,10.12,False,4,8.35302734375,0,49d19162a98a589c19aa,1e18ef8ed99fcd0064e5,
asap7,aes,corner_ll,corner_ll,12,380.0,40202.14,390,4,False,5,5.84e-06,True,False,43382694,20826334,,,,,,,,,,,,,,,1400.74,12558,10.25,False,4,8.35302734375,0,a908be59dfde07f3c1b8,1e18ef8ed99fcd0064e5,
asap7,aes,corner_ll,corner_ll,13,380.0,40135.74,391,4,False,5,5.84e-06,True,False,43382694,20826334,,,,,,,,,,,,,,,1396.57,12523,9.67,False,4,9.2626953125,0,d806647ce5d84c282a90,1e18ef8ed99fcd0064e5,
asap7,aes,corner_ll,corner_ll,14,380.0,40458.92,391,4,False,5,5.84e-06,True,False,43382694,20826334,,,,,,,,,,,,,,,1399.49,12557,9.51,False,4,9.2626953125,0,a69569ddf1d29eaa980b,1e18ef8ed99fcd0064e5,
asap7,aes,corner_ll,corner_ll,15,380.0,40207.79,392,4,False,5,5.84e-06,True,False,43382694,20826334,,,,,,,,,,,,,,,1402.11,12577,9.64,False,4,9.2626953125,0,ce2242d0cb0ee2adcbe2,1e18ef8ed99fcd0064e5,
asap7,aes,corner_ll,corner_ll,16,380.0,40494.05,392,4,False,5,5.84e-06,True,False,43382694,20826334,,,,,,,,,,,,,,,1397.71,12528,9.55,False,4,9.2626953125,0,387fa61a9b702320045a,1e18ef8ed99fcd0064e5,
asap7,aes,corner_ur,corner_ur,1,380.0,39124.38,385,4,False,6,3.13e-06,True,False,42560356,20732680,,,,,,,,,,,,,,,1390.74,12457,9.87,False,4,9.2626953125,0,1d64b3cdbe5401185dd0,c2e165b97e670e70b58b,
asap7,aes,corner_ur,corner_ur,2,380.0,39387.76,384,4,False,6,3.13e-06,True,False,42560356,20732680,,,,,,,,,,,,,,,1387.68,12432,9.85,False,4,9.2626953125,0,8307268f7970d504ab73,c2e165b97e670e70b58b,
asap7,aes,corner_ur,corner_ur,3,380.0,39056.88,383,4,False,6,3.13e-06,True,False,42560356,20732680,,,,,,,,,,,,,,,1385.52,12398,9.95,False,4,9.1494140625,0,43389024b1483d99780b,c2e165b97e670e70b58b,
asap7,aes,corner_ur,corner_ur,4,380.0,39196.5,384,4,False,6,3.13e-06,True,False,42560356,20732680,,,,,,,,,,,,,,,1384.27,12379,9.74,False,4,9.1494140625,0,8e75d6959618ab18bb3b,c2e165b97e670e70b58b,
asap7,aes,corner_ur,corner_ur,5,380.0,39123.95,384,4,False,6,3.13e-06,True,False,42560356,20732680,,,,,,,,,,,,,,,1383.1,12371,10.05,False,4,9.1494140625,0,308966257875c2981df5,c2e165b97e670e70b58b,
asap7,aes,corner_ur,corner_ur,6,380.0,39031.58,384,4,False,6,3.13e-06,True,False,42560356,20732680,,,,,,,,,,,,,,,1381.82,12367,9.99,False,4,9.1494140625,0,744cb9113fc6d3b53e59,c2e165b97e670e70b58b,
asap7,aes,corner_ur,corner_ur,7,380.0,38936.76,383,4,False,6,3.13e-06,True,False,42560356,20732680,,,,,,,,,,,,,,,1387.01,12415,9.99,False,4,9.1494140625,0,cc62022a7c18c962d79a,c2e165b97e670e70b58b,
asap7,aes,corner_ur,corner_ur,8,380.0,38949.24,384,4,False,6,3.13e-06,True,False,42560356,20732680,,,,,,,,,,,,,,,1385.32,12389,9.96,False,4,9.1494140625,0,d6a04103e29394022780,c2e165b97e670e70b58b,
asap7,aes,corner_ur,corner_ur,9,380.0,39133.96,385,4,False,6,3.13e-06,True,False,42560356,20732680,,,,,,,,,,,,,,,1383.51,12377,9.62,False,4,9.08154296875,0,d50c32d531a16edbe7f4,c2e165b97e670e70b58b,
asap7,aes,corner_ur,corner_ur,10,380.0,39527.0,384,4,False,6,3.13e-06,True,False,42560356,20732680,,,,,,,,,,,,,,,1386.51,12420,9.62,False,4,9.08154296875,0,050ad6b264d45e008436,c2e165b97e670e70b58b,
asap7,aes,corner_ur,corner_ur,11,380.0,39018.25,383,4,False,6,3.13e-06,True,False,42560356,20732680,,,,,,,,,,,,,,,1381.76,12363,9.52,False,4,8.83447265625,0,8952609f2b395a09240c,c2e165b97e670e70b58b,
asap7,aes,corner_ur,corner_ur,12,380.0,39067.38,384,4,False,6,3.13e-06,True,False,42560356,20732680,,,,,,,,,,,,,,,1386.19,12419,9.65,False,4,8.83447265625,0,509f1233cd28bcdd5f1d,c2e165b97e670e70b58b,
asap7,aes,corner_ur,corner_ur,13,380.0,39349.31,384,4,False,6,3.13e-06,True,False,42560356,20732680,,,,,,,,,,,,,,,1384.88,12386,9.61,False,4,8.83447265625,0,7e03e2729027a682e1a7,c2e165b97e670e70b58b,
asap7,aes,corner_ur,corner_ur,14,380.0,39106.41,384,4,False,6,3.13e-06,True,False,42560356,20732680,,,,,,,,,,,,,,,1387.21,12420,9.74,False,4,8.83447265625,0,f5c4e228872cedbd5eb8,c2e165b97e670e70b58b,
asap7,aes,corner_ur,corner_ur,15,380.0,39183.35,383,4,False,6,3.13e-06,True,False,42560356,20732680,,,,,,,,,,,,,,,1385.64,12402,9.77,False,4,8.74853515625,0,c98ccb65ae0420a57291,c2e165b97e670e70b58b,
asap7,aes,corner_ur,corner_ur,16,380.0,39367.7,384,4,False,6,3.13e-06,True,False,42560356,20732680,,,,,,,,,,,,,,,1387.42,12423,9.87,False,4,8.74853515625,0,3259844e01aa5d7d5876,c2e165b97e670e70b58b,
asap7,aes,gauss_tight,gauss_tight,1,380.0,39708.8,385,4,False,5,2.69e-06,True,False,43467618,20557896,,,,,,,,,,,,,,,1393.89,12497,9.74,False,4,9.34912109375,0,5c059283499f710bda75,48c287d810f2bad523b0,
asap7,aes,gauss_tight,gauss_tight,2,380.0,38964.51,382,4,False,5,2.59e-06,True,False,43398202,20519366,,,,,,,,,,,,,,,1385.67,12405,9.68,False,4,9.08056640625,0,c06df35c2daa87c01800,ae4babea27a6b7f12051,
asap7,aes,gauss_tight,gauss_tight,3,380.0,40079.7,385,4,False,5,2.83e-06,True,False,43260319,20651893,,,,,,,,,,,,,,,1414.51,12712,9.89,False,4,8.7666015625,0,c3a025a6cc4bc0ccecff,16d5c8b5ae8154fd14d5,
asap7,aes,gauss_tight,gauss_tight,4,380.0,40015.98,380,4,False,5,6.9e-07,True,False,43143481,20701731,,,,,,,,,,,,,,,1402.44,12574,9.35,False,4,8.7666015625,0,a864676928a8bbffc96d,9e868a57e8cc6002ae58,
asap7,aes,gauss_tight,gauss_tight,5,380.0,38833.7,378,4,False,5,1.45e-06,True,False,43081215,20682742,,,,,,,,,,,,,,,1388.91,12436,9.54,False,4,8.7666015625,0,b259970d500c9d174d57,81da8b9611db206b2c32,
asap7,aes,gauss_tight,gauss_tight,6,380.0,40338.96,384,4,False,5,1.6e-06,True,False,43404040,20402679,,,,,,,,,,,,,,,1394.68,12498,9.55,False,4,8.7666015625,0,adf64c9dbfaf60ee623b,b701d18f8594b00ae50c,
asap7,aes,gauss_tight,gauss_tight,7,380.0,39838.66,380,4,False,5,1.59e-06,True,False,42597599,20553114,,,,,,,,,,,,,,,1399.36,12556,9.63,False,4,8.7666015625,0,6ccdd6cfd484b30b9ea2,fd16cb068ba5d1a0880e,
asap7,aes,gauss_tight,gauss_tight,8,380.0,39716.58,380,4,False,5,7.26e-06,True,False,43298656,20532985,,,,,,,,,,,,,,,1393.1,12486,9.87,False,4,8.7666015625,0,d69975e0135b1f0dd3ad,2857789d518c4719dd5b,
asap7,aes,gauss_tight,gauss_tight,9,380.0,39713.89,378,4,False,5,3.28e-06,True,False,43237287,20595414,,,,,,,,,,,,,,,1409.94,12661,9.92,False,4,8.640625,0,1ba01e0c906429f849e2,50b74ac39158cba120af,
asap7,aes,gauss_tight,gauss_tight,10,380.0,40575.39,381,4,False,5,1.38e-06,True,False,42957856,20436842,,,,,,,,,,,,,,,1393.19,12481,10.02,False,4,8.640625,0,075846ba74603c0917d3,9329e4c3b06096e0ac63,
asap7,aes,gauss_tight,gauss_tight,11,380.0,39349.85,380,4,False,5,2.67e-06,True,False,42609378,20634087,,,,,,,,,,,,,,,1392.61,12481,9.91,False,4,8.640625,0,065bf9115d68d1c8919c,0c1904ee63d4a319189e,
asap7,aes,gauss_tight,gauss_tight,12,380.0,40062.84,381,4,False,5,1.64e-06,True,False,42992619,20483281,,,,,,,,,,,,,,,1416.43,12726,10.16,False,4,8.640625,0,9cc8d65a9ee27b1130d7,571a98d933581a05d91c,
asap7,aes,gauss_tight,gauss_tight,13,380.0,39780.77,383,4,False,5,4.18e-06,True,False,43374950,20514813,,,,,,,,,,,,,,,1393.96,12493,10.18,False,4,8.640625,0,6a0367db98972afb92c3,7084b8ac5c3c993cb76f,
asap7,aes,gauss_tight,gauss_tight,14,380.0,39677.35,379,4,False,5,3.62e-06,True,False,43056127,20617736,,,,,,,,,,,,,,,1400.95,12567,9.96,False,4,8.640625,0,b67cb1877b33f595ad27,b67db903a227c7fed9f0,
asap7,aes,gauss_tight,gauss_tight,15,380.0,40225.84,384,4,False,6,2.71e-06,True,False,43407475,20744649,,,,,,,,,,,,,,,1416.4,12737,9.66,False,4,8.67138671875,0,f8509c3058099dc57947,8ba39f3b9cbc447ba6da,
asap7,aes,gauss_tight,gauss_tight,16,380.0,38979.09,380,4,False,5,1.38e-06,True,False,42653033,20533196,,,,,,,,,,,,,,,1405.16,12615,9.54,False,4,8.67138671875,0,ab69f7fb59624f6b0d50,24bfc53ab9c57a46bd6f,
asap7,aes,gauss_tight,gauss_tight,17,380.0,40132.25,380,4,False,5,3.6e-06,True,False,43036948,20930344,,,,,,,,,,,,,,,1414.64,12708,9.86,False,4,8.537109375,0,029d684ba4a1d6f2f3bf,087fe5d0e40ad515c73e,
asap7,aes,gauss_tight,gauss_tight,18,380.0,39833.0,377,4,False,5,1.49e-06,True,False,42751421,20915215,,,,,,,,,,,,,,,1388.79,12440,9.55,False,4,8.537109375,0,dca67b3c1b11c7ecd81e,f23067af3bc1e28454fc,
asap7,aes,gauss_tight,gauss_tight,19,380.0,39878.43,381,4,False,5,3.01e-06,True,False,43298324,20623749,,,,,,,,,,,,,,,1393.44,12499,9.73,False,4,8.537109375,0,4dc1eb24e0d20e6974a0,f1f6dc392bf2e9d00bdf,
asap7,aes,gauss_tight,gauss_tight,20,380.0,39797.59,380,4,False,5,2.13e-06,True,False,43393359,20724488,,,,,,,,,,,,,,,1391.09,12469,9.53,False,4,8.537109375,0,fc4f5c080b51e02ac758,80f96c256a586006d332,
asap7,aes,gauss_tight,gauss_tight,21,380.0,40821.42,384,4,False,5,2.63e-06,True,False,43024517,20453462,,,,,,,,,,,,,,,1414.64,12708,10.03,False,4,8.54638671875,0,de9716c8952f2244e4e6,0a8720fcc5c8c4e936c3,
asap7,aes,gauss_tight,gauss_tight,22,380.0,40383.6,383,4,False,5,2.07e-06,True,False,43510977,20567270,,,,,,,,,,,,,,,1393.85,12485,9.8,False,4,8.54638671875,0,025ba53787fe6b34693d,e1fd1f5038ee1926ae4e,
asap7,aes,gauss_tight,gauss_tight,23,380.0,39931.82,377,4,False,5,1.82e-06,True,False,42856644,20603017,,,,,,,,,,,,,,,1405.82,12598,10.05,False,4,8.54638671875,0,c3b49563d9e1ded764e8,e0105b6e522de660d255,
asap7,aes,gauss_tight,gauss_tight,24,380.0,39738.35,377,4,False,5,1.87e-06,True,False,43043000,20898094,,,,,,,,,,,,,,,1406.49,12621,9.81,False,4,8.54638671875,0,86c443f9c369cc2247b9,6ae4c869caf4705b0b5c,
asap7,aes,gauss_tight,gauss_tight,25,380.0,39924.23,382,4,False,5,3.41e-06,True,False,42821265,20728173,,,,,,,,,,,,,,,1397.52,12513,10.16,False,4,8.54638671875,0,ce07cd2fe6ee3ba04004,88272c55987d15b2bb84,
asap7,aes,gauss_tight,gauss_tight,26,380.0,39892.98,380,4,False,5,2.56e-06,True,False,43236887,20630454,,,,,,,,,,,,,,,1390.28,12447,10.08,False,4,8.54638671875,0,95feb95c485ea819c3ed,2a3abe8c9d7746f457e4,
asap7,aes,gauss_tight,gauss_tight,27,380.0,40470.02,379,4,False,5,7.91e-06,True,False,43287238,20879426,,,,,,,,,,,,,,,1411.07,12668,9.75,False,4,8.73974609375,0,2d2d2728273c4443b902,30515bab620309dde552,
asap7,aes,gauss_tight,gauss_tight,28,380.0,39868.6,377,4,False,5,6.39e-06,True,False,42984790,20842409,,,,,,,,,,,,,,,1398.35,12528,9.73,False,4,8.73974609375,0,da69e015b233336d9513,37a133a3c517184ddd3c,
asap7,aes,gauss_tight,gauss_tight,29,380.0,39683.5,381,4,False,6,7.2e-06,True,False,43036872,20430976,,,,,,,,,,,,,,,1405.05,12591,9.69,False,4,8.73974609375,0,a9d95d37a2fa46fc36e0,fbb6a6fd464f1b80fe35,
asap7,aes,gauss_tight,gauss_tight,30,380.0,39501.78,382,4,False,5,4.48e-06,True,False,43146054,20584976,,,,,,,,,,,,,,,1394.56,12508,9.56,False,4,8.73974609375,0,69c98b0836cdf4abd3c3,f6f89607e6d87dbcea79,
asap7,aes,gauss_tight,gauss_tight,31,380.0,39322.25,375,4,False,5,3.44e-06,True,False,42354405,20739371,,,,,,,,,,,,,,,1393.91,12493,9.61,False,4,8.73974609375,0,e7a75c22736484e0abf9,d68eb724d89a390bda5d,
asap7,aes,gauss_tight,gauss_tight,32,380.0,40419.39,382,4,False,5,1.52e-06,True,False,43164746,20839588,,,,,,,,,,,,,,,1408.82,12645,9.89,False,4,8.73974609375,0,3d3ba02571a21b7209d4,e27dcc08b9be7e70be31,
asap7,aes,gauss_wide,gauss_wide,1,380.0,39777.47,375,4,False,5,2.31e-06,True,False,43352042,20660743,,,,,,,,,,,,,,,1400.73,12557,9.76,False,4,8.8271484375,0,4df43a3530d440b69419,c1d98681b6f08f7897a0,
asap7,aes,gauss_wide,gauss_wide,2,380.0,40191.19,378,4,False,5,2.77e-06,True,False,43411025,20763167,,,,,,,,,,,,,,,1410.19,12650,9.71,False,4,8.8271484375,0,272348129e7a80e749a8,521d3917f0e59eb5a47e,
asap7,aes,gauss_wide,gauss_wide,3,380.0,40057.3,374,4,False,5,4.08e-06,True,False,43120865,20830164,,,,,,,,,,,,,,,1410.13,12668,10.05,False,4,8.8271484375,0,b49da8019b7c4967c041,a1d4b69f07be8e8fd60b,
asap7,aes,gauss_wide,gauss_wide,4,380.0,39685.37,376,4,False,5,1.87e-06,True,False,43114551,20892443,,,,,,,,,,,,,,,1398.29,12526,9.68,False,4,8.8271484375,0,179b8537922ed731c950,113d68ae99b2146f1567,
asap7,aes,gauss_wide,gauss_wide,5,380.0,40336.53,373,4,False,5,2.64e-06,True,False,43202000,20993329,,,,,,,,,,,,,,,1413.53,12718,9.98,False,4,8.8271484375,0,4c2a35ab4bb461f4791d,6d4b012d745dc6eb07ab,
asap7,aes,gauss_wide,gauss_wide,6,380.0,39657.54,376,4,False,5,5e-06,True,False,42980678,20751459,,,,,,,,,,,,,,,1404.49,12602,9.97,False,4,8.8271484375,0,d1de746f153c4013cc5f,6bc590714c88baf03049,
asap7,aes,gauss_wide,gauss_wide,7,380.0,40653.34,376,4,False,5,2.55e-06,True,False,42876307,20801663,,,,,,,,,,,,,,,1408.09,12648,9.71,False,4,8.35205078125,0,bff84754d587176d62aa,4809047c31a488287692,
asap7,aes,gauss_wide,gauss_wide,8,380.0,38566.3,372,4,False,5,3.8e-06,True,False,43327965,20806259,,,,,,,,,,,,,,,1394.3,12493,9.89,False,4,8.35205078125,0,488329b6250090c9d20d,1418d93670b57903b8bf,
asap7,aes,gauss_wide,gauss_wide,9,380.0,40141.47,373,4,False,5,3.17e-06,True,False,43169219,20712455,,,,,,,,,,,,,,,1413.85,12683,9.56,False,4,8.35205078125,0,750f6a55029ed1de5773,977db72d3ebd6df3d4e4,
asap7,aes,gauss_wide,gauss_wide,10,380.0,40680.88,376,4,False,5,2.53e-06,True,False,42765113,20701045,,,,,,,,,,,,,,,1410.73,12658,9.85,False,4,8.35205078125,0,63f5323bb8954e89e6aa,8a5b559279a74405d544,
asap7,aes,gauss_wide,gauss_wide,11,380.0,39530.87,373,4,False,5,2.23e-06,True,False,42648015,20828647,,,,,,,,,,,,,,,1399.43,12553,9.92,False,4,8.35205078125,0,64b286183ba8982b91aa,750e36a1393ec0fa4201,
asap7,aes,gauss_wide,gauss_wide,12,380.0,40178.0,372,4,False,5,1.96e-06,True,False,43057934,20891153,,,,,,,,,,,,,,,1403.65,12591,9.83,False,4,8.35205078125,0,e67091318841fa7a93ca,c679c82ea98e009b3f52,
asap7,aes,gauss_wide,gauss_wide,13,380.0,39526.34,377,4,False,5,2.53e-06,True,False,43499720,20869358,,,,,,,,,,,,,,,1400.03,12551,9.92,False,4,9.0927734375,0,b3cc11f924bf8d667144,8d356280862e82caa3b4,
asap7,aes,gauss_wide,gauss_wide,14,380.0,40303.96,377,4,False,5,5.41e-06,True,False,42895596,20850635,,,,,,,,,,,,,,,1405.44,12609,9.92,False,4,9.0927734375,0,e974ea332b6fd4acb2d8,bf468564a294b38997ab,
asap7,aes,gauss_wide,gauss_wide,15,380.0,40594.39,375,4,False,5,4.07e-06,True,False,43018769,20795504,,,,,,,,,,,,,,,1407.1,12628,9.93,False,4,9.0927734375,0,9106e33744071c5d398d,91057ca42d130f45d985,
asap7,aes,gauss_wide,gauss_wide,16,380.0,39415.59,373,4,False,5,3.48e-06,True,False,42813736,20681691,,,,,,,,,,,,,,,1405.48,12624,10.1,False,4,8.8447265625,0,b4c604fe154de931c0f8,b5f1a4b5ddc50457b5f7,
asap7,aes,gauss_wide,gauss_wide,17,380.0,40054.77,378,4,False,5,2.75e-06,True,False,43079454,20773915,,,,,,,,,,,,,,,1403.98,12603,9.55,False,4,8.8447265625,0,440d65ec2df26b7a34ac,9a63ab3762f601168043,
asap7,aes,gauss_wide,gauss_wide,18,380.0,40034.92,373,4,False,5,1.35e-06,True,False,42839264,20957739,,,,,,,,,,,,,,,1408.82,12645,10.12,False,4,8.8447265625,0,48195b54fe3b11d81cf0,f70ce0f5c054732f2830,
asap7,aes,gauss_wide,gauss_wide,19,380.0,39471.59,375,4,False,5,3.18e-06,True,False,43061367,20676903,,,,,,,,,,,,,,,1392.16,12461,9.41,False,4,7.97412109375,0,11c41c8d06eb334734ef,e4e2a5d7ea30a046b86d,
asap7,aes,gauss_wide,gauss_wide,20,380.0,39633.72,377,4,False,5,3.92e-06,True,False,43513198,20671825,,,,,,,,,,,,,,,1389.98,12449,9.72,False,4,7.97412109375,0,06a694945326f3a1e543,50670cf91a59146830c0,
asap7,aes,gauss_wide,gauss_wide,21,380.0,39694.57,378,4,False,5,5.77e-06,True,False,43352919,20799159,,,,,,,,,,,,,,,1402.58,12587,9.72,False,4,7.97412109375,0,f7da6565b5a526fc33bb,3108bfc176428f3b6810,
asap7,aes,gauss_wide,gauss_wide,22,380.0,39947.89,375,4,False,5,4.49e-06,True,False,43456983,20650654,,,,,,,,,,,,,,,1398.92,12543,9.51,False,4,7.97412109375,0,bfd429a6761924ebec0f,278f3b49c315b9a850ac,
asap7,aes,gauss_wide,gauss_wide,23,380.0,39805.16,374,4,False,5,2.49e-06,True,False,42928482,20729077,,,,,,,,,,,,,,,1400.02,12551,9.62,False,4,7.97412109375,0,7cd9c25244ab4152fe2a,8fb758ba1cd25cdd29ee,
asap7,aes,gauss_wide,gauss_wide,24,380.0,39842.28,375,4,False,5,3.42e-06,True,False,42941455,20605326,,,,,,,,,,,,,,,1399.53,12550,9.52,False,4,8.056640625,0,9497417a635745d08111,6ffad6f5e786c8f31e95,
asap7,aes,gauss_wide,gauss_wide,25,380.0,40431.93,377,4,False,5,2e-06,True,False,43060813,20879554,,,,,,,,,,,,,,,1389.26,12448,9.68,False,4,7.85693359375,0,ec94437e03af63319805,d70ba646f47ee5637731,
asap7,aes,gauss_wide,gauss_wide,26,380.0,39394.63,372,4,False,5,3.03e-06,True,False,42736851,20639315,,,,,,,,,,,,,,,1392.33,12487,9.77,False,4,7.85693359375,0,b7d22ae59582f74dd36a,c1667be8ba6314775c5d,
asap7,aes,gauss_wide,gauss_wide,27,380.0,40189.84,372,4,False,5,3.12e-06,True,False,42954393,20827621,,,,,,,,,,,,,,,1413.68,12709,9.68,False,4,7.85693359375,0,e005319b88daf1010eee,1cf97783ca4275bb4e06,
asap7,aes,gauss_wide,gauss_wide,28,380.0,39622.32,375,4,False,5,2.42e-06,True,False,43068050,20777277,,,,,,,,,,,,,,,1391.35,12466,9.69,False,4,7.85693359375,0,1a173d84d1ccad1bf593,555bada74e90d439c510,
asap7,aes,gauss_wide,gauss_wide,29,380.0,39700.71,373,4,False,5,6.09e-06,True,False,43034399,20821571,,,,,,,,,,,,,,,1402.48,12571,9.86,False,4,7.85693359375,0,d268399ec8325dc0afb3,d7425547180b48246a27,
asap7,aes,gauss_wide,gauss_wide,30,380.0,39733.84,375,4,False,5,4.76e-06,True,False,43006356,20685837,,,,,,,,,,,,,,,1390.55,12452,9.69,False,4,7.85693359375,0,674d9b5755be7c81805d,5137f222dd769e59dcc1,
asap7,aes,gauss_wide,gauss_wide,31,380.0,39203.2,372,4,False,5,6.81e-06,True,False,42240813,20876659,,,,,,,,,,,,,,,1389.66,12444,9.6,False,4,8.40234375,0,c6ee9f2820ab21ea320f,49ce0419cea370668ecf,
asap7,aes,gauss_wide,gauss_wide,32,380.0,39926.37,375,4,False,5,3.33e-06,True,False,42951709,20824797,,,,,,,,,,,,,,,1402.41,12583,9.71,False,4,8.40234375,0,3029ab28fc54905c2605,412395084962444e794d,
asap7,aes,odb,odb,1,380.0,39385.13,366,4,False,5,1.37e-06,True,False,42785389,20681020,,,,,387.07509,-7.07509,-45.2668,37.3892,684461,23.39,0,36.76,False,0,1394.17,12492,9.62,False,4,9.50244140625,0,3073423760d1a1a568ea,eb1c7da44d1c908cec05,5aaaf723612f427a54a1
asap7,aes,odb,odb,2,380.0,39254.77,369,4,False,5,3.67e-06,True,False,42802712,20732417,,,,,398.1629,-18.1629,-361.713,37.0556,685094,23.23,0,35.3,False,0,1393.54,12495,9.78,False,4,9.50244140625,0,dcd712953657ee19b2ac,0705e1834b2f1579947a,bf9417dad4b5cc46e8d5
asap7,aes,odb,odb,3,380.0,38920.64,368,4,False,5,1.39e-06,True,False,42880984,20778616,,,,,391.8233,-11.8233,-134.045,37.5533,679303,23.1,0,35.74,False,0,1389.04,12452,9.35,False,4,9.50244140625,0,95efdd6ad8472edeaa19,ee5b6cd2843ef43ead07,ff02c0a6fbe5ff425a46
asap7,aes,odb,odb,4,380.0,38963.91,367,4,False,5,2.19e-06,True,False,42839486,20712330,,,,,391.4098,-11.4098,-165.625,36.2917,685824,23.26,0,35.01,False,0,1391.43,12454,9.69,False,4,9.50244140625,0,d9a18626c42a1905ffec,2d5276b25dc6f53a6e99,51d9e13b90aac6e3c80b
asap7,aes,odb,odb,5,380.0,39359.08,367,4,False,5,3.34e-06,True,False,42798099,20783567,,,,,391.23199999999997,-11.232,-107.671,36.9263,683110,23.32,0,36.91,False,0,1395.98,12506,10.55,False,4,9.04541015625,0,df605a28f9d99c35cbf0,aca4565f80af8677e3ff,79d9d67ad669430414cd
asap7,aes,odb,odb,6,380.0,39022.23,368,4,False,5,7.76e-06,True,False,42888242,20631632,,,,,389.5097,-9.5097,-109.203,36.9939,679536,23.09,0,36.63,False,0,1405.57,12607,10.39,False,4,9.04541015625,0,123e54637c431d4da2ac,0ff6cf62ad301a87121a,742b21744af901bb5df9
asap7,aes,odb,odb,7,380.0,39192.6,370,4,False,5,1.04e-06,True,False,42672115,20671879,,,,,393.8394,-13.8394,-137.562,35.4843,685761,23.35,0,36.14,False,0,1397.35,12543,10.08,False,4,9.04541015625,0,0ced39a4cc2c57f9e1ef,f597cc7165b300d2e23b,711a7f2a10fabd6238e2
asap7,aes,odb,odb,8,380.0,39509.66,369,4,False,5,3.96e-06,True,False,42946307,20692776,,,,,391.0604,-11.0604,-197.943,36.1864,689637,23.43,0,38.44,False,0,1392.83,12488,9.78,False,4,9.04541015625,0,06d4a7345341ebe4b5af,cf7846ff94f689cc148f,118b2a8eedd58b27f1d6
asap7,aes,odb,odb,9,380.0,39039.1,370,4,False,5,1.11e-06,True,False,42792997,20684397,,,,,,,,,,,,,,,1393.5,12493,9.54,False,4,9.04541015625,0,5ffc65c712a8a213c1b4,dfa642fde9f61f3d5373,
asap7,aes,odb,odb,10,380.0,39293.82,368,4,False,5,2.91e-06,True,False,42705955,20791958,,,,,,,,,,,,,,,1411.42,12666,9.89,False,4,9.04541015625,0,1ca01a3a58bc9f47b776,5c5708b9f455f340211d,
asap7,aes,odb,odb,11,380.0,38945.29,367,4,False,5,2.27e-06,True,False,42675570,20716506,,,,,,,,,,,,,,,1393.21,12491,9.76,False,4,8.4013671875,0,8c9d92131d2884d3dfef,3fbd36a37a9253179a29,
asap7,aes,odb,odb,12,380.0,39465.72,368,4,False,5,2.79e-06,True,False,42794706,20732674,,,,,,,,,,,,,,,1389.12,12449,9.82,False,4,8.4013671875,0,9e8f8796ce9eb7e3b132,8e83a8090fc1e192ca13,
asap7,aes,odb,odb,13,380.0,39649.25,368,4,False,5,5.85e-06,True,False,42847238,20693379,,,,,,,,,,,,,,,1397.57,12551,9.71,False,4,8.4013671875,0,003c5620cda39cbc058e,70b1a39423b3041b4f43,
asap7,aes,odb,odb,14,380.0,39384.77,369,4,False,5,3.38e-06,True,False,42868434,20733194,,,,,,,,,,,,,,,1402.19,12587,9.85,False,4,8.4013671875,0,cfe68abfac5dfa7898bb,6445276c3ddb8ed0aa1b,
asap7,aes,odb,odb,15,380.0,39084.44,364,4,False,5,6.53e-06,True,False,42921397,20737485,,,,,,,,,,,,,,,1397.71,12536,9.81,False,4,8.4013671875,0,7edf26d3ac1ae8d512b3,741f7822d3e3ae191964,
asap7,aes,odb,odb,16,380.0,39773.06,367,4,False,5,4.49e-06,True,False,42735815,20765434,,,,,,,,,,,,,,,1398.13,12536,9.83,False,4,8.52978515625,0,dd7526f54ca33e54c4f3,b634ebe1cda076259292,
asap7,aes,shipped,shipped,1,380.0,39372.46,386,4,False,5,5.45e-06,True,False,42785389,20531625,1059,10027,0,10414,384.77962,-4.77962,-34.4994,36.4898,686337,23.38,0,37.5,False,0,1394.26,12493,10.02,False,4,7.8837890625,0,79cff97d14b966d4c78c,eb1c7da44d1c908cec05,de5b7477dac8c0b96048
asap7,aes,shipped,shipped,2,380.0,39251.25,387,4,False,5,1.92e-06,True,False,42802712,20545180,1059,10027,0,10414,395.4764,-15.4764,-412.318,37.0242,685727,23.23,0,35.46,False,0,1404.27,12591,9.75,False,4,7.8837890625,0,6ba55e2091790d50a74a,0705e1834b2f1579947a,bd8581c37baa4797432d
asap7,aes,shipped,shipped,3,380.0,39243.02,388,4,False,5,5.79e-06,True,False,42880984,20533968,1059,10027,0,10414,398.6252,-18.6252,-293.388,37.1379,681731,23.19,0,35.75,False,0,1393.53,12488,9.96,False,4,7.8837890625,0,5ed82cf4bb61fe195091,ee5b6cd2843ef43ead07,cdd3ac6a097166fc2ca0
asap7,aes,shipped,shipped,4,380.0,39235.42,387,4,False,5,5.66e-06,True,False,42839486,20479677,1059,10027,0,10414,392.2469,-12.2469,-179.273,36.6965,685715,23.3,0,35.96,False,0,1400.15,12553,10.14,False,4,7.8837890625,0,7e29dfbe0b3cf6718f64,2d5276b25dc6f53a6e99,9c32f232c4e463d32c77
asap7,aes,shipped,shipped,5,380.0,39030.67,386,4,False,5,2.2e-06,True,False,42798099,20603649,1059,10027,0,10414,395.6634,-15.6634,-147.827,37.1115,681805,23.25,0,36.14,False,0,1394.46,12504,10.17,False,4,7.8837890625,0,2f0f0ae793f3eed87b57,aca4565f80af8677e3ff,36cae5008acdf44c0710
asap7,aes,shipped,shipped,6,380.0,38512.79,386,4,False,5,2.39e-06,True,False,42888242,20371140,1059,10027,0,10414,387.5728,-7.5728,-75.6201,36.3722,677741,23.05,0,37.33,False,0,1400.23,12552,10.17,False,4,7.8837890625,0,e597c6ead5f8d711268a,0ff6cf62ad301a87121a,7632458ac39c7956aa44
asap7,aes,shipped,shipped,7,380.0,39128.81,386,4,False,5,4.75e-06,True,False,42672115,20486255,1059,10027,0,10414,388.80321,-8.80321,-130.009,36.2695,687471,23.39,0,36.69,False,0,1397.17,12531,10.15,False,4,8.81005859375,0,3aeecb1846e149c03d41,f597cc7165b300d2e23b,0425eb7fe83c3d3b1373
asap7,aes,shipped,shipped,8,380.0,39063.19,387,4,False,5,1.81e-06,True,False,42946307,20498882,1059,10027,0,10414,392.1586,-12.1586,-114.494,36.3744,682797,23.29,0,37.63,False,0,1380.49,12343,9.55,False,4,8.81005859375,0,a76e504b071be8e01a62,cf7846ff94f689cc148f,d746579da3c34f41a90c
asap7,aes,shipped,shipped,9,380.0,39352.96,386,4,False,5,2.07e-06,True,False,42792997,20483399,1059,10027,0,10414,,,,,,,,,,,1400.64,12564,9.84,False,4,8.81005859375,0,9d2241ba7707b4363728,dfa642fde9f61f3d5373,
asap7,aes,shipped,shipped,10,380.0,39068.66,386,4,False,5,1.86e-06,True,False,42705955,20597188,1059,10027,0,10414,,,,,,,,,,,1401.59,12569,10.12,False,4,8.81005859375,0,146e7225289ac7662c07,5c5708b9f455f340211d,
asap7,aes,shipped,shipped,11,380.0,39059.71,387,4,False,5,2.16e-06,True,False,42675570,20505429,1059,10027,0,10414,,,,,,,,,,,1390.73,12456,10.29,False,4,8.5849609375,0,35291991c6898a8a25b6,3fbd36a37a9253179a29,
asap7,aes,shipped,shipped,12,380.0,39508.56,386,4,False,5,2.24e-06,True,False,42794706,20580436,1059,10027,0,10414,,,,,,,,,,,1381.66,12361,9.65,False,4,8.5849609375,0,74aed166ac8067c874b4,8e83a8090fc1e192ca13,
asap7,aes,shipped,shipped,13,380.0,39886.41,388,4,False,5,4.96e-06,True,False,42847238,20546269,1059,10027,0,10414,,,,,,,,,,,1405.26,12611,10.0,False,4,8.86474609375,0,47612f37dd35b473c204,70b1a39423b3041b4f43,
asap7,aes,shipped,shipped,14,380.0,39352.34,386,4,False,5,3.2e-06,True,False,42868434,20529648,1059,10027,0,10414,,,,,,,,,,,1405.69,12609,10.03,False,4,8.86474609375,0,50f92a7712801ac25e56,6445276c3ddb8ed0aa1b,
asap7,aes,shipped,shipped,15,380.0,39541.35,385,4,False,5,9.65e-06,True,False,42921397,20569545,1059,10027,0,10414,,,,,,,,,,,1393.37,12485,9.74,False,4,8.86474609375,0,3de4563ba336103e4efe,741f7822d3e3ae191964,
asap7,aes,shipped,shipped,16,380.0,39536.46,386,4,False,5,5.44e-06,True,False,42735815,20587326,1059,10027,0,10414,,,,,,,,,,,1400.61,12547,9.89,False,4,8.86474609375,0,b5ce96f9d3703030dfae,b634ebe1cda076259292,
asap7,aes,spread,spread,1,380.0,39857.89,376,4,False,5,4.4e-06,True,False,42810864,20762110,,,,,392.1408,-12.1408,-148.992,36.4531,693097,23.73,0,35.83,False,0,1395.47,12501,11.98,False,4,8.40234375,0,503a82b239368b86f6a1,1fe84e7a46613681b480,3f070aefa3890d1345f1
asap7,aes,spread,spread,2,380.0,40873.3,375,4,False,5,2.14e-06,True,False,43027398,20775913,,,,,400.153,-20.153,-271.653,37.4458,708378,24.25,0,36.21,False,0,1412.19,12676,9.92,False,4,8.40234375,0,ec848b0b27f7131d67e7,04eaa43269862906ca97,c1c149dd462c69d81de7
asap7,aes,spread,spread,3,380.0,39182.14,374,4,False,5,3.04e-06,True,False,42981714,20699811,,,,,392.7044,-12.7044,-261.184,36.534,686576,23.27,0,35.77,False,0,1393.37,12473,9.86,False,4,8.40234375,0,7290297a9f4447acb522,4b64835f13cd59da34d5,b8b36396289cef790795
asap7,aes,spread,spread,4,380.0,40436.67,377,4,False,5,2.62e-06,True,False,42915978,20815622,,,,,399.7958,-19.7958,-282.135,35.7563,704269,24.03,0,35.59,False,0,1408.11,12642,9.97,False,4,8.40234375,0,b21a6ead3eb1547991f6,47ee09185e9d9f0b33db,c18ac43240491c79ef36
asap7,aes,spread,spread,5,380.0,39644.39,375,4,False,5,2.52e-06,True,False,42918764,20795596,,,,,388.88831,-8.88831,-77.4126,37.1962,687511,23.52,0,35.57,False,0,1387.55,12423,9.5,False,4,8.7392578125,0,655d8d5d96c95a7e5940,ed27d291c37b8d449568,649983fcd3dbccf20366
asap7,aes,spread,spread,6,380.0,39420.24,374,4,False,5,4.23e-06,True,False,42957792,20701234,,,,,389.95176,-9.95176,-151.245,36.983,689107,23.5,0,35.63,False,0,1394.96,12489,10.61,False,4,8.7392578125,0,d181f2fc468aad015d59,92f9d5fea36ecb8bb2bb,3fd2d139bf61ea49e375
asap7,aes,spread,spread,7,380.0,40064.89,377,4,False,5,3.42e-06,True,False,43010407,20766239,,,,,396.7118,-16.7118,-163.429,36.8743,699156,23.83,0,36.05,False,0,1391.98,12477,12.06,False,4,8.7392578125,0,55ea91efce9632dbb3f9,e0e1747fa42ebc3b6e76,a24baf682a133890d98a
asap7,aes,spread,spread,8,380.0,39412.09,374,4,False,5,5.84e-06,True,False,42953641,20709589,,,,,407.7687,-27.7687,-389.86,37.1493,690338,23.43,0,34.51,False,0,1391.85,12465,9.91,False,4,8.7392578125,0,6bc311061f8e1f5fc55f,93d4e7658808da5e32af,409a40384c70b5d6db7b
asap7,aes,spread,spread,9,380.0,39765.09,374,4,False,5,2.38e-06,True,False,43098639,20764934,,,,,,,,,,,,,,,1398.47,12548,9.42,False,4,8.84033203125,0,362ac665689063d6e695,7f37b0c3b85ebc1d1b88,
asap7,aes,spread,spread,10,380.0,40203.44,376,4,False,5,2.4e-06,True,False,42889114,20843875,,,,,,,,,,,,,,,1400.1,12552,9.49,False,4,8.84033203125,0,932d9d2e95fc94d741e2,7980e4f256630b529d09,
asap7,aes,spread,spread,11,380.0,39867.04,375,4,False,5,2.56e-06,True,False,42830356,20802602,,,,,,,,,,,,,,,1405.41,12592,9.88,False,4,8.63037109375,0,e952f391d7999be27145,38be85e01ddc89e8a564,
asap7,aes,spread,spread,12,380.0,40328.17,373,4,False,5,4.61e-06,True,False,42855299,20787431,,,,,,,,,,,,,,,1398.31,12530,9.97,False,4,8.63037109375,0,5a5a5ddb18daa05214b0,b4cae4f300656850fe40,
asap7,aes,spread,spread,13,380.0,39962.37,376,4,False,5,2.27e-06,True,False,42907136,20836158,,,,,,,,,,,,,,,1400.13,12563,9.67,False,4,8.63037109375,0,401dd975a65dc18a8675,1835a2c5b560a19c2f33,
asap7,aes,spread,spread,14,380.0,40662.19,376,4,False,5,1.88e-06,True,False,42960856,20814065,,,,,,,,,,,,,,,1403.09,12580,9.9,False,4,8.63037109375,0,3dde72650f5cf420f368,847b4a5aec3b14aede4d,
asap7,aes,spread,spread,15,380.0,39979.72,375,4,False,5,4.46e-06,True,False,43007420,20704994,,,,,,,,,,,,,,,1401.02,12563,9.7,False,4,8.63037109375,0,f1afd7e3ccaa0ac91182,e3a79ab984c5d385b3a0,
asap7,aes,spread,spread,16,380.0,39451.62,373,4,False,5,3.22e-06,True,False,42727089,20623499,,,,,,,,,,,,,,,1392.05,12466,9.85,False,4,8.63037109375,0,fd926744f5df58e8ff8c,4dcfbd1ca11e2760f375,
asap7,aes,uniform,uniform,1,380.0,40003.42,378,4,False,5,3.76e-06,True,False,43346178,20721777,,,,,,,,,,,,,,,1405.07,12604,9.91,False,4,8.74853515625,0,87578fe7e48495c3fb3b,1649f94a9950c0fc857e,
asap7,aes,uniform,uniform,2,380.0,39557.05,376,4,False,5,2.01e-06,True,False,43433377,20900503,,,,,,,,,,,,,,,1403.86,12613,9.87,False,4,8.74853515625,0,d12ba313c935901f64be,8d8bd0bbf2e621c7b61c,
asap7,aes,uniform,uniform,3,380.0,39899.49,377,4,False,5,2.23e-06,True,False,42906164,20676986,,,,,,,,,,,,,,,1395.98,12520,9.8,False,4,8.74853515625,0,fa2266126435062da455,61035131bf2fe6b721ed,
asap7,aes,uniform,uniform,4,380.0,39365.35,375,4,False,5,4.01e-06,True,False,43339251,20845697,,,,,,,,,,,,,,,1391.59,12458,9.68,False,4,8.76904296875,0,508d86f2d3296a60e495,4cf60ade197ebe2ade92,
asap7,aes,uniform,uniform,5,380.0,39650.64,376,4,False,5,2.2e-06,True,False,43209329,20877676,,,,,,,,,,,,,,,1393.89,12491,9.99,False,4,8.0390625,0,3b175cf481486fb6f262,3e8ebf0cc1d09e233d44,
asap7,aes,uniform,uniform,6,380.0,40452.04,377,4,False,5,1.59e-06,True,False,43246310,20794598,,,,,,,,,,,,,,,1390.47,12443,9.7,False,4,8.0390625,0,cd1798fa900b1b8acff6,5a9ff3d4650932a55754,
asap7,aes,uniform,uniform,7,380.0,39891.29,375,4,False,5,2.76e-06,True,False,43040038,20708617,,,,,,,,,,,,,,,1389.98,12457,10.12,False,4,8.0390625,0,f382e485e46d325bfc57,c59de96472b24d9c1ac6,
asap7,aes,uniform,uniform,8,380.0,39763.67,372,4,False,5,4.6e-06,True,False,43099550,20901995,,,,,,,,,,,,,,,1401.46,12554,10.07,False,4,8.0390625,0,68e4b8368b78a42a438b,5fba0ac71eab24a7d30b,
asap7,aes,uniform,uniform,9,380.0,38731.94,370,4,False,5,6.21e-06,True,False,42935366,20852899,,,,,,,,,,,,,,,1401.39,12582,10.23,False,4,8.0390625,0,7da029b24781109edf53,453bfe6ea94f8dd375e6,
asap7,aes,uniform,uniform,10,380.0,39989.69,378,4,False,5,2.16e-06,True,False,43468565,20846723,,,,,,,,,,,,,,,1397.54,12536,10.16,False,4,8.0390625,0,dc3816f5ea3c1cbc8383,b24bc02a89fc6fc48d35,
asap7,aes,uniform,uniform,11,380.0,40395.03,382,4,False,5,2.81e-06,True,False,43281513,20820312,,,,,,,,,,,,,,,1402.49,12596,9.72,False,4,8.34814453125,0,5d6828505df28ea32f10,44b6fca7832e51f044fe,
asap7,aes,uniform,uniform,12,380.0,39236.59,373,4,False,5,8.82e-06,True,False,43139975,20724208,,,,,,,,,,,,,,,1396.72,12520,9.9,False,4,8.34814453125,0,947182470484ded2a45b,194f4c5fc07cfe95b8d4,
asap7,aes,uniform,uniform,13,380.0,40345.19,374,4,False,5,1.76e-06,True,False,43000875,20939290,,,,,,,,,,,,,,,1404.74,12615,9.82,False,4,8.34814453125,0,67895285ad4739444951,6f6940686acd2266e1e1,
asap7,aes,uniform,uniform,14,380.0,39440.12,375,4,False,5,2.09e-06,True,False,42907601,20709539,,,,,,,,,,,,,,,1398.08,12534,10.04,False,4,8.34814453125,0,9c46caec4f2e355ab997,1b084afa62e637c03af4,
asap7,aes,uniform,uniform,15,380.0,40170.25,374,4,False,5,1.23e-06,True,False,43160220,20842397,,,,,,,,,,,,,,,1401.39,12576,10.05,False,4,8.34814453125,0,5b3c9403531c9894258f,e4a8b4a3115fd11792ba,
asap7,aes,uniform,uniform,16,380.0,39299.77,375,4,False,5,4.08e-06,True,False,42696254,20776264,,,,,,,,,,,,,,,1393.7,12492,9.84,False,4,8.34814453125,0,5f8659f7e18cf17b13b0,d2fccbcb0db3898ab76b,
asap7,aes,uniform,uniform,17,380.0,39211.51,372,4,False,5,4.34e-06,True,False,43277387,20818670,,,,,,,,,,,,,,,1402.32,12580,9.61,False,4,8.90087890625,0,7a90a69bce138d52989e,288e91479158a179fa00,
asap7,aes,uniform,uniform,18,380.0,40429.0,379,4,False,5,2.34e-06,True,False,43287488,20693421,,,,,,,,,,,,,,,1401.78,12575,9.62,False,4,8.90087890625,0,1e2df04b2b02d47f5e60,df09fdcee0c5f9ac32f7,
asap7,aes,uniform,uniform,19,380.0,40353.23,375,4,False,5,2.09e-06,True,False,43457834,20811115,,,,,,,,,,,,,,,1395.92,12508,9.88,False,4,8.90087890625,0,493c493776a1c85bf299,377f90ea027a0eee270b,
asap7,aes,uniform,uniform,20,380.0,39527.42,372,4,False,5,2.21e-06,True,False,43051554,20781400,,,,,,,,,,,,,,,1394.23,12500,9.84,False,4,8.90087890625,0,672dac9aee7c5bcea826,1912456b2b622567144b,
asap7,aes,uniform,uniform,21,380.0,39488.9,372,4,False,5,5.32e-06,True,False,43150271,21001583,,,,,,,,,,,,,,,1393.6,12483,9.73,False,4,8.90087890625,0,c8350e41865338b49656,40faf14624891c8b67ef,
asap7,aes,uniform,uniform,22,380.0,40112.52,373,4,False,5,3.88e-06,True,False,42958363,20963559,,,,,,,,,,,,,,,1401.08,12573,9.58,False,4,8.90087890625,0,e9cac1db3a8bfcc4da18,d965c69cf3ed2df2a8bc,
asap7,aes,uniform,uniform,23,380.0,40088.33,377,4,False,5,3.56e-06,True,False,43236744,20698118,,,,,,,,,,,,,,,1398,12518,10.06,False,4,9.48583984375,0,463a6f24ed5390c7cd5e,cfe0f379b4123505072c,
asap7,aes,uniform,uniform,24,380.0,40347.03,377,4,False,5,4.79e-06,True,False,43142030,20686807,,,,,,,,,,,,,,,1399.21,12551,9.76,False,4,9.48583984375,0,a9946a2e521a1cd0852a,47ee61941801733fc644,
asap7,aes,uniform,uniform,25,380.0,40171.59,374,4,False,5,1.64e-06,True,False,43147923,20830276,,,,,,,,,,,,,,,1409.23,12659,10.25,False,4,9.48583984375,0,fa9805428b9173670a3c,b891ca0406b27f29a595,
asap7,aes,uniform,uniform,26,380.0,39689.64,374,4,False,5,3.7e-06,True,False,43042683,20632742,,,,,,,,,,,,,,,1404.94,12612,10.05,False,4,9.20654296875,0,96a637bd785c1f6a7173,349bfb9f975ca9e60927,
asap7,aes,uniform,uniform,27,380.0,40009.6,375,4,False,5,3.63e-06,True,False,43354667,20908273,,,,,,,,,,,,,,,1402.54,12571,10.07,False,4,9.20654296875,0,cc0b691a464090c6306d,a027e1e4ac4c0d1d693c,
asap7,aes,uniform,uniform,28,380.0,39934.0,378,4,False,5,1.49e-06,True,False,43335747,20670073,,,,,,,,,,,,,,,1403.84,12600,10.16,False,4,9.20654296875,0,a446a8da60d36a072c0d,f1cde100f7de06d1812d,
asap7,aes,uniform,uniform,29,380.0,39934.19,376,4,False,5,1.35e-06,True,False,43076791,20686107,,,,,,,,,,,,,,,1396.97,12528,9.78,False,4,9.34912109375,0,723b7f90d86b137e5d32,a3a26d8fef02671119cc,
asap7,aes,uniform,uniform,30,380.0,39981.69,379,4,False,5,4.86e-06,True,False,43171362,20891733,,,,,,,,,,,,,,,1399.45,12555,9.73,False,4,9.34912109375,0,a94e4889e259ff523c7b,09f7ab7b6a072d1a8980,
asap7,aes,uniform,uniform,31,380.0,40296.22,377,4,False,5,4.46e-06,True,False,43555539,20849752,,,,,,,,,,,,,,,1400.03,12563,9.97,False,4,9.34912109375,0,a771feb4e7eef118ca21,0d5d6e4a92944fee2514,
asap7,aes,uniform,uniform,32,380.0,39246.32,374,4,False,5,3.63e-06,True,False,43213905,20784415,,,,,,,,,,,,,,,1398.78,12540,9.9,False,4,9.34912109375,0,70420c49662567466cf3,91a59113458b9e9410db,
asap7,ethmac,anchored,anchored,1,1000.0,144411.8,498,4,False,20,6.086e-05,False,True,160254382,64163930,,,,,1092.0317,-92.0317,-1778.95,24.3745,286558,20.41,0,43.69,False,0,7574.19,59735,44.86,False,4,9.0556640625,0,42e42e5af8c33beb2738,720ccbc91b3b554b2f8f,21499dfe33eb1562fe5a
asap7,ethmac,anchored,anchored,2,1000.0,144604.9,499,4,False,20,5.67e-05,False,True,160091497,64041305,,,,,1093.4195,-93.4195,-1708.68,20.7187,287481,20.54,0,43.63,False,0,7573.81,59730,43.95,False,4,8.83642578125,0,c6805dd6acb30038fbaa,66c4de12ce5405d5aa45,fa15e460c43115b51475
asap7,ethmac,anchored,anchored,3,1000.0,145799.6,498,4,False,20,4.337e-05,False,True,160333508,64357134,,,,,1090.2476,-90.2476,-1846.83,20.7177,289504,20.64,0,45.57,False,0,7572.12,59712,46.49,False,4,9.53759765625,0,e360b008ef68900542de,d89457bb286dc538db39,42c891cf1b7c37882349
asap7,ethmac,anchored,anchored,4,1000.0,146125.7,498,4,False,20,4.774e-05,False,True,160503947,64325896,,,,,1088.9852,-88.9852,-1587.52,21.0983,288911,20.65,0,44.49,False,0,7574.34,59736,46.24,False,4,9.25390625,0,24514fdb6b8702ad9483,e79dc20adbc5d06a8858,9d3c9e1106df3de21c8d
asap7,ethmac,anchored,anchored,5,1000.0,147114.5,499,4,False,20,4.803e-05,False,True,160363587,64394907,,,,,1090.7035,-90.7035,-1898.09,25.0179,290063,20.77,0,44.64,False,0,7577.14,59768,46.54,False,4,9.69091796875,0,06d18965c58d79a9aaa4,99138dd0325cac8c973e,7551f6da9f5f5eef5cb8
asap7,ethmac,anchored,anchored,6,1000.0,145028.9,499,4,False,20,5.28e-05,False,True,160302164,64242026,,,,,1094.6105,-94.6105,-2005.01,20.7091,287585,20.55,0,43.69,False,0,7574.05,59730,45.39,False,4,9.39501953125,0,50d8c7434d9d9c1774ea,44bab075765a3d20f312,9e2e7b01ef4d925709c1
asap7,ethmac,anchored,anchored,7,1000.0,145172.3,498,4,False,20,4.272e-05,False,True,160319319,64221285,,,,,1093.8921,-93.8921,-1978.05,25.5527,288184,20.55,0,43.34,False,0,7575.16,59746,44.62,False,4,9.56396484375,0,82383b8059887eb1a019,ca712fe4a641158f0ae9,d7a7dbed1cefc7e3a44f
asap7,ethmac,anchored,anchored,8,1000.0,142919.4,499,4,False,20,4.167e-05,False,True,160229625,64404963,,,,,1094.3138,-94.3138,-1789.83,25.3655,284765,20.24,0,44.21,False,0,7575.88,59751,43.85,False,4,9.21728515625,0,b72f5b99d9569d1546b8,8356d577df18e93dd6e4,5d96e9f433e4c3f4ca4c
asap7,ethmac,anchored,anchored,9,1000.0,146072.2,499,4,False,20,4.6e-05,False,True,160339342,64321043,,,,,,,,,,,,,,,7576.12,59757,45.31,False,4,9.33154296875,0,0ccd70ca9aeebf82dd02,06fd779cf1bec9cd429b,
asap7,ethmac,anchored,anchored,10,1000.0,143488.2,499,4,False,20,4.28e-05,False,True,160344006,64378477,,,,,,,,,,,,,,,7576.47,59759,45.71,False,4,9.33154296875,0,2616ae9b74471bde1fbb,9681dfac62430e987e6a,
asap7,ethmac,anchored,anchored,11,1000.0,144877.5,497,4,False,20,4.033e-05,False,True,160563096,64341275,,,,,,,,,,,,,,,7573.93,59734,43.95,False,4,9.40625,0,5e02ea95a8c7a86f656f,b34214766d83b9be2433,
asap7,ethmac,anchored,anchored,12,1000.0,144991.6,499,4,False,20,4.767e-05,False,True,160452685,64274792,,,,,,,,,,,,,,,7576.73,59764,44.79,False,4,9.40625,0,e3d5793ccf8145860e5d,03a9435ec5da5fbda441,
asap7,ethmac,anchored,anchored,13,1000.0,144737.6,498,4,False,20,5.449e-05,False,True,160354755,64127694,,,,,,,,,,,,,,,7575.45,59748,45.81,False,4,9.171875,0,895140912b9983e9fb60,35e08d03df2a3dced76f,
asap7,ethmac,anchored,anchored,14,1000.0,145342.2,498,4,False,20,4.873e-05,False,True,160318116,64285041,,,,,,,,,,,,,,,7575.24,59747,45.49,False,4,9.3720703125,0,02f2f762466f36a3bd2c,c535ff921c22b35e3be0,
asap7,ethmac,anchored,anchored,15,1000.0,146694.8,498,4,False,20,5.144e-05,False,True,160381814,64285578,,,,,,,,,,,,,,,7576.64,59761,43.28,False,4,9.74169921875,0,07d48edff8d017cf6280,f105a0cad553798a57bf,
asap7,ethmac,anchored,anchored,16,1000.0,146358.3,498,4,False,20,4.838e-05,False,True,160275269,64382746,,,,,,,,,,,,,,,7574.92,59742,43.36,False,4,9.44189453125,0,d622c54cb5bd3208edc7,139af4a372cf35813ba2,
asap7,ethmac,center,center,1,1000.0,144366.0,499,4,False,20,5.478e-05,False,True,160254382,64165157,,,,,,,,,,,,,,,7575.97,59756,49.38,False,4,8.548828125,0,426a23122b71d1c414f5,720ccbc91b3b554b2f8f,
asap7,ethmac,center,center,2,1000.0,144697.9,499,4,False,20,6.235e-05,False,True,160091497,64044474,,,,,,,,,,,,,,,7573.41,59726,49.4,False,4,8.548828125,0,21c1876a7d4d27b1a072,66c4de12ce5405d5aa45,
asap7,ethmac,center,center,3,1000.0,144756.1,498,4,False,20,4.809e-05,False,True,160333508,64348010,,,,,,,,,,,,,,,7578.1,59779,50.56,False,4,9.6279296875,0,16aa07e4ebbafcc1ef51,d89457bb286dc538db39,
asap7,ethmac,center,center,4,1000.0,144877.4,498,4,False,20,4.134e-05,False,True,160503947,64244260,,,,,,,,,,,,,,,7574.16,59736,50.56,False,4,9.51220703125,0,75cdd3750c9da40a376f,e79dc20adbc5d06a8858,
asap7,ethmac,center,center,5,1000.0,145658.6,498,4,False,20,4.697e-05,False,True,160363587,64387158,,,,,,,,,,,,,,,7574.22,59734,48.86,False,4,9.51220703125,0,21e96fac41f526d69538,99138dd0325cac8c973e,
asap7,ethmac,center,center,6,1000.0,145365.1,498,4,False,20,4.993e-05,False,True,160302164,64234745,,,,,,,,,,,,,,,7574.31,59733,46.61,False,4,9.470703125,0,3cbadf7ce1f503a47a03,44bab075765a3d20f312,
asap7,ethmac,center,center,7,1000.0,145261.0,498,4,False,20,5.089e-05,False,True,160319319,64279861,,,,,,,,,,,,,,,7574.69,59740,47.48,False,4,9.470703125,0,eb047da9f26f1d1d3194,ca712fe4a641158f0ae9,
asap7,ethmac,center,center,8,1000.0,142967.5,498,4,False,20,4.395e-05,False,True,160229625,64411403,,,,,,,,,,,,,,,7575.51,59750,47.12,False,4,9.470703125,0,f9043d495845f8faea69,8356d577df18e93dd6e4,
asap7,ethmac,center,center,9,1000.0,146209.0,498,4,False,20,5.075e-05,False,True,160339342,64310838,,,,,,,,,,,,,,,7576.06,59753,50.75,False,4,9.01953125,0,b9d32e484806721556d2,06fd779cf1bec9cd429b,
asap7,ethmac,center,center,10,1000.0,143227.8,499,4,False,20,4.865e-05,False,True,160344006,64373289,,,,,,,,,,,,,,,7574.69,59742,48.74,False,4,9.31787109375,0,9e8478e06a0cee0e098d,9681dfac62430e987e6a,
asap7,ethmac,center,center,11,1000.0,145496.2,498,4,False,20,4.45e-05,False,True,160563096,64415398,,,,,,,,,,,,,,,7575.42,59747,50.26,False,4,9.31787109375,0,6301f9475244ba983601,b34214766d83b9be2433,
asap7,ethmac,center,center,12,1000.0,146432.4,498,4,False,20,4.704e-05,False,True,160452685,64273731,,,,,,,,,,,,,,,7577.69,59773,48.39,False,4,9.77294921875,0,d14b395ae49e5720c76b,03a9435ec5da5fbda441,
asap7,ethmac,center,center,13,1000.0,145385.8,498,4,False,20,5.584e-05,False,True,160354755,64129641,,,,,,,,,,,,,,,7576.56,59760,46.14,False,4,9.7109375,0,d5794c90ffe22eff0d61,35e08d03df2a3dced76f,
asap7,ethmac,center,center,14,1000.0,145756.8,498,4,False,20,5.247e-05,False,True,160318116,64277615,,,,,,,,,,,,,,,7575.65,59751,45.17,False,4,9.7109375,0,f89b329e1489cb964691,c535ff921c22b35e3be0,
asap7,ethmac,center,center,15,1000.0,146198.0,498,4,False,20,4.61e-05,False,True,160381814,64203250,,,,,,,,,,,,,,,7575.83,59755,49.49,False,4,8.46630859375,0,fdf2304063dc0a67b917,f105a0cad553798a57bf,
asap7,ethmac,center,center,16,1000.0,145993.3,499,4,False,20,4.695e-05,False,True,160275269,64378493,,,,,,,,,,,,,,,7575.04,59746,47.64,False,4,8.8974609375,0,dcb11b378693f8233148,139af4a372cf35813ba2,
asap7,ethmac,corner_ll,corner_ll,1,1000.0,144550.1,497,4,False,20,0.00062139,False,True,160981330,65696343,,,,,,,,,,,,,,,7575.97,59754,47.6,False,4,8.16943359375,0,a5b3efcbd3027ad6194a,b8755ef5f400d8c0d424,
asap7,ethmac,corner_ll,corner_ll,2,1000.0,145043.3,495,4,False,20,0.00062139,False,True,160981330,65696343,,,,,,,,,,,,,,,7574.81,59742,46.44,False,4,8.53955078125,0,e53bf4481671f42274db,b8755ef5f400d8c0d424,
asap7,ethmac,corner_ll,corner_ll,3,1000.0,144528.7,497,4,False,20,0.00062139,False,True,160981330,65696343,,,,,,,,,,,,,,,7575.39,59746,46.84,False,4,8.53955078125,0,c76a40defdcaa7261695,b8755ef5f400d8c0d424,
asap7,ethmac,corner_ll,corner_ll,4,1000.0,144137.2,496,4,False,20,0.00062139,False,True,160981330,65696343,,,,,,,,,,,,,,,7576.35,59759,45.49,False,4,8.57666015625,0,d93e10f197017acaff9f,b8755ef5f400d8c0d424,
asap7,ethmac,corner_ll,corner_ll,5,1000.0,143646.6,496,4,False,20,0.00062139,False,True,160981330,65696343,,,,,,,,,,,,,,,7578.07,59775,44.15,False,4,9.34375,0,de3212e6c5d3999808b1,b8755ef5f400d8c0d424,
asap7,ethmac,corner_ll,corner_ll,6,1000.0,144237.3,497,4,False,20,0.00062139,False,True,160981330,65696343,,,,,,,,,,,,,,,7576.73,59766,44.7,False,4,9.556640625,0,e43d893c839725338959,b8755ef5f400d8c0d424,
asap7,ethmac,corner_ll,corner_ll,7,1000.0,144331.0,497,4,False,20,0.00062139,False,True,160981330,65696343,,,,,,,,,,,,,,,7577.58,59771,46.78,False,4,9.5009765625,0,33ecdbf126e6f3b253c9,b8755ef5f400d8c0d424,
asap7,ethmac,corner_ll,corner_ll,8,1000.0,143748.5,496,4,False,20,0.00062139,False,True,160981330,65696343,,,,,,,,,,,,,,,7577.81,59773,47.03,False,4,9.40478515625,0,a6cb25ac74d6d6b11f6c,b8755ef5f400d8c0d424,
asap7,ethmac,corner_ll,corner_ll,9,1000.0,144422.6,497,4,False,20,0.00062139,False,True,160981330,65696343,,,,,,,,,,,,,,,7576.47,59757,46.57,False,4,9.1318359375,0,492e4e988197ffb7a2d1,b8755ef5f400d8c0d424,
asap7,ethmac,corner_ll,corner_ll,10,1000.0,144133.8,497,4,False,20,0.00062139,False,True,160981330,65696343,,,,,,,,,,,,,,,7575.18,59745,46.15,False,4,9.1318359375,0,92f2ae30dc356eefcbb5,b8755ef5f400d8c0d424,
asap7,ethmac,corner_ll,corner_ll,11,1000.0,144051.9,497,4,False,20,0.00062139,False,True,160981330,65696343,,,,,,,,,,,,,,,7573.9,59731,44.58,False,4,9.97119140625,0,21b806817a60980f0c62,b8755ef5f400d8c0d424,
asap7,ethmac,corner_ll,corner_ll,12,1000.0,143406.8,496,4,False,20,0.00062139,False,True,160981330,65696343,,,,,,,,,,,,,,,7571.77,59708,44.84,False,4,9.89306640625,0,2bd4e1a8cdf7d78bf362,b8755ef5f400d8c0d424,
asap7,ethmac,corner_ll,corner_ll,13,1000.0,144192.8,497,4,False,20,0.00062139,False,True,160981330,65696343,,,,,,,,,,,,,,,7577.08,59766,47.34,False,4,8.41943359375,0,2faaa914c78bc84dbe71,b8755ef5f400d8c0d424,
asap7,ethmac,corner_ll,corner_ll,14,1000.0,144517.2,497,4,False,20,0.00062139,False,True,160981330,65696343,,,,,,,,,,,,,,,7575.21,59748,47.08,False,4,8.548828125,0,f8b2ecb7e67c705a335c,b8755ef5f400d8c0d424,
asap7,ethmac,corner_ll,corner_ll,15,1000.0,144109.2,497,4,False,20,0.00062139,False,True,160981330,65696343,,,,,,,,,,,,,,,7572.01,59710,46.73,False,4,8.548828125,0,2bd6c8e947cb63304ac9,b8755ef5f400d8c0d424,
asap7,ethmac,corner_ll,corner_ll,16,1000.0,144588.3,497,4,False,20,0.00062139,False,True,160981330,65696343,,,,,,,,,,,,,,,7575.36,59747,45.49,False,4,8.5849609375,0,a5b43e14572b49cade8d,b8755ef5f400d8c0d424,
asap7,ethmac,corner_ur,corner_ur,1,1000.0,145414.7,494,4,False,20,2.272e-05,False,True,166146227,65725841,,,,,,,,,,,,,,,7576.12,59755,45.39,False,4,9.47607421875,0,734db8d2c95b1eabb5df,3631066cdc613f8175eb,
asap7,ethmac,corner_ur,corner_ur,2,1000.0,145720.3,494,4,False,20,2.272e-05,False,True,166146227,65725841,,,,,,,,,,,,,,,7576.93,59765,45.35,False,4,9.91845703125,0,69cabb33dd57fccb759a,3631066cdc613f8175eb,
asap7,ethmac,corner_ur,corner_ur,3,1000.0,145578.2,495,4,False,20,2.272e-05,False,True,166146227,65725841,,,,,,,,,,,,,,,7573.76,59728,48.94,False,4,8.5595703125,0,2b464566ae88dcd6ef35,3631066cdc613f8175eb,
asap7,ethmac,corner_ur,corner_ur,4,1000.0,145769.8,495,4,False,20,2.272e-05,False,True,166146227,65725841,,,,,,,,,,,,,,,7576.23,59753,48.98,False,4,8.52197265625,0,a3adb1946a1ba1701c7a,3631066cdc613f8175eb,
asap7,ethmac,corner_ur,corner_ur,5,1000.0,145897.4,494,4,False,20,2.272e-05,False,True,166146227,65725841,,,,,,,,,,,,,,,7576.38,59756,47.76,False,4,8.560546875,0,a8bf5af37dcf6f93f36b,3631066cdc613f8175eb,
asap7,ethmac,corner_ur,corner_ur,6,1000.0,145118.1,495,4,False,20,2.272e-05,False,True,166146227,65725841,,,,,,,,,,,,,,,7575.62,59752,45.31,False,4,8.83642578125,0,733b12463061adc47c94,3631066cdc613f8175eb,
asap7,ethmac,corner_ur,corner_ur,7,1000.0,145455.5,494,4,False,20,2.272e-05,False,True,166146227,65725841,,,,,,,,,,,,,,,7574.92,59742,44.65,False,4,9.7392578125,0,6d44fa1b9a307e48350a,3631066cdc613f8175eb,
asap7,ethmac,corner_ur,corner_ur,8,1000.0,146331.0,494,4,False,20,2.272e-05,False,True,166146227,65725841,,,,,,,,,,,,,,,7575.94,59753,43.49,False,4,9.76025390625,0,ff8b55b0852f5aea7163,3631066cdc613f8175eb,
asap7,ethmac,corner_ur,corner_ur,9,1000.0,145836.5,494,4,False,20,2.272e-05,False,True,166146227,65725841,,,,,,,,,,,,,,,7573.06,59718,48.59,False,4,8.90185546875,0,4ed3b4e4346536092dc4,3631066cdc613f8175eb,
asap7,ethmac,corner_ur,corner_ur,10,1000.0,145431.2,494,4,False,20,2.272e-05,False,True,166146227,65725841,,,,,,,,,,,,,,,7576.41,59761,46.79,False,4,8.85595703125,0,5cffa487bb99dcc3a30f,3631066cdc613f8175eb,
asap7,ethmac,corner_ur,corner_ur,11,1000.0,145484.8,495,4,False,20,2.272e-05,False,True,166146227,65725841,,,,,,,,,,,,,,,7576.38,59760,46.65,False,4,8.86767578125,0,c33b90c82cc941ed0858,3631066cdc613f8175eb,
asap7,ethmac,corner_ur,corner_ur,12,1000.0,145672.5,495,4,False,20,2.272e-05,False,True,166146227,65725841,,,,,,,,,,,,,,,7572.53,59714,46.96,False,4,8.86767578125,0,5709e6e3395c10b589bc,3631066cdc613f8175eb,
asap7,ethmac,corner_ur,corner_ur,13,1000.0,145915.2,495,4,False,20,2.272e-05,False,True,166146227,65725841,,,,,,,,,,,,,,,7576.93,59765,44.36,False,4,10.166015625,0,0c55b0fcc3e32913f7df,3631066cdc613f8175eb,
asap7,ethmac,corner_ur,corner_ur,14,1000.0,145994.5,494,4,False,20,2.272e-05,False,True,166146227,65725841,,,,,,,,,,,,,,,7574.25,59733,42.93,False,4,9.9921875,0,2e860ee37e2ec387f07f,3631066cdc613f8175eb,
asap7,ethmac,corner_ur,corner_ur,15,1000.0,146001.9,494,4,False,20,2.272e-05,False,True,166146227,65725841,,,,,,,,,,,,,,,7574.89,59743,48.29,False,4,8.91162109375,0,e567239c34d4c28b031c,3631066cdc613f8175eb,
asap7,ethmac,corner_ur,corner_ur,16,1000.0,145684.8,494,4,False,20,2.272e-05,False,True,166146227,65725841,,,,,,,,,,,,,,,7575.27,59746,47.39,False,4,8.91357421875,0,e555fbddb73c037f936a,3631066cdc613f8175eb,
asap7,ethmac,gauss_tight,gauss_tight,1,1000.0,152306.7,469,4,False,20,0.00012506,False,True,163309430,67747481,,,,,,,,,,,,,,,7577.31,59770,43.75,False,4,8.73583984375,0,9ec26f62ee99d462606e,b505c1924f99fb4b5956,
asap7,ethmac,gauss_tight,gauss_tight,2,1000.0,143541.6,487,4,False,20,1.328e-05,False,True,157392123,64886097,,,,,,,,,,,,,,,7576.79,59764,42.91,False,4,8.83740234375,0,8e166b991cf7952aa286,1a23559ec15efc583bce,
asap7,ethmac,gauss_tight,gauss_tight,3,1000.0,141819.1,500,4,False,20,0.00049992,False,True,161548902,63855739,,,,,,,,,,,,,,,7577.08,59768,44.54,False,4,8.45263671875,0,90cbf000ec436d16923d,7242bd96336857df2c86,
asap7,ethmac,gauss_tight,gauss_tight,4,1000.0,143304.5,486,4,False,20,0.00028496,False,True,159039693,62642437,,,,,,,,,,,,,,,7579.53,59794,45.54,False,4,8.36767578125,0,d32a5236f5ba2f713849,e9fdc44a776c7e942e72,
asap7,ethmac,gauss_tight,gauss_tight,5,1000.0,143937.3,499,4,False,20,4.337e-05,False,True,162451914,64167145,,,,,,,,,,,,,,,7578.28,59785,45.37,False,4,8.99365234375,0,58507905573d63760892,9d3bd2891d84933d6041,
asap7,ethmac,gauss_tight,gauss_tight,6,1000.0,140953.4,485,4,False,20,0.00023154,False,True,163348786,61495894,,,,,,,,,,,,,,,7574.81,59740,45.95,False,4,8.9140625,0,1ac479de37eb54acac7f,467904d10729d1501430,
asap7,ethmac,gauss_tight,gauss_tight,7,1000.0,152089.0,465,4,False,20,3.847e-05,False,True,165847819,68827746,,,,,,,,,,,,,,,7575.46,59747,44.65,False,4,9.20263671875,0,dbc3a1fdde32b7d7dedd,a5beeeea04d375f7b733,
asap7,ethmac,gauss_tight,gauss_tight,8,1000.0,142535.8,486,4,False,20,0.00047739,False,True,157932035,61173937,,,,,,,,,,,,,,,7576.21,59758,44.88,False,4,9.20263671875,0,a672c047b4c3672f94af,d1470d4f7c64fb831edb,
asap7,ethmac,gauss_tight,gauss_tight,9,1000.0,149082.5,483,4,False,20,1.667e-05,False,True,162302685,69184478,,,,,,,,,,,,,,,7577.08,59764,44.89,False,4,8.70068359375,0,256a25ff7d0deaff68fd,5220a0a1302781e4a40f,
asap7,ethmac,gauss_tight,gauss_tight,10,1000.0,146301.8,484,4,False,20,0.00023428,False,True,165750518,63750496,,,,,,,,,,,,,,,7577.52,59773,47.32,False,4,9.0634765625,0,7a2f4337c83c1fc0b708,d8c92afd4804b90bc407,
asap7,ethmac,gauss_tight,gauss_tight,11,1000.0,145594.9,468,4,False,20,0.0002054,False,True,161946055,68593727,,,,,,,,,,,,,,,7577.9,59780,45.54,False,4,9.2744140625,0,9ff8f2a0145ee2684346,d5710477d6b73ad48081,
asap7,ethmac,gauss_tight,gauss_tight,12,1000.0,144412.1,486,4,False,20,1.604e-05,False,True,162097251,64306982,,,,,,,,,,,,,,,7579.33,59789,45.92,False,4,9.01171875,0,1f080a61135d06a8c928,aef6e4bbb5fe1f5a3a63,
asap7,ethmac,gauss_tight,gauss_tight,13,1000.0,142328.9,488,4,False,20,3.348e-05,False,True,161315362,62126618,,,,,,,,,,,,,,,7579.53,59796,45.64,False,4,8.91015625,0,4e51b9394886b24700e7,71ce810be0de38c4ee95,
asap7,ethmac,gauss_tight,gauss_tight,14,1000.0,142623.3,497,4,False,20,1.327e-05,False,True,154941362,65380502,,,,,,,,,,,,,,,7577.52,59773,45.62,False,4,8.91015625,0,66603a555828b0f317f2,5a4fb0a2ed268f8efaef,
asap7,ethmac,gauss_tight,gauss_tight,15,1000.0,141367.3,487,4,False,20,0.00034182,False,True,159628116,61792902,,,,,,,,,,,,,,,7576.12,59759,45.72,False,4,9.44287109375,0,f3f82ebbfb9f1ef0a58c,d5c2d269fc2403758490,
asap7,ethmac,gauss_tight,gauss_tight,16,1000.0,144100.6,499,4,False,20,0.00053267,False,True,162120607,64753826,,,,,,,,,,,,,,,7574.46,59738,48.21,False,4,9.138671875,0,0132fd37e65c3487b538,fff1c30cba4678b5d7c4,
asap7,ethmac,gauss_tight,gauss_tight,17,1000.0,152000.4,464,4,False,20,4.375e-05,False,True,165581572,71203213,,,,,,,,,,,,,,,7578.28,59781,46.36,False,4,8.9970703125,0,ef397c1abcf27c3b6add,8c1132f9e9885c5c1286,
asap7,ethmac,gauss_tight,gauss_tight,18,1000.0,153560.1,473,4,False,19,7.68e-06,True,False,165742445,69360297,,,,,,,,,,,,,,,7576.44,59758,45.94,False,4,8.9970703125,0,51eea8ed7305e32857d2,20d9e87b070ff05b0928,
asap7,ethmac,gauss_tight,gauss_tight,19,1000.0,142589.3,486,4,False,20,1.301e-05,False,True,164160079,64714633,,,,,,,,,,,,,,,7578.25,59780,44.41,False,4,8.97900390625,0,70546aaef769380dcc87,807b2da7239a32d80784,
asap7,ethmac,gauss_tight,gauss_tight,20,1000.0,149950.8,473,4,False,20,1.553e-05,False,True,166859805,69449797,,,,,,,,,,,,,,,7578.19,59780,44.04,False,4,8.97900390625,0,e5526cdabfdd8c438f09,ae440e5d5ec6294614c8,
asap7,ethmac,gauss_tight,gauss_tight,21,1000.0,143039.6,486,4,False,20,0.00061124,False,True,161399910,61973881,,,,,,,,,,,,,,,7575.53,59749,44.37,False,4,8.66455078125,0,3e79c9c7a87666589256,77678d05c83e0c8448c9,
asap7,ethmac,gauss_tight,gauss_tight,22,1000.0,143902.6,499,4,False,20,0.00027883,False,True,156837563,64802359,,,,,,,,,,,,,,,7576.12,59755,45.83,False,4,8.7607421875,0,b65fecd8533f07653e46,2377586a44dc2f668ffd,
asap7,ethmac,gauss_tight,gauss_tight,23,1000.0,150506.0,472,4,False,17,7.19e-06,True,False,166311783,69561266,,,,,,,,,,,,,,,7576.41,59759,45.45,False,4,8.94970703125,0,6803dc9d50bf8f710116,6e9685fdc412219dcabc,
asap7,ethmac,gauss_tight,gauss_tight,24,1000.0,151335.4,459,4,False,20,0.00022512,False,True,164293930,73233063,,,,,,,,,,,,,,,7575.16,59744,45.31,False,4,8.94970703125,0,b7f539c2ba1de92397ce,4556785b3cb9ec77e64b,
asap7,ethmac,gauss_tight,gauss_tight,25,1000.0,146742.6,499,4,False,20,0.00014282,False,True,160923945,64680373,,,,,,,,,,,,,,,7576.7,59763,44.83,False,4,9.60986328125,0,82b4d7ca64c7cc62934a,24e2a01461003dd985a9,
asap7,ethmac,gauss_tight,gauss_tight,26,1000.0,142165.1,486,4,False,20,3.303e-05,False,True,165268825,62820025,,,,,,,,,,,,,,,7575.86,59752,44.45,False,4,9.60986328125,0,d1db37b71a9de93c8b9a,2007d1e70cfcf842e9ae,
asap7,ethmac,gauss_tight,gauss_tight,27,1000.0,146829.6,483,4,False,19,9.24e-06,True,False,166478138,67802299,,,,,,,,,,,,,,,7575.59,59749,43.23,False,4,8.9560546875,0,f14f580e332676486f28,38456dc14d7c30abe2fb,
asap7,ethmac,gauss_tight,gauss_tight,28,1000.0,141793.7,500,4,False,20,5.582e-05,False,True,160972272,63963878,,,,,,,,,,,,,,,7575.07,59745,45.05,False,4,8.3203125,0,d0488233b27b5156750d,51e92ffb411f647f146b,
asap7,ethmac,gauss_tight,gauss_tight,29,1000.0,151023.5,484,4,False,20,0.00023882,False,True,163819440,65297770,,,,,,,,,,,,,,,7578.07,59780,46.43,False,4,8.45166015625,0,46706bee94da5a20dd62,3a01320a5318d2d8285e,
asap7,ethmac,gauss_tight,gauss_tight,30,1000.0,150977.6,468,4,False,20,0.00016865,False,True,162292125,68223550,,,,,,,,,,,,,,,7575.48,59749,45.59,False,4,8.45166015625,0,6fc57cc6289a69fdc8ee,3c123035c9769e2336cb,
asap7,ethmac,gauss_tight,gauss_tight,31,1000.0,146320.1,499,4,False,20,1.79e-05,False,True,163720259,65938682,,,,,,,,,,,,,,,7574.48,59737,43.57,False,4,8.8896484375,0,410116a15ac31f855ae3,c2513c591cc2cac6ed94,
asap7,ethmac,gauss_tight,gauss_tight,32,1000.0,150377.4,466,4,False,20,0.0002355,False,True,166364960,69808010,,,,,,,,,,,,,,,7577.34,59769,43.52,False,4,8.818359375,0,3ae787b107b87455dfc6,8a5551e18b67b2d20bbe,
asap7,ethmac,gauss_wide,gauss_wide,1,1000.0,148143.1,468,4,False,20,6.029e-05,False,True,165802836,69800607,,,,,,,,,,,,,,,7575.91,59754,44.36,False,4,8.17578125,0,77e913388f27870991cf,c73484be916561d3bc8c,
asap7,ethmac,gauss_wide,gauss_wide,2,1000.0,145942.6,482,4,False,20,9.5e-06,True,False,160756617,66365035,,,,,,,,,,,,,,,7577.75,59777,44.68,False,4,7.92626953125,0,9fa4bf0758b7f5f594d3,1d9959f34ad935f7e03f,
asap7,ethmac,gauss_wide,gauss_wide,3,1000.0,148171.2,466,4,False,20,6.055e-05,False,True,161342153,69490632,,,,,,,,,,,,,,,7575.42,59747,44.3,False,4,8.0283203125,0,79d2bed2a9ad7c6ccced,fe6cfafad5e83f72f6d6,
asap7,ethmac,gauss_wide,gauss_wide,4,1000.0,147326.1,485,4,False,20,7.859e-05,False,True,158911874,66336682,,,,,,,,,,,,,,,7578.89,59788,45.58,False,4,8.0283203125,0,a6e4e0655287c9cb9b6a,2f04b87c15b92268a696,
asap7,ethmac,gauss_wide,gauss_wide,5,1000.0,144729.9,500,4,False,20,5.191e-05,False,True,161088339,64292765,,,,,,,,,,,,,,,7576.12,59757,44.58,False,4,8.28515625,0,cd5204801455acc7d37a,5ceddaa907881a4a4518,
asap7,ethmac,gauss_wide,gauss_wide,6,1000.0,141265.2,486,4,False,20,0.00027051,False,True,159449952,61247340,,,,,,,,,,,,,,,7575.77,59753,44.62,False,4,8.28515625,0,fe2915b70108be4335d0,598c28591e75af5d56ff,
asap7,ethmac,gauss_wide,gauss_wide,7,1000.0,151093.5,469,4,False,20,1.416e-05,False,True,162338025,68110801,,,,,,,,,,,,,,,7575.62,59748,44.66,False,4,8.74462890625,0,0ea9f4edc7da3eb60c89,3ea1b5e0632416f941d5,
asap7,ethmac,gauss_wide,gauss_wide,8,1000.0,149775.1,468,4,False,20,6.833e-05,False,True,160526295,67951537,,,,,,,,,,,,,,,7574.31,59739,46.93,False,4,8.552734375,0,08e289f0da215bd2c4e9,9d109c226f9e7255228a,
asap7,ethmac,gauss_wide,gauss_wide,9,1000.0,150104.7,479,4,False,20,8.13e-06,True,False,165305801,69678981,,,,,,,,,,,,,,,7576.06,59757,45.85,False,4,8.37841796875,0,e4739ea5bc2c00660e7b,abb6f75522976bb53ca7,
asap7,ethmac,gauss_wide,gauss_wide,10,1000.0,145872.6,479,4,False,19,7.44e-06,True,False,167615491,69384132,,,,,,,,,,,,,,,7576.67,59764,44.97,False,4,8.66845703125,0,dad93fa15f8f5a009d6b,d57a5562a33b65d9b1fd,
asap7,ethmac,gauss_wide,gauss_wide,11,1000.0,148868.5,463,4,False,20,0.00012311,False,True,162659526,69143661,,,,,,,,,,,,,,,7577.02,59764,45.53,False,4,9.1474609375,0,540c15fbf18b3c96c2ce,c524b43ff71977530132,
asap7,ethmac,gauss_wide,gauss_wide,12,1000.0,144873.9,468,4,False,20,4.745e-05,False,True,161814326,69062987,,,,,,,,,,,,,,,7574.69,59740,44.04,False,4,9.1474609375,0,ac52cce034550bd97023,d823d6d0f4d115a0de94,
asap7,ethmac,gauss_wide,gauss_wide,13,1000.0,144137.8,486,4,False,20,1.185e-05,False,True,161147498,65294498,,,,,,,,,,,,,,,7577.26,59768,44.69,False,4,8.8095703125,0,0b631d5fb0393edf565f,9eda298ab396efd5162a,
asap7,ethmac,gauss_wide,gauss_wide,14,1000.0,142264.3,498,4,False,20,3.102e-05,False,True,152744667,64937610,,,,,,,,,,,,,,,7576.5,59762,45.95,False,4,8.81005859375,0,d06288508d0efb8379a4,560ceb6682b9150baedf,
asap7,ethmac,gauss_wide,gauss_wide,15,1000.0,142178.5,486,4,False,20,0.00042027,False,True,157068652,61274114,,,,,,,,,,,,,,,7575.74,59754,45.64,False,4,8.87646484375,0,f4caa43e8032eccf534b,1e1f2882e6270f67841e,
asap7,ethmac,gauss_wide,gauss_wide,16,1000.0,145035.3,498,4,False,20,0.00038012,False,True,161318986,64773430,,,,,,,,,,,,,,,7576.5,59760,45.14,False,4,8.88671875,0,9df739ec71b3e92e0e3e,aed24b0839fa66038a33,
asap7,ethmac,gauss_wide,gauss_wide,17,1000.0,146948.2,495,4,False,20,3.512e-05,False,True,161527154,66620585,,,,,,,,,,,,,,,7573.73,59731,46.15,False,4,9.7783203125,0,6e901107000658508e12,37aafd76dfe65aa96893,
asap7,ethmac,gauss_wide,gauss_wide,18,1000.0,154619.1,468,4,False,20,1.721e-05,False,True,162631367,71312808,,,,,,,,,,,,,,,7577.78,59774,45.62,False,4,9.4755859375,0,08d34b6c3ac0f1c3d48d,91485f0a7c5cc73a3f1f,
asap7,ethmac,gauss_wide,gauss_wide,19,1000.0,143449.3,486,4,False,20,1.269e-05,False,True,163389973,65135917,,,,,,,,,,,,,,,7579.53,59796,45.02,False,4,9.513671875,0,e5b3ba1d7c0898f649e1,6b5de29ed670f92276dc,
asap7,ethmac,gauss_wide,gauss_wide,20,1000.0,148749.5,483,4,False,20,9.935e-05,False,True,168638018,65846788,,,,,,,,,,,,,,,7577.17,59767,45.59,False,4,9.4951171875,0,45fad3f13de2bf49a634,7ceb89564f615aabaa54,
asap7,ethmac,gauss_wide,gauss_wide,21,1000.0,145296.4,483,4,False,20,0.00013444,False,True,163554023,67090916,,,,,,,,,,,,,,,7575.53,59751,45.59,False,4,9.8017578125,0,f78ff3b3dbc315a7b852,5dad46af164d2ec0cdae,
asap7,ethmac,gauss_wide,gauss_wide,22,1000.0,147257.0,499,4,False,20,0.00028722,False,True,162042446,64798955,,,,,,,,,,,,,,,7578.65,59784,46.1,False,4,9.7373046875,0,fbb002ee87aa06710135,a18ab7ed60a734370309,
asap7,ethmac,gauss_wide,gauss_wide,23,1000.0,148830.3,472,4,False,20,1.646e-05,False,True,164687429,69606098,,,,,,,,,,,,,,,7576.38,59760,45.61,False,4,9.36083984375,0,470890d8627dcd44b5e5,00fcf151da0327ce2d5f,
asap7,ethmac,gauss_wide,gauss_wide,24,1000.0,150955.8,460,4,False,20,0.00016479,False,True,166757548,74012628,,,,,,,,,,,,,,,7576.93,59765,45.11,False,4,9.36083984375,0,97da655367e47327d619,51bf5b5b61e69da8e935,
asap7,ethmac,gauss_wide,gauss_wide,25,1000.0,142388.2,499,4,False,20,0.00012339,False,True,158770044,65279296,,,,,,,,,,,,,,,7578.13,59780,44.94,False,4,9.55517578125,0,05bfe06aea349f93369d,19ce7b50743eadf954f1,
asap7,ethmac,gauss_wide,gauss_wide,26,1000.0,151185.2,471,4,False,20,0.00013861,False,True,162674587,68814196,,,,,,,,,,,,,,,7578.39,59781,44.88,False,4,8.89208984375,0,78a60676c82ddbc307b2,791a265156ddec3fe77a,
asap7,ethmac,gauss_wide,gauss_wide,27,1000.0,151912.2,468,4,False,20,5.624e-05,False,True,164359853,67763093,,,,,,,,,,,,,,,7573.2,59725,45.61,False,4,8.86865234375,0,1abd78e4fbb1e0debf99,c39365f4dd0593971c13,
asap7,ethmac,gauss_wide,gauss_wide,28,1000.0,143444.5,496,4,False,20,1.305e-05,False,True,159286252,67042456,,,,,,,,,,,,,,,7575.42,59747,45.58,False,4,8.87939453125,0,b4901b069e95c62ec8b2,09d5ca8aff7d9d499b4a,
asap7,ethmac,gauss_wide,gauss_wide,29,1000.0,151526.1,484,4,False,20,0.00025656,False,True,159941843,65353017,,,,,,,,,,,,,,,7577.34,59771,45.19,False,4,9.10009765625,0,d56401ae09e403f64f90,1b3ad51d2bf63a443098,
asap7,ethmac,gauss_wide,gauss_wide,30,1000.0,145949.1,501,4,False,20,0.00057418,False,True,156004790,64031999,,,,,,,,,,,,,,,7575.91,59756,45.45,False,4,9.10009765625,0,d8b10868bd0d5482c4b4,cff0822accf9e73b5b66,
asap7,ethmac,gauss_wide,gauss_wide,31,1000.0,146336.5,498,4,False,20,0.00024175,False,True,160429700,65444934,,,,,,,,,,,,,,,7579.41,59792,44.74,False,4,8.95849609375,0,88ca7ccd0296ef3f7230,e5f5ba218bc61a3ec3d1,
asap7,ethmac,gauss_wide,gauss_wide,32,1000.0,146698.7,497,4,False,20,4.464e-05,False,True,163169091,65359645,,,,,,,,,,,,,,,7576.32,59760,45.32,False,4,8.7646484375,0,e726ad5a48f51d8baea1,a8921935b1808e5e47b0,
asap7,ethmac,odb,odb,1,1000.0,143755.9,499,4,False,20,5.826e-05,False,True,160254382,64348215,,,,,1093.0643,-93.0643,-1736.34,26.1496,285957,20.36,0,43.75,False,0,7575.88,59755,46.17,False,4,8.8974609375,0,fcbcba980f683e22e0c8,720ccbc91b3b554b2f8f,0833b54e8f0bf79d576c
asap7,ethmac,odb,odb,2,1000.0,143295.4,500,4,False,20,4.794e-05,False,True,160091497,64164229,,,,,1093.1979000000001,-93.1979,-1743.54,28.2764,286659,20.41,0,43.71,False,0,7577.43,59772,46.14,False,4,8.90576171875,0,84d1fbc02df5fc358f7e,66c4de12ce5405d5aa45,18384c3466dd48168085
asap7,ethmac,odb,odb,3,1000.0,144049.8,499,4,False,20,4.45e-05,False,True,160333508,64531536,,,,,1095.2105,-95.2105,-1721.09,23.1561,287010,20.38,0,45.46,False,0,7577.26,59772,46.15,False,4,8.91357421875,0,7bac560987c84a49ffe6,d89457bb286dc538db39,d0eaa655f7686a4942a6
asap7,ethmac,odb,odb,4,1000.0,145239.6,499,4,False,20,5.591e-05,False,True,160503947,64515610,,,,,1103.944,-103.944,-2009.4,27.6525,288201,20.6,0,43.71,False,0,7574.63,59740,44.62,False,4,8.91357421875,0,cfa9c3294ac0d2d06758,e79dc20adbc5d06a8858,1d3e3deb47bb37715c9c
asap7,ethmac,odb,odb,5,1000.0,144447.1,499,4,False,20,4.431e-05,False,True,160363587,64563148,,,,,1097.1273,-97.1273,-1744,20.9333,288254,20.55,0,44.44,False,0,7578.68,59785,46.87,False,4,9.35791015625,0,155147db2735f301bad6,99138dd0325cac8c973e,f390fcf7adead2524dee
asap7,ethmac,odb,odb,6,1000.0,145174.6,499,4,False,20,4.958e-05,False,True,160302164,64417535,,,,,1093.4135,-93.4135,-1616.81,26.528,287655,20.53,0,44.03,False,0,7576,59755,48.67,False,4,9.302734375,0,0b01f59baaab2aa97430,44bab075765a3d20f312,017a51ee195a2ea969fb
asap7,ethmac,odb,odb,7,1000.0,145906.0,500,4,False,20,4.736e-05,False,True,160319319,64458287,,,,,1094.9174,-94.9174,-1615.67,26.1504,288799,20.64,0,44.04,False,0,7577.61,59770,46.35,False,4,9.2783203125,0,3999bf492c425eb1c067,ca712fe4a641158f0ae9,c2dc7815fea15586aa27
asap7,ethmac,odb,odb,8,1000.0,143445.3,499,4,False,20,4.481e-05,False,True,160229625,64611825,,,,,1102.575,-102.575,-1837.46,25.4286,285715,20.31,0,44.23,False,0,7573.93,59730,46.17,False,4,9.73681640625,0,f809c3abdadeec032422,8356d577df18e93dd6e4,5d1bf052c17e0fc97410
asap7,ethmac,odb,odb,9,1000.0,145853.2,499,4,False,20,5.021e-05,False,True,160339342,64473626,,,,,,,,,,,,,,,7576.21,59758,43.76,False,4,9.91845703125,0,e55d00b04644b6e6a130,06fd779cf1bec9cd429b,
asap7,ethmac,odb,odb,10,1000.0,142646.4,500,4,False,20,4.507e-05,False,True,160344006,64536529,,,,,,,,,,,,,,,7573.79,59729,45.51,False,4,9.92529296875,0,e64b3aa9f3908bd68df2,9681dfac62430e987e6a,
asap7,ethmac,odb,odb,11,1000.0,145771.4,498,4,False,20,7.445e-05,False,True,160563096,64511541,,,,,,,,,,,,,,,7574.86,59742,46.6,False,4,8.56298828125,0,7157fb603b5be2e9950e,b34214766d83b9be2433,
asap7,ethmac,odb,odb,12,1000.0,145603.7,499,4,False,20,4.495e-05,False,True,160452685,64462166,,,,,,,,,,,,,,,7573.96,59731,47.93,False,4,8.3896484375,0,a63a83b2a57de72c854d,03a9435ec5da5fbda441,
asap7,ethmac,odb,odb,13,1000.0,145089.3,499,4,False,20,5.384e-05,False,True,160354755,64300818,,,,,,,,,,,,,,,7574.25,59737,46.99,False,4,8.43896484375,0,5c6d96f503d41ea85c11,35e08d03df2a3dced76f,
asap7,ethmac,odb,odb,14,1000.0,145592.0,499,4,False,20,4.981e-05,False,True,160318116,64470651,,,,,,,,,,,,,,,7573.58,59728,47.14,False,4,8.43896484375,0,6489a256bc38f0532272,c535ff921c22b35e3be0,
asap7,ethmac,odb,odb,15,1000.0,145415.4,500,4,False,20,4.627e-05,False,True,160381814,64401427,,,,,,,,,,,,,,,7575.21,59744,45.99,False,4,8.52587890625,0,545f02396b66707dff25,f105a0cad553798a57bf,
asap7,ethmac,odb,odb,16,1000.0,143048.4,500,4,False,20,4.878e-05,False,True,160275269,64599087,,,,,,,,,,,,,,,7574.28,59736,44.9,False,4,9.28466796875,0,aaf8f408e8256ae9ee18,139af4a372cf35813ba2,
asap7,ethmac,shipped,shipped,1,1000.0,144366.0,499,4,False,20,5.478e-05,False,True,160254382,64165157,0,57242,0,52745,1098.8246,-98.8246,-1829.71,26.2593,287372,20.52,0,43.49,False,0,7575.97,59756,53.47,False,4,7.33984375,0,426a23122b71d1c414f5,720ccbc91b3b554b2f8f,475c744da884c861d1f7
asap7,ethmac,shipped,shipped,2,1000.0,144697.9,499,4,False,20,6.235e-05,False,True,160091497,64044474,0,57242,0,52745,1093.5834,-93.5834,-1770.89,28.1976,287258,20.51,0,43.85,False,0,7573.41,59726,52.25,False,4,7.33984375,0,21c1876a7d4d27b1a072,66c4de12ce5405d5aa45,6393e9e568a50c77a073
asap7,ethmac,shipped,shipped,3,1000.0,144756.1,498,4,False,20,4.809e-05,False,True,160333508,64348010,0,57242,0,52745,1089.7172,-89.7172,-1840.79,21.5662,288035,20.55,0,43.88,False,0,7578.1,59779,52.79,False,4,7.33984375,0,16aa07e4ebbafcc1ef51,d89457bb286dc538db39,6408f1ce6f3a5409bd32
asap7,ethmac,shipped,shipped,4,1000.0,144877.4,498,4,False,20,4.134e-05,False,True,160503947,64244260,0,57242,0,52745,1094.3952,-94.3952,-1865.51,28.4509,287115,20.48,0,43.82,False,0,7574.16,59736,53.29,False,4,7.33984375,0,75cdd3750c9da40a376f,e79dc20adbc5d06a8858,ebfb78931eee41382569
asap7,ethmac,shipped,shipped,5,1000.0,145658.6,498,4,False,20,4.697e-05,False,True,160363587,64387158,0,57242,0,52745,1095.3433,-95.3433,-1885.28,25.9025,289756,20.66,0,45.99,False,0,7574.22,59734,49.18,False,4,7.33984375,0,21e96fac41f526d69538,99138dd0325cac8c973e,4ef75097c227149e65f0
asap7,ethmac,shipped,shipped,6,1000.0,145365.1,498,4,False,20,4.993e-05,False,True,160302164,64234745,0,57242,0,52745,1089.4094,-89.4094,-1594.76,26.8164,288195,20.59,0,44.17,False,0,7574.31,59733,52.33,False,4,7.33984375,0,3cbadf7ce1f503a47a03,44bab075765a3d20f312,ba6ff701fa7720a0f17a
asap7,ethmac,shipped,shipped,7,1000.0,145261.0,498,4,False,20,5.089e-05,False,True,160319319,64279861,0,57242,0,52745,1089.616,-89.616,-1680.21,22.0828,288323,20.59,0,43.85,False,0,7574.69,59740,48.56,False,4,8.83251953125,0,eb047da9f26f1d1d3194,ca712fe4a641158f0ae9,4442615f8b2a24af6913
asap7,ethmac,shipped,shipped,8,1000.0,142967.5,498,4,False,20,4.395e-05,False,True,160229625,64411403,0,57242,0,52745,1094.9270999999999,-94.9271,-1817.78,20.2651,284917,20.24,0,44.16,False,0,7575.51,59750,48.43,False,4,8.83251953125,0,f9043d495845f8faea69,8356d577df18e93dd6e4,cdfcd30eb40cc798c785
asap7,ethmac,shipped,shipped,9,1000.0,146209.0,498,4,False,20,5.075e-05,False,True,160339342,64310838,0,57242,0,52745,,,,,,,,,,,7576.06,59753,49.62,False,4,8.84619140625,0,b9d32e484806721556d2,06fd779cf1bec9cd429b,
asap7,ethmac,shipped,shipped,10,1000.0,143227.8,499,4,False,20,4.865e-05,False,True,160344006,64373289,0,57242,0,52745,,,,,,,,,,,7574.69,59742,48.61,False,4,8.84619140625,0,9e8478e06a0cee0e098d,9681dfac62430e987e6a,
asap7,ethmac,shipped,shipped,11,1000.0,145496.2,498,4,False,20,4.45e-05,False,True,160563096,64415398,0,57242,0,52745,,,,,,,,,,,7575.42,59747,49.42,False,4,8.84619140625,0,6301f9475244ba983601,b34214766d83b9be2433,
asap7,ethmac,shipped,shipped,12,1000.0,146432.4,498,4,False,20,4.704e-05,False,True,160452685,64273731,0,57242,0,52745,,,,,,,,,,,7577.69,59773,49.45,False,4,8.84619140625,0,d14b395ae49e5720c76b,03a9435ec5da5fbda441,
asap7,ethmac,shipped,shipped,13,1000.0,145385.8,498,4,False,20,5.584e-05,False,True,160354755,64129641,0,57242,0,52745,,,,,,,,,,,7576.56,59760,54.62,False,4,8.48974609375,0,d5794c90ffe22eff0d61,35e08d03df2a3dced76f,
asap7,ethmac,shipped,shipped,14,1000.0,145756.8,498,4,False,20,5.247e-05,False,True,160318116,64277615,0,57242,0,52745,,,,,,,,,,,7575.65,59751,47.6,False,4,8.548828125,0,f89b329e1489cb964691,c535ff921c22b35e3be0,
asap7,ethmac,shipped,shipped,15,1000.0,146198.0,498,4,False,20,4.61e-05,False,True,160381814,64203250,0,57242,0,52745,,,,,,,,,,,7575.83,59755,48.02,False,4,8.548828125,0,fdf2304063dc0a67b917,f105a0cad553798a57bf,
asap7,ethmac,shipped,shipped,16,1000.0,145993.3,499,4,False,20,4.695e-05,False,True,160275269,64378493,0,57242,0,52745,,,,,,,,,,,7575.04,59746,50.68,False,4,8.548828125,0,dcb11b378693f8233148,139af4a372cf35813ba2,
asap7,ethmac,spread,spread,1,1000.0,150426.3,464,4,False,20,4.602e-05,False,True,176597372,71579874,,,,,1087.1834,-87.1834,-1867.98,25.6626,291415,20.93,0,44.7,False,0,7576.23,59757,46.74,False,4,8.48388671875,0,bfc05aea9f50abbcca50,c3f9b9f30ecad64c1e7c,195e7116af681d1d16fe
asap7,ethmac,spread,spread,2,1000.0,153080.3,466,4,False,20,0.00019364,False,True,175370452,71100902,,,,,1089.3406,-89.3406,-1754.6,26.8416,295252,21.38,0,43.37,False,0,7577.46,59769,46.39,False,4,8.765625,0,5bacdbe60058a738d049,dc2f4a3626b0f1b39c74,10d2fb0ee4167390b7ac
asap7,ethmac,spread,spread,3,1000.0,150805.7,465,4,False,20,7.459e-05,False,True,176489357,71373211,,,,,1086.6887,-86.6887,-1823.95,28.3401,293390,21.13,0,44.55,False,0,7573.73,59727,45.29,False,4,9.25732421875,0,1bc7b7c4a38501bc7f71,18c14894027e435238c1,d986ccd9aa32bfe24a8e
asap7,ethmac,spread,spread,4,1000.0,151022.4,477,4,False,20,3.258e-05,False,True,177350035,69888394,,,,,1082.4074,-82.4074,-1499.28,27.3593,294153,21.22,0,44.3,False,0,7576.35,59759,45.23,False,4,9.25732421875,0,090db0a5c023f4969278,3b2890d809fb030069c8,68d73479f863d9b8ec74
asap7,ethmac,spread,spread,5,1000.0,150804.7,466,4,False,20,0.00011214,False,True,176162369,71583378,,,,,1088.8189,-88.8189,-1620.85,26.2097,292256,21.01,0,44.37,False,0,7576.5,59764,42.92,False,4,10.001953125,0,de5a952fde4fb378fd3f,d260f595ac93c070edeb,98aa21190628a6e8594b
asap7,ethmac,spread,spread,6,1000.0,149280.2,465,4,False,20,0.00011368,False,True,176627604,71581921,,,,,1086.5117,-86.5117,-1671.45,25.8222,291117,20.9,0,43.73,False,0,7575.62,59750,43.78,False,4,9.576171875,0,5e02b36c8c5006f6481d,6d79218a3afddfe63e39,1e80145e9c34d84c5b30
asap7,ethmac,spread,spread,7,1000.0,152275.7,467,4,False,20,0.00017024,False,True,176187891,71412038,,,,,1087.7829,-87.7829,-1908.72,19.685,295326,21.33,0,44.56,False,0,7576.76,59761,46.66,False,4,9.830078125,0,1f19f13c3e31a832a6b4,24d3529f60962189a976,c08ad4e79908ca4a62d0
asap7,ethmac,spread,spread,8,1000.0,152113.5,466,4,False,20,0.00017312,False,True,176562122,71527076,,,,,1084.624,-84.624,-1562.72,25.9561,294311,21.23,0,44.78,False,0,7578.95,59786,44.97,False,4,9.24072265625,0,51e8aec036fd5105646b,04c0eee3918230b46fa8,929f4cb84503fd3d9035
asap7,ethmac,spread,spread,9,1000.0,152182.0,467,4,False,20,8.128e-05,False,True,176485039,71760000,,,,,,,,,,,,,,,7575.97,59754,44.88,False,4,9.07373046875,0,c3a65d2944364dbaf6e2,86abaefccb33b401abfc,
asap7,ethmac,spread,spread,10,1000.0,152183.9,465,4,False,20,0.00019998,False,True,175719639,71287334,,,,,,,,,,,,,,,7576.56,59758,45.4,False,4,9.07373046875,0,6cfa18d82d2a56599f4a,b6f4eed77df2bd9bb93a,
asap7,ethmac,spread,spread,11,1000.0,153068.1,465,4,False,20,3.318e-05,False,True,178000430,71489617,,,,,,,,,,,,,,,7575.21,59748,45.03,False,4,9.51171875,0,cf293dfbeaec3c00b7c7,f295fa7ff3932ce5bb0f,
asap7,ethmac,spread,spread,12,1000.0,152496.0,468,4,False,20,7.377e-05,False,True,175466713,70284313,,,,,,,,,,,,,,,7575.42,59747,44.77,False,4,9.31298828125,0,3f81ccbcc012fc8a423a,1c13efc258470fb3612d,
asap7,ethmac,spread,spread,13,1000.0,151517.5,465,4,False,20,7.843e-05,False,True,176411348,71529128,,,,,,,,,,,,,,,7577.58,59771,46.44,False,4,9.02099609375,0,1cfda2c1d337875cab68,49f41cbabe082932e159,
asap7,ethmac,spread,spread,14,1000.0,151555.3,466,4,False,20,0.00022896,False,True,176561291,71304673,,,,,,,,,,,,,,,7576.67,59760,43.81,False,4,9.01904296875,0,a9f0292ed6cbb63a0ce0,ca6263c997e117d0821c,
asap7,ethmac,spread,spread,15,1000.0,151631.8,470,4,False,20,6.006e-05,False,True,175995089,70344616,,,,,,,,,,,,,,,7575.45,59748,45.93,False,4,8.59814453125,0,b3a5ab972e8cbfc74c64,97e03ec6f42a60aa15a9,
asap7,ethmac,spread,spread,16,1000.0,151675.4,467,4,False,20,8.174e-05,False,True,176781208,71112056,,,,,,,,,,,,,,,7574.81,59740,46.27,False,4,8.59814453125,0,7e4c1f197fea9d3e9dfb,9fdc351fdc1b101778a3,
asap7,ethmac,uniform,uniform,1,1000.0,154324.7,570,5,False,20,5.818e-05,False,True,168275427,71072140,,,,,,,,,,,,,,,7577.37,59768,48.68,False,4,8.9208984375,0,fdbd757c8043167a194c,adc7721eda695f4b1c55,
asap7,ethmac,uniform,uniform,2,1000.0,142253.8,499,4,False,20,0.0004723,False,True,161133018,63983982,,,,,,,,,,,,,,,7572.82,59720,48.62,False,4,8.9208984375,0,476a862a85a71115754b,4ad652b5a27068d7732d,
asap7,ethmac,uniform,uniform,3,1000.0,144010.2,499,4,False,20,0.00024987,False,True,159960131,65147537,,,,,,,,,,,,,,,7576.15,59754,46.69,False,4,9.72119140625,0,df150baa49517fe99e29,0d56246119bf6a208fb3,
asap7,ethmac,uniform,uniform,4,1000.0,147196.1,486,4,False,20,8.09e-06,True,False,159323910,67834176,,,,,,,,,,,,,,,7575.13,59745,45.13,False,4,9.72119140625,0,1a5e884df2a61be095a4,318237df1283a376c3f1,
asap7,ethmac,uniform,uniform,5,1000.0,149852.3,461,4,False,20,0.00016552,False,True,168463145,72279315,,,,,,,,,,,,,,,7575.24,59747,46.43,False,4,8.87451171875,0,3612c20b7d4b525a1de3,61d0e07d3996c600d364,
asap7,ethmac,uniform,uniform,6,1000.0,149436.5,468,4,False,20,6.145e-05,False,True,167670971,70225614,,,,,,,,,,,,,,,7572.88,59722,47.04,False,4,8.8154296875,0,cb2926820f1e676e9f5b,89c820f73c4bf63dc862,
asap7,ethmac,uniform,uniform,7,1000.0,149754.3,469,4,False,20,1.107e-05,False,True,171189278,71663704,,,,,,,,,,,,,,,7574.05,59736,46.72,False,4,8.8154296875,0,8b4678495d4954b8db0f,444c22ec4e1c75c0994a,
asap7,ethmac,uniform,uniform,8,1000.0,144480.6,473,4,False,19,9.95e-06,True,False,159621873,68235863,,,,,,,,,,,,,,,7576.15,59756,47.57,False,4,8.8154296875,0,0b48c1a41ae0f6ae19c8,e630b6a5804dd803153e,
asap7,ethmac,uniform,uniform,9,1000.0,153897.7,462,4,False,20,1.898e-05,False,True,161907971,71812480,,,,,,,,,,,,,,,7575.36,59751,44.87,False,4,9.705078125,0,81fc33b13dc8488e3439,63b22189f93d653d77bf,
asap7,ethmac,uniform,uniform,10,1000.0,153488.3,465,4,False,20,7.42e-05,False,True,170249116,72333840,,,,,,,,,,,,,,,7577.75,59775,45.9,False,4,9.705078125,0,db5240b844f504c56e81,91bb889d817e0c70309b,
asap7,ethmac,uniform,uniform,11,1000.0,151636.4,472,4,False,20,1.134e-05,False,True,161726047,67667711,,,,,,,,,,,,,,,7576.64,59761,46.4,False,4,8.8330078125,0,b77768ced72576c7c46d,fa0978d9c2129e68cb83,
asap7,ethmac,uniform,uniform,12,1000.0,150761.3,464,4,False,20,1.619e-05,False,True,168505127,73089093,,,,,,,,,,,,,,,7576.32,59762,46.94,False,4,8.453125,0,d91ab457ed0b90ed53e0,74a6747f42a5b4c2c267,
asap7,ethmac,uniform,uniform,13,1000.0,149278.0,464,4,False,20,4.27e-05,False,True,164902776,71557958,,,,,,,,,,,,,,,7577.52,59771,47.55,False,4,8.453125,0,9fb061dd0a35e3c2dae5,d952be76191e306dc620,
asap7,ethmac,uniform,uniform,14,1000.0,150271.7,460,4,False,20,0.00012075,False,True,169168970,75538599,,,,,,,,,,,,,,,7573.67,59729,46.72,False,4,8.4970703125,0,8eb188881cbda17ca30b,e08a298a620d19824dd7,
asap7,ethmac,uniform,uniform,15,1000.0,151198.1,494,4,False,20,1.14e-05,False,True,162872488,68751910,,,,,,,,,,,,,,,7576.85,59762,46.11,False,4,9.7158203125,0,14deed8d6629c828fcb1,22399b1fa3ae9df90cc6,
asap7,ethmac,uniform,uniform,16,1000.0,144071.6,487,4,False,20,2.092e-05,False,True,160211465,64135822,,,,,,,,,,,,,,,7580.64,59806,45.15,False,4,9.81884765625,0,f4b8b95995d4b44a68e4,11d21bd55c8b364b2af8,
asap7,ethmac,uniform,uniform,17,1000.0,148235.5,462,4,False,20,4.488e-05,False,True,170335704,70696475,,,,,,,,,,,,,,,7576.82,59761,46.1,False,4,8.2724609375,0,9694cff223bf9a645132,256e44bf479847665014,
asap7,ethmac,uniform,uniform,18,1000.0,155411.9,560,5,False,20,0.00033778,False,True,173968658,75560169,,,,,,,,,,,,,,,7577.11,59765,47.25,False,4,8.6474609375,0,ec0b0d80e625d5ac4bc8,027229f12164485825bf,
asap7,ethmac,uniform,uniform,19,1000.0,148368.6,495,4,False,20,1.454e-05,False,True,161959526,68565106,,,,,,,,,,,,,,,7580.03,59799,46.67,False,4,8.43505859375,0,a08a1485d847d74ca52e,616720de1a84074bcbfa,
asap7,ethmac,uniform,uniform,20,1000.0,146054.3,485,4,False,20,1.152e-05,False,True,168228629,67968570,,,,,,,,,,,,,,,7576.41,59759,45.98,False,4,8.43505859375,0,fc07645a8732caa99254,2d072c12e45e6b4696f7,
asap7,ethmac,uniform,uniform,21,1000.0,149302.5,497,4,False,20,0.00012149,False,True,164901568,67099912,,,,,,,,,,,,,,,7576.35,59761,43.62,False,4,9.70068359375,0,e05d75a1bdc10e66837a,fa5d32872d0229fbb8a0,
asap7,ethmac,uniform,uniform,22,1000.0,147134.7,467,4,False,20,1.014e-05,False,True,167976111,69324075,,,,,,,,,,,,,,,7574.66,59739,44.61,False,4,9.70068359375,0,32cce4c490f88c3906c3,9bea85a4f78958d20901,
asap7,ethmac,uniform,uniform,23,1000.0,152500.6,480,4,False,20,6.718e-05,False,True,163118845,67240715,,,,,,,,,,,,,,,7578.42,59784,45.68,False,4,8.87646484375,0,2d5f75555966483f9591,9accff3bbfea01d17350,
asap7,ethmac,uniform,uniform,24,1000.0,150975.5,496,4,False,19,9.44e-06,True,False,165381292,68759429,,,,,,,,,,,,,,,7576.29,59757,46.91,False,4,8.45068359375,0,103899bad167dc1715ac,98d825d7260ac683a99e,
asap7,ethmac,uniform,uniform,25,1000.0,141851.7,485,4,False,20,0.00032883,False,True,154231275,62464610,,,,,,,,,,,,,,,7572.21,59713,45.44,False,4,8.4951171875,0,ce254ddb8b57082bf013,d9d6ea9b594f30f0259e,
asap7,ethmac,uniform,uniform,26,1000.0,148969.4,500,4,False,20,1.065e-05,False,True,165381766,64528667,,,,,,,,,,,,,,,7578.28,59783,46.03,False,4,8.4951171875,0,ce006c88a434ad9d1423,2c0ba5d0d1aed275909a,
asap7,ethmac,uniform,uniform,27,1000.0,151383.1,461,4,False,20,0.00014304,False,True,165517467,71687879,,,,,,,,,,,,,,,7575.94,59755,44.13,False,4,9.7919921875,0,9bdddcf8022775d328de,70f6918becc51a45c0c5,
asap7,ethmac,uniform,uniform,28,1000.0,149287.6,485,4,False,20,3.072e-05,False,True,163587474,64164656,,,,,,,,,,,,,,,7575.97,59754,44.51,False,4,9.7919921875,0,4af11afa7c7d5a6f22fc,a5439db01c516b11a362,
asap7,ethmac,uniform,uniform,29,1000.0,142409.4,486,4,False,20,2.021e-05,False,True,157761139,64213580,,,,,,,,,,,,,,,7576.06,59759,43.77,False,4,8.55419921875,0,34ac707ded3c0813ae3a,3f74dcfb308ac5c9d8d8,
asap7,ethmac,uniform,uniform,30,1000.0,151971.8,462,4,False,20,4.718e-05,False,True,165323352,71808868,,,,,,,,,,,,,,,7576.35,59761,44.55,False,4,8.2353515625,0,c7166d714a31e09905ed,f7a00113e06c36da3675,
asap7,ethmac,uniform,uniform,31,1000.0,143991.9,478,4,False,18,9.19e-06,True,False,161032011,67075721,,,,,,,,,,,,,,,7575.94,59755,45.2,False,4,8.296875,0,71e6a1f9e3ef9cf53d2a,ce8b8ef9162ea7242379,
asap7,ethmac,uniform,uniform,32,1000.0,142333.3,487,4,False,20,0.00060293,False,True,161861716,59614847,,,,,,,,,,,,,,,7576.82,59765,45.57,False,4,8.353515625,0,4c6633e3ee78450f8968,5641b465c6deb7e3cf18,
asap7,gcd,anchored,anchored,1,310.0,522.617,325,4,False,5,1.1e-07,True,False,732217,647084,,,,,359.8101,-49.8101,-168.523,44.0397,12123,12.18,0,23.56,False,0,43.9004,410,1.24,False,4,3.2236328125,0,f96b393f448bec4cc947,44c347fa8ca23e8e8614,6e9875888227d20f97c7
asap7,gcd,anchored,anchored,2,310.0,527.169,322,4,False,5,9e-08,True,False,730342,644744,,,,,358.1478,-48.1478,-157.848,43.9259,12448,12.49,0,20.74,False,0,44.2211,413,1.22,False,4,3.2236328125,0,6e98444a602515730d65,c1afea4a45a88a9c3f9f,b4140998cd0975e6b4b0
asap7,gcd,anchored,anchored,3,310.0,517.922,319,4,False,5,1.1e-07,True,False,732614,646235,,,,,359.8644,-49.8644,-148.421,43.5947,12072,12.2,0,21.92,False,0,43.9004,410,1.21,False,4,3.2236328125,0,ca7ff7631ac4503c2256,060dc47391467c8797ec,dda915c8f48588a15f6b
asap7,gcd,anchored,anchored,4,310.0,508.432,321,4,False,5,1.1e-07,True,False,729222,642437,,,,,359.8609,-49.8609,-144.19,43.9298,11992,12.14,0,21.97,False,0,43.9587,410,1.21,False,4,3.2236328125,0,626d9802226438a20de9,0527371f65d46d0a0144,f3212a73cc94b3b14c06
asap7,gcd,anchored,anchored,5,310.0,526.34,324,4,False,5,1.1e-07,True,False,728416,642502,,,,,359.7972,-49.7972,-168.783,44.0898,11833,12.05,0,21.84,False,0,43.9587,410,1.23,False,4,6.67041015625,0,95b212c662d50cde6de6,1a222c1edaa1b43e8a1f,0f1408e65875902a2893
asap7,gcd,anchored,anchored,6,310.0,507.472,325,4,False,5,1.2e-07,True,False,728526,644780,,,,,357.8091,-47.8091,-139.741,44.199,11873,11.92,0,20.96,False,0,43.9587,410,1.22,False,4,6.67041015625,0,5fbb735803bd6cf8c0ea,a45419c5944b81fad1af,ea18e0fa07a43455cac8
asap7,gcd,anchored,anchored,7,310.0,521.095,322,4,False,5,1e-07,True,False,728765,646312,,,,,357.6531,-47.6531,-165.719,44.769,12260,12.29,0,21.52,False,0,43.8129,409,1.24,False,4,6.67041015625,0,be1de3052bece6e156e2,7eccc6b8730b0b733029,dd941d2169556a53de98
asap7,gcd,anchored,anchored,8,310.0,521.369,327,4,False,5,1.1e-07,True,False,728985,642873,,,,,361.9059,-51.9059,-159.24,44.873,12078,12.11,0,21.68,False,0,44.0753,412,1.24,False,4,6.67041015625,0,b08612f1f26cd7b79b51,8747fc157d9dc227eac1,895e284323a7bc2a7b9c
asap7,gcd,anchored,anchored,9,310.0,516.075,322,4,False,5,1.1e-07,True,False,727550,644669,,,,,,,,,,,,,,,44.0462,411,1.23,False,4,6.67041015625,0,9923e1079faf6c3846e7,69925ae8ab962bc854b5,
asap7,gcd,anchored,anchored,10,310.0,517.754,325,4,False,5,1.1e-07,True,False,732856,645773,,,,,,,,,,,,,,,43.9587,410,1.27,False,4,6.67041015625,0,e903b6f38a147e657ecb,7bc5f0b2baccc6164115,
asap7,gcd,anchored,anchored,11,310.0,523.799,324,4,False,5,7e-08,True,False,730130,645289,,,,,,,,,,,,,,,44.0753,412,1.19,False,4,6.697265625,0,3eb22d0623cb7491d4cb,85b683f1b4ac191a6af4,
asap7,gcd,anchored,anchored,12,310.0,520.306,320,4,False,5,1e-07,True,False,730613,644529,,,,,,,,,,,,,,,43.7254,408,1.19,False,4,6.64111328125,0,8ce0d3e47ef7610e2621,1e93ad9f5b0e4e7c0767,
asap7,gcd,anchored,anchored,13,310.0,517.132,319,4,False,5,9e-08,True,False,731530,646127,,,,,,,,,,,,,,,44.0462,411,1.18,False,4,6.64111328125,0,b1203eb93449fca1a0cb,f3f592a7dede0a86d5e5,
asap7,gcd,anchored,anchored,14,310.0,517.368,321,4,False,5,1.2e-07,True,False,727190,644162,,,,,,,,,,,,,,,44.0462,411,1.23,False,4,6.64111328125,0,a8bcbe5a8afa7ed1baed,785768c3c9b05a79b767,
asap7,gcd,anchored,anchored,15,310.0,528.814,322,4,False,5,1e-07,True,False,730967,644421,,,,,,,,,,,,,,,44.0753,412,1.23,False,4,6.64111328125,0,926034256467551437d4,88896fc9cf81d295ee65,
asap7,gcd,anchored,anchored,16,310.0,511.297,321,4,False,5,1.1e-07,True,False,732782,645306,,,,,,,,,,,,,,,43.7837,408,1.28,False,4,6.64111328125,0,f0ee63309fb86bbd83f7,baaf0cae80319c603c73,
asap7,gcd,center,center,1,310.0,512.245,321,4,False,5,1.1e-07,True,False,732217,645328,,,,,,,,,,,,,,,43.8712,409,1.3,False,4,0.7099609375,0,62a7192e66d2a0862f8b,44c347fa8ca23e8e8614,
asap7,gcd,center,center,2,310.0,520.67,324,4,False,5,1e-07,True,False,730342,642178,,,,,,,,,,,,,,,44.0753,412,1.31,False,4,0.7099609375,0,e47b1a90637f864c2531,c1afea4a45a88a9c3f9f,
asap7,gcd,center,center,3,310.0,522.508,321,4,False,5,1.2e-07,True,False,732614,643300,,,,,,,,,,,,,,,44.1628,413,1.24,False,4,0.7099609375,0,573117270761c4e7a969,060dc47391467c8797ec,
asap7,gcd,center,center,4,310.0,505.509,324,4,False,5,8e-08,True,False,729222,642052,,,,,,,,,,,,,,,43.7254,408,1.3,False,4,0.7099609375,0,3aca25e93c8b23eb74ea,0527371f65d46d0a0144,
asap7,gcd,center,center,5,310.0,516.147,324,4,False,5,1.1e-07,True,False,728416,640481,,,,,,,,,,,,,,,43.9879,411,1.27,False,4,2.4482421875,0,8a3ae1b7d0e3ac7f4a75,1a222c1edaa1b43e8a1f,
asap7,gcd,center,center,6,310.0,522.457,320,4,False,5,1e-07,True,False,728526,642351,,,,,,,,,,,,,,,44.3086,414,1.31,False,4,2.4482421875,0,d36d374ccb9db9244871,a45419c5944b81fad1af,
asap7,gcd,center,center,7,310.0,517.919,321,4,False,5,1.1e-07,True,False,728765,643174,,,,,,,,,,,,,,,44.0462,411,1.29,False,4,2.4482421875,0,9b86875a5fcb66ef7ac6,7eccc6b8730b0b733029,
asap7,gcd,center,center,8,310.0,510.57,327,4,False,5,9e-08,True,False,728985,642097,,,,,,,,,,,,,,,44.0462,411,1.3,False,4,2.4482421875,0,c8517df448e89b9165fc,8747fc157d9dc227eac1,
asap7,gcd,center,center,9,310.0,510.421,326,4,False,5,1.1e-07,True,False,727550,643084,,,,,,,,,,,,,,,44.0462,411,1.29,False,4,2.4482421875,0,1205f9afa25a55b2c7b6,69925ae8ab962bc854b5,
asap7,gcd,center,center,10,310.0,516.591,322,4,False,5,1.2e-07,True,False,732856,642829,,,,,,,,,,,,,,,43.9587,410,1.28,False,4,2.4482421875,0,79909f913004177ff06b,7bc5f0b2baccc6164115,
asap7,gcd,center,center,11,310.0,520.238,321,4,False,5,1.2e-07,True,False,730130,641769,,,,,,,,,,,,,,,44.0753,412,1.28,False,4,2.73291015625,0,32343d3304b39fd8d62d,85b683f1b4ac191a6af4,
asap7,gcd,center,center,12,310.0,520.883,324,4,False,5,1.1e-07,True,False,730613,641946,,,,,,,,,,,,,,,43.8129,409,1.29,False,4,2.73291015625,0,67a9007fa35dd0ef37f5,1e93ad9f5b0e4e7c0767,
asap7,gcd,center,center,13,310.0,514.304,321,4,False,5,6e-08,True,False,731530,643074,,,,,,,,,,,,,,,44.1045,411,1.3,False,4,2.73291015625,0,fb9060c9e0a7d60a48bc,f3f592a7dede0a86d5e5,
asap7,gcd,center,center,14,310.0,526.981,319,4,False,5,1.1e-07,True,False,727190,642832,,,,,,,,,,,,,,,44.3086,414,1.32,False,4,2.73291015625,0,7b1600763543bad692be,785768c3c9b05a79b767,
asap7,gcd,center,center,15,310.0,514.742,318,4,False,5,9e-08,True,False,730967,642035,,,,,,,,,,,,,,,43.9004,410,1.3,False,4,2.73291015625,0,8a16d29e020a0145327a,88896fc9cf81d295ee65,
asap7,gcd,center,center,16,310.0,507.255,322,4,False,5,1e-07,True,False,732782,644277,,,,,,,,,,,,,,,43.7837,408,1.31,False,4,2.73291015625,0,6c4e3e4b04f366309888,baaf0cae80319c603c73,
asap7,gcd,corner_ll,corner_ll,1,310.0,507.107,323,4,False,5,1e-07,True,False,722609,639429,,,,,,,,,,,,,,,44.1045,411,1.3,False,4,0.7099609375,0,7a1172c515552fc788bd,83a1b2fb14ef0e815aa2,
asap7,gcd,corner_ll,corner_ll,2,310.0,512.915,321,4,False,5,1e-07,True,False,722609,639429,,,,,,,,,,,,,,,44.2503,414,1.31,False,4,0.7099609375,0,3b51e8bbe153042c9a0b,83a1b2fb14ef0e815aa2,
asap7,gcd,corner_ll,corner_ll,3,310.0,508.759,321,4,False,5,1e-07,True,False,722609,639429,,,,,,,,,,,,,,,44.1045,411,1.3,False,4,1.1337890625,0,61bbb19bf1675b86c70c,83a1b2fb14ef0e815aa2,
asap7,gcd,corner_ll,corner_ll,4,310.0,515.656,322,4,False,5,1e-07,True,False,722609,639429,,,,,,,,,,,,,,,43.8712,409,1.32,False,4,1.1337890625,0,28c60a0cf98705ceeaa9,83a1b2fb14ef0e815aa2,
asap7,gcd,corner_ll,corner_ll,5,310.0,509.208,320,4,False,5,1e-07,True,False,722609,639429,,,,,,,,,,,,,,,44.0753,412,1.22,False,4,3.6611328125,0,bdd34caab4277e3956d6,83a1b2fb14ef0e815aa2,
asap7,gcd,corner_ll,corner_ll,6,310.0,507.716,318,4,False,5,1e-07,True,False,722609,639429,,,,,,,,,,,,,,,43.9587,410,1.28,False,4,3.6611328125,0,63d85bd0de31f9e5ddc5,83a1b2fb14ef0e815aa2,
asap7,gcd,corner_ll,corner_ll,7,310.0,505.435,320,4,False,5,1e-07,True,False,722609,639429,,,,,,,,,,,,,,,44.0462,411,1.27,False,4,3.6611328125,0,cfa1f5a27b6a6a8064a4,83a1b2fb14ef0e815aa2,
asap7,gcd,corner_ll,corner_ll,8,310.0,516.031,319,4,False,5,1e-07,True,False,722609,639429,,,,,,,,,,,,,,,44.1337,412,1.24,False,4,3.6611328125,0,f43f56f872564e78775a,83a1b2fb14ef0e815aa2,
asap7,gcd,corner_ll,corner_ll,9,310.0,525.945,319,4,False,5,1e-07,True,False,722609,639429,,,,,,,,,,,,,,,44.3086,414,1.31,False,4,3.6611328125,0,84ed17598b6c99234c17,83a1b2fb14ef0e815aa2,
asap7,gcd,corner_ll,corner_ll,10,310.0,505.955,321,4,False,5,1e-07,True,False,722609,639429,,,,,,,,,,,,,,,44.1045,411,1.27,False,4,3.6611328125,0,bff8c439531b4f1eb652,83a1b2fb14ef0e815aa2,
asap7,gcd,corner_ll,corner_ll,11,310.0,515.56,319,4,False,5,1e-07,True,False,722609,639429,,,,,,,,,,,,,,,44.2795,413,1.22,False,4,3.8486328125,0,c63ad33e510b06373896,83a1b2fb14ef0e815aa2,
asap7,gcd,corner_ll,corner_ll,12,310.0,509.483,322,4,False,5,1e-07,True,False,722609,639429,,,,,,,,,,,,,,,44.192,412,1.25,False,4,3.8486328125,0,5b86cf93e190e46bc039,83a1b2fb14ef0e815aa2,
asap7,gcd,corner_ll,corner_ll,13,310.0,508.319,320,4,False,5,1e-07,True,False,722609,639429,,,,,,,,,,,,,,,43.9879,411,1.29,False,4,3.8486328125,0,dc0784f76596f79446e8,83a1b2fb14ef0e815aa2,
asap7,gcd,corner_ll,corner_ll,14,310.0,514.538,323,4,False,5,1e-07,True,False,722609,639429,,,,,,,,,,,,,,,44.1337,412,1.27,False,4,3.8486328125,0,d8745ccd074691cef2f1,83a1b2fb14ef0e815aa2,
asap7,gcd,corner_ll,corner_ll,15,310.0,517.468,321,4,False,5,1e-07,True,False,722609,639429,,,,,,,,,,,,,,,44.2211,413,1.25,False,4,3.8486328125,0,b84f14d00d94c772074f,83a1b2fb14ef0e815aa2,
asap7,gcd,corner_ll,corner_ll,16,310.0,514.546,323,4,False,5,1e-07,True,False,722609,639429,,,,,,,,,,,,,,,44.1628,413,1.28,False,4,3.8486328125,0,c9b6ebb77f1009be3747,83a1b2fb14ef0e815aa2,
asap7,gcd,corner_ur,corner_ur,1,310.0,537.874,327,4,False,5,1.2e-07,True,False,729014,647058,,,,,,,,,,,,,,,44.5711,417,1.32,False,4,1.1337890625,0,2d338437a22d446e702d,dc3eff122000b01a6f7e,
asap7,gcd,corner_ur,corner_ur,2,310.0,537.022,327,4,False,5,1.2e-07,True,False,729014,647058,,,,,,,,,,,,,,,44.5127,417,1.35,False,4,1.1337890625,0,e311203c458404997b9c,dc3eff122000b01a6f7e,
asap7,gcd,corner_ur,corner_ur,3,310.0,528.809,321,4,False,5,1.2e-07,True,False,729014,647058,,,,,,,,,,,,,,,44.3961,415,1.32,False,4,1.1337890625,0,1fb47cde92c3ac7e82a6,dc3eff122000b01a6f7e,
asap7,gcd,corner_ur,corner_ur,4,310.0,535.111,321,4,False,5,1.2e-07,True,False,729014,647058,,,,,,,,,,,,,,,44.5127,417,1.34,False,4,1.1337890625,0,7fbcd35f3f2b4967222e,dc3eff122000b01a6f7e,
asap7,gcd,corner_ur,corner_ur,5,310.0,531.99,325,4,False,5,1.2e-07,True,False,729014,647058,,,,,,,,,,,,,,,44.3378,415,1.21,False,4,4.26123046875,0,971665667ece19e6a907,dc3eff122000b01a6f7e,
asap7,gcd,corner_ur,corner_ur,6,310.0,527.096,327,4,False,5,1.2e-07,True,False,729014,647058,,,,,,,,,,,,,,,44.5711,417,1.27,False,4,4.26123046875,0,cd19929d05c2f37790d6,dc3eff122000b01a6f7e,
asap7,gcd,corner_ur,corner_ur,7,310.0,532.143,326,4,False,5,1.2e-07,True,False,729014,647058,,,,,,,,,,,,,,,44.1628,413,1.23,False,4,4.26123046875,0,0f8da57940952ab29c56,dc3eff122000b01a6f7e,
asap7,gcd,corner_ur,corner_ur,8,310.0,521.576,329,4,False,5,1.2e-07,True,False,729014,647058,,,,,,,,,,,,,,,43.8712,409,1.25,False,4,4.26123046875,0,1c0661cf3e2527224f63,dc3eff122000b01a6f7e,
asap7,gcd,corner_ur,corner_ur,9,310.0,534.175,327,4,False,5,1.2e-07,True,False,729014,647058,,,,,,,,,,,,,,,43.9004,410,1.29,False,4,4.26123046875,0,4536768d8770cc6c3e63,dc3eff122000b01a6f7e,
asap7,gcd,corner_ur,corner_ur,10,310.0,527.124,325,4,False,5,1.2e-07,True,False,729014,647058,,,,,,,,,,,,,,,44.2503,414,1.28,False,4,4.26123046875,0,579117b71b575aeda408,dc3eff122000b01a6f7e,
asap7,gcd,corner_ur,corner_ur,11,310.0,539.89,320,4,False,5,1.2e-07,True,False,729014,647058,,,,,,,,,,,,,,,44.3378,415,1.2,False,4,4.48095703125,0,b5671b594a2ed42d06f9,dc3eff122000b01a6f7e,
asap7,gcd,corner_ur,corner_ur,12,310.0,528.982,323,4,False,5,1.2e-07,True,False,729014,647058,,,,,,,,,,,,,,,44.1628,413,1.26,False,4,4.48095703125,0,c44700ccefe3e4bcf6ce,dc3eff122000b01a6f7e,
asap7,gcd,corner_ur,corner_ur,13,310.0,522.498,322,4,False,5,1.2e-07,True,False,729014,647058,,,,,,,,,,,,,,,44.1628,413,1.27,False,4,4.48095703125,0,0ce8f139a81b6ccb7bc4,dc3eff122000b01a6f7e,
asap7,gcd,corner_ur,corner_ur,14,310.0,533.366,326,4,False,5,1.2e-07,True,False,729014,647058,,,,,,,,,,,,,,,44.2503,414,1.27,False,4,4.48095703125,0,357f9893240a98b2b839,dc3eff122000b01a6f7e,
asap7,gcd,corner_ur,corner_ur,15,310.0,537.161,328,4,False,5,1.2e-07,True,False,729014,647058,,,,,,,,,,,,,,,44.5711,417,1.27,False,4,4.48095703125,0,19d80e0d719b9be06dd3,dc3eff122000b01a6f7e,
asap7,gcd,corner_ur,corner_ur,16,310.0,520.516,324,4,False,5,1.2e-07,True,False,729014,647058,,,,,,,,,,,,,,,44.1337,412,1.27,False,4,4.48095703125,0,401182d507c4e8793770,dc3eff122000b01a6f7e,
asap7,gcd,gauss_tight,gauss_tight,1,310.0,515.448,323,4,False,5,1.1e-07,True,False,724821,647645,,,,,,,,,,,,,,,43.9879,411,1.23,False,4,1.52392578125,0,a0fe8827b506cc7ceae9,37848fc76e9000aa8472,
asap7,gcd,gauss_tight,gauss_tight,2,310.0,506.065,325,4,False,5,8e-08,True,False,729268,645858,,,,,,,,,,,,,,,43.8129,409,1.27,False,4,1.52392578125,0,702314161f54a5d3db94,7492b2e5121be06a287b,
asap7,gcd,gauss_tight,gauss_tight,3,310.0,516.385,328,4,False,5,1e-07,True,False,730700,645849,,,,,,,,,,,,,,,44.0462,411,1.33,False,4,1.52392578125,0,3a400afd35f98a6caffd,7643a74fc63b3eb42377,
asap7,gcd,gauss_tight,gauss_tight,4,310.0,506.416,324,4,False,5,1e-07,True,False,729614,639654,,,,,,,,,,,,,,,43.9587,410,1.29,False,4,1.52392578125,0,12dc5da8cf77d4b66a57,e8553697780cbfc8d28a,
asap7,gcd,gauss_tight,gauss_tight,5,310.0,514.61,321,4,False,5,1e-07,True,False,730428,646722,,,,,,,,,,,,,,,43.8712,409,1.27,False,4,5.39453125,0,73ad4fe78cac168034c5,5d351bea20aaa707ab4a,
asap7,gcd,gauss_tight,gauss_tight,6,310.0,529.718,326,4,False,5,8e-08,True,False,731376,643978,,,,,,,,,,,,,,,44.1628,413,1.25,False,4,5.39453125,0,9b1ef6a33d3320debc3e,08b17638021867cb8a56,
asap7,gcd,gauss_tight,gauss_tight,7,310.0,509.558,325,4,False,5,1e-07,True,False,726946,650371,,,,,,,,,,,,,,,44.2503,414,1.21,False,4,5.443359375,0,da1553960538163c3b28,f9c6acbcbd37d49398ce,
asap7,gcd,gauss_tight,gauss_tight,8,310.0,513.185,322,4,False,5,8e-08,True,False,730192,644185,,,,,,,,,,,,,,,44.0753,412,1.22,False,4,5.443359375,0,7b7b185e25d731315864,57bf7a4c25d44c7a330d,
asap7,gcd,gauss_tight,gauss_tight,9,310.0,528.141,324,4,False,5,1.2e-07,True,False,728554,646136,,,,,,,,,,,,,,,44.2211,413,1.26,False,4,5.443359375,0,1d879dd5e44e95827f97,7adfa00d6a89293c70ca,
asap7,gcd,gauss_tight,gauss_tight,10,310.0,514.453,328,4,False,5,1e-07,True,False,726811,646764,,,,,,,,,,,,,,,43.9879,411,1.27,False,4,5.443359375,0,c8bcba2891db89d3234f,34706834cded630cc9d3,
asap7,gcd,gauss_tight,gauss_tight,11,310.0,513.47,326,4,False,5,1.2e-07,True,False,728861,649062,,,,,,,,,,,,,,,44.0462,411,1.29,False,4,5.443359375,0,fefef84613404a779e98,ac83d1af3d31e8ee9e0c,
asap7,gcd,gauss_tight,gauss_tight,12,310.0,521.015,328,4,False,5,1.1e-07,True,False,729585,646826,,,,,,,,,,,,,,,44.2795,413,1.28,False,4,5.443359375,0,89ef3bd07c8afb1d8943,a720c0af803d73f62585,
asap7,gcd,gauss_tight,gauss_tight,13,310.0,510.14,324,4,False,5,9e-08,True,False,730634,644204,,,,,,,,,,,,,,,43.9879,411,1.2,False,4,5.728515625,0,22926255a3ba3775fec4,42d43a9da94614441b68,
asap7,gcd,gauss_tight,gauss_tight,14,310.0,516.93,326,4,False,5,1e-07,True,False,728094,644916,,,,,,,,,,,,,,,43.9879,411,1.25,False,4,5.728515625,0,e1879f5e462a7df8afc6,dd56e2b6d83a75fe62b1,
asap7,gcd,gauss_tight,gauss_tight,15,310.0,509.995,325,4,False,5,6e-08,True,False,729846,642767,,,,,,,,,,,,,,,43.9879,411,1.26,False,4,5.728515625,0,edaf9f0e3e64897eeed1,4491f36e6cb9a17ef41c,
asap7,gcd,gauss_tight,gauss_tight,16,310.0,505.599,322,4,False,5,1.1e-07,True,False,723487,646332,,,,,,,,,,,,,,,44.1337,412,1.27,False,4,5.728515625,0,78868008eabd6e33be59,89b160212c929a1611de,
asap7,gcd,gauss_tight,gauss_tight,17,310.0,514.462,322,4,False,5,1e-07,True,False,728095,644321,,,,,,,,,,,,,,,44.2211,413,1.26,False,4,5.728515625,0,38882499efea30ead3a8,00feca62cca295452bdd,
asap7,gcd,gauss_tight,gauss_tight,18,310.0,507.561,325,4,False,5,8e-08,True,False,728744,645178,,,,,,,,,,,,,,,44.0462,411,1.26,False,4,5.728515625,0,b3ed88bbf08c535d9ab0,d3b775690ae4936e4bc1,
asap7,gcd,gauss_tight,gauss_tight,19,310.0,511.73,326,4,False,5,1.1e-07,True,False,730614,645863,,,,,,,,,,,,,,,44.0462,411,1.18,False,4,5.75048828125,0,bda53ca0d5c94da2be3a,ac35431d782ff41b7361,
asap7,gcd,gauss_tight,gauss_tight,20,310.0,518.058,328,4,False,5,1.1e-07,True,False,729717,643743,,,,,,,,,,,,,,,43.9004,410,1.24,False,4,5.75048828125,0,6f33a6387551156f743b,e80ee4135b3ace09bcf5,
asap7,gcd,gauss_tight,gauss_tight,21,310.0,520.038,331,4,False,5,8e-08,True,False,730648,644522,,,,,,,,,,,,,,,43.9004,410,1.23,False,4,5.75048828125,0,3ed3d3145048be446418,a04e7f3308c86fd570b9,
asap7,gcd,gauss_tight,gauss_tight,22,310.0,510.156,322,4,False,5,1.1e-07,True,False,724736,647770,,,,,,,,,,,,,,,43.9879,411,1.27,False,4,5.75048828125,0,08461e5a8c1717c72cae,5e1fbe71a9bd5f6724d3,
asap7,gcd,gauss_tight,gauss_tight,23,310.0,516.838,327,4,False,5,1.1e-07,True,False,732209,643773,,,,,,,,,,,,,,,43.9587,410,1.27,False,4,5.75048828125,0,46a8b9f6d485af2767d7,25045e5be4786a0e4e3a,
asap7,gcd,gauss_tight,gauss_tight,24,310.0,506.085,326,4,False,5,1e-07,True,False,729925,642328,,,,,,,,,,,,,,,43.9004,410,1.26,False,4,5.75048828125,0,c3c8ff082672c627a7d7,30169a8310d56b98b122,
asap7,gcd,gauss_tight,gauss_tight,25,310.0,517.336,327,4,False,5,1.1e-07,True,False,729502,643353,,,,,,,,,,,,,,,44.0753,412,1.19,False,4,5.7705078125,0,2c048ea9d233874b0ba3,0489e1d572b2c900811a,
asap7,gcd,gauss_tight,gauss_tight,26,310.0,514.475,326,4,False,5,5e-08,True,False,730202,645320,,,,,,,,,,,,,,,44.2795,413,1.21,False,4,5.70849609375,0,656420df7ccd49db9b6d,34f7a96025ed4b94109d,
asap7,gcd,gauss_tight,gauss_tight,27,310.0,522.984,322,4,False,5,1.2e-07,True,False,727988,648416,,,,,,,,,,,,,,,44.3086,414,1.22,False,4,5.70849609375,0,1927415076c39b283152,aa868c4d74ba9a4e7160,
asap7,gcd,gauss_tight,gauss_tight,28,310.0,519.574,322,4,False,5,9e-08,True,False,728332,643108,,,,,,,,,,,,,,,44.0753,412,1.24,False,4,5.70849609375,0,d64b61c0a73436889725,8d934f88a6dd59dd06a8,
asap7,gcd,gauss_tight,gauss_tight,29,310.0,502.975,326,4,False,5,1.2e-07,True,False,723881,647176,,,,,,,,,,,,,,,43.7254,408,1.23,False,4,5.70849609375,0,49a48f93ce3416bd1491,659a6650c1764dc747e2,
asap7,gcd,gauss_tight,gauss_tight,30,310.0,535.794,326,4,False,5,1.2e-07,True,False,725179,646848,,,,,,,,,,,,,,,44.3961,415,1.23,False,4,5.70849609375,0,4a4019cb4495dc9c7601,b8c5abb9cfe796477ad7,
asap7,gcd,gauss_tight,gauss_tight,31,310.0,507.272,325,4,False,5,9e-08,True,False,730850,644076,,,,,,,,,,,,,,,44.0462,411,1.2,False,4,5.73193359375,0,7891a815cc49c222139c,cab552bb46581adbf5de,
asap7,gcd,gauss_tight,gauss_tight,32,310.0,506.541,324,4,False,5,8e-08,True,False,724650,645581,,,,,,,,,,,,,,,44.0753,412,1.21,False,4,5.73193359375,0,1100fc91081da1896bda,a0ac5b74d96c9b5dc7b4,
asap7,gcd,gauss_wide,gauss_wide,1,310.0,533.771,324,4,False,5,1.1e-07,True,False,727332,645274,,,,,,,,,,,,,,,43.6379,407,1.31,False,4,1.52392578125,0,bb4fd3f8e80e6e43f86d,4268083e071ea2e32fef,
asap7,gcd,gauss_wide,gauss_wide,2,310.0,532.54,326,4,False,5,1.1e-07,True,False,726153,642224,,,,,,,,,,,,,,,44.4836,416,1.31,False,4,1.52392578125,0,31fe60f8d2d67c767902,7ad6eb7271e19cb800bd,
asap7,gcd,gauss_wide,gauss_wide,3,310.0,519.417,328,4,False,5,1.2e-07,True,False,727327,644800,,,,,,,,,,,,,,,43.9879,411,1.22,False,4,1.8828125,0,93185e373850b54ad01e,1e033f07890fc609cc3d,
asap7,gcd,gauss_wide,gauss_wide,4,310.0,512.589,325,4,False,5,1.1e-07,True,False,727375,643656,,,,,,,,,,,,,,,43.9879,411,1.28,False,4,1.8828125,0,5001b084af1dbc5ffc55,a6ef67ee8928dd59cdcf,
asap7,gcd,gauss_wide,gauss_wide,5,310.0,523.494,319,4,False,5,1e-07,True,False,728787,644294,,,,,,,,,,,,,,,44.0462,411,1.24,False,4,5.73193359375,0,8fd51df6c34149510941,d365fe39636b1a74c024,
asap7,gcd,gauss_wide,gauss_wide,6,310.0,518.513,322,4,False,5,1.2e-07,True,False,725114,642940,,,,,,,,,,,,,,,43.9004,410,1.25,False,4,5.73193359375,0,4d4a8e6fb5536ecfae79,5691d19a8e1d3e074d60,
asap7,gcd,gauss_wide,gauss_wide,7,310.0,517.421,323,4,False,5,9e-08,True,False,729219,638778,,,,,,,,,,,,,,,44.2211,413,1.26,False,4,5.73193359375,0,0826933fc46a0b627f3c,f8eae96e46daf7791977,
asap7,gcd,gauss_wide,gauss_wide,8,310.0,521.247,321,4,False,5,9e-08,True,False,725311,642165,,,,,,,,,,,,,,,43.7254,408,1.23,False,4,5.73193359375,0,bd27708d6a2aa48509ef,5d384db93d9b44e79b14,
asap7,gcd,gauss_wide,gauss_wide,9,310.0,544.735,323,4,False,5,1e-07,True,False,724607,642659,,,,,,,,,,,,,,,44.5711,417,1.2,False,4,6.63427734375,0,19062e5ed6789c4460af,a08cb9aaf04ab0131ba6,
asap7,gcd,gauss_wide,gauss_wide,10,310.0,522.161,325,4,False,5,8e-08,True,False,725337,647671,,,,,,,,,,,,,,,44.6585,418,1.2,False,4,6.63427734375,0,62454beedbe637e2851d,465b30c2feff22098116,
asap7,gcd,gauss_wide,gauss_wide,11,310.0,541.535,326,4,False,5,1e-07,True,False,725669,641300,,,,,,,,,,,,,,,44.5127,417,1.21,False,4,6.63427734375,0,2c02beb7f2120a2c1408,bb23738f182e101fc8f9,
asap7,gcd,gauss_wide,gauss_wide,12,310.0,524.45,328,4,False,5,1e-07,True,False,725145,643667,,,,,,,,,,,,,,,44.1628,413,1.22,False,4,6.63427734375,0,bebfe61d34ef1b56f85a,d6054da6ef4ea7002347,
asap7,gcd,gauss_wide,gauss_wide,13,310.0,523.092,319,4,False,5,1e-07,True,False,731127,637379,,,,,,,,,,,,,,,44.0753,412,1.24,False,4,6.63427734375,0,f04d6f1f20c93d0348c4,6dc7ef873d9dec969053,
asap7,gcd,gauss_wide,gauss_wide,14,310.0,510.759,320,4,False,5,1.2e-07,True,False,722329,640444,,,,,,,,,,,,,,,44.0753,412,1.25,False,4,6.63427734375,0,fd7b8635602c163aa677,38c7a0bbc990198353fa,
asap7,gcd,gauss_wide,gauss_wide,15,310.0,517.42,324,4,False,5,1.1e-07,True,False,726071,644657,,,,,,,,,,,,,,,44.3378,415,1.21,False,4,6.82373046875,0,ffc3ff129631604621ec,399dce70a490b2fef1e2,
asap7,gcd,gauss_wide,gauss_wide,16,310.0,511.057,327,4,False,5,1.1e-07,True,False,726046,645735,,,,,,,,,,,,,,,44.3378,415,1.2,False,4,6.82373046875,0,c2b1db30f5cbf1c7cd1f,f53251429f04e4b966ee,
asap7,gcd,gauss_wide,gauss_wide,17,310.0,525.915,322,4,False,5,1e-07,True,False,731082,645759,,,,,,,,,,,,,,,44.4253,416,1.22,False,4,6.82373046875,0,9ee5d93625afb3fe498d,8d91a15cd457b393492f,
asap7,gcd,gauss_wide,gauss_wide,18,310.0,525.518,324,4,False,5,6e-08,True,False,723504,639695,,,,,,,,,,,,,,,44.5711,417,1.31,False,4,6.82373046875,0,01c15bcf50a246549b21,2a1dcd816083f7a23e35,
asap7,gcd,gauss_wide,gauss_wide,19,310.0,519.675,324,4,False,5,1e-07,True,False,722671,646736,,,,,,,,,,,,,,,44.2211,413,1.25,False,4,6.82373046875,0,0bfeb5b733db19b84346,9ac43797e4e6d4cbe108,
asap7,gcd,gauss_wide,gauss_wide,20,310.0,514.498,321,4,False,5,1e-07,True,False,732361,638230,,,,,,,,,,,,,,,43.9879,411,1.26,False,4,6.82373046875,0,126b537d9c9a2625e956,937827166a781ab5db01,
asap7,gcd,gauss_wide,gauss_wide,21,310.0,521.845,330,4,False,5,1.2e-07,True,False,734161,633923,,,,,,,,,,,,,,,44.192,412,1.21,False,4,6.75732421875,0,31ef9fde1b67a987674a,3c9570b2040771b11b9f,
asap7,gcd,gauss_wide,gauss_wide,22,310.0,503.609,322,4,False,5,1e-07,True,False,733872,641192,,,,,,,,,,,,,,,43.7837,408,1.43,False,4,6.75732421875,0,581658831ba83b181d69,8068500c5f57eb9539c3,
asap7,gcd,gauss_wide,gauss_wide,23,310.0,521.365,320,4,False,5,1.2e-07,True,False,728775,640475,,,,,,,,,,,,,,,44.6002,418,1.23,False,4,6.75732421875,0,0040e5d46077b1fe3643,e0c482be65cfee11ae33,
asap7,gcd,gauss_wide,gauss_wide,24,310.0,513.001,324,4,False,5,7e-08,True,False,720872,645761,,,,,,,,,,,,,,,44.2503,414,1.28,False,4,6.75732421875,0,3b5d6516b59078f040a7,8ef591d39ce71818d4b8,
asap7,gcd,gauss_wide,gauss_wide,25,310.0,523.236,329,4,False,5,1.1e-07,True,False,723906,639293,,,,,,,,,,,,,,,44.0462,411,1.27,False,4,6.75732421875,0,02b51eae46dde9bb261a,36aebdd3a9b486a7245c,
asap7,gcd,gauss_wide,gauss_wide,26,310.0,519.822,316,4,False,5,1e-07,True,False,724239,644851,,,,,,,,,,,,,,,44.0753,412,1.27,False,4,6.75732421875,0,33d46776cfec01a2446e,19be50c531ea68a01633,
asap7,gcd,gauss_wide,gauss_wide,27,310.0,530.317,321,4,False,5,1e-07,True,False,732677,642826,,,,,,,,,,,,,,,43.9587,410,1.21,False,4,6.93701171875,0,afe06cdc4e4e1313dbfd,529f5f11c38618d2ef27,
asap7,gcd,gauss_wide,gauss_wide,28,310.0,538.693,326,4,False,5,9e-08,True,False,724683,640573,,,,,,,,,,,,,,,44.0753,412,1.21,False,4,6.86181640625,0,35883d69d0a0751952f1,ef585faa69eb72b7b769,
asap7,gcd,gauss_wide,gauss_wide,29,310.0,515.689,319,4,False,5,1.1e-07,True,False,732290,636684,,,,,,,,,,,,,,,44.0753,412,1.2,False,4,6.86181640625,0,a2fde662b01d60905be7,70c3f0d2507a12ddd290,
asap7,gcd,gauss_wide,gauss_wide,30,310.0,500.139,321,4,False,5,1.1e-07,True,False,726916,646512,,,,,,,,,,,,,,,43.9879,411,1.24,False,4,6.86181640625,0,c82e15f0a10aba822061,5d0fd22149fab197ff52,
asap7,gcd,gauss_wide,gauss_wide,31,310.0,527.594,327,4,False,5,1.1e-07,True,False,725253,637441,,,,,,,,,,,,,,,43.8129,409,1.25,False,4,6.86181640625,0,a19def314a5e9126af7b,71d8ed778fdb2381ec05,
asap7,gcd,gauss_wide,gauss_wide,32,310.0,526.789,317,4,False,5,1.1e-07,True,False,731045,635968,,,,,,,,,,,,,,,44.1628,413,1.21,False,4,6.86181640625,0,a9b2f6cb2f09606cdec6,8ab9e02c13596de9aa21,
asap7,gcd,odb,odb,1,310.0,519.731,316,4,False,5,8e-08,True,False,721133,641464,,,,,358.4616,-48.4616,-153.359,43.5249,12038,12.1,0,22.88,False,0,43.9004,410,1.22,False,4,0.80810546875,0,8d9e80a85a3464894b8f,2d554c1abd4dad0ef796,103841ab4cfdb25c2b0f
asap7,gcd,odb,odb,2,310.0,523.557,323,4,False,5,9e-08,True,False,725246,639533,,,,,359.8738,-49.8738,-148.203,42.7084,12192,12.41,0,22.48,False,0,43.8129,409,1.22,False,4,0.80810546875,0,8896b3916003685400f7,2ba908cfb053bbf1b045,a4a678799f2eb5b12a9a
asap7,gcd,odb,odb,3,310.0,518.341,321,4,False,5,1.1e-07,True,False,722082,642567,,,,,362.4005,-52.4005,-181.296,43.983,12289,12.53,0,25.37,False,0,43.7837,408,1.23,False,4,0.80810546875,0,d80d3e18eeee40760e2d,15a95570da0f4622207a,23b0e98e1c428c02f66d
asap7,gcd,odb,odb,4,310.0,530.909,321,4,False,5,1e-07,True,False,723834,641506,,,,,356.5787,-46.5787,-131.512,43.6273,11981,12.13,0,24.29,False,0,43.8129,409,1.24,False,4,0.80810546875,0,0889357d15848d3f16dc,b8f9ae9b3a408ae5f066,bee2f14377337fdda0f1
asap7,gcd,odb,odb,5,310.0,531.972,323,4,False,5,1e-07,True,False,723243,646594,,,,,358.3005,-48.3005,-155.864,43.7944,12984,12.64,0,22.91,False,0,44.1337,412,1.23,False,4,2.99462890625,0,d1e75a6d3ad7d3884aff,0fe09ca997f806499c41,a7e5b5b5b08a88cc9307
asap7,gcd,odb,odb,6,310.0,516.892,317,4,False,5,1e-07,True,False,722727,640888,,,,,359.9602,-49.9602,-168.272,43.0284,12175,12.29,0,22.09,False,0,43.7837,408,1.21,False,4,2.99462890625,0,7562a37e1ad8f3126a6a,605cb056170d96b38adb,14a2801bef2d025d8e63
asap7,gcd,odb,odb,7,310.0,521.22,320,4,False,5,1e-07,True,False,723368,644595,,,,,358.1216,-48.1216,-164.689,43.9721,12602,12.5,0,20.74,False,0,43.8712,409,1.24,False,4,2.99462890625,0,61e3d7fef31b37b10290,63f3539ed50eec3af17b,53b03f7395fc4761927d
asap7,gcd,odb,odb,8,310.0,523.982,326,4,False,5,1.2e-07,True,False,725371,644456,,,,,356.9369,-46.9369,-135.836,44.2007,12220,12.38,0,24.6,False,0,43.7254,408,1.24,False,4,2.99462890625,0,2361d04aba43c72f8e48,db5b450928d34daefdd1,e1b036208ff01fe8eeb9
asap7,gcd,odb,odb,9,310.0,520.203,321,4,False,5,1.1e-07,True,False,722078,640382,,,,,,,,,,,,,,,43.8129,409,1.3,False,4,2.99462890625,0,0cf78a799f081f7ddcbb,76bee50beb52807655be,
asap7,gcd,odb,odb,10,310.0,522.524,320,4,False,5,1.2e-07,True,False,719424,640427,,,,,,,,,,,,,,,43.9879,411,1.29,False,4,2.99462890625,0,3974caa9dfc740b0db70,25047bb67173aa60f663,
asap7,gcd,odb,odb,11,310.0,527.716,321,4,False,5,1.1e-07,True,False,719956,643280,,,,,,,,,,,,,,,44.2211,413,1.25,False,4,3.2353515625,0,05dde291cb0c5d5d54cf,41cc3cb4e2ade913742f,
asap7,gcd,odb,odb,12,310.0,525.543,320,4,False,5,1.1e-07,True,False,724196,644520,,,,,,,,,,,,,,,44.2503,414,1.25,False,4,3.2353515625,0,5470a64b2297676c8631,90b7be06723b790386ba,
asap7,gcd,odb,odb,13,310.0,521.408,320,4,False,5,6e-08,True,False,722760,642122,,,,,,,,,,,,,,,43.9587,410,1.31,False,4,3.2353515625,0,c7f3eadb1f207a357fa0,4525494df5c7b5f8b42a,
asap7,gcd,odb,odb,14,310.0,521.846,320,4,False,5,9e-08,True,False,726227,638890,,,,,,,,,,,,,,,43.9004,410,1.27,False,4,3.2353515625,0,894be5e1eeee858d6f4f,af7276fb18c9df8ff756,
asap7,gcd,odb,odb,15,310.0,528.06,320,4,False,5,6e-08,True,False,724248,640052,,,,,,,,,,,,,,,44.2211,413,1.28,False,4,3.2353515625,0,a7214b7a342e360fd5e5,f5b03ab7327f80b200af,
asap7,gcd,odb,odb,16,310.0,518.387,324,4,False,5,1e-07,True,False,722260,641138,,,,,,,,,,,,,,,43.8421,408,1.25,False,4,3.2353515625,0,d75cc31070996f9534b3,ea6a1f3c93910c0ede91,
asap7,gcd,shipped,shipped,1,310.0,528.717,317,4,False,5,1.1e-07,True,False,721133,637513,43,261,0,314,360.325,-50.325,-168.151,43.4907,12220,12.48,0,24.34,False,0,43.9879,411,1.3,False,4,0.2275390625,0,734947984bd3fee97b5f,2d554c1abd4dad0ef796,4fec93236c1b8fd225c5
asap7,gcd,shipped,shipped,2,310.0,527.358,320,4,False,5,1e-07,True,False,725246,636629,43,261,0,314,357.8239,-47.8239,-137.242,42.4241,12585,12.74,0,28.39,False,0,44.2503,414,1.27,False,4,0.2275390625,0,c285857f21f59105bd33,2ba908cfb053bbf1b045,8a5fbcec1842496b178d
asap7,gcd,shipped,shipped,3,310.0,518.253,321,4,False,5,1.2e-07,True,False,722082,638240,43,261,0,314,360.1032,-50.1032,-147.968,43.2192,12152,12.2,0,21.66,False,0,43.7837,408,1.28,False,4,0.2275390625,0,884fa81ba3ef1f49c761,15a95570da0f4622207a,721bd70f4d7baa9c7d38
asap7,gcd,shipped,shipped,4,310.0,519.543,320,4,False,5,1e-07,True,False,723834,637872,43,261,0,314,359.3727,-49.3727,-160.058,43.1503,12448,12.56,0,23.79,False,0,43.7254,408,1.27,False,4,0.2275390625,0,461601694cb39ef5e44d,b8f9ae9b3a408ae5f066,d3e09a818bf89c52ba85
asap7,gcd,shipped,shipped,5,310.0,519.641,320,4,False,5,1.1e-07,True,False,723243,641345,43,261,0,314,360.3061,-50.3061,-162.964,43.2373,12084,12.32,0,24.71,False,0,43.9587,410,1.26,False,4,1.4365234375,0,0ea320d86a012750a368,0fe09ca997f806499c41,bf985c3fe4a31a06aa9e
asap7,gcd,shipped,shipped,6,310.0,520.885,322,4,False,5,1e-07,True,False,722727,635939,43,261,0,314,358.8277,-48.8277,-159.872,43.3452,12232,12.34,0,22.19,False,0,43.9587,410,1.25,False,4,1.4365234375,0,955defa08cbfe0508c71,605cb056170d96b38adb,156425d680cd985cb988
asap7,gcd,shipped,shipped,7,310.0,512.908,319,4,False,5,1.1e-07,True,False,723368,638688,43,261,0,314,359.3086,-49.3086,-162.196,43.8073,12072,12.25,0,24.23,False,0,43.9004,410,1.21,False,4,1.4365234375,0,4190ad315c53591dde91,63f3539ed50eec3af17b,18dc3527b38af46a865f
asap7,gcd,shipped,shipped,8,310.0,543.254,325,4,False,5,1.1e-07,True,False,725371,639567,43,261,0,314,362.324,-52.324,-170.744,43.658,12118,12.19,0,21.85,False,0,44.1337,412,1.2,False,4,1.4365234375,0,02b0ce6f412e51d7556d,db5b450928d34daefdd1,11dd0c9f9c333bd70c21
asap7,gcd,shipped,shipped,9,310.0,520.203,319,4,False,5,1.1e-07,True,False,722078,638189,43,261,0,314,,,,,,,,,,,43.6963,407,1.31,False,4,1.4365234375,0,f150daf24966511e5f66,76bee50beb52807655be,
asap7,gcd,shipped,shipped,10,310.0,515.291,319,4,False,5,1.1e-07,True,False,719424,636763,43,261,0,314,,,,,,,,,,,43.7254,408,1.3,False,4,1.4365234375,0,5064ac8aca0724aad2f9,25047bb67173aa60f663,
asap7,gcd,shipped,shipped,11,310.0,517.664,317,4,False,5,1.1e-07,True,False,719956,639028,43,261,0,314,,,,,,,,,,,44.1337,412,1.33,False,4,1.80224609375,0,285afb426aa4fc61c38e,41cc3cb4e2ade913742f,
asap7,gcd,shipped,shipped,12,310.0,530.051,317,4,False,5,7e-08,True,False,724196,640701,43,261,0,314,,,,,,,,,,,44.2503,414,1.36,False,4,1.80224609375,0,5e4b433864aa2590eef2,90b7be06723b790386ba,
asap7,gcd,shipped,shipped,13,310.0,526.444,318,4,False,5,1e-07,True,False,722760,639014,43,261,0,314,,,,,,,,,,,43.8712,409,1.37,False,4,1.80224609375,0,142056e2f30d0188edcf,4525494df5c7b5f8b42a,
asap7,gcd,shipped,shipped,14,310.0,537.833,324,4,False,5,1e-07,True,False,726227,636838,43,261,0,314,,,,,,,,,,,44.0753,412,1.36,False,4,1.80224609375,0,36f4672d39a4ee4cca48,af7276fb18c9df8ff756,
asap7,gcd,shipped,shipped,15,310.0,521.329,321,4,False,5,1.1e-07,True,False,724248,639385,43,261,0,314,,,,,,,,,,,43.8129,409,1.37,False,4,1.80224609375,0,8f1ac4eec5026ba7812e,f5b03ab7327f80b200af,
asap7,gcd,shipped,shipped,16,310.0,523.83,319,4,False,5,1e-07,True,False,722260,638678,43,261,0,314,,,,,,,,,,,43.7254,408,1.31,False,4,1.80224609375,0,8a41a56e947ade6e4916,ea6a1f3c93910c0ede91,
asap7,gcd,spread,spread,1,310.0,528.348,331,4,False,5,1e-07,True,False,740212,644918,,,,,360.7723,-50.7723,-175.183,43.857,12540,12.77,0,22.87,False,0,43.9004,410,1.22,False,4,3.06884765625,0,a9509d6835400ed8c199,1719115dfdf41de1a49b,e7e43be78f0dfc59e312
asap7,gcd,spread,spread,2,310.0,537.264,333,4,False,5,5e-08,True,False,738976,648051,,,,,360.2994,-50.2994,-171.498,43.2364,12397,12.52,0,25.42,False,0,44.0753,412,1.23,False,4,3.06884765625,0,4adb7000fa9ef6b61dfc,8d911036f52edebed31e,7d2f9bc5693c5a546307
asap7,gcd,spread,spread,3,310.0,526.936,328,4,False,5,9e-08,True,False,721969,646389,,,,,360.49739999999997,-50.4974,-172.76,43.6056,12334,12.49,0,23.36,False,0,44.3086,414,1.24,False,4,3.06884765625,0,5e504b15231deb6108db,e4a597b63fac8951a4ed,d8a134390022a2af4e9c
asap7,gcd,spread,spread,4,310.0,530.363,325,4,False,5,1.1e-07,True,False,721672,646109,,,,,357.262,-47.262,-160.06,43.5514,12158,12.26,0,21.32,False,0,44.1628,413,1.22,False,4,3.06884765625,0,8183af13d66ea9796628,2e54966f0b02307db007,ec53882cc6dffa883e8d
asap7,gcd,spread,spread,5,310.0,523.027,327,4,False,5,5e-08,True,False,722092,646155,,,,,358.7407,-48.7407,-138.471,43.9085,12038,12.26,0,25.94,False,0,44.2211,413,1.23,False,4,6.79248046875,0,847411234f3bb9d01457,3cd52036b3fef8df2bff,8640c7e39e2b295f3a99
asap7,gcd,spread,spread,6,310.0,535.803,326,4,False,5,1.2e-07,True,False,721183,652371,,,,,362.275,-52.275,-160.579,44.6228,11935,12.18,0,23.62,False,0,44.0753,412,1.22,False,4,6.79248046875,0,c779469d90338b4f62b0,63e561e29fa666935cc9,c407eeb6b3831519bec5
asap7,gcd,spread,spread,7,310.0,542.171,323,4,False,5,1.2e-07,True,False,736407,648485,,,,,357.8725,-47.8725,-135.353,42.433,12329,12.57,0,23.22,False,0,44.2503,414,1.14,False,4,6.79248046875,0,b37d69c5f4eb0cedf839,a0e16094cb32c3588fdf,7d4074c1e5559a32f186
asap7,gcd,spread,spread,8,310.0,509.589,325,4,False,5,9e-08,True,False,721405,648593,,,,,360.6693,-50.6693,-150.882,44.3139,11964,12.11,0,21.12,False,0,43.9879,411,1.15,False,4,6.79248046875,0,6c71e63da7fe5e3f6f07,b03b276e2e6d214d8eeb,7e2f8fda2e08ea62f1c3
asap7,gcd,spread,spread,9,310.0,517.464,325,4,False,5,1.1e-07,True,False,722391,646203,,,,,,,,,,,,,,,44.1628,413,1.25,False,4,6.79248046875,0,a31685cc8b9425c77d62,7533d3030efb17a621d9,
asap7,gcd,spread,spread,10,310.0,526.516,328,4,False,5,7e-08,True,False,722385,646535,,,,,,,,,,,,,,,44.1628,413,1.25,False,4,6.79248046875,0,ef218754e76e02414e43,a098283384f291567668,
asap7,gcd,spread,spread,11,310.0,518.247,326,4,False,5,9e-08,True,False,721129,646663,,,,,,,,,,,,,,,43.9879,411,1.22,False,4,6.72900390625,0,ced8439d3805ebc99424,a9c204175ba41f57c4e2,
asap7,gcd,spread,spread,12,310.0,528.491,328,4,False,5,1e-07,True,False,718303,647312,,,,,,,,,,,,,,,44.1628,413,1.22,False,4,6.72900390625,0,687b3f779fe5ad1d8e34,633834425d30d772ac27,
asap7,gcd,spread,spread,13,310.0,532.897,327,4,False,5,1.2e-07,True,False,735438,650082,,,,,,,,,,,,,,,44.2211,413,1.21,False,4,6.72900390625,0,564fc4f10e0367b54573,1b3a1fee041d220798c4,
asap7,gcd,spread,spread,14,310.0,525.928,329,4,False,5,1.1e-07,True,False,722714,647388,,,,,,,,,,,,,,,44.0462,411,1.22,False,4,6.72900390625,0,d84fd5fa64728383f193,d40955331d3680e3219d,
asap7,gcd,spread,spread,15,310.0,545.29,325,4,False,5,1.2e-07,True,False,735895,648463,,,,,,,,,,,,,,,44.1628,413,1.23,False,4,6.72900390625,0,65d0f4b68a1cfe840eac,33f55389be2e09cb8432,
asap7,gcd,spread,spread,16,310.0,526.986,327,4,False,5,1.2e-07,True,False,721687,646340,,,,,,,,,,,,,,,43.9879,411,1.23,False,4,6.72900390625,0,3091eefc657fd15f219c,ace84eaa5d4626c49119,
asap7,gcd,uniform,uniform,1,310.0,526.856,326,4,False,5,1.2e-07,True,False,725855,646138,,,,,,,,,,,,,,,44.2503,414,1.28,False,4,1.8828125,0,38c1c2a0d04fa6a68ee1,fac4aa34a72ad6ffad16,
asap7,gcd,uniform,uniform,2,310.0,502.595,324,4,False,5,1e-07,True,False,725654,639407,,,,,,,,,,,,,,,43.9879,411,1.29,False,4,1.8828125,0,bc10814b0073ecc8a6db,6bde6f011256b744cc65,
asap7,gcd,uniform,uniform,3,310.0,518.964,325,4,False,5,1.2e-07,True,False,729541,644834,,,,,,,,,,,,,,,44.1628,413,1.27,False,4,1.8828125,0,12be665b507d61362d4e,7a671f43d32a2c82a209,
asap7,gcd,uniform,uniform,4,310.0,524.31,330,4,False,5,1.1e-07,True,False,728196,650583,,,,,,,,,,,,,,,44.0753,412,1.3,False,4,1.8828125,0,09210cf2eea3dd0d8f3c,5c24a6c3591384fb2c22,
asap7,gcd,uniform,uniform,5,310.0,524.466,326,4,False,5,5e-08,True,False,726639,646309,,,,,,,,,,,,,,,43.9879,411,1.2,False,4,4.79541015625,0,57d455e34c62969d12b7,7c4701cc7ec46a0bcdb5,
asap7,gcd,uniform,uniform,6,310.0,509.461,322,4,False,5,1.2e-07,True,False,732495,635091,,,,,,,,,,,,,,,44.192,412,1.25,False,4,4.79541015625,0,d16e4fdc558504e964c5,eaf95ea7070972f1a5c6,
asap7,gcd,uniform,uniform,7,310.0,529.074,322,4,False,5,1.1e-07,True,False,723640,649144,,,,,,,,,,,,,,,44.1628,413,1.26,False,4,4.79541015625,0,8e5810be899f84048d7c,670819c71248c999eef1,
asap7,gcd,uniform,uniform,8,310.0,525.95,323,4,False,5,1.2e-07,True,False,728705,648792,,,,,,,,,,,,,,,44.0753,412,1.28,False,4,4.79541015625,0,a81eabfd495f4745774e,2d54afb5905258180a48,
asap7,gcd,uniform,uniform,9,310.0,515.179,322,4,False,5,1.1e-07,True,False,733985,641583,,,,,,,,,,,,,,,43.9004,410,1.31,False,4,4.79541015625,0,2ee4ed60b9c087caf547,a8e121f49eea520c246d,
asap7,gcd,uniform,uniform,10,310.0,522.942,328,4,False,5,8e-08,True,False,731322,652266,,,,,,,,,,,,,,,43.9879,411,1.25,False,4,4.79541015625,0,ce4744cde25a018f8577,891950ab854fb95909ee,
asap7,gcd,uniform,uniform,11,310.0,517.405,317,4,False,5,1.1e-07,True,False,730612,643868,,,,,,,,,,,,,,,44.3961,415,1.19,False,4,4.89208984375,0,9e4b797717e106b3300c,d8293fb9e5a499dd4e95,
asap7,gcd,uniform,uniform,12,310.0,515.087,325,4,False,5,1e-07,True,False,722638,643828,,,,,,,,,,,,,,,44.0753,412,1.23,False,4,4.89208984375,0,cd0e91162756aa44cd3d,9aad5967f5a928e0f956,
asap7,gcd,uniform,uniform,13,310.0,529.174,325,4,False,5,1.2e-07,True,False,724050,649072,,,,,,,,,,,,,,,43.9004,410,1.28,False,4,4.89208984375,0,34f33a27f45dee09a629,e0b3da7b281a929a7ed3,
asap7,gcd,uniform,uniform,14,310.0,517.781,319,4,False,5,9e-08,True,False,723760,644622,,,,,,,,,,,,,,,44.1337,412,1.24,False,4,4.89208984375,0,807d1c058d79adbcb675,28ab06e03e11d7e0a19c,
asap7,gcd,uniform,uniform,15,310.0,522.353,328,4,False,5,1.1e-07,True,False,729869,640914,,,,,,,,,,,,,,,44.0462,411,1.26,False,4,4.89208984375,0,c5732f53fe3cf63a723b,aa52562bea75b6cf4dae,
asap7,gcd,uniform,uniform,16,310.0,521.868,322,4,False,5,1e-07,True,False,731323,644173,,,,,,,,,,,,,,,44.1628,413,1.28,False,4,4.89208984375,0,866abff74f13917fbb90,0ddc147caa3bf309ec2e,
asap7,gcd,uniform,uniform,17,310.0,506.492,316,4,False,5,1.1e-07,True,False,730455,647207,,,,,,,,,,,,,,,44.1337,412,1.21,False,4,5.22119140625,0,f9368ddc971f9ce8e16f,f67e715207ec2f4ec21b,
asap7,gcd,uniform,uniform,18,310.0,498.704,327,4,False,5,1.2e-07,True,False,728956,635778,,,,,,,,,,,,,,,43.9879,411,1.29,False,4,5.22119140625,0,5a6d12bea7d62a1a5da0,1dad124d006408cca87d,
asap7,gcd,uniform,uniform,19,310.0,520.228,325,4,False,5,8e-08,True,False,730074,636469,,,,,,,,,,,,,,,43.9004,410,1.26,False,4,5.22119140625,0,d3ff12898b637caeec5c,22776537263cea16e00f,
asap7,gcd,uniform,uniform,20,310.0,523.895,325,4,False,5,1.1e-07,True,False,723588,647233,,,,,,,,,,,,,,,44.3378,415,1.27,False,4,5.22119140625,0,bbd1e986069842eb7cd8,4d5aa019fec10378a3e4,
asap7,gcd,uniform,uniform,21,310.0,513.466,328,4,False,5,1e-07,True,False,723246,645260,,,,,,,,,,,,,,,44.0753,412,1.27,False,4,5.22119140625,0,f86b7f1089834b369ea7,ef8cd377c04286d0d76f,
asap7,gcd,uniform,uniform,22,310.0,523.409,323,4,False,5,9e-08,True,False,728504,639289,,,,,,,,,,,,,,,44.1628,413,1.26,False,4,5.22119140625,0,48668e97f3a48b87fcff,63352c2d8bc6a9d0d411,
asap7,gcd,uniform,uniform,23,310.0,526.101,324,4,False,5,1e-07,True,False,722189,649513,,,,,,,,,,,,,,,44.2211,413,1.22,False,4,5.28369140625,0,858dc4ff9fa6583a9824,1466d500314354ac4622,
asap7,gcd,uniform,uniform,24,310.0,526.508,326,4,False,5,1.1e-07,True,False,728676,651235,,,,,,,,,,,,,,,44.3086,414,1.26,False,4,5.28369140625,0,9a0dc3d00df0f307c39b,27a25252619bf611fccc,
asap7,gcd,uniform,uniform,25,310.0,517.133,325,4,False,5,1e-07,True,False,727410,649613,,,,,,,,,,,,,,,44.0753,412,1.28,False,4,5.28369140625,0,4bef9d33678776b74245,43ddafc8ce7806d75869,
asap7,gcd,uniform,uniform,26,310.0,532.494,328,4,False,5,1.1e-07,True,False,724234,641907,,,,,,,,,,,,,,,44.1045,411,1.27,False,4,5.28369140625,0,e374aec334f65a972675,34b8f02bf88c727f827b,
asap7,gcd,uniform,uniform,27,310.0,526.188,328,4,False,5,9e-08,True,False,720242,648273,,,,,,,,,,,,,,,44.2503,414,1.28,False,4,5.28369140625,0,15751c4ae02c7fc0ceea,ad8e28e6bc346eb3df4c,
asap7,gcd,uniform,uniform,28,310.0,517.0,326,4,False,5,1.1e-07,True,False,726386,641133,,,,,,,,,,,,,,,44.2503,414,1.25,False,4,5.28369140625,0,9a505a8a1bf61227fb9b,0eca6923e801c53c2a03,
asap7,gcd,uniform,uniform,29,310.0,524.146,329,4,False,5,6e-08,True,False,728180,636288,,,,,,,,,,,,,,,44.1337,412,1.19,False,4,5.34130859375,0,601f45e504f6a0aec469,fbc278502e2bf5e495d6,
asap7,gcd,uniform,uniform,30,310.0,517.801,321,4,False,5,1.1e-07,True,False,723462,647980,,,,,,,,,,,,,,,43.9879,411,1.23,False,4,5.39453125,0,632daa25de1e3b431941,4c042afbdb7f8c4ec57e,
asap7,gcd,uniform,uniform,31,310.0,517.094,320,4,False,5,1.1e-07,True,False,724989,641288,,,,,,,,,,,,,,,44.4253,416,1.25,False,4,5.39453125,0,b18487b0ee4d80eacf90,e45c9188c007477b1442,
asap7,gcd,uniform,uniform,32,310.0,521.332,329,4,False,5,1e-07,True,False,725145,642174,,,,,,,,,,,,,,,44.1628,413,1.29,False,4,5.39453125,0,5cfb70db9c250012b14a,0d00663870f1ef81f804,
asap7,ibex,anchored,anchored,1,1000.0,61511.98,446,4,False,5,3.51e-06,True,False,69874192,33495268,,,,,1000.398237,-0.398237,-0.398237,37.2262,116230,16.84,0,28.44,False,0,2330.95,20421,22.59,False,4,9.31982421875,0,7f4a5447d92eee73a533,002419902f2b9d2395c1,33b5d6bbb8abb254be47
asap7,ibex,anchored,anchored,2,1000.0,61329.06,445,4,False,5,4.61e-06,True,False,69847106,33569899,,,,,1006.13309,-6.13309,-179.115,36.9124,117374,16.84,0,27.93,False,0,2333.08,20428,22.66,False,4,9.31982421875,0,bdbab1a35588ffd2cff3,891bc65aea4b17f13d96,34e78f977eab3ddc9dc9
asap7,ibex,anchored,anchored,3,1000.0,61900.0,445,4,False,5,2.22e-06,True,False,69828848,33452588,,,,,1001.91569,-1.91569,-13.2571,37.0395,116403,16.88,0,28.47,False,0,2331.49,20420,22.86,False,4,9.2939453125,0,e35c4233a7b851b4b4d3,a8503a6f1f4d75628c46,5d8c6593158a0f6f8f8e
asap7,ibex,anchored,anchored,4,1000.0,61378.33,445,4,False,5,9.4e-06,True,False,69876142,33473484,,,,,1003.93141,-3.93141,-48.7104,36.911,116250,16.73,0,28.68,False,0,2329.08,20397,21.34,False,4,9.2939453125,0,6a998436b5195f5dfcc2,e5dbc9815c3f1e9df0ff,d7dddfd9277cc6097331
asap7,ibex,anchored,anchored,5,1000.0,61557.78,446,4,False,5,6.69e-06,True,False,69841194,33484221,,,,,1001.90081,-1.90081,-37.098,36.3553,117511,16.89,0,27.83,False,0,2328.86,20390,22.2,False,4,9.27001953125,0,3d7dfe82b2579506753a,414bcab321f6788f0eb8,3bc059a1379e4190cb1a
asap7,ibex,anchored,anchored,6,1000.0,61103.48,446,4,False,5,5.65e-06,True,False,69795853,33506424,,,,,1002.83829,-2.83829,-22.5248,37.5032,115793,16.68,0,28.65,False,0,2332.86,20410,22.47,False,4,9.27001953125,0,d8fda4edd4ef9755e698,ded0db8c952e54d5320a,57ea02caf9f21353dbb8
asap7,ibex,anchored,anchored,7,1000.0,61775.5,445,4,False,5,3.2e-06,True,False,69843911,33586631,,,,,1002.92133,-2.92133,-10.8678,36.4643,116598,16.8,0,27.91,False,0,2333.98,20441,22.4,False,4,9.203125,0,a52e76e8c99bc840f418,8601829093b04df86622,f364f46e3907e09752d1
asap7,ibex,anchored,anchored,8,1000.0,61766.65,444,4,False,5,6.06e-06,True,False,69890372,33512211,,,,,1003.80229,-3.80229,-67.9432,36.0858,116825,16.86,0,27.79,False,0,2331.72,20428,23.4,False,4,9.203125,0,c9c331a4ca7b8c9a679c,e52f130c47d6e133c587,eab0e5e363496889cd9e
asap7,ibex,anchored,anchored,9,1000.0,61642.86,445,4,False,5,2.23e-06,True,False,69864579,33454830,,,,,,,,,,,,,,,2337.13,20456,19.32,False,4,9.203125,0,60817009aa180f2e89e1,9c3a5d89060e648521ce,
asap7,ibex,anchored,anchored,10,1000.0,61625.24,446,4,False,5,9.44e-06,True,False,69875959,33481194,,,,,,,,,,,,,,,2329.67,20394,19.63,False,4,9.1865234375,0,d7eb03733f09abea8789,cf2da7e42123b4335ecb,
asap7,ibex,anchored,anchored,11,1000.0,61383.96,445,4,False,5,5.58e-06,True,False,69880602,33535017,,,,,,,,,,,,,,,2329.4,20404,19.86,False,4,9.17138671875,0,17476fe4fadecf948c8b,a1d35ca97392ae02b215,
asap7,ibex,anchored,anchored,12,1000.0,61455.55,446,4,False,5,2.29e-06,True,False,69874871,33502167,,,,,,,,,,,,,,,2328.05,20387,20.06,False,4,9.17138671875,0,5de8b03057d07ad4cf35,e2cabc6d0a0562a061e5,
asap7,ibex,anchored,anchored,13,1000.0,61642.04,445,4,False,5,6.57e-06,True,False,69851225,33509265,,,,,,,,,,,,,,,2330.53,20398,18.74,False,4,9.1923828125,0,10d3a3f0c882dcfdc277,8d4bfd2562c636f95a6b,
asap7,ibex,anchored,anchored,14,1000.0,61174.88,445,4,False,5,2.86e-06,True,False,69874838,33495619,,,,,,,,,,,,,,,2327.59,20366,18.33,False,4,9.1923828125,0,2e0f9ccf3ff692397f30,d1cfb203af540931bcad,
asap7,ibex,anchored,anchored,15,1000.0,61162.69,446,4,False,6,2.53e-06,True,False,69874833,33564270,,,,,,,,,,,,,,,2327.42,20373,17.84,False,4,9.1923828125,0,ebeefa4f48effa72074b,94f89032d903e5f49ae9,
asap7,ibex,anchored,anchored,16,1000.0,61918.79,445,4,False,5,2.06e-06,True,False,69828462,33513893,,,,,,,,,,,,,,,2332.44,20408,18.27,False,4,9.1767578125,0,f7aa54e6c690dcf32fc1,e0a1c27b4e19f9a91e3b,
asap7,ibex,center,center,1,1000.0,61566.76,451,4,False,5,6.91e-06,True,False,69874192,33454445,,,,,,,,,,,,,,,2331.6,20406,19.74,False,4,9.01416015625,0,e1802a908308de2c09fb,002419902f2b9d2395c1,
asap7,ibex,center,center,2,1000.0,61600.36,450,4,False,6,5.31e-06,True,False,69847106,33617273,,,,,,,,,,,,,,,2337.9,20465,19.87,False,4,9.01416015625,0,50c7ac54bf080cb34c33,891bc65aea4b17f13d96,
asap7,ibex,center,center,3,1000.0,61511.72,450,4,False,5,4.6e-06,True,False,69828848,33411071,,,,,,,,,,,,,,,2331.6,20427,20.27,False,4,8.67333984375,0,6088f109fe9c9f48fd26,a8503a6f1f4d75628c46,
asap7,ibex,center,center,4,1000.0,61435.93,451,4,False,5,5.77e-06,True,False,69876142,33438194,,,,,,,,,,,,,,,2331.95,20411,20.39,False,4,8.67333984375,0,d563c754e7a388b081ad,e5dbc9815c3f1e9df0ff,
asap7,ibex,center,center,5,1000.0,61498.69,450,4,False,5,2.73e-06,True,False,69841194,33449854,,,,,,,,,,,,,,,2332.63,20424,20.19,False,4,8.67333984375,0,1731ca940570b1fd4c9c,414bcab321f6788f0eb8,
asap7,ibex,center,center,6,1000.0,61629.99,450,4,False,5,4.11e-06,True,False,69795853,33458419,,,,,,,,,,,,,,,2332.1,20425,19.58,False,4,8.619140625,0,a4a02475b7160585b8f3,ded0db8c952e54d5320a,
asap7,ibex,center,center,7,1000.0,61740.39,450,4,False,6,5.44e-06,True,False,69843911,33636378,,,,,,,,,,,,,,,2334.29,20430,19.78,False,4,8.619140625,0,1c181b1f8ad0ebeeb06e,8601829093b04df86622,
asap7,ibex,center,center,8,1000.0,61150.14,449,4,False,5,3.99e-06,True,False,69890372,33479162,,,,,,,,,,,,,,,2334.9,20448,20.08,False,4,8.619140625,0,7446e155cea741dfdf00,e52f130c47d6e133c587,
asap7,ibex,center,center,9,1000.0,61201.81,450,4,False,5,3.26e-06,True,False,69864579,33408987,,,,,,,,,,,,,,,2339.07,20490,19.82,False,4,8.6064453125,0,6b5c57b83008c75d0ca0,9c3a5d89060e648521ce,
asap7,ibex,center,center,10,1000.0,61777.18,449,4,False,5,7.74e-06,True,False,69875959,33435982,,,,,,,,,,,,,,,2333.84,20416,20.09,False,4,8.6064453125,0,d48fb4b629dbbfb6ca35,cf2da7e42123b4335ecb,
asap7,ibex,center,center,11,1000.0,61463.06,451,4,False,5,3e-06,True,False,69880602,33487643,,,,,,,,,,,,,,,2333.3,20409,19.24,False,4,8.6064453125,0,0d80b2c8ed461079a708,a1d35ca97392ae02b215,
asap7,ibex,center,center,12,1000.0,61719.72,451,4,False,5,4.52e-06,True,False,69874871,33460421,,,,,,,,,,,,,,,2329.17,20388,19.97,False,4,8.6064453125,0,ad491fef43b1c8f31d2b,e2cabc6d0a0562a061e5,
asap7,ibex,center,center,13,1000.0,61620.94,452,4,False,5,3.33e-06,True,False,69851225,33462684,,,,,,,,,,,,,,,2328.72,20390,19.87,False,4,8.63818359375,0,c20c46a7c770b5e4f01e,8d4bfd2562c636f95a6b,
asap7,ibex,center,center,14,1000.0,61673.9,450,4,False,5,4.98e-06,True,False,69874838,33458538,,,,,,,,,,,,,,,2327.07,20382,19.47,False,4,8.63818359375,0,70e9d66475c5979c3c3a,d1cfb203af540931bcad,
asap7,ibex,center,center,15,1000.0,61813.68,451,4,False,5,6.62e-06,True,False,69874833,33430030,,,,,,,,,,,,,,,2334.2,20444,20.78,False,4,10.873046875,0,f30ee2211be53e3a14d3,94f89032d903e5f49ae9,
asap7,ibex,center,center,16,1000.0,61252.71,450,4,False,6,3.87e-06,True,False,69828462,33569898,,,,,,,,,,,,,,,2328.86,20385,19.81,False,4,10.873046875,0,2f805e420c5bca55312d,e0a1c27b4e19f9a91e3b,
asap7,ibex,corner_ll,corner_ll,1,1000.0,61765.93,453,4,False,5,4.22e-06,True,False,71636688,32917940,,,,,,,,,,,,,,,2326.47,20368,22.27,False,4,9.65185546875,0,96bf57b92ae66cceda60,4814e584a799c4da6c8e,
asap7,ibex,corner_ll,corner_ll,2,1000.0,61784.92,453,4,False,5,6.34e-06,True,False,71771914,32873997,,,,,,,,,,,,,,,2332.76,20418,22.06,False,4,9.65185546875,0,38b2353495a66565c8ac,7c724eaac23ee4c8c33e,
asap7,ibex,corner_ll,corner_ll,3,1000.0,61698.66,453,4,False,5,6.34e-06,True,False,71771914,32873997,,,,,,,,,,,,,,,2331.47,20401,22.3,False,4,9.65185546875,0,73e605fb06c883fe70ab,7c724eaac23ee4c8c33e,
asap7,ibex,corner_ll,corner_ll,4,1000.0,61810.01,454,4,False,5,6.34e-06,True,False,71771914,32873997,,,,,,,,,,,,,,,2331.53,20424,19.94,False,4,10.08056640625,0,9098fb3825f43a464379,7c724eaac23ee4c8c33e,
asap7,ibex,corner_ll,corner_ll,5,1000.0,61507.66,453,4,False,5,6.34e-06,True,False,71771914,32873997,,,,,,,,,,,,,,,2323.72,20354,19.7,False,4,10.08056640625,0,c1f239eab8f4cd40e4ea,7c724eaac23ee4c8c33e,
asap7,ibex,corner_ll,corner_ll,6,1000.0,61673.57,452,4,False,5,6.34e-06,True,False,71771914,32873997,,,,,,,,,,,,,,,2327.59,20380,19.79,False,4,10.08056640625,0,21d98ad868668669584f,7c724eaac23ee4c8c33e,
asap7,ibex,corner_ll,corner_ll,7,1000.0,61829.64,453,4,False,5,6.34e-06,True,False,71771914,32873997,,,,,,,,,,,,,,,2329.23,20395,20.78,False,4,10.1572265625,0,8b8ef31649f0e46ade87,7c724eaac23ee4c8c33e,
asap7,ibex,corner_ll,corner_ll,8,1000.0,61588.18,453,4,False,5,6.34e-06,True,False,71771914,32873997,,,,,,,,,,,,,,,2330.45,20391,20.79,False,4,10.1572265625,0,f2f315b6056ff3db56e7,7c724eaac23ee4c8c33e,
asap7,ibex,corner_ll,corner_ll,9,1000.0,61114.86,452,4,False,5,6.34e-06,True,False,71771914,32873997,,,,,,,,,,,,,,,2321.35,20315,20.52,False,4,10.1572265625,0,86ff3dfaf8272fae91aa,7c724eaac23ee4c8c33e,
asap7,ibex,corner_ll,corner_ll,10,1000.0,61646.51,453,4,False,5,6.34e-06,True,False,71771914,32873997,,,,,,,,,,,,,,,2330.02,20394,19.81,False,4,10.30517578125,0,eabdb21ee76e38d5f5db,7c724eaac23ee4c8c33e,
asap7,ibex,corner_ll,corner_ll,11,1000.0,61784.67,453,4,False,5,6.34e-06,True,False,71771914,32873997,,,,,,,,,,,,,,,2329.81,20407,19.85,False,4,10.30517578125,0,15f4411667329299b068,7c724eaac23ee4c8c33e,
asap7,ibex,corner_ll,corner_ll,12,1000.0,61872.46,453,4,False,5,6.34e-06,True,False,71771914,32873997,,,,,,,,,,,,,,,2335.85,20463,19.6,False,4,10.30517578125,0,ef2bac83f41982e7adf1,7c724eaac23ee4c8c33e,
asap7,ibex,corner_ll,corner_ll,13,1000.0,62053.5,453,4,False,5,6.34e-06,True,False,71771914,32873997,,,,,,,,,,,,,,,2340.79,20508,20.06,False,4,9.3349609375,0,1b1093edc40a6be2fb2f,7c724eaac23ee4c8c33e,
asap7,ibex,corner_ll,corner_ll,14,1000.0,61595.8,453,4,False,5,6.34e-06,True,False,71771914,32873997,,,,,,,,,,,,,,,2329.24,20378,19.63,False,4,9.3349609375,0,2c9332868eb4daab993a,7c724eaac23ee4c8c33e,
asap7,ibex,corner_ll,corner_ll,15,1000.0,61861.9,453,4,False,5,6.34e-06,True,False,71771914,32873997,,,,,,,,,,,,,,,2328.56,20388,20.42,False,4,9.3349609375,0,1438ce6578b52800a41f,7c724eaac23ee4c8c33e,
asap7,ibex,corner_ll,corner_ll,16,1000.0,61732.73,453,4,False,5,6.34e-06,True,False,71771914,32873997,,,,,,,,,,,,,,,2328.27,20381,20.18,False,4,9.3349609375,0,15edfeb8081758f05ccf,7c724eaac23ee4c8c33e,
asap7,ibex,corner_ur,corner_ur,1,1000.0,60206.35,450,4,False,7,4.79e-06,True,False,69183927,33666367,,,,,,,,,,,,,,,2329.84,20402,19.6,False,4,9.548828125,0,d082fe286034154049e7,0774352608beb0290378,
asap7,ibex,corner_ur,corner_ur,2,1000.0,60163.36,450,4,False,7,4.79e-06,True,False,69183927,33666367,,,,,,,,,,,,,,,2330.63,20400,19.96,False,4,9.548828125,0,6420f82357d40c7f99b8,0774352608beb0290378,
asap7,ibex,corner_ur,corner_ur,3,1000.0,59838.45,451,4,False,7,4.79e-06,True,False,69183927,33666367,,,,,,,,,,,,,,,2331.18,20409,20.75,False,4,9.2998046875,0,672f53337caee9db4e7c,0774352608beb0290378,
asap7,ibex,corner_ur,corner_ur,4,1000.0,60291.12,450,4,False,7,4.79e-06,True,False,69183927,33666367,,,,,,,,,,,,,,,2336.17,20454,19.76,False,4,9.2998046875,0,bf0aa366bb6f8abd359d,0774352608beb0290378,
asap7,ibex,corner_ur,corner_ur,5,1000.0,60048.49,450,4,False,7,4.79e-06,True,False,69183927,33666367,,,,,,,,,,,,,,,2332.76,20426,20.16,False,4,9.275390625,0,9ea9dc09b538a99b1347,0774352608beb0290378,
asap7,ibex,corner_ur,corner_ur,6,1000.0,59820.93,450,4,False,7,4.79e-06,True,False,69183927,33666367,,,,,,,,,,,,,,,2328.41,20379,20.04,False,4,9.275390625,0,a0372e46715ba7cd1c21,0774352608beb0290378,
asap7,ibex,corner_ur,corner_ur,7,1000.0,59852.36,450,4,False,7,4.79e-06,True,False,69183927,33666367,,,,,,,,,,,,,,,2328.59,20383,19.9,False,4,9.275390625,0,b9e4d8b5e95266489192,0774352608beb0290378,
asap7,ibex,corner_ur,corner_ur,8,1000.0,60372.87,449,4,False,7,4.79e-06,True,False,69183927,33666367,,,,,,,,,,,,,,,2334.07,20440,20.21,False,4,9.275390625,0,9730cc536b1c3e87e695,0774352608beb0290378,
asap7,ibex,corner_ur,corner_ur,9,1000.0,59878.86,450,4,False,7,4.79e-06,True,False,69183927,33666367,,,,,,,,,,,,,,,2327.36,20375,20.41,False,4,9.22412109375,0,f0d544e8e0090e86ff54,0774352608beb0290378,
asap7,ibex,corner_ur,corner_ur,10,1000.0,59923.17,450,4,False,7,4.79e-06,True,False,69183927,33666367,,,,,,,,,,,,,,,2324.77,20353,20.44,False,4,9.22412109375,0,cf7ca20e62c9b142fd0e,0774352608beb0290378,
asap7,ibex,corner_ur,corner_ur,11,1000.0,59728.27,450,4,False,7,4.79e-06,True,False,69183927,33666367,,,,,,,,,,,,,,,2325.67,20372,19.99,False,4,9.2060546875,0,94e83b4e7f6d7daa5ab0,0774352608beb0290378,
asap7,ibex,corner_ur,corner_ur,12,1000.0,60063.27,450,4,False,7,4.79e-06,True,False,69183927,33666367,,,,,,,,,,,,,,,2333.22,20421,19.19,False,4,9.2060546875,0,48648a363b100d84034a,0774352608beb0290378,
asap7,ibex,corner_ur,corner_ur,13,1000.0,60236.51,450,4,False,7,4.79e-06,True,False,69183927,33666367,,,,,,,,,,,,,,,2330.25,20408,18.95,False,4,9.2060546875,0,bd2eb85ee535e1229b39,0774352608beb0290378,
asap7,ibex,corner_ur,corner_ur,14,1000.0,59828.82,450,4,False,7,4.79e-06,True,False,69183927,33666367,,,,,,,,,,,,,,,2329.2,20395,19.46,False,4,9.2060546875,0,bece25684e1fcb9ad8e5,0774352608beb0290378,
asap7,ibex,corner_ur,corner_ur,15,1000.0,59911.8,450,4,False,7,4.79e-06,True,False,69183927,33666367,,,,,,,,,,,,,,,2328.44,20381,19.3,False,4,9.267578125,0,1ce1603e374fbeb22363,0774352608beb0290378,
asap7,ibex,corner_ur,corner_ur,16,1000.0,59784.5,450,4,False,7,4.79e-06,True,False,69183927,33666367,,,,,,,,,,,,,,,2326.2,20365,19.59,False,4,9.267578125,0,a1a0bd4b77285aedba9a,0774352608beb0290378,
asap7,ibex,gauss_tight,gauss_tight,1,1000.0,61809.97,452,4,False,6,6.9e-06,True,False,71053291,33851492,,,,,,,,,,,,,,,2331.4,20395,19.5,False,4,9.10205078125,0,3499247fc3e9a68d009a,09e809a9c690b45d62aa,
asap7,ibex,gauss_tight,gauss_tight,2,1000.0,64564.59,453,4,False,6,4.17e-06,True,False,72234262,34076166,,,,,,,,,,,,,,,2338.11,20469,19.62,False,4,9.10205078125,0,a88a3f1f23487403ae14,4c9e80aa0cdf2f106266,
asap7,ibex,gauss_tight,gauss_tight,3,1000.0,61711.13,452,4,False,6,2.43e-06,True,False,70407017,34000509,,,,,,,,,,,,,,,2327.77,20397,19.03,False,4,9.37451171875,0,7fe0218bea998569513f,b410dde36b922ff48313,
asap7,ibex,gauss_tight,gauss_tight,4,1000.0,61509.57,454,4,False,6,7.5e-06,True,False,70493665,32797425,,,,,,,,,,,,,,,2329.07,20391,19.27,False,4,9.37451171875,0,2a0d5e2ccc13666eaedd,b940cca94e29d3fe6295,
asap7,ibex,gauss_tight,gauss_tight,5,1000.0,62989.45,451,4,False,8,8.74e-06,True,False,71350706,34412630,,,,,,,,,,,,,,,2337.92,20476,19.84,False,4,9.37451171875,0,5a76870d687283bf7e1e,4f97b0baabb036f72f7d,
asap7,ibex,gauss_tight,gauss_tight,6,1000.0,60336.65,453,4,False,6,4.78e-06,True,False,69465745,32355361,,,,,,,,,,,,,,,2337.57,20481,19.07,False,4,9.34423828125,0,c440a41f882d4013297d,c651652c1b1e1ba2f8c7,
asap7,ibex,gauss_tight,gauss_tight,7,1000.0,60445.65,450,4,False,7,3.22e-06,True,False,70778859,34345946,,,,,,,,,,,,,,,2333.78,20446,19.45,False,4,9.34423828125,0,08fc7c2bcecb8ed9d881,1362d4db8fb9ff0f2378,
asap7,ibex,gauss_tight,gauss_tight,8,1000.0,61151.33,453,4,False,5,7.67e-06,True,False,71442421,33669002,,,,,,,,,,,,,,,2331.21,20414,19.05,False,4,9.34423828125,0,d2f4b78c61dcb97ab98f,0b49ef4103ed3165f164,
asap7,ibex,gauss_tight,gauss_tight,9,1000.0,62303.56,456,4,False,5,9.43e-06,True,False,71344053,32980767,,,,,,,,,,,,,,,2332.22,20426,19.49,False,4,9.1533203125,0,57b2a97a69db22d17997,671bc066aad82408b924,
asap7,ibex,gauss_tight,gauss_tight,10,1000.0,61098.73,452,4,False,6,7.05e-06,True,False,70921785,33531434,,,,,,,,,,,,,,,2333.49,20434,19.26,False,4,8.900390625,0,ac736df33aa106702110,dcb4af07113cfcbbbb2c,
asap7,ibex,gauss_tight,gauss_tight,11,1000.0,62482.53,457,4,False,6,9.63e-06,True,False,72542681,32788425,,,,,,,,,,,,,,,2332.9,20412,18.94,False,4,8.900390625,0,96938ac94f74653a8b2c,e1c74b903ddb692b596c,
asap7,ibex,gauss_tight,gauss_tight,12,1000.0,60123.74,451,4,False,5,9.21e-06,True,False,69686435,34280538,,,,,,,,,,,,,,,2331.84,20416,19.28,False,4,8.90869140625,0,8b954eb2644fa7c922fd,b96e06f681604a2fb959,
asap7,ibex,gauss_tight,gauss_tight,13,1000.0,61103.03,455,4,False,8,3.17e-06,True,False,70212552,32052783,,,,,,,,,,,,,,,2333.08,20423,19.47,False,4,8.90869140625,0,59c4899d2742143f0cf0,bd38c891d1d5d13ddf74,
asap7,ibex,gauss_tight,gauss_tight,14,1000.0,60784.09,451,4,False,6,7.18e-06,True,False,70328534,33190804,,,,,,,,,,,,,,,2338.75,20487,19.7,False,4,8.90869140625,0,4a694b02585d0679b4a6,810cdfbbcbcc73480641,
asap7,ibex,gauss_tight,gauss_tight,15,1000.0,62955.83,451,4,False,6,9.9e-06,True,False,71786189,33918359,,,,,,,,,,,,,,,2333.44,20433,18.96,False,4,8.60302734375,0,8ab51fffdd8a01f82212,8cd9772be76c1dc7ef28,
asap7,ibex,gauss_tight,gauss_tight,16,1000.0,59908.66,451,4,False,5,3.09e-06,True,False,69765522,34035653,,,,,,,,,,,,,,,2335.1,20438,19.38,False,4,8.60302734375,0,513c2728f53816a445bd,1cc9e7c38dd7d653b949,
asap7,ibex,gauss_tight,gauss_tight,17,1000.0,61542.82,455,4,False,5,7.26e-06,True,False,70320503,32013058,,,,,,,,,,,,,,,2330.28,20390,19.64,False,4,8.71533203125,0,001e9d631b8bd96348a3,e017d16266e5961c8bcd,
asap7,ibex,gauss_tight,gauss_tight,18,1000.0,61097.52,451,4,False,5,6.23e-06,True,False,71224788,33976914,,,,,,,,,,,,,,,2336.24,20463,19.2,False,4,8.71533203125,0,fad01fde3612eee95015,943311594be6994cef49,
asap7,ibex,gauss_tight,gauss_tight,19,1000.0,60327.67,452,4,False,5,7.85e-06,True,False,70080357,34006668,,,,,,,,,,,,,,,2330.55,20405,19.89,False,4,8.978515625,0,4be8e37f317a03f2540e,46cba7aaae69c4dd3c3d,
asap7,ibex,gauss_tight,gauss_tight,20,1000.0,61562.36,451,4,False,5,3.79e-06,True,False,70536513,33355943,,,,,,,,,,,,,,,2330.15,20414,19.44,False,4,8.978515625,0,6988e7ae6af46be32365,772debddf210d5710641,
asap7,ibex,gauss_tight,gauss_tight,21,1000.0,61291.08,457,4,False,8,3.87e-06,True,False,70243056,31878711,,,,,,,,,,,,,,,2335.15,20443,20.69,False,4,8.74267578125,0,d4c68509eac7c49f890b,47db7fa4e88cc9fcea46,
asap7,ibex,gauss_tight,gauss_tight,22,1000.0,63317.43,450,4,False,8,6.32e-06,True,False,71960944,33807912,,,,,,,,,,,,,,,2330.99,20410,20.22,False,4,8.74267578125,0,e0f0d24f27070495b7d9,202b365ea473e9f06dd9,
asap7,ibex,gauss_tight,gauss_tight,23,1000.0,62152.82,449,4,False,5,7.95e-06,True,False,71921910,34927180,,,,,,,,,,,,,,,2328.35,20391,19.83,False,4,8.74267578125,0,bdf31d1b9821eb700c8c,0ade11216ef9d3287225,
asap7,ibex,gauss_tight,gauss_tight,24,1000.0,64522.15,455,4,False,5,4.87e-06,True,False,73517350,33055724,,,,,,,,,,,,,,,2341.59,20527,19.96,False,4,9.00390625,0,c2f9451713d24b28a508,61e429efe3c0234de6c6,
asap7,ibex,gauss_tight,gauss_tight,25,1000.0,62642.68,451,4,False,5,3.14e-06,True,False,70922868,34304417,,,,,,,,,,,,,,,2336.52,20473,19.76,False,4,9.244140625,0,ae0c9a8ef5a8544644ca,cf9062d6cc6426e89799,
asap7,ibex,gauss_tight,gauss_tight,26,1000.0,62627.01,453,4,False,7,5.08e-06,True,False,71733590,33209267,,,,,,,,,,,,,,,2330.96,20415,20.02,False,4,9.244140625,0,324985220ed501659749,c83e4a1ec107f448cd8a,
asap7,ibex,gauss_tight,gauss_tight,27,1000.0,60835.97,453,4,False,5,7.41e-06,True,False,69567311,33436784,,,,,,,,,,,,,,,2331.59,20425,19.58,False,4,8.92529296875,0,03c2fe4dca8b8e74025c,70de71d0c449d2e72d7a,
asap7,ibex,gauss_tight,gauss_tight,28,1000.0,61069.11,451,4,False,6,4.63e-06,True,False,70503228,33779879,,,,,,,,,,,,,,,2334.2,20442,20.02,False,4,8.92529296875,0,f30dbef7462d91f131bc,1aaace694f1050e97210,
asap7,ibex,gauss_tight,gauss_tight,29,1000.0,62305.8,451,4,False,6,8.04e-06,True,False,71659606,33532452,,,,,,,,,,,,,,,2332.16,20415,19.8,False,4,8.92529296875,0,cf70bd7c772d7396d7a2,823634ff9f1e1ac8fbfe,
asap7,ibex,gauss_tight,gauss_tight,30,1000.0,62091.66,450,4,False,5,8.58e-06,True,False,71028518,34387081,,,,,,,,,,,,,,,2336.88,20463,19.52,False,4,9.091796875,0,686175d8dee9be7b49ae,c7e88c48c0a137848f4a,
asap7,ibex,gauss_tight,gauss_tight,31,1000.0,60961.71,451,4,False,6,4.16e-06,True,False,71094537,34624134,,,,,,,,,,,,,,,2329.11,20390,19.31,False,4,9.091796875,0,5a8d89b48eada2661c66,e9bc8df7a02ac56b0ab4,
asap7,ibex,gauss_tight,gauss_tight,32,1000.0,61530.99,453,4,False,7,6.27e-06,True,False,70540328,32971384,,,,,,,,,,,,,,,2333.44,20437,19.56,False,4,9.56494140625,0,3506da9bbf7f0db37064,5f47036d538cb6ab9ffd,
asap7,ibex,gauss_wide,gauss_wide,1,1000.0,61445.47,457,4,False,5,6.65e-06,True,False,69758436,33391014,,,,,,,,,,,,,,,2328.13,20384,19.79,False,4,8.62744140625,0,9a12af956949337d4831,e23ecf026d0325e334e1,
asap7,ibex,gauss_wide,gauss_wide,2,1000.0,63318.52,449,4,False,5,6.68e-06,True,False,72062580,34366618,,,,,,,,,,,,,,,2329.17,20399,20.46,False,4,8.62744140625,0,18909638c9a1e4169b5d,06aa7e548d4ef9f991e4,
asap7,ibex,gauss_wide,gauss_wide,3,1000.0,61863.21,451,4,False,6,5.5e-06,True,False,69709387,34449364,,,,,,,,,,,,,,,2341.42,20518,20.21,False,4,8.62744140625,0,cced445a6b4dab506788,43a1ed62b86f7c08fc95,
asap7,ibex,gauss_wide,gauss_wide,4,1000.0,61401.23,454,4,False,7,3.35e-06,True,False,70530229,33071936,,,,,,,,,,,,,,,2332.33,20421,19.98,False,4,8.89794921875,0,1ef7d571706bcf948639,60af9b0d01ef27dfe48a,
asap7,ibex,gauss_wide,gauss_wide,5,1000.0,63179.79,452,4,False,6,7.79e-06,True,False,73269182,33666521,,,,,,,,,,,,,,,2335.56,20465,19.59,False,4,8.89794921875,0,c2b7d4495fb99f53f521,142cb20a5456d55c3e44,
asap7,ibex,gauss_wide,gauss_wide,6,1000.0,60615.7,453,4,False,6,5.51e-06,True,False,69184971,32896372,,,,,,,,,,,,,,,2331.72,20421,19.2,False,4,9.306640625,0,7cba15dc0a22bc0918f5,4e914a220c8edac84229,
asap7,ibex,gauss_wide,gauss_wide,7,1000.0,61633.38,453,4,False,5,5.39e-06,True,False,70797437,33916595,,,,,,,,,,,,,,,2333.05,20433,19.99,False,4,9.0810546875,0,e17797e1a899ba752120,c7bf172e578f025e33f6,
asap7,ibex,gauss_wide,gauss_wide,8,1000.0,61810.98,451,4,False,5,3.63e-06,True,False,70625822,34262545,,,,,,,,,,,,,,,2325.41,20352,20.01,False,4,8.833984375,0,f535f9581f83e988d67f,238a59c443624bd02962,
asap7,ibex,gauss_wide,gauss_wide,9,1000.0,61484.93,452,4,False,5,6.35e-06,True,False,70022246,33864307,,,,,,,,,,,,,,,2333.7,20428,19.73,False,4,8.833984375,0,109db3b640dac726d995,c1e3834d03047c26a137,
asap7,ibex,gauss_wide,gauss_wide,10,1000.0,61120.06,450,4,False,8,5.96e-06,True,False,70999114,33978078,,,,,,,,,,,,,,,2333.27,20436,19.76,False,4,9.087890625,0,f6921f8fde9a60bb3179,0933a396c68f595011d5,
asap7,ibex,gauss_wide,gauss_wide,11,1000.0,60127.39,453,4,False,6,2.92e-06,True,False,69840195,32993623,,,,,,,,,,,,,,,2333.3,20430,19.34,False,4,9.087890625,0,8b2d081ecc0e7d939d4d,186c1bea0e6aaf2449b9,
asap7,ibex,gauss_wide,gauss_wide,12,1000.0,60294.78,451,4,False,6,7.52e-06,True,False,69436001,34416616,,,,,,,,,,,,,,,2332.6,20429,19.44,False,4,9.087890625,0,5c9e7bfb407f4b63cb7c,e5ccde063384f77fb28e,
asap7,ibex,gauss_wide,gauss_wide,13,1000.0,61841.42,454,4,False,5,5.77e-06,True,False,70283634,32931039,,,,,,,,,,,,,,,2332.41,20428,19.83,False,4,8.4345703125,0,e69994a864fc957f142b,32de7a208c3c43d1bdf6,
asap7,ibex,gauss_wide,gauss_wide,14,1000.0,60235.39,450,4,False,7,6.99e-06,True,False,69871636,34095884,,,,,,,,,,,,,,,2331.52,20413,19.92,False,4,8.47998046875,0,6da04e918218a41ed578,cf24f50e89bea65338e0,
asap7,ibex,gauss_wide,gauss_wide,15,1000.0,61888.13,449,4,False,5,4.88e-06,True,False,71764379,34618628,,,,,,,,,,,,,,,2330.98,20408,20.09,False,4,8.47998046875,0,d598e275776d459ce01c,5c58c25bfd25c84e5a0d,
asap7,ibex,gauss_wide,gauss_wide,16,1000.0,60673.17,453,4,False,5,7.17e-06,True,False,69049791,33268138,,,,,,,,,,,,,,,2335.4,20451,20.16,False,4,8.47998046875,0,5f474ff1a8a0d72334d8,39977cfdf40017554be9,
asap7,ibex,gauss_wide,gauss_wide,17,1000.0,61632.46,456,4,False,5,6.21e-06,True,False,70122526,32248179,,,,,,,,,,,,,,,2331.9,20405,19.63,False,4,9.00244140625,0,05f902bd7862954b46a9,cf779457c03e00568424,
asap7,ibex,gauss_wide,gauss_wide,18,1000.0,60731.31,453,4,False,7,5.86e-06,True,False,70678877,33653019,,,,,,,,,,,,,,,2330.67,20417,19.57,False,4,9.00244140625,0,4ff2a254ed20975834f5,33b537dfec6d867fbf3c,
asap7,ibex,gauss_wide,gauss_wide,19,1000.0,59772.65,454,4,False,6,8.95e-06,True,False,69988647,33833156,,,,,,,,,,,,,,,2329.8,20392,19.66,False,4,8.56787109375,0,757559fa08254193449b,927e4d7809279470a332,
asap7,ibex,gauss_wide,gauss_wide,20,1000.0,61370.08,453,4,False,6,2.14e-06,True,False,70512204,33332639,,,,,,,,,,,,,,,2336.28,20453,19.26,False,4,8.8427734375,0,e3ff83704193bea0b401,cab2f86d7527f276511f,
asap7,ibex,gauss_wide,gauss_wide,21,1000.0,61792.17,454,4,False,5,6.23e-06,True,False,70711040,33711701,,,,,,,,,,,,,,,2330.93,20409,19.77,False,4,8.8427734375,0,ce210f856e1d68354141,6f635cfffcab4f61013d,
asap7,ibex,gauss_wide,gauss_wide,22,1000.0,62758.58,448,4,False,6,9.74e-06,True,False,70688679,34538755,,,,,,,,,,,,,,,2332.67,20433,20.14,False,4,8.8427734375,0,2e2f2f1e782f9dc06cc9,df5d552ab3bd03276e33,
asap7,ibex,gauss_wide,gauss_wide,23,1000.0,62408.01,452,4,False,7,4.94e-06,True,False,72107505,34002180,,,,,,,,,,,,,,,2333.54,20428,19.32,False,4,9.3359375,0,a27af0a038280a80de2c,c827c9995e5595e2185c,
asap7,ibex,gauss_wide,gauss_wide,24,1000.0,63345.55,457,4,False,7,9.76e-06,True,False,72523841,32716671,,,,,,,,,,,,,,,2336.34,20461,19.14,False,4,9.3359375,0,b3b39e06f7e30faf9076,f225d2cdf3947cfc7476,
asap7,ibex,gauss_wide,gauss_wide,25,1000.0,61681.92,453,4,False,8,1.77e-06,True,False,71390536,33954256,,,,,,,,,,,,,,,2328.72,20379,20.25,False,4,9.20263671875,0,d31505d168a9d7b813df,275fee0b0946671436dd,
asap7,ibex,gauss_wide,gauss_wide,26,1000.0,65298.29,456,4,False,7,9.66e-06,True,False,71836772,32529448,,,,,,,,,,,,,,,2363.72,20731,19.85,False,4,8.94580078125,0,8c2a292e71ef7a3c51b6,715a72042f496fe391b7,
asap7,ibex,gauss_wide,gauss_wide,27,1000.0,61713.25,455,4,False,5,6.64e-06,True,False,70305298,33319615,,,,,,,,,,,,,,,2335.21,20437,20.46,False,4,8.94580078125,0,9f417d3e2362b526194f,2641071ac5901322d948,
asap7,ibex,gauss_wide,gauss_wide,28,1000.0,61102.97,450,4,False,6,7.92e-06,True,False,70474282,34241702,,,,,,,,,,,,,,,2332.7,20415,20.19,False,4,8.94580078125,0,b979fd5f217653c55025,8c119471088ef24de54c,
asap7,ibex,gauss_wide,gauss_wide,29,1000.0,61728.01,451,4,False,7,7.95e-06,True,False,71490319,33452996,,,,,,,,,,,,,,,2334.56,20441,19.89,False,4,9.1103515625,0,3494396f95bdc29ae655,285ebe22f5fcf477081c,
asap7,ibex,gauss_wide,gauss_wide,30,1000.0,61547.27,450,4,False,6,6.85e-06,True,False,69960998,34470649,,,,,,,,,,,,,,,2332.49,20438,19.57,False,4,9.1103515625,0,de6446d0c303298670b3,37697ab0cda446cec140,
asap7,ibex,gauss_wide,gauss_wide,31,1000.0,60994.2,449,4,False,5,8.33e-06,True,False,70052405,34187862,,,,,,,,,,,,,,,2338.15,20471,19.6,False,4,9.66259765625,0,50cf7926d8ad701ab3bb,756b78e535da68400cb1,
asap7,ibex,gauss_wide,gauss_wide,32,1000.0,61015.51,450,4,False,5,6.26e-06,True,False,71214531,33699075,,,,,,,,,,,,,,,2337.29,20476,20.09,False,4,9.609375,0,81fbff3b93094be24828,4f1c3a0ba4af79524a86,
asap7,ibex,odb,odb,1,1000.0,61698.85,446,4,False,7,4.87e-06,True,False,69874192,33797270,,,,,1001.53355,-1.53355,-9.8056,37.7013,117030,16.92,0,27.37,False,0,2331.14,20414,21.98,False,4,10.873046875,0,4ebb6f23af70ed686da9,002419902f2b9d2395c1,9e66f2751f244907a9ac
asap7,ibex,odb,odb,2,1000.0,61667.58,445,4,False,5,6.03e-06,True,False,69847106,34157355,,,,,1011.4411,-11.4411,-1540.2,38.1526,116468,16.77,0,28.47,False,0,2335.09,20444,20.52,False,4,10.873046875,0,41713b5ae317abb220fe,891bc65aea4b17f13d96,1c20c2562b1fef0fea13
asap7,ibex,odb,odb,3,1000.0,61864.62,446,4,False,5,8.76e-06,True,False,69828848,34102804,,,,,1002.17071,-2.17071,-8.04801,33.0411,116984,16.89,0,28.9,False,0,2334.99,20437,20.2,False,4,10.802734375,0,19b4340cf3ef91122b48,a8503a6f1f4d75628c46,23924c9406d65bc19cbd
asap7,ibex,odb,odb,4,1000.0,61579.66,447,4,False,5,8.48e-06,True,False,69876142,34100112,,,,,1007.0981,-7.0981,-162.245,37.4778,116645,16.83,0,29.69,False,0,2331.2,20410,24.85,False,4,10.802734375,0,026b25d37b4bd8f5039c,e5dbc9815c3f1e9df0ff,23860b9a82bc61f4af6e
asap7,ibex,odb,odb,5,1000.0,61723.2,446,4,False,5,7.63e-06,True,False,69841194,34114768,,,,,1002.36089,-2.36089,-21.1831,38.2466,116213,16.83,0,29.12,False,0,2331.66,20408,24.29,False,4,10.31005859375,0,bcab63a0670579ad5018,414bcab321f6788f0eb8,532bdcced9746fcf8235
asap7,ibex,odb,odb,6,1000.0,61313.77,446,4,False,5,9.61e-06,True,False,69795853,34133419,,,,,1002.84817,-2.84817,-48.1662,36.0384,116473,16.71,0,28.35,False,0,2334.4,20435,23.06,False,4,10.31005859375,0,5ded9fce22d7a55a4da7,ded0db8c952e54d5320a,d2fd023622fba55ec6c2
asap7,ibex,odb,odb,7,1000.0,61890.32,447,4,False,5,9.04e-06,True,False,69843911,34208799,,,,,1001.05826,-1.05826,-1.44784,32.1673,116344,16.88,0,30.5,False,0,2331.15,20410,22.83,False,4,10.31005859375,0,cd243e8e085864c889e5,8601829093b04df86622,383174c26a37771c5722
asap7,ibex,odb,odb,8,1000.0,61403.42,445,4,False,5,7.03e-06,True,False,69890372,34139152,,,,,1001.76603,-1.76603,-15.9106,37.243,116725,16.78,0,28.3,False,0,2335.6,20448,21.52,False,4,10.205078125,0,e106f94bd3290fc9efd0,e52f130c47d6e133c587,75455746af63a82eb162
asap7,ibex,odb,odb,9,1000.0,61499.72,446,4,False,5,8.07e-06,True,False,69864579,34064270,,,,,,,,,,,,,,,2333.27,20424,19.11,False,4,10.205078125,0,5c2b06cd1989b477d425,9c3a5d89060e648521ce,
asap7,ibex,odb,odb,10,1000.0,62081.51,446,4,False,5,9.01e-06,True,False,69875959,34103308,,,,,,,,,,,,,,,2333.09,20426,19.44,False,4,10.205078125,0,f95720aef650395065cd,cf2da7e42123b4335ecb,
asap7,ibex,odb,odb,11,1000.0,61203.78,447,4,False,7,2.59e-06,True,False,69880602,33837517,,,,,,,,,,,,,,,2335.44,20455,20.83,False,4,9.6025390625,0,d7ef8ce45844867032fb,a1d35ca97392ae02b215,
asap7,ibex,odb,odb,12,1000.0,61512.49,446,4,False,6,8.67e-06,True,False,69874871,33916509,,,,,,,,,,,,,,,2329.69,20394,20.49,False,4,9.6025390625,0,ba64e7f5650be2c7243a,e2cabc6d0a0562a061e5,
asap7,ibex,odb,odb,13,1000.0,61495.78,447,4,False,7,3.94e-06,True,False,69851225,33792993,,,,,,,,,,,,,,,2337.14,20457,20.47,False,4,9.6025390625,0,90a8db57e5adc23b4678,8d4bfd2562c636f95a6b,
asap7,ibex,odb,odb,14,1000.0,61285.94,447,4,False,9,3.74e-06,True,False,69874838,33683209,,,,,,,,,,,,,,,2326.69,20357,20.65,False,4,9.55419921875,0,4c819afc33bc71a72740,d1cfb203af540931bcad,
asap7,ibex,odb,odb,15,1000.0,61451.57,445,4,False,7,4.3e-06,True,False,69874833,33781431,,,,,,,,,,,,,,,2328.91,20397,20.51,False,4,9.55419921875,0,6c407ca72df87fb44a75,94f89032d903e5f49ae9,
asap7,ibex,odb,odb,16,1000.0,61677.08,447,4,False,7,3.47e-06,True,False,69828462,33828046,,,,,,,,,,,,,,,2329.29,20397,19.32,False,4,9.55419921875,0,1424b12b17ed6c4b0aff,e0a1c27b4e19f9a91e3b,
asap7,ibex,shipped,shipped,1,1000.0,61566.76,451,4,False,5,6.91e-06,True,False,69874192,33454445,0,18596,0,18839,1001.61482,-1.61482,-28.8641,36.6577,116834,16.87,0,28.09,False,0,2331.6,20406,20.54,False,4,8.546875,0,e1802a908308de2c09fb,002419902f2b9d2395c1,65063f3a9aa5fbc81f70
asap7,ibex,shipped,shipped,2,1000.0,61600.36,450,4,False,6,5.31e-06,True,False,69847106,33617273,0,18596,0,18839,1002.74836,-2.74836,-56.4532,37.868,117658,16.87,0,25.63,False,0,2337.9,20465,20.07,False,4,8.546875,0,50c7ac54bf080cb34c33,891bc65aea4b17f13d96,3188ba9dad5113f07bef
asap7,ibex,shipped,shipped,3,1000.0,61511.72,450,4,False,5,4.6e-06,True,False,69828848,33411071,0,18596,0,18839,1005.75118,-5.75118,-97.4374,35.0143,117319,16.86,0,29.7,False,0,2331.6,20427,20.52,False,4,8.546875,0,6088f109fe9c9f48fd26,a8503a6f1f4d75628c46,d9998443ab274bc6b1af
asap7,ibex,shipped,shipped,4,1000.0,61435.93,451,4,False,5,5.77e-06,True,False,69876142,33438194,0,18596,0,18839,1005.75684,-5.75684,-115.35,37.7766,117276,16.81,0,27.66,False,0,2331.95,20411,20.19,False,4,8.546875,0,d563c754e7a388b081ad,e5dbc9815c3f1e9df0ff,1ec1c55898c484e6572c
asap7,ibex,shipped,shipped,5,1000.0,61498.69,450,4,False,5,2.73e-06,True,False,69841194,33449854,0,18596,0,18839,1001.38112,-1.38112,-8.06366,38.0195,116970,16.86,0,28.04,False,0,2332.63,20424,19.8,False,4,8.546875,0,1731ca940570b1fd4c9c,414bcab321f6788f0eb8,f69dcabc8d10ded5fb24
asap7,ibex,shipped,shipped,6,1000.0,61629.99,450,4,False,5,4.11e-06,True,False,69795853,33458419,0,18596,0,18839,1000.858758,-0.858758,-2.40852,37.2826,117189,16.95,0,28.52,False,0,2332.1,20425,20.43,False,4,8.546875,0,a4a02475b7160585b8f3,ded0db8c952e54d5320a,fe484342d07c1f7faf4d
asap7,ibex,shipped,shipped,7,1000.0,61740.39,450,4,False,6,5.44e-06,True,False,69843911,33636378,0,18596,0,18839,1002.39764,-2.39764,-6.65779,32.1178,116846,16.88,0,28.71,False,0,2334.29,20430,22.09,False,4,9.62109375,0,1c181b1f8ad0ebeeb06e,8601829093b04df86622,d6b511df4717e877ea04
asap7,ibex,shipped,shipped,8,1000.0,61150.14,449,4,False,5,3.99e-06,True,False,69890372,33479162,0,18596,0,18839,1003.47633,-3.47633,-56.3167,38.4077,117295,16.74,0,27.47,False,0,2334.9,20448,21.52,False,4,9.62109375,0,7446e155cea741dfdf00,e52f130c47d6e133c587,8f52be8746473b3a9995
asap7,ibex,shipped,shipped,9,1000.0,61201.81,450,4,False,5,3.26e-06,True,False,69864579,33408987,0,18596,0,18839,,,,,,,,,,,2339.07,20490,19.58,False,4,9.62109375,0,6b5c57b83008c75d0ca0,9c3a5d89060e648521ce,
asap7,ibex,shipped,shipped,10,1000.0,61777.18,449,4,False,5,7.74e-06,True,False,69875959,33435982,0,18596,0,18839,,,,,,,,,,,2333.84,20416,19.72,False,4,9.62109375,0,d48fb4b629dbbfb6ca35,cf2da7e42123b4335ecb,
asap7,ibex,shipped,shipped,11,1000.0,61463.06,451,4,False,5,3e-06,True,False,69880602,33487643,0,18596,0,18839,,,,,,,,,,,2333.3,20409,19.06,False,4,9.62109375,0,0d80b2c8ed461079a708,a1d35ca97392ae02b215,
asap7,ibex,shipped,shipped,12,1000.0,61719.72,451,4,False,5,4.52e-06,True,False,69874871,33460421,0,18596,0,18839,,,,,,,,,,,2329.17,20388,20.04,False,4,9.62109375,0,ad491fef43b1c8f31d2b,e2cabc6d0a0562a061e5,
asap7,ibex,shipped,shipped,13,1000.0,61620.94,452,4,False,5,3.33e-06,True,False,69851225,33462684,0,18596,0,18839,,,,,,,,,,,2328.72,20390,20.19,False,4,9.01416015625,0,c20c46a7c770b5e4f01e,8d4bfd2562c636f95a6b,
asap7,ibex,shipped,shipped,14,1000.0,61673.9,450,4,False,5,4.98e-06,True,False,69874838,33458538,0,18596,0,18839,,,,,,,,,,,2327.07,20382,19.12,False,4,9.01416015625,0,70e9d66475c5979c3c3a,d1cfb203af540931bcad,
asap7,ibex,shipped,shipped,15,1000.0,61813.68,451,4,False,5,6.62e-06,True,False,69874833,33430030,0,18596,0,18839,,,,,,,,,,,2334.2,20444,19.53,False,4,9.01416015625,0,f30ee2211be53e3a14d3,94f89032d903e5f49ae9,
asap7,ibex,shipped,shipped,16,1000.0,61252.71,450,4,False,6,3.87e-06,True,False,69828462,33569898,0,18596,0,18839,,,,,,,,,,,2328.86,20385,18.92,False,4,9.01416015625,0,2f805e420c5bca55312d,e0a1c27b4e19f9a91e3b,
asap7,ibex,spread,spread,1,1000.0,61551.06,451,4,False,10,4.96e-06,True,False,73771536,33833238,,,,,1002.31515,-2.31515,-23.8837,37.6269,116806,16.91,0,31.25,False,0,2332.03,20438,24.8,False,4,9.609375,0,78f1b362427ae6ed15c5,b551cf342d4b66620c42,f99c0e41d5092825a46f
asap7,ibex,spread,spread,2,1000.0,61613.71,450,4,False,7,9.46e-06,True,False,72135618,33697194,,,,,1000.161871,-0.161871,-0.161871,32.9169,116458,16.82,0,28.98,False,0,2331.44,20418,22.59,False,4,9.609375,0,d85557d97459f90cc3d0,412dcda2d4816370b3f3,a33f94866795594de742
asap7,ibex,spread,spread,3,1000.0,61367.72,451,4,False,9,7.7e-06,True,False,72886409,33759708,,,,,1001.15563,-1.15563,-4.75842,38.2673,116219,16.73,0,29.22,False,0,2329.72,20395,22.53,False,4,9.240234375,0,18ca46714a7142e7466f,680a7b069d4884cb2bf9,ce06f9177c4af29a2d8f
asap7,ibex,spread,spread,4,1000.0,61240.78,451,4,False,9,6.82e-06,True,False,73743493,33964677,,,,,1000.960232,-0.960232,-2.32181,37.5333,116132,16.79,0,29.19,False,0,2327.73,20380,22.85,False,4,9.240234375,0,b497656d789b13d1f554,143689a29e45453058cd,39ff05ea07e88b156e91
asap7,ibex,spread,spread,5,1000.0,61450.14,450,4,False,8,8.92e-06,True,False,72786862,33656204,,,,,1001.4786,-1.4786,-4.48741,37.8594,116409,16.87,0,30.21,False,0,2331.3,20402,23.22,False,4,8.7744140625,0,7513e9e7bdcabb6f4e66,f9e1c2dfd2eb16ddc5bb,8967f3c42dbfe84e4780
asap7,ibex,spread,spread,6,1000.0,61386.26,450,4,False,7,8.42e-06,True,False,73299071,33746223,,,,,1002.01283,-2.01283,-6.10167,38.1056,116973,16.86,0,29.06,False,0,2332.28,20415,22.39,False,4,8.5517578125,0,702e2164c0bdc4b0ca19,7b921716c8fba2fdd978,4641f67c7e73c370fa64
asap7,ibex,spread,spread,7,1000.0,61143.77,451,4,False,7,5.42e-06,True,False,73592167,34194592,,,,,999.438005,0.561995,0,37.8253,116223,16.82,0,29.65,False,0,2327.01,20363,22.04,False,4,8.5517578125,0,9e12faf054b1c465a692,58f06187d37cfff5ba32,04707e149b904d649616
asap7,ibex,spread,spread,8,1000.0,61397.97,449,4,False,9,7.98e-06,True,False,72058024,33715873,,,,,1002.41873,-2.41873,-25.5733,37.2089,116077,16.79,0,28.62,False,0,2328.66,20377,21.61,False,4,8.5517578125,0,33e51e069596b5d9d256,9a94cd054b95d5319eca,3b61553fa611eb0e346f
asap7,ibex,spread,spread,9,1000.0,61548.51,450,4,False,9,5.3e-06,True,False,72464623,33538144,,,,,,,,,,,,,,,2332.84,20417,20.2,False,4,8.34716796875,0,6d06e6f42e4bfc9ea410,8d78e5a4adab0a92605f,
asap7,ibex,spread,spread,10,1000.0,61588.93,451,4,False,9,8.25e-06,True,False,72845085,33531519,,,,,,,,,,,,,,,2333.35,20427,20.33,False,4,8.34716796875,0,5041acd0357090d3c283,c95aa02f940994312dfe,
asap7,ibex,spread,spread,11,1000.0,61291.41,449,4,False,7,8.93e-06,True,False,73078048,33929020,,,,,,,,,,,,,,,2328.85,20385,20.06,False,4,8.7841796875,0,cfb7c400e6a8205c7441,ebc54d3f28fa9180406d,
asap7,ibex,spread,spread,12,1000.0,62097.06,450,4,False,9,4.26e-06,True,False,72170003,33526158,,,,,,,,,,,,,,,2331.53,20407,19.42,False,4,8.7841796875,0,bb04f152df4c33561ce0,38cf671cea69c5c8e1c8,
asap7,ibex,spread,spread,13,1000.0,61595.01,450,4,False,8,4.54e-06,True,False,72977186,33846319,,,,,,,,,,,,,,,2334.33,20433,19.53,False,4,8.56103515625,0,6a0947d7e2c6e7444dd1,59acb53b535c206d5657,
asap7,ibex,spread,spread,14,1000.0,61661.05,450,4,False,8,9.39e-06,True,False,73330607,33936298,,,,,,,,,,,,,,,2335.32,20456,19.64,False,4,8.56103515625,0,c1db5dc8d140b6625b4a,eb2b596509c638606837,
asap7,ibex,spread,spread,15,1000.0,61167.61,450,4,False,9,4.9e-06,True,False,72755052,33779890,,,,,,,,,,,,,,,2329.5,20387,19.39,False,4,8.59619140625,0,d4eded8ab04080a7fe5e,efaf03a3444315d00696,
asap7,ibex,spread,spread,16,1000.0,61371.15,450,4,False,8,5.48e-06,True,False,72794260,33647679,,,,,,,,,,,,,,,2329.26,20388,19.51,False,4,8.59619140625,0,ffa33707e40faecb6ed9,d65aa5793ec3dacee269,
asap7,ibex,uniform,uniform,1,1000.0,61295.3,457,4,False,6,7.74e-06,True,False,72152490,32488792,,,,,,,,,,,,,,,2328.7,20390,19.8,False,4,9.005859375,0,affa7f9a4f81ce59996a,40725de065be5895a5ba,
asap7,ibex,uniform,uniform,2,1000.0,61419.19,451,4,False,5,9.1e-06,True,False,70989702,33552348,,,,,,,,,,,,,,,2329.3,20407,19.82,False,4,9.005859375,0,f3621ddad4e04adc2b25,ccbac09b2579cdc9b2a4,
asap7,ibex,uniform,uniform,3,1000.0,62061.59,454,4,False,6,7.86e-06,True,False,71790529,33338651,,,,,,,,,,,,,,,2337.39,20467,19.04,False,4,9.005859375,0,18ff6891166a1b801193,940564908cb5d3aa9a18,
asap7,ibex,uniform,uniform,4,1000.0,61693.16,449,4,False,6,6.15e-06,True,False,70710271,34013702,,,,,,,,,,,,,,,2333.85,20453,19.58,False,4,9.005859375,0,00a19f2cc4f1e6b16a10,94890979d389e01a29a8,
asap7,ibex,uniform,uniform,5,1000.0,60757.92,452,4,False,5,9.2e-06,True,False,70481885,33576275,,,,,,,,,,,,,,,2331.85,20409,19.38,False,4,9.47314453125,0,17d007a5a1046980bb66,c140a8ddcf545c9e244b,
asap7,ibex,uniform,uniform,6,1000.0,62436.08,453,4,False,6,8.05e-06,True,False,71783343,33330023,,,,,,,,,,,,,,,2337.82,20470,19.49,False,4,9.47314453125,0,0acf641df0d9cba481b7,72ba81f44e335cf1d570,
asap7,ibex,uniform,uniform,7,1000.0,62735.72,455,4,False,8,3.73e-06,True,False,72563377,32969665,,,,,,,,,,,,,,,2338.57,20482,19.73,False,4,9.515625,0,ac96977a7d6c5e8427f4,3d9613458ab815ae572f,
asap7,ibex,uniform,uniform,8,1000.0,62629.21,452,4,False,6,5.7e-06,True,False,72372398,33482566,,,,,,,,,,,,,,,2330.09,20398,20.15,False,4,9.515625,0,4f7d0a0695f1bad7ffea,a3fc36892cb63e74b6e3,
asap7,ibex,uniform,uniform,9,1000.0,63082.3,450,4,False,6,9.64e-06,True,False,75579827,34554608,,,,,,,,,,,,,,,2330.67,20409,19.67,False,4,9.515625,0,51d61c7c02d19782e491,0dcf27aaaa57966af9c8,
asap7,ibex,uniform,uniform,10,1000.0,62359.71,455,4,False,8,4.24e-06,True,False,71563333,33388879,,,,,,,,,,,,,,,2332.76,20413,19.63,False,4,9.515625,0,e18dd12d8a949a9f4481,c6194a0cf54dc47c5985,
asap7,ibex,uniform,uniform,11,1000.0,61691.58,449,4,False,6,4.57e-06,True,False,72261191,34255293,,,,,,,,,,,,,,,2336.74,20465,18.96,False,4,8.849609375,0,083686ae611efcb52eb5,6921df538126c7446415,
asap7,ibex,uniform,uniform,12,1000.0,61507.16,452,4,False,8,3.53e-06,True,False,72877299,33464913,,,,,,,,,,,,,,,2327.35,20372,18.98,False,4,8.849609375,0,720e5b3755d34784210a,3a7bd8e9495d2a632fd3,
asap7,ibex,uniform,uniform,13,1000.0,62858.9,448,4,False,9,7.6e-06,True,False,72542107,34269742,,,,,,,,,,,,,,,2331.39,20404,19.2,False,4,8.849609375,0,a5db1cceda7c2b65cc7a,87f8e65fecbd20559181,
asap7,ibex,uniform,uniform,14,1000.0,60307.02,455,4,False,6,9.58e-06,True,False,69561202,32657406,,,,,,,,,,,,,,,2331.68,20416,19.69,False,4,8.62109375,0,3d7efdb294567b5d7ec1,7ad9e48c5d8ac2454db4,
asap7,ibex,uniform,uniform,15,1000.0,61689.68,452,4,False,6,3.84e-06,True,False,71550210,33441153,,,,,,,,,,,,,,,2334.01,20420,18.98,False,4,8.62109375,0,66b3d2507c19fb4662e2,7b852bffd88a169ea02e,
asap7,ibex,uniform,uniform,16,1000.0,62763.05,455,4,False,6,3.64e-06,True,False,72776091,33649085,,,,,,,,,,,,,,,2330.7,20407,18.74,False,4,8.62109375,0,608e69db7afbd87d6d3b,debfbcea0eb5a7a1e41f,
asap7,ibex,uniform,uniform,17,1000.0,61330.55,453,4,False,5,4.34e-06,True,False,71399096,33374318,,,,,,,,,,,,,,,2336.26,20459,19.41,False,4,8.830078125,0,bcd8736f8f0d200187ad,fc86aa4c9f4edb3f5dbf,
asap7,ibex,uniform,uniform,18,1000.0,61585.1,457,4,False,11,6.83e-06,True,False,71473962,33238028,,,,,,,,,,,,,,,2330.09,20409,19.44,False,4,8.830078125,0,34f8dd7ecd647a47a79c,bc45ee49c41495a1cf42,
asap7,ibex,uniform,uniform,19,1000.0,61424.71,451,4,False,6,9.01e-06,True,False,71375661,33309855,,,,,,,,,,,,,,,2324.45,20352,19.29,False,4,8.830078125,0,1505f6e1ffa7d504e5c4,ca187c289539cef6aa53,
asap7,ibex,uniform,uniform,20,1000.0,62003.22,450,4,False,5,9.04e-06,True,False,71384060,33424542,,,,,,,,,,,,,,,2332.86,20423,19.22,False,4,8.830078125,0,43fea1e9c5f41b03c260,c80b884663725de0ca41,
asap7,ibex,uniform,uniform,21,1000.0,61373.05,452,4,False,5,9.13e-06,True,False,70495861,33866835,,,,,,,,,,,,,,,2336.52,20463,19.25,False,4,8.830078125,0,c51919416c62294f487f,e4b664bba3e010cf8b2a,
asap7,ibex,uniform,uniform,22,1000.0,61875.26,451,4,False,7,2.75e-06,True,False,71424294,34439065,,,,,,,,,,,,,,,2334.13,20452,19.21,False,4,8.84375,0,314b1704fe2f2970c844,2a73d0a630b682987e67,
asap7,ibex,uniform,uniform,23,1000.0,62160.26,449,4,False,5,7.19e-06,True,False,73300130,34600240,,,,,,,,,,,,,,,2331.11,20400,19.82,False,4,8.96875,0,76fbeef367eb245d58ca,a1ce731057555d485e9a,
asap7,ibex,uniform,uniform,24,1000.0,63026.24,452,4,False,9,9.31e-06,True,False,73936937,34849435,,,,,,,,,,,,,,,2342.82,20516,19.4,False,4,8.96875,0,c42ef18752c7295c78dc,fdc587adaf0f356ec410,
asap7,ibex,uniform,uniform,25,1000.0,61494.51,452,4,False,6,8.64e-06,True,False,74423320,33125373,,,,,,,,,,,,,,,2330.04,20391,18.96,False,4,9.2919921875,0,98c94cfcfab7873fe38b,6265fbcd106e8ae6f4a1,
asap7,ibex,uniform,uniform,26,1000.0,65861.13,450,4,False,5,9.7e-06,True,False,75670961,34123391,,,,,,,,,,,,,,,2338.34,20479,19.59,False,4,9.2919921875,0,ad1da2ee8d828c6883d2,7202445ea88e6e4e3597,
asap7,ibex,uniform,uniform,27,1000.0,62331.34,450,4,False,5,7.1e-06,True,False,73054371,32444913,,,,,,,,,,,,,,,2327.78,20373,19.09,False,4,9.2919921875,0,4b916314db9bb7b65b1e,1c1b4c223ec47a1d4128,
asap7,ibex,uniform,uniform,28,1000.0,60873.55,450,4,False,5,2.92e-06,True,False,71723310,34095912,,,,,,,,,,,,,,,2333.24,20426,18.91,False,4,9.2919921875,0,b3af68413523e35f48d8,1d10d43ac451abb04f36,
asap7,ibex,uniform,uniform,29,1000.0,62574.47,451,4,False,6,3.09e-06,True,False,71570851,33676199,,,,,,,,,,,,,,,2338.62,20478,19.26,False,4,9.111328125,0,99e88255aa9d68e9691e,4c5913e467a22d6eb501,
asap7,ibex,uniform,uniform,30,1000.0,62421.17,453,4,False,5,9.86e-06,True,False,71376172,33770411,,,,,,,,,,,,,,,2334.13,20435,19.76,False,4,9.111328125,0,54ee42be712f0d6e243f,fc5a4f4ea4f445dea929,
asap7,ibex,uniform,uniform,31,1000.0,61871.58,451,4,False,5,7.32e-06,True,False,71021793,33913869,,,,,,,,,,,,,,,2334.19,20438,19.66,False,4,9.111328125,0,66076078be61e18d5ded,3c0430d5f427a19e23cb,
asap7,ibex,uniform,uniform,32,1000.0,61448.32,452,4,False,8,8.41e-06,True,False,70500453,34209524,,,,,,,,,,,,,,,2334.48,20447,19.74,False,4,9.10205078125,0,016928ccfe494081f87e,22fbaad3960747efe1d4,
asap7,jpeg,anchored,anchored,1,545.0,124264.1,469,4,False,20,0.00012808,False,True,151634359,49282174,,,,,644.9011,-99.9011,-29093.6,29.2381,2451364,18.55,0,30.49,False,0,7024.99,58172,46.86,False,4,8.87353515625,0,3cfd9b604475ec92ae72,037350fc102a12dd5588,11f586744cbedc231d4f
asap7,jpeg,anchored,anchored,2,545.0,126261.4,470,4,False,20,0.00014526,False,True,151607252,49332151,,,,,646.095,-101.095,-29606,25.3179,2466783,18.78,0,30.8,False,0,7013.24,58029,45.58,False,4,8.65283203125,0,63a08c770d29053bb25a,1d947ea466a59ca488da,404d6c848f4e5cc80759
asap7,jpeg,anchored,anchored,3,545.0,125266.0,470,4,False,20,0.00013499,False,True,151533583,49425671,,,,,641.4828,-96.4828,-27577,29.6994,2450943,18.64,0,30.88,False,0,7002.13,57929,50.19,False,4,9.388671875,0,14cec4f9220e12069d51,a5e0afcaab2c8dbdfd81,bf0e7a1dbb098c20667a
asap7,jpeg,anchored,anchored,4,545.0,125224.7,468,4,False,20,0.00012731,False,True,151544408,49399786,,,,,642.0842,-97.0842,-27839.5,26.7182,2457076,18.64,0,30.53,False,0,7020.75,58096,53.65,False,4,10.16748046875,0,6ef0fee4aba301e78783,703b2173b7f09c6f38d4,4e744f54e8cfc6b2e31a
asap7,jpeg,anchored,anchored,5,545.0,125356.1,469,4,False,20,0.00012869,False,True,151516330,49388829,,,,,639.6784,-94.6784,-28213.2,29.1915,2460872,18.71,0,31.51,False,0,7028.07,58182,52.63,False,4,10.16748046875,0,87b4052ef8a216bc9859,404546fd813d8fdf7793,e11fcb1b72e7f6d1e5e4
asap7,jpeg,anchored,anchored,6,545.0,124982.7,470,4,False,20,0.00014345,False,True,151227409,49238266,,,,,645.721,-100.721,-28974.6,26.9737,2453348,18.6,0,30.45,False,0,7010.53,57991,49.79,False,4,10.07373046875,0,4e2b44efc41b0e80e096,49aa8ed529e22759d971,7512a104b093cb38a80e
asap7,jpeg,anchored,anchored,7,545.0,121291.8,466,4,False,20,0.00029095,False,True,151565457,49806176,,,,,631.9437,-86.9437,-24031.5,27.1544,2404208,18.15,0,29.85,False,0,6991.07,57802,45.07,False,4,9.697265625,0,595b4b24ca3334fc490a,65a092e6986a46b16eda,2430a9fc5278d47582a0
asap7,jpeg,anchored,anchored,8,545.0,125118.4,469,4,False,20,0.00014301,False,True,151513220,49272704,,,,,639.6659999999999,-94.666,-26833.3,28.3098,2441988,18.55,0,30.64,False,0,7018.97,58095,47.4,False,4,9.57080078125,0,501884922b46ec6bf3cc,ebb8ff02680f774e6315,61e149eecf5b3a1da7d5
asap7,jpeg,anchored,anchored,9,545.0,125540.8,470,4,False,20,0.00015112,False,True,151497580,49313317,,,,,,,,,,,,,,,7020.17,58124,45.96,False,4,9.46337890625,0,2e84423a0f9113996b63,2b8b020ad60f6f353775,
asap7,jpeg,anchored,anchored,10,545.0,126331.0,470,4,False,20,0.00012116,False,True,151694382,49306748,,,,,,,,,,,,,,,7021.03,58122,45.61,False,4,9.390625,0,da9bee9a0f6ad48ee4f3,9bcb4bc12beb25c69274,
asap7,jpeg,anchored,anchored,11,545.0,125700.9,468,4,False,20,0.00013556,False,True,151542012,49294497,,,,,,,,,,,,,,,7011.64,58020,45.13,False,4,9.390625,0,93837119f04ada3d996e,00196348a4ef3ed40961,
asap7,jpeg,anchored,anchored,12,545.0,124845.1,469,4,False,20,0.00011358,False,True,151623614,49298192,,,,,,,,,,,,,,,7010.53,57995,45.22,False,4,9.390625,0,e8daa68c4ecd293fb450,0b675722715241368b63,
asap7,jpeg,anchored,anchored,13,545.0,126393.5,470,4,False,20,0.00015347,False,True,151595834,49298087,,,,,,,,,,,,,,,6998.65,57893,44.54,False,4,10.07470703125,0,e56089b4b8ae6ff5d502,b8fc7936ed6f61be4458,
asap7,jpeg,anchored,anchored,14,545.0,124393.9,469,4,False,20,0.00014622,False,True,151570951,49297469,,,,,,,,,,,,,,,6998.21,57867,43.89,False,4,9.76806640625,0,ae07494345926663986d,19f3e95cbccdca109d1c,
asap7,jpeg,anchored,anchored,15,545.0,127006.5,470,4,False,20,0.00011622,False,True,151732411,49270844,,,,,,,,,,,,,,,7025.24,58186,43.65,False,4,9.1962890625,0,5e32f9e0082264e2895f,0462db3c6a2b65e8e4f5,
asap7,jpeg,anchored,anchored,16,545.0,126132.6,470,4,False,20,0.00014165,False,True,151466171,49412063,,,,,,,,,,,,,,,7036.89,58282,41.17,False,4,9.29541015625,0,73c06c2a3b056535506c,f0c3244e3c6c58c0fbad,
asap7,jpeg,center,center,1,545.0,123821.7,470,4,False,20,0.00013212,False,True,151634359,49240350,,,,,,,,,,,,,,,7004.23,57944,46.02,False,4,9.29150390625,0,64180924178d99b7f628,037350fc102a12dd5588,
asap7,jpeg,center,center,2,545.0,126578.9,472,4,False,20,0.00013312,False,True,151607252,49311514,,,,,,,,,,,,,,,7026.13,58169,44.81,False,4,9.9892578125,0,48089d8035828ca99f51,1d947ea466a59ca488da,
asap7,jpeg,center,center,3,545.0,125600.1,470,4,False,20,0.00016497,False,True,151533583,49404868,,,,,,,,,,,,,,,7023.55,58127,47.39,False,4,9.1220703125,0,1511f1f0d7a0ddd3ef37,a5e0afcaab2c8dbdfd81,
asap7,jpeg,center,center,4,545.0,124479.4,469,4,False,20,0.00013716,False,True,151544408,49394223,,,,,,,,,,,,,,,7018.74,58100,48.75,False,4,9.11181640625,0,23f7a7812a33712b9fe2,703b2173b7f09c6f38d4,
asap7,jpeg,center,center,5,545.0,125914.3,469,4,False,20,0.0001346,False,True,151516330,49398787,,,,,,,,,,,,,,,7027.88,58184,46.73,False,4,8.8623046875,0,2378ee2b912e52c3e226,404546fd813d8fdf7793,
asap7,jpeg,center,center,6,545.0,124711.5,471,4,False,20,0.00016966,False,True,151227409,49232771,,,,,,,,,,,,,,,7026.74,58179,47.31,False,4,8.8623046875,0,6ed30dbdfe315d61e0b9,49aa8ed529e22759d971,
asap7,jpeg,center,center,7,545.0,126540.7,470,4,False,20,0.00017702,False,True,151565457,49252154,,,,,,,,,,,,,,,7022.76,58125,46.19,False,4,9.59423828125,0,2d17a65dbbda3056a179,65a092e6986a46b16eda,
asap7,jpeg,center,center,8,545.0,125605.3,469,4,False,20,0.00015788,False,True,151513220,49270125,,,,,,,,,,,,,,,7007.59,57969,44.96,False,4,9.787109375,0,5543a3828d1afbcd0981,ebb8ff02680f774e6315,
asap7,jpeg,center,center,9,545.0,125173.4,469,4,False,20,0.00016382,False,True,151497580,49295204,,,,,,,,,,,,,,,7020.74,58125,47.69,False,4,8.67041015625,0,e6e8fb937f858057970a,2b8b020ad60f6f353775,
asap7,jpeg,center,center,10,545.0,126811.5,470,4,False,20,0.00013592,False,True,151694382,49297496,,,,,,,,,,,,,,,7037.26,58284,48.78,False,4,8.67041015625,0,d636fa67692e12d29f6c,9bcb4bc12beb25c69274,
asap7,jpeg,center,center,11,545.0,125471.6,470,4,False,20,0.0001574,False,True,151542012,49238297,,,,,,,,,,,,,,,7037.42,58303,46.71,False,4,8.9619140625,0,8cfc2fd860eb819d3c68,00196348a4ef3ed40961,
asap7,jpeg,center,center,12,545.0,125572.5,469,4,False,20,0.0001677,False,True,151623614,49293103,,,,,,,,,,,,,,,7019.5,58110,46.81,False,4,8.9619140625,0,e7416a4e2481c3f862d6,0b675722715241368b63,
asap7,jpeg,center,center,13,545.0,125686.7,470,4,False,20,0.00015143,False,True,151595834,49292040,,,,,,,,,,,,,,,7022.28,58123,46.97,False,4,8.9619140625,0,95564a9b34502ea9573b,b8fc7936ed6f61be4458,
asap7,jpeg,center,center,14,545.0,125778.0,469,4,False,20,0.0001524,False,True,151570951,49289760,,,,,,,,,,,,,,,7023.32,58112,45.44,False,4,9.68603515625,0,fb64754f42525cdbfb3c,19f3e95cbccdca109d1c,
asap7,jpeg,center,center,15,545.0,125389.3,469,4,False,20,0.00015175,False,True,151732411,49285646,,,,,,,,,,,,,,,7003.98,57941,45.89,False,4,9.04638671875,0,996a8aa9ab438bac6978,0462db3c6a2b65e8e4f5,
asap7,jpeg,center,center,16,545.0,125604.2,469,4,False,20,0.00016698,False,True,151466171,49410111,,,,,,,,,,,,,,,7014.25,58042,47.09,False,4,8.80224609375,0,51be7d355df39b62d25d,f0c3244e3c6c58c0fbad,
asap7,jpeg,corner_ll,corner_ll,1,545.0,126311.7,469,4,False,20,0.00030385,False,True,143924298,51549504,,,,,,,,,,,,,,,7026.74,58184,46.99,False,4,9.03662109375,0,c67db282ce081fe55c01,31aa9756df4a11eaab79,
asap7,jpeg,corner_ll,corner_ll,2,545.0,125515.3,469,4,False,20,0.00030385,False,True,143924298,51549504,,,,,,,,,,,,,,,7031.1,58220,46.45,False,4,9.033203125,0,6e5a06af34ad1ccad772,31aa9756df4a11eaab79,
asap7,jpeg,corner_ll,corner_ll,3,545.0,125655.1,469,4,False,20,0.00030385,False,True,143924298,51549504,,,,,,,,,,,,,,,7015.06,58075,45.57,False,4,9.025390625,0,ec750ce63f43833084cc,31aa9756df4a11eaab79,
asap7,jpeg,corner_ll,corner_ll,4,545.0,125638.6,469,4,False,20,0.00030385,False,True,143924298,51549504,,,,,,,,,,,,,,,7008.45,57998,45.58,False,4,9.263671875,0,a708910e9097702805fc,31aa9756df4a11eaab79,
asap7,jpeg,corner_ll,corner_ll,5,545.0,125416.8,469,4,False,20,0.00030385,False,True,143924298,51549504,,,,,,,,,,,,,,,7027.4,58186,45.66,False,4,9.96337890625,0,c97e4d1d962081d85c3a,31aa9756df4a11eaab79,
asap7,jpeg,corner_ll,corner_ll,6,545.0,126741.9,468,4,False,20,0.00030385,False,True,143924298,51549504,,,,,,,,,,,,,,,7016.39,58087,44.84,False,4,10.126953125,0,4999643d1f3564e7dc0f,31aa9756df4a11eaab79,
asap7,jpeg,corner_ll,corner_ll,7,545.0,126325.6,469,4,False,20,0.00030385,False,True,143924298,51549504,,,,,,,,,,,,,,,7020.36,58113,47.14,False,4,9.71484375,0,243386ea3d694581fa07,31aa9756df4a11eaab79,
asap7,jpeg,corner_ll,corner_ll,8,545.0,125671.2,468,4,False,20,0.00030385,False,True,143924298,51549504,,,,,,,,,,,,,,,7024.92,58200,47.43,False,4,9.4169921875,0,37a852d01dded1402441,31aa9756df4a11eaab79,
asap7,jpeg,corner_ll,corner_ll,9,545.0,125378.0,469,4,False,20,0.00030385,False,True,143924298,51549504,,,,,,,,,,,,,,,7029.54,58216,47.49,False,4,9.9462890625,0,0df7b903d112301faf35,31aa9756df4a11eaab79,
asap7,jpeg,corner_ll,corner_ll,10,545.0,125492.0,468,4,False,20,0.00030385,False,True,143924298,51549504,,,,,,,,,,,,,,,7040.14,58331,46.0,False,4,10.00244140625,0,0a4c94ede411064010e6,31aa9756df4a11eaab79,
asap7,jpeg,corner_ll,corner_ll,11,545.0,125282.2,468,4,False,20,0.00030385,False,True,143924298,51549504,,,,,,,,,,,,,,,7011.64,58017,46.03,False,4,10.00244140625,0,8fab8b986c45689328f2,31aa9756df4a11eaab79,
asap7,jpeg,corner_ll,corner_ll,12,545.0,126314.3,469,4,False,20,0.00030385,False,True,143924298,51549504,,,,,,,,,,,,,,,7040.57,58314,44.07,False,4,11.20068359375,0,f553bbb0fb636e9cac48,31aa9756df4a11eaab79,
asap7,jpeg,corner_ll,corner_ll,13,545.0,125587.3,470,4,False,20,0.00030385,False,True,143924298,51549504,,,,,,,,,,,,,,,7026.77,58210,46.79,False,4,9.5849609375,0,9ba418df0bb6c6fd7b9e,31aa9756df4a11eaab79,
asap7,jpeg,corner_ll,corner_ll,14,545.0,125744.6,467,4,False,20,0.00030385,False,True,143924298,51549504,,,,,,,,,,,,,,,7030.53,58232,46.38,False,4,9.5849609375,0,ed781efc9d7a41073488,31aa9756df4a11eaab79,
asap7,jpeg,corner_ll,corner_ll,15,545.0,126089.5,469,4,False,20,0.00030385,False,True,143924298,51549504,,,,,,,,,,,,,,,7009.55,58015,45.98,False,4,9.474609375,0,6e3adc5da1dce19c233d,31aa9756df4a11eaab79,
asap7,jpeg,corner_ll,corner_ll,16,545.0,125252.1,469,4,False,20,0.00030385,False,True,143924298,51549504,,,,,,,,,,,,,,,7015.06,58061,46.85,False,4,9.83251953125,0,878cbe3821212f3ff642,31aa9756df4a11eaab79,
asap7,jpeg,corner_ur,corner_ur,1,545.0,126655.6,476,4,False,20,0.00044735,False,True,154934466,49530807,,,,,,,,,,,,,,,7031.07,58211,45.18,False,4,10.00634765625,0,f35bd8387f2336fe456e,5775491d85d558f721fb,
asap7,jpeg,corner_ur,corner_ur,2,545.0,126885.7,477,4,False,20,0.00044735,False,True,154934466,49530807,,,,,,,,,,,,,,,7013.9,58071,44.15,False,4,9.92529296875,0,1aed57dcbd981b5fa26c,5775491d85d558f721fb,
asap7,jpeg,corner_ur,corner_ur,3,545.0,126283.7,476,4,False,20,0.00044735,False,True,154934466,49530807,,,,,,,,,,,,,,,7023.78,58157,46.58,False,4,9.2880859375,0,ff1e9dd4e3f920aa361d,5775491d85d558f721fb,
asap7,jpeg,corner_ur,corner_ur,4,545.0,126409.4,475,4,False,20,0.00044735,False,True,154934466,49530807,,,,,,,,,,,,,,,7022.56,58143,47.56,False,4,9.2646484375,0,905ece4522bbe7f67430,5775491d85d558f721fb,
asap7,jpeg,corner_ur,corner_ur,5,545.0,126811.9,476,4,False,20,0.00044735,False,True,154934466,49530807,,,,,,,,,,,,,,,7016.68,58100,46.49,False,4,9.525390625,0,f61e7fb4cd1516245248,5775491d85d558f721fb,
asap7,jpeg,corner_ur,corner_ur,6,545.0,124919.6,476,4,False,20,0.00044735,False,True,154934466,49530807,,,,,,,,,,,,,,,7033.38,58291,47.08,False,4,9.52685546875,0,ca28c8e76025c75b7ced,5775491d85d558f721fb,
asap7,jpeg,corner_ur,corner_ur,7,545.0,125728.6,476,4,False,20,0.00044735,False,True,154934466,49530807,,,,,,,,,,,,,,,7026.22,58191,46.39,False,4,9.72509765625,0,a62463a7aace61da4992,5775491d85d558f721fb,
asap7,jpeg,corner_ur,corner_ur,8,545.0,126459.6,477,4,False,20,0.00044735,False,True,154934466,49530807,,,,,,,,,,,,,,,7016.06,58072,45.09,False,4,10.09423828125,0,934b789032c3fcd631ac,5775491d85d558f721fb,
asap7,jpeg,corner_ur,corner_ur,9,545.0,126153.6,476,4,False,20,0.00044735,False,True,154934466,49530807,,,,,,,,,,,,,,,7021.51,58120,46.26,False,4,9.5380859375,0,8fa66e862134d2efec96,5775491d85d558f721fb,
asap7,jpeg,corner_ur,corner_ur,10,545.0,126349.0,477,4,False,20,0.00044735,False,True,154934466,49530807,,,,,,,,,,,,,,,7023.91,58169,46.77,False,4,9.25439453125,0,a783da49247b97f0e73c,5775491d85d558f721fb,
asap7,jpeg,corner_ur,corner_ur,11,545.0,126167.3,477,4,False,20,0.00044735,False,True,154934466,49530807,,,,,,,,,,,,,,,7011.92,58023,46.62,False,4,8.99462890625,0,47f169c5c2d58c8ab08c,5775491d85d558f721fb,
asap7,jpeg,corner_ur,corner_ur,12,545.0,124956.0,476,4,False,20,0.00044735,False,True,154934466,49530807,,,,,,,,,,,,,,,7011.22,58052,47.19,False,4,9.20068359375,0,fd0c1a91f50ddf40bccf,5775491d85d558f721fb,
asap7,jpeg,corner_ur,corner_ur,13,545.0,125306.1,476,4,False,20,0.00044735,False,True,154934466,49530807,,,,,,,,,,,,,,,7018.43,58103,47.06,False,4,9.20068359375,0,a1bfa4a29240459802ac,5775491d85d558f721fb,
asap7,jpeg,corner_ur,corner_ur,14,545.0,125258.7,476,4,False,20,0.00044735,False,True,154934466,49530807,,,,,,,,,,,,,,,7020.96,58133,44.68,False,4,10.2470703125,0,7d882e28845f12477c87,5775491d85d558f721fb,
asap7,jpeg,corner_ur,corner_ur,15,545.0,127184.7,476,4,False,20,0.00044735,False,True,154934466,49530807,,,,,,,,,,,,,,,7023.84,58164,46.06,False,4,9.84130859375,0,a73ec097a435797331e8,5775491d85d558f721fb,
asap7,jpeg,corner_ur,corner_ur,16,545.0,125434.5,476,4,False,20,0.00044735,False,True,154934466,49530807,,,,,,,,,,,,,,,7012.25,58031,46.33,False,4,9.53369140625,0,15832ceef164502c257b,5775491d85d558f721fb,
asap7,jpeg,gauss_tight,gauss_tight,1,545.0,129569.3,471,4,False,20,0.000113,False,True,149007221,49235308,,,,,,,,,,,,,,,7049.33,58411,46.36,False,4,9.16650390625,0,63445d736b7a37b71b89,4cda5d760f19e9b37fd9,
asap7,jpeg,gauss_tight,gauss_tight,2,545.0,126738.0,470,4,False,20,0.0001237,False,True,154828387,49502437,,,,,,,,,,,,,,,7032.07,58229,45.59,False,4,9.16650390625,0,04a0902274516a3a8e86,c59c9f13d2048efaf4b9,
asap7,jpeg,gauss_tight,gauss_tight,3,545.0,129606.6,471,4,False,20,0.00012356,False,True,157673560,49141837,,,,,,,,,,,,,,,7033.99,58271,44.28,False,4,8.96484375,0,4f5416a94a9fa706c5ac,b3c046ad9fc6e94c4c5c,
asap7,jpeg,gauss_tight,gauss_tight,4,545.0,124813.2,473,4,False,20,0.00037199,False,True,157754820,48959398,,,,,,,,,,,,,,,7006.46,57983,44.23,False,4,8.9677734375,0,1b5686b0d46f820c2d83,76a6d89aecb0f8bf5006,
asap7,jpeg,gauss_tight,gauss_tight,5,545.0,126178.5,470,4,False,20,0.00014562,False,True,156866509,49123977,,,,,,,,,,,,,,,7019.91,58116,46.24,False,4,9.2158203125,0,3ce1c26e8f68787b298f,64648b6ce78790bf6537,
asap7,jpeg,gauss_tight,gauss_tight,6,545.0,124897.9,471,4,False,20,0.00014195,False,True,166262936,49265707,,,,,,,,,,,,,,,7033.67,58270,45.97,False,4,9.41064453125,0,7cb83e91c4c085f2987b,aafdec77a35d009bf107,
asap7,jpeg,gauss_tight,gauss_tight,7,545.0,128638.4,471,4,False,20,0.00015244,False,True,152892126,48624772,,,,,,,,,,,,,,,7027.22,58186,46.1,False,4,9.41064453125,0,063fd98902c1b9bf7bd9,ab6c5b485e115e67c8c2,
asap7,jpeg,gauss_tight,gauss_tight,8,545.0,125755.6,469,4,False,20,0.00017866,False,True,154708091,49248899,,,,,,,,,,,,,,,7018.04,58095,45.45,False,4,9.41064453125,0,2108237ce5f5eaa74ca7,b7241f6a2e4f924b2f2a,
asap7,jpeg,gauss_tight,gauss_tight,9,545.0,126598.3,469,4,False,20,0.00033507,False,True,168718306,49505783,,,,,,,,,,,,,,,7024.79,58158,44.41,False,4,9.62890625,0,e089ab8dad68405f8be2,64c7ec2d1dad64c33fd8,
asap7,jpeg,gauss_tight,gauss_tight,10,545.0,126370.4,471,4,False,20,0.00019884,False,True,164117724,48752439,,,,,,,,,,,,,,,7042.84,58343,45.1,False,4,9.29150390625,0,eb1570544f689867916a,f9a6e55b4943ee6d3e89,
asap7,jpeg,gauss_tight,gauss_tight,11,545.0,125950.4,470,4,False,20,0.00015211,False,True,160941562,49405994,,,,,,,,,,,,,,,7009.67,58009,45.02,False,4,9.65380859375,0,bdd6c7266394cc9fff36,a146af423077af7e27b0,
asap7,jpeg,gauss_tight,gauss_tight,12,545.0,125329.1,470,4,False,20,0.00022337,False,True,146881697,49714565,,,,,,,,,,,,,,,7015.09,58056,45.8,False,4,9.85791015625,0,06f16f0b96119accb854,5c9b085408b78aef11b0,
asap7,jpeg,gauss_tight,gauss_tight,13,545.0,122881.7,473,4,False,20,0.00011265,False,True,159483670,49366962,,,,,,,,,,,,,,,7024.86,58175,46.13,False,4,9.85791015625,0,a79983aefc6a49eeefa0,994999b04c034e56ba05,
asap7,jpeg,gauss_tight,gauss_tight,14,545.0,124778.6,472,4,False,20,0.00011195,False,True,168625999,49239018,,,,,,,,,,,,,,,7032.01,58259,45.49,False,4,10.27001953125,0,ed0921e7b6975cb7ab2d,1e69cf299810ad085f98,
asap7,jpeg,gauss_tight,gauss_tight,15,545.0,124153.3,470,4,False,20,0.00015217,False,True,167149609,49063966,,,,,,,,,,,,,,,7020.17,58124,44.7,False,4,9.537109375,0,86ef8d3a092ffe41be1c,fe96bb91e62694567240,
asap7,jpeg,gauss_tight,gauss_tight,16,545.0,126666.6,471,4,False,20,0.00016014,False,True,160019191,49573670,,,,,,,,,,,,,,,7023.91,58151,44.98,False,4,9.12646484375,0,aebe293724aa15c243bb,7d1615f6df074e1f57d9,
asap7,jpeg,gauss_tight,gauss_tight,17,545.0,125474.4,471,4,False,20,0.00045574,False,True,148507792,50014355,,,,,,,,,,,,,,,7012.46,58015,43.75,False,4,9.12646484375,0,3e10edc9a1d7a25dd3a2,0e79a5c8729013c980a1,
asap7,jpeg,gauss_tight,gauss_tight,18,545.0,122886.7,471,4,False,20,0.00013241,False,True,156259261,49555054,,,,,,,,,,,,,,,7042.58,58375,48.01,False,4,8.44287109375,0,d1407c069cff30991efe,cab108f03374729ee7ba,
asap7,jpeg,gauss_tight,gauss_tight,19,545.0,124645.0,470,4,False,20,0.00019745,False,True,158719466,48946722,,,,,,,,,,,,,,,7024.4,58134,47.52,False,4,8.44287109375,0,cb95b26d74c546c768a2,77b0e6241d67a855e241,
asap7,jpeg,gauss_tight,gauss_tight,20,545.0,125555.1,469,4,False,20,0.00026708,False,True,146480347,49833588,,,,,,,,,,,,,,,7008.59,57973,47.1,False,4,8.44287109375,0,2363bd28b2517141eb90,c5f2ab32cf73d06a47bb,
asap7,jpeg,gauss_tight,gauss_tight,21,545.0,131045.2,471,4,False,20,0.00019092,False,True,154964485,49229265,,,,,,,,,,,,,,,7063.06,58559,44.6,False,4,9.15087890625,0,a2b8d8a2bffa9e50abb0,24c91acb7ae703ed8352,
asap7,jpeg,gauss_tight,gauss_tight,22,545.0,126274.7,470,4,False,20,0.00036275,False,True,154105172,51285484,,,,,,,,,,,,,,,7015.82,58066,43.84,False,4,9.61572265625,0,858cacecbb1f882d9f9b,4ea45ff4b774dbecb884,
asap7,jpeg,gauss_tight,gauss_tight,23,545.0,122816.9,472,4,False,20,0.00011591,False,True,171250332,49134312,,,,,,,,,,,,,,,7014.04,58048,43.88,False,4,9.56640625,0,075d0f8744d32ffa79f6,baa32d7be0e876efcb76,
asap7,jpeg,gauss_tight,gauss_tight,24,545.0,125097.5,472,4,False,20,0.00016996,False,True,159333795,48819585,,,,,,,,,,,,,,,7033.46,58290,46.74,False,4,9.00537109375,0,c54c53459e6261fd5476,fc31340384de3c21d6ef,
asap7,jpeg,gauss_tight,gauss_tight,25,545.0,128168.7,471,4,False,20,0.00010989,False,True,156650634,49446619,,,,,,,,,,,,,,,7014.39,58032,46.35,False,4,9.00537109375,0,e89bb2db775d3e4c1e1e,a5bd4c81d0ff8203ff48,
asap7,jpeg,gauss_tight,gauss_tight,26,545.0,125513.3,469,4,False,20,0.00012844,False,True,151405894,49545552,,,,,,,,,,,,,,,7010.85,58003,43.87,False,4,8.7646484375,0,1257daf1f6ff0d1ffa78,c18eff20a91b8cfc79c0,
asap7,jpeg,gauss_tight,gauss_tight,27,545.0,126119.6,471,4,False,20,0.00014326,False,True,158383796,49716253,,,,,,,,,,,,,,,7007.66,57936,45.12,False,4,9.34814453125,0,010c91eb81f947318198,a87832d0b2d891577707,
asap7,jpeg,gauss_tight,gauss_tight,28,545.0,123968.9,467,4,False,20,0.00036529,False,True,166423938,49547965,,,,,,,,,,,,,,,7017.06,58090,44.5,False,4,10.078125,0,6bd38ddf9ddac5af4a8f,1b26a4ec6cd8828cf60c,
asap7,jpeg,gauss_tight,gauss_tight,29,545.0,128707.9,472,4,False,20,0.00019402,False,True,159078380,48465874,,,,,,,,,,,,,,,7038.25,58341,44.39,False,4,9.81982421875,0,a9b58d300ede26490c02,e39cdb46d702e688a973,
asap7,jpeg,gauss_tight,gauss_tight,30,545.0,127865.8,472,4,False,20,0.00011161,False,True,150886615,49189547,,,,,,,,,,,,,,,7008.21,57960,43.94,False,4,9.30029296875,0,72244923a34f174819a4,e17c90c444709a633599,
asap7,jpeg,gauss_tight,gauss_tight,31,545.0,121947.1,472,4,False,20,0.00013422,False,True,145489987,49257140,,,,,,,,,,,,,,,7027.4,58172,45.65,False,4,9.5166015625,0,b0b2fc83542458e8676b,a32af5818e591419d8e6,
asap7,jpeg,gauss_tight,gauss_tight,32,545.0,125792.8,471,4,False,20,0.00099119,False,True,142366570,49610482,,,,,,,,,,,,,,,7014.58,58045,45.74,False,4,9.47509765625,0,6becc9b9017fcb7a8b11,4a091a2deac8172fbee4,
asap7,jpeg,gauss_wide,gauss_wide,1,545.0,125747.0,472,4,False,20,6.944e-05,False,True,148700678,49344534,,,,,,,,,,,,,,,7008.11,57985,44.76,False,4,9.65087890625,0,d067b43d0e441bf9120a,25826e46a1cf094ed6f3,
asap7,jpeg,gauss_wide,gauss_wide,2,545.0,125581.2,470,4,False,20,0.00010478,False,True,142824376,50228711,,,,,,,,,,,,,,,7007.31,57971,43.68,False,4,10.0625,0,621c13c721c39ba7b43d,3f243a04cf3ef93afc88,
asap7,jpeg,gauss_wide,gauss_wide,3,545.0,129701.4,471,4,False,20,0.00012066,False,True,152961912,49918771,,,,,,,,,,,,,,,7027.39,58182,44.14,False,4,10.0625,0,1e3f127b2db96252a256,531eb942d900290df1e5,
asap7,jpeg,gauss_wide,gauss_wide,4,545.0,123477.6,472,4,False,20,0.00079897,False,True,140702519,49557173,,,,,,,,,,,,,,,7019.72,58105,44.9,False,4,9.62255859375,0,f02f3003c37bfa8d0a6f,bc8b2b806458ce8fc9aa,
asap7,jpeg,gauss_wide,gauss_wide,5,545.0,126728.8,472,4,False,20,0.0001485,False,True,155743573,49649919,,,,,,,,,,,,,,,7028.68,58219,45.35,False,4,9.62255859375,0,848df83c2af4fca6d002,1f62b5922573d0e82abc,
asap7,jpeg,gauss_wide,gauss_wide,6,545.0,125842.1,470,4,False,20,0.00025276,False,True,147642752,50063500,,,,,,,,,,,,,,,7017.09,58078,44.6,False,4,9.572265625,0,e887cc6aa45b4f3f5032,039e33d538b86b23661c,
asap7,jpeg,gauss_wide,gauss_wide,7,545.0,122017.9,472,4,False,20,0.00017524,False,True,153408009,50330031,,,,,,,,,,,,,,,7008.15,57977,44.55,False,4,9.685546875,0,77d238edf64899840f00,c831f6ba86c965799b2b,
asap7,jpeg,gauss_wide,gauss_wide,8,545.0,125602.0,470,4,False,20,0.00015595,False,True,153906794,50086228,,,,,,,,,,,,,,,7018.37,58125,43.73,False,4,9.64599609375,0,e9bfc73ae9a34277d1ab,c53fa4a048c64bbb6b56,
asap7,jpeg,gauss_wide,gauss_wide,9,545.0,122837.6,469,4,False,20,0.00015374,False,True,153516110,50521239,,,,,,,,,,,,,,,7014.37,58053,44.5,False,4,9.64599609375,0,1897d770d72e08dc9dd6,ca8bb58e0f531c52a257,
asap7,jpeg,gauss_wide,gauss_wide,10,545.0,127042.8,473,4,False,20,0.00076616,False,True,147228056,49587634,,,,,,,,,,,,,,,7019.58,58106,45.48,False,4,9.2373046875,0,191e2bd4d8b48dcaf721,536f7c3e9229c3a066a3,
asap7,jpeg,gauss_wide,gauss_wide,11,545.0,125776.1,471,4,False,20,0.0001164,False,True,155670863,49973610,,,,,,,,,,,,,,,7031.31,58235,46.16,False,4,9.2373046875,0,de4f9672198b929d9c89,b69b7ef288c952dcf7b8,
asap7,jpeg,gauss_wide,gauss_wide,12,545.0,126358.6,470,4,False,20,0.00059801,False,True,145171920,50070081,,,,,,,,,,,,,,,7019.19,58094,45.2,False,4,9.21826171875,0,884c3226cab5f310ce9f,393d9d939eee167a4066,
asap7,jpeg,gauss_wide,gauss_wide,13,545.0,123934.1,481,4,False,20,0.0001018,False,True,166377468,48378942,,,,,,,,,,,,,,,7021.33,58159,44.68,False,4,9.4931640625,0,ae25b9d63f275c2c58f9,f6420d97d06e2f2f0ce2,
asap7,jpeg,gauss_wide,gauss_wide,14,545.0,127021.5,469,4,False,20,0.0001671,False,True,166739082,49793700,,,,,,,,,,,,,,,7024.79,58160,44.06,False,4,9.8056640625,0,8a6534ce7f5ecbbfe45d,23e37893c36914f4360c,
asap7,jpeg,gauss_wide,gauss_wide,15,545.0,129577.6,471,4,False,20,0.00010174,False,True,141247102,50510801,,,,,,,,,,,,,,,7013.05,58014,45.02,False,4,10.40234375,0,f9f8af9612206c9858f1,d7ad16e18b16bc13e7f6,
asap7,jpeg,gauss_wide,gauss_wide,16,545.0,124652.2,471,4,False,20,0.00013273,False,True,146929241,49992753,,,,,,,,,,,,,,,7000.97,57900,44.85,False,4,9.7294921875,0,dbfb7c96337a9b4ab72f,af7f55fd4dc670bd3b08,
asap7,jpeg,gauss_wide,gauss_wide,17,545.0,129860.9,470,4,False,20,6.728e-05,False,True,141205207,50450717,,,,,,,,,,,,,,,7008.39,57967,44.34,False,4,9.91162109375,0,48286f1055f680fc027d,03b568b04c47f5bad2d5,
asap7,jpeg,gauss_wide,gauss_wide,18,545.0,125864.7,471,4,False,20,0.00013401,False,True,151652849,50146117,,,,,,,,,,,,,,,7018.19,58086,44.12,False,4,9.59814453125,0,26b98ec1eaddf18cd64e,2e6e26436a97d724f6f2,
asap7,jpeg,gauss_wide,gauss_wide,19,545.0,122634.0,471,4,False,20,0.00012318,False,True,157594767,49773808,,,,,,,,,,,,,,,7021.51,58098,44.81,False,4,10.345703125,0,e53fd367c9858cd81d12,05188927a359859fa657,
asap7,jpeg,gauss_wide,gauss_wide,20,545.0,123988.0,470,4,False,20,6.106e-05,False,True,144911215,50177286,,,,,,,,,,,,,,,7000.31,57900,44.42,False,4,9.9775390625,0,ae6aafbb8bd89a26bc66,d5db1d78f3b33a556137,
asap7,jpeg,gauss_wide,gauss_wide,21,545.0,126221.0,469,4,False,20,0.00011991,False,True,144126472,49855409,,,,,,,,,,,,,,,7016.13,58092,44.35,False,4,10.08642578125,0,da9d6a2b431d3687ab82,b923bfcd0a13af2131e8,
asap7,jpeg,gauss_wide,gauss_wide,22,545.0,123927.7,472,4,False,20,0.00061627,False,True,144899389,49598805,,,,,,,,,,,,,,,7018.08,58092,44.7,False,4,9.955078125,0,acdaeee2e0d136ef3f78,196921d895adf64832cb,
asap7,jpeg,gauss_wide,gauss_wide,23,545.0,122195.6,470,4,False,20,0.00011719,False,True,168540225,49685041,,,,,,,,,,,,,,,7028.45,58209,44.76,False,4,9.955078125,0,cead9c4341a5d91a0cf5,9160c0d7b3268f35dc34,
asap7,jpeg,gauss_wide,gauss_wide,24,545.0,126039.6,474,4,False,20,0.00070522,False,True,154826160,49559840,,,,,,,,,,,,,,,7027.56,58195,44.64,False,4,10.119140625,0,6ba2a0c9b690849d088d,ebb55ef2f654b7c57d88,
asap7,jpeg,gauss_wide,gauss_wide,25,545.0,125706.0,470,4,False,20,0.00011384,False,True,151240290,49797778,,,,,,,,,,,,,,,7012.06,58012,43.56,False,4,9.728515625,0,09ae99d6895842176575,d657324a8f52bc8b9c20,
asap7,jpeg,gauss_wide,gauss_wide,26,545.0,122904.6,470,4,False,20,0.00015197,False,True,144836577,50137931,,,,,,,,,,,,,,,7025.3,58171,44.46,False,4,9.46875,0,5d00953773f32233abbd,f994f38b1ecdd5d6ab8c,
asap7,jpeg,gauss_wide,gauss_wide,27,545.0,126512.5,472,4,False,20,0.00046769,False,True,150426103,51231296,,,,,,,,,,,,,,,7027.69,58210,45.44,False,4,9.14208984375,0,7c4ba3e2c5c218c68e2d,4109fcd1905476db8c76,
asap7,jpeg,gauss_wide,gauss_wide,28,545.0,130305.5,473,4,False,20,0.00015867,False,True,142582846,50071143,,,,,,,,,,,,,,,7002.48,57930,45.21,False,4,9.00390625,0,49ef11f721c0a2a65622,6ed6b2267327bfdcca8f,
asap7,jpeg,gauss_wide,gauss_wide,29,545.0,127407.5,470,4,False,20,0.00061092,False,True,140677126,50200038,,,,,,,,,,,,,,,7013.58,58019,44.85,False,4,9.00390625,0,7b4b6c92e154ff84f83d,06abb173843f38953b6a,
asap7,jpeg,gauss_wide,gauss_wide,30,545.0,127917.4,472,4,False,20,0.0004378,False,True,156479543,49689727,,,,,,,,,,,,,,,7031.53,58240,43.64,False,4,8.76318359375,0,22e23b5527fd1162974b,d9b946d92e0d61dc914f,
asap7,jpeg,gauss_wide,gauss_wide,31,545.0,125057.4,471,4,False,20,9.557e-05,False,True,146272381,49457178,,,,,,,,,,,,,,,7019.09,58110,44.6,False,4,9.029296875,0,3a66daedea65f8ee8788,32704e06c70b5f0d0fe2,
asap7,jpeg,gauss_wide,gauss_wide,32,545.0,126555.6,471,4,False,20,0.0013156,False,True,141724675,49795251,,,,,,,,,,,,,,,7029.38,58188,45.24,False,4,9.2412109375,0,308710aa07aab2b11e6e,889bd379b9584c943be2,
asap7,jpeg,odb,odb,1,545.0,125848.9,469,4,False,20,0.00016598,False,True,152188086,49804013,,,,,646.622,-101.622,-29447.9,27.8816,2457879,18.62,0,31.29,False,0,7021.01,58111,49.27,False,4,8.8330078125,0,487f317268d6a567edc5,bfd482df5d8244f4309f,5ea9c9ad1d1b56a24ce2
asap7,jpeg,odb,odb,2,545.0,126347.3,470,4,False,20,0.00014516,False,True,152151771,49836092,,,,,636.9,-91.9,-27141.4,27.9483,2460547,18.78,0,31.12,False,0,7026,58180,47.09,False,4,9.0068359375,0,64f0662f9c0ba65e4bdf,3bdba2b3a3fb6c044dfd,53bebb3e5850f7c82f1e
asap7,jpeg,odb,odb,3,545.0,123044.6,467,4,False,20,0.00095129,False,True,152236914,49855657,,,,,646.725,-101.725,-28589.8,29.3757,2412051,18.27,0,30.64,False,0,6997.36,57856,48.54,False,4,9.48681640625,0,9ccc5973f30d6794cd0e,4553cd4a8cca6d34ce66,47e7701a916c1712ac5d
asap7,jpeg,odb,odb,4,545.0,126107.4,469,4,False,20,0.00019355,False,True,152422503,49858842,,,,,645.76,-100.76,-28276.8,27.0232,2464434,18.71,0,30.82,False,0,7012.22,58032,48.35,False,4,9.48681640625,0,00bab07b6be225bf04ba,0216cdcd0ca033a3d642,1ebf037620ddc5bb7595
asap7,jpeg,odb,odb,5,545.0,126267.8,469,4,False,20,0.00017873,False,True,152411459,49920072,,,,,636.9241,-91.9241,-27390.4,27.1102,2465745,18.74,0,30.95,False,0,7015.37,58080,54.88,False,4,8.96240234375,0,87999ea0e851e4e72bb6,912a5589bf6a48a3569e,79d8ab2b3c3db2746f03
asap7,jpeg,odb,odb,6,545.0,127687.2,470,4,False,20,0.00017629,False,True,152020394,49818987,,,,,646.774,-101.774,-30010.8,28.3885,2487109,18.97,0,31.17,False,0,7034.66,58260,55.64,False,4,9.32861328125,0,1458f23023513950e2ee,d18b24a43a253dc6d1df,c6118d7fa382b1a46351
asap7,jpeg,odb,odb,7,545.0,126919.2,469,4,False,20,0.00017857,False,True,152487323,49978418,,,,,645.645,-100.645,-28612.7,28.3565,2479368,18.85,0,30.68,False,0,7038.63,58304,48.41,False,4,9.06201171875,0,52d8ccfc91009554a7e5,508a7d10352430d3ddf0,7b8b4c7cc3f23836f274
asap7,jpeg,odb,odb,8,545.0,127403.1,470,4,False,20,0.00018762,False,True,151800492,49884265,,,,,650.116,-105.116,-28892.2,26.768,2490768,19.02,0,31.56,False,0,7031.76,58241,48.26,False,4,9.06201171875,0,8538129d57416e1d8674,c4ca0ae7cb148f6481a6,869f82b5087aa388d5e2
asap7,jpeg,odb,odb,9,545.0,124899.9,468,4,False,20,0.0001998,False,True,152421864,49915485,,,,,,,,,,,,,,,7032.74,58241,46.37,False,4,9.056640625,0,12c90c36570c804ef4d5,bcbe8cc961b1c561dcf2,
asap7,jpeg,odb,odb,10,545.0,125866.1,469,4,False,20,0.00023065,False,True,152244672,49878950,,,,,,,,,,,,,,,7011.14,58001,44.36,False,4,9.37451171875,0,1ee1fb92d24ae9783fb8,66bc38cec92dafc0be4f,
asap7,jpeg,odb,odb,11,545.0,125672.9,470,4,False,20,0.00015479,False,True,151870820,49841815,,,,,,,,,,,,,,,7013.46,58041,45.09,False,4,9.3271484375,0,729bf9ccb9043c832552,7f870ef2142b104d43dc,
asap7,jpeg,odb,odb,12,545.0,125447.2,469,4,False,20,0.00025602,False,True,151918343,50486387,,,,,,,,,,,,,,,7012.91,58018,45.59,False,4,9.37646484375,0,abf99f44463d6b7f664d,c3323f10ce7b7d02ba92,
asap7,jpeg,odb,odb,13,545.0,126667.3,470,4,False,20,0.00019145,False,True,152411400,49886829,,,,,,,,,,,,,,,7022.76,58165,45.59,False,4,9.7802734375,0,8717acdafaeb9ab21959,c3fd256d867beeb7b37c,
asap7,jpeg,odb,odb,14,545.0,126116.2,469,4,False,20,0.00017114,False,True,152477676,49861223,,,,,,,,,,,,,,,7027.57,58190,45.96,False,4,9.79833984375,0,6c1bb69b921928363c02,94f06a7dfab4768be0e5,
asap7,jpeg,odb,odb,15,545.0,125848.0,469,4,False,20,0.00019212,False,True,152469234,49887299,,,,,,,,,,,,,,,7027.28,58182,44.19,False,4,9.734375,0,c273ae2064e694e8f111,371ae61be0847cc7bb93,
asap7,jpeg,odb,odb,16,545.0,125462.0,469,4,False,20,0.00019066,False,True,152043176,49774248,,,,,,,,,,,,,,,7023.68,58145,44.68,False,4,9.86181640625,0,2fa93a4c5d146128f472,59da7ae76e633fed06fa,
asap7,jpeg,shipped,shipped,1,545.0,124968.9,469,4,False,20,0.00018915,False,True,152188086,49176393,6038,45663,0,45708,649.071,-104.071,-30107.9,28.7481,2450789,18.57,0,31.24,False,0,7051.37,58441,52.82,False,4,5.5615234375,0,ca1d555faf2892c9aac9,bfd482df5d8244f4309f,bf18ad0bd58d52295185
asap7,jpeg,shipped,shipped,2,545.0,126553.7,469,4,False,20,0.0001845,False,True,152151771,49214804,6038,45663,0,45708,637.3056,-92.3056,-27197.5,26.5337,2477784,18.85,0,31.37,False,0,7037.46,58297,53.15,False,4,5.5615234375,0,df433245d4bd7dda495e,3bdba2b3a3fb6c044dfd,f48ad10bc99f6949d321
asap7,jpeg,shipped,shipped,3,545.0,125576.4,471,4,False,20,0.00016883,False,True,152236914,49172534,6038,45663,0,45708,643.4653,-98.4653,-29136.3,28.8113,2453160,18.63,0,30.93,False,0,7020.21,58141,53.27,False,4,5.5615234375,0,4b45327114bc5fd979a9,4553cd4a8cca6d34ce66,3e26bf0f001c3ef9ad1d
asap7,jpeg,shipped,shipped,4,545.0,125786.0,470,4,False,20,0.00016803,False,True,152422503,49204529,6038,45663,0,45708,639.2787,-94.2787,-27670.1,27.6436,2471007,18.75,0,31.21,False,0,7019.61,58108,52.21,False,4,5.5615234375,0,ed06e5048623bce96046,0216cdcd0ca033a3d642,2ed76efd939b494bb204
asap7,jpeg,shipped,shipped,5,545.0,125806.9,470,4,False,20,0.00021882,False,True,152411459,49219014,6038,45663,0,45708,655.075,-110.075,-32931.9,27.6339,2462177,18.72,0,30.94,False,0,7031.26,58238,53.23,False,4,5.5615234375,0,03ece52152c5382967bc,912a5589bf6a48a3569e,e59833c51ee7d855cd9f
asap7,jpeg,shipped,shipped,6,545.0,126368.1,472,4,False,20,0.00016898,False,True,152020394,49165720,6038,45663,0,45708,641.9426,-96.9426,-27544.5,26.901,2465728,18.73,0,30.78,False,0,7025.04,58163,52.16,False,4,5.5615234375,0,57ea712899d69b4f6222,d18b24a43a253dc6d1df,d250b264b392e18e8b37
asap7,jpeg,shipped,shipped,7,545.0,126329.5,470,4,False,20,0.00015337,False,True,152487323,49213187,6038,45663,0,45708,639.1554,-94.1554,-27727.9,27.9439,2466840,18.81,0,31.14,False,0,7026.38,58167,52.26,False,4,8.68505859375,0,e049a30c320885a5a133,508a7d10352430d3ddf0,8ebecbf3a0337698192c
asap7,jpeg,shipped,shipped,8,545.0,127150.9,472,4,False,20,0.00018537,False,True,151800492,49180606,6038,45663,0,45708,640.4699,-95.4699,-26737.2,25.735,2484869,18.84,0,31.12,False,0,7023.75,58156,51.0,False,4,8.68505859375,0,e15ede97c88e18e35e45,c4ca0ae7cb148f6481a6,2b21902b36cab6b947d9
asap7,jpeg,shipped,shipped,9,545.0,125826.3,471,4,False,20,0.00021169,False,True,152421864,49231294,6038,45663,0,45708,,,,,,,,,,,7016.06,58095,48.86,False,4,8.68505859375,0,e6107bfd34834d626a85,bcbe8cc961b1c561dcf2,
asap7,jpeg,shipped,shipped,10,545.0,125723.1,470,4,False,20,0.00014276,False,True,152244672,49172216,6038,45663,0,45708,,,,,,,,,,,7022.75,58179,49.3,False,4,8.68505859375,0,be91bc5c877bd4d60c18,66bc38cec92dafc0be4f,
asap7,jpeg,shipped,shipped,11,545.0,126418.1,469,4,False,20,0.00016281,False,True,151870820,49225143,6038,45663,0,45708,,,,,,,,,,,7038.87,58329,49.1,False,4,8.68505859375,0,394313da57337bcdd710,7f870ef2142b104d43dc,
asap7,jpeg,shipped,shipped,12,545.0,126744.3,470,4,False,20,0.00021191,False,True,151918343,49193652,6038,45663,0,45708,,,,,,,,,,,7027.98,58229,48.45,False,4,9.43115234375,0,eb84841dc3317cac05d6,c3323f10ce7b7d02ba92,
asap7,jpeg,shipped,shipped,13,545.0,125642.8,471,4,False,20,0.00019867,False,True,152411400,49213142,6038,45663,0,45708,,,,,,,,,,,7020.72,58121,47.5,False,4,9.31689453125,0,d0d44de1b95565337c46,c3fd256d867beeb7b37c,
asap7,jpeg,shipped,shipped,14,545.0,126541.2,471,4,False,20,0.00016832,False,True,152477676,49193005,6038,45663,0,45708,,,,,,,,,,,7033.23,58277,47.96,False,4,9.31689453125,0,31c34f06122fc59d3232,94f06a7dfab4768be0e5,
asap7,jpeg,shipped,shipped,15,545.0,126373.3,471,4,False,20,0.00017301,False,True,152469234,49176159,6038,45663,0,45708,,,,,,,,,,,7027.95,58209,47.01,False,4,9.29150390625,0,0074cff513fe7d883d4d,371ae61be0847cc7bb93,
asap7,jpeg,shipped,shipped,16,545.0,125936.8,470,4,False,20,0.00019945,False,True,152043176,49165749,6038,45663,0,45708,,,,,,,,,,,7020.87,58118,46.74,False,4,9.29150390625,0,d7ad6ca167c580c708a3,59da7ae76e633fed06fa,
asap7,jpeg,spread,spread,1,545.0,128827.1,469,4,False,20,0.00010239,False,True,184795999,50035728,,,,,641.6326,-96.6326,-28302,29.4218,2498817,19.09,0,32.03,False,0,7046.76,58386,56.43,False,4,9.5859375,0,9fa2963bb9b7ea897eb1,7877115674de8cb52152,2f4c8cf07aeb45c30ceb
asap7,jpeg,spread,spread,2,545.0,127115.1,471,4,False,20,0.00010353,False,True,184697839,49968703,,,,,638.3439,-93.3439,-26894.5,26.0203,2480064,18.86,0,31.73,False,0,7027.08,58198,51.68,False,4,9.3515625,0,e6d02c5c3c506269f799,e9be16c071d8c408e088,1b793e6a3042d048e60f
asap7,jpeg,spread,spread,3,545.0,130655.7,470,4,False,20,0.00010285,False,True,185109104,50094266,,,,,642.2731,-97.2731,-29267.8,25.9075,2516293,19.26,0,32.1,False,0,7030.14,58241,53.0,False,4,9.2431640625,0,3d59a2338adda88ce43c,e3df283d159ce0d454eb,6af3660ab91eb9e1f07e
asap7,jpeg,spread,spread,4,545.0,129439.3,471,4,False,20,8.726e-05,False,True,184199808,50109750,,,,,645.571,-100.571,-28607.4,28.5858,2502414,19.08,0,31.96,False,0,7025.26,58168,50.11,False,4,9.2431640625,0,89a327e47693629f04a8,28a9bf327011b342678f,7730abcf041d80eac5a6
asap7,jpeg,spread,spread,5,545.0,128561.8,470,4,False,20,9.163e-05,False,True,184214497,50107463,,,,,643.2529,-98.2529,-28061.1,29.4011,2492484,19.02,0,31.45,False,0,7037.4,58279,48.11,False,4,9.626953125,0,cb05907c1a8e1249d660,3963083f50993c97ad34,89382b2fad026bdc2400
asap7,jpeg,spread,spread,6,545.0,128624.0,471,4,False,20,0.00011324,False,True,185443010,49970583,,,,,644.5168,-99.5168,-29402.9,29.5279,2507886,19.07,0,31.36,False,0,7045.9,58375,47.61,False,4,9.67822265625,0,e1f30727cb1b03577a89,f89be5a1dcf8f3a5b4e7,adc04815d27dcdcf8398
asap7,jpeg,spread,spread,7,545.0,128829.4,470,4,False,20,9.779e-05,False,True,183995495,50039363,,,,,636.3816,-91.3816,-26548.3,28.2308,2483524,18.97,0,31.11,False,0,7014.88,58045,57.34,False,4,9.1123046875,0,505cd006ca3d5862f2c3,c040c8615f976c8ae5ff,560476be1795d681ff71
asap7,jpeg,spread,spread,8,545.0,127025.2,469,4,False,20,0.0001475,False,True,185754150,49965692,,,,,649.588,-104.588,-29888,26.6674,2475749,18.87,0,31.73,False,0,7044.21,58394,54.84,False,4,8.85546875,0,2e530d153bae4c089771,952e5d6574d0c050c6c3,41bccd4f0d8fab792654
asap7,jpeg,spread,spread,9,545.0,126585.6,469,4,False,20,8.849e-05,False,True,184616436,50067767,,,,,,,,,,,,,,,7022.84,58147,46.08,False,4,8.85546875,0,0f6d7cc11ad7ce29102a,3c921d990e68716e3ce5,
asap7,jpeg,spread,spread,10,545.0,129138.3,469,4,False,20,9.007e-05,False,True,184407511,50128342,,,,,,,,,,,,,,,7044.05,58387,44.72,False,4,8.78662109375,0,ffc6b6bfb03599b4480b,40efa58479a2e11a33fd,
asap7,jpeg,spread,spread,11,545.0,129195.8,471,4,False,20,9.546e-05,False,True,183871149,50137766,,,,,,,,,,,,,,,7018.59,58093,43.26,False,4,9.3349609375,0,ba46b25f8237f9c70122,89a76d6656b35635b0dc,
asap7,jpeg,spread,spread,12,545.0,127360.9,470,4,False,20,0.00011052,False,True,184081089,50067610,,,,,,,,,,,,,,,7025.18,58203,44.42,False,4,9.50439453125,0,593abe2d3598ae090999,d59a7792e1c2cee6587c,
asap7,jpeg,spread,spread,13,545.0,127512.8,472,4,False,20,0.00011171,False,True,184885183,50010653,,,,,,,,,,,,,,,7034.38,58276,45.5,False,4,9.57421875,0,50b84e0d329a16ecf0cb,851ffbb4b82b19fce5cb,
asap7,jpeg,spread,spread,14,545.0,127790.9,470,4,False,20,0.00014176,False,True,184128220,50153100,,,,,,,,,,,,,,,7035.59,58299,45.2,False,4,8.8994140625,0,6ef926868ae3e9a0cc0f,b3958458a8febf925c02,
asap7,jpeg,spread,spread,15,545.0,125259.7,470,4,False,20,9.359e-05,False,True,184889552,49987983,,,,,,,,,,,,,,,7030.18,58206,44.81,False,4,8.8994140625,0,b521d91e4683db3b0ddb,c42c2f2e95f2693e91cd,
asap7,jpeg,spread,spread,16,545.0,128545.4,472,4,False,20,8.635e-05,False,True,184253920,50002419,,,,,,,,,,,,,,,7027.36,58164,45.48,False,4,8.90771484375,0,6f076f02d5ca0d917da4,3114365aa8535b50cc14,
asap7,jpeg,uniform,uniform,1,545.0,125465.6,470,4,False,20,0.00018726,False,True,166771421,49394742,,,,,,,,,,,,,,,7019.37,58098,46.35,False,4,9.49072265625,0,eee0f252eef334a702e2,fb6af760e0d19f033a5d,
asap7,jpeg,uniform,uniform,2,545.0,121905.0,472,4,False,20,0.00045571,False,True,163637053,49313031,,,,,,,,,,,,,,,7022.08,58151,45.03,False,4,9.32568359375,0,24a3514e79632bf66165,7b63261fa214ccf1bf6c,
asap7,jpeg,uniform,uniform,3,545.0,121384.2,468,4,False,20,0.0001607,False,True,149018251,49710967,,,,,,,,,,,,,,,7021.31,58127,45.88,False,4,9.32568359375,0,e1d0807996a7ac4615cd,63fbfd7b86431f9132c7,
asap7,jpeg,uniform,uniform,4,545.0,124197.9,471,4,False,20,0.00012135,False,True,148787429,49846290,,,,,,,,,,,,,,,7017.57,58097,44.12,False,4,9.755859375,0,0f8f54e075097232dd8c,b4dbb99085ceff71d708,
asap7,jpeg,uniform,uniform,5,545.0,123617.7,471,4,False,20,0.00020571,False,True,149618914,49291207,,,,,,,,,,,,,,,7026.51,58174,45.17,False,4,9.3173828125,0,725656ba79435199c9f7,b56fa7483bdd00912f77,
asap7,jpeg,uniform,uniform,6,545.0,128056.3,472,4,False,20,0.00028105,False,True,158402045,50454034,,,,,,,,,,,,,,,7022.76,58131,45.97,False,4,9.29150390625,0,a0fea5652e1ebf465bec,9b57f960b2a163937bcf,
asap7,jpeg,uniform,uniform,7,545.0,124444.2,473,4,False,20,0.00017549,False,True,150268740,48919650,,,,,,,,,,,,,,,7022.81,58144,46.29,False,4,9.29150390625,0,be1e055f23db0b971e43,853f9472f22e588fd383,
asap7,jpeg,uniform,uniform,8,545.0,127142.8,470,4,False,20,0.00022113,False,True,157063662,49553101,,,,,,,,,,,,,,,7037.39,58283,45.42,False,4,10.2275390625,0,673758e7ff13010acd32,c85dbdde3b1ca9f1b99d,
asap7,jpeg,uniform,uniform,9,545.0,120897.2,472,4,False,20,0.00065,False,True,149274711,49130463,,,,,,,,,,,,,,,7004.77,57934,44.08,False,4,10.36962890625,0,169b8e3cdd0b6005eb24,9456980c2acfe7840918,
asap7,jpeg,uniform,uniform,10,545.0,130887.5,471,4,False,20,0.00013257,False,True,151123930,49824780,,,,,,,,,,,,,,,7037.17,58291,44.57,False,4,10.17822265625,0,1e139832b26f9a28c266,9688c317452da1bafa81,
asap7,jpeg,uniform,uniform,11,545.0,125828.0,471,4,False,20,0.000114,False,True,152403501,49830459,,,,,,,,,,,,,,,7014.47,58029,46.35,False,4,9.45556640625,0,23cb515fb93bc9dc80c8,10bd47727aad4f776b84,
asap7,jpeg,uniform,uniform,12,545.0,121041.4,473,4,False,20,0.00110985,False,True,152378328,49085980,,,,,,,,,,,,,,,7011.38,58006,46.49,False,4,9.4189453125,0,b916d620852df7836ce6,2eb806e1276ff3ed71e8,
asap7,jpeg,uniform,uniform,13,545.0,120835.3,473,4,False,20,0.00042367,False,True,151222607,49440227,,,,,,,,,,,,,,,6994.39,57847,46.07,False,4,9.4189453125,0,7e6e19830b6c9ab4ee96,573778d1560bb578b8a5,
asap7,jpeg,uniform,uniform,14,545.0,121507.9,471,4,False,20,0.00010582,False,True,159806622,50496639,,,,,,,,,,,,,,,7018.7,58071,44.76,False,4,9.076171875,0,0ad2cfd79457af72a0ae,4766c540992eb25f847a,
asap7,jpeg,uniform,uniform,15,545.0,122234.7,470,4,False,20,0.00011501,False,True,169873455,49847801,,,,,,,,,,,,,,,7021.1,58097,43.32,False,4,9.08349609375,0,1e711d21cf2d42f46de7,38bd34d8bdba4eae0f91,
asap7,jpeg,uniform,uniform,16,545.0,125337.9,473,4,False,20,0.00052238,False,True,171452560,49777984,,,,,,,,,,,,,,,7031.47,58231,45.32,False,4,8.83642578125,0,3d63a94e2274aca0499d,0bf6a0ebf82b5361030d,
asap7,jpeg,uniform,uniform,17,545.0,125381.0,472,4,False,20,0.00017749,False,True,157679996,50444762,,,,,,,,,,,,,,,6994.7,57833,44.56,False,4,8.8642578125,0,7b00135946f306bf8844,36733b8646e235a034d1,
asap7,jpeg,uniform,uniform,18,545.0,120494.6,470,4,False,20,0.00084935,False,True,155707342,51016328,,,,,,,,,,,,,,,6996.87,57833,45.71,False,4,8.59326171875,0,df03e06cc0697ea5b2e0,83fbf20a3819a3fa9e6e,
asap7,jpeg,uniform,uniform,19,545.0,124981.9,469,4,False,20,0.00115666,False,True,151151204,50108120,,,,,,,,,,,,,,,7028.14,58240,45.54,False,4,8.59326171875,0,3b4f2cc6ca1cf6a3ca73,afca08e4121c11df294b,
asap7,jpeg,uniform,uniform,20,545.0,122213.2,473,4,False,20,0.00019009,False,True,168151488,49857802,,,,,,,,,,,,,,,7012.67,58039,45.94,False,4,9.341796875,0,c356983aedfb6a6ad982,b39187e883b13ebb618b,
asap7,jpeg,uniform,uniform,21,545.0,125425.9,471,4,False,20,0.0001031,False,True,147439250,49478138,,,,,,,,,,,,,,,7027.6,58211,44.82,False,4,9.7509765625,0,a79e1fa966a6f96a3818,525d95f163b6d4ee97b0,
asap7,jpeg,uniform,uniform,22,545.0,125249.4,472,4,False,20,0.0001386,False,True,154102480,49682014,,,,,,,,,,,,,,,7008.9,57945,45.52,False,4,9.85107421875,0,617c475d819f8acd87a2,c6b23a158878255c6512,
asap7,jpeg,uniform,uniform,23,545.0,127042.8,474,4,False,20,0.00048112,False,True,148195985,49952750,,,,,,,,,,,,,,,7029.15,58198,45.32,False,4,9.3271484375,0,788c8f6af939592946b6,63d20ae9e8ee09a5d6be,
asap7,jpeg,uniform,uniform,24,545.0,130043.8,473,4,False,20,0.00114602,False,True,145989516,49940005,,,,,,,,,,,,,,,7019.79,58095,46.02,False,4,10.0107421875,0,d4e763d394fe552a4cd8,427e653a483e0e6095e2,
asap7,jpeg,uniform,uniform,25,545.0,125128.2,470,4,False,16,9.702e-05,False,False,168660170,50350069,,,,,,,,,,,,,,,7009.23,57976,45.0,False,4,10.17041015625,0,e87465d4d1574afcd5c6,4a2a5d8213374e314ca4,
asap7,jpeg,uniform,uniform,26,545.0,124040.8,470,4,False,20,0.0003434,False,True,144152405,50445230,,,,,,,,,,,,,,,7016.96,58075,46.91,False,4,9.9833984375,0,a277d61b0a6736a75092,e9927922fcb62413167b,
asap7,jpeg,uniform,uniform,27,545.0,123756.3,474,4,False,20,0.00016176,False,True,146132121,49362883,,,,,,,,,,,,,,,7009.87,57986,46.41,False,4,9.9833984375,0,af048fabb6563df893e7,f9fac4bf48ad7ea7292e,
asap7,jpeg,uniform,uniform,28,545.0,125432.3,471,4,False,20,0.00012931,False,True,152182611,49133657,,,,,,,,,,,,,,,7037.28,58318,44.4,False,4,10.92138671875,0,fa8bf92456e08de192ce,6b90d503201077f3a114,
asap7,jpeg,uniform,uniform,29,545.0,125363.3,470,4,False,20,0.00015542,False,True,145544638,50407995,,,,,,,,,,,,,,,7009.89,57982,44.17,False,4,10.0224609375,0,0d9329e32c1be603e515,b03218f1bdea0eee1159,
asap7,jpeg,uniform,uniform,30,545.0,126989.8,473,4,False,20,0.0002571,False,True,155608994,49550404,,,,,,,,,,,,,,,7040.64,58340,44.24,False,4,9.7001953125,0,7ec6745ef6c08862e612,aed3207b001d2d2f37d3,
asap7,jpeg,uniform,uniform,31,545.0,123812.6,470,4,False,20,0.0002488,False,True,155026634,50052526,,,,,,,,,,,,,,,7021.89,58134,44.98,False,4,9.884765625,0,38b49617aa2b7dcbe0c2,e5e51b84bf6d0b69bf76,
asap7,jpeg,uniform,uniform,32,545.0,124700.1,473,4,False,20,0.00030764,False,True,146414717,50125631,,,,,,,,,,,,,,,7025.04,58178,45.85,False,4,9.16650390625,0,c16842b08aefafa5e1e3,81d9f2c78bf612f58604,
asap7,riscv32i,anchored,anchored,1,950.0,41322.3,441,4,False,5,6e-07,True,False,49151032,27918757,,,,,1006.3294,-56.3294,-45197.7,35.3633,71357,13.98,0,28.34,False,0,2620.58,10491,12.71,False,4,8.80078125,0,a8623b70cd3d4e854db1,d56628f6efb7e363bea4,1bc1b5cdda5f36f795de
asap7,riscv32i,anchored,anchored,2,950.0,41567.18,444,4,False,5,1.15e-06,True,False,48984409,27900506,,,,,1012.9882,-62.9882,-46932.7,35.3231,71328,14.14,0,29.11,False,0,2614.58,10425,14.04,False,4,8.80078125,0,c9a69f5011d6d599f815,367fecc1a4fa75281b41,8af026194bb30379830b
asap7,riscv32i,anchored,anchored,3,950.0,41316.08,444,4,False,5,1.04e-06,True,False,48956365,27911398,,,,,1025.2935,-75.2935,-62773.7,35.1591,71299,14.1,0,28.4,False,0,2614.96,10428,14.78,False,4,8.80078125,0,e8a15084463654fe9085,d68124054b1d6a6594f6,1baa77fc43961c028996
asap7,riscv32i,anchored,anchored,4,950.0,41244.23,443,4,False,5,9.3e-07,True,False,49018039,27896075,,,,,1018.5394,-68.5394,-54976.2,35.3046,70621,13.94,0,29.31,False,0,2612.74,10414,12.8,False,4,8.80078125,0,d2a708c53f1e45b02b80,c92bc6e13902fcb1da82,03e126084ba7ba366f7d
asap7,riscv32i,anchored,anchored,5,950.0,41488.48,443,4,False,5,1.06e-06,True,False,49023261,27900560,,,,,1010.9565,-60.9565,-48056,35.5675,71572,14.17,0,28.33,False,0,2608.39,10361,13.24,False,4,9.29736328125,0,07cda153a8a1dd5e739a,9da69a01f7d3504bf781,ed62ae8a7fed10a481e7
asap7,riscv32i,anchored,anchored,6,950.0,41799.95,442,4,False,5,1.18e-06,True,False,49350312,27926837,,,,,1015.5063,-65.5063,-52380.9,35.6778,71667,14.12,0,28.54,False,0,2615.63,10441,13.45,False,4,9.29736328125,0,b8fd6b95faeda38b7637,2f5ba62f7d9950ebfc86,5082f386926468e05c31
asap7,riscv32i,anchored,anchored,7,950.0,41142.43,442,4,False,5,7.2e-07,True,False,49423503,27899292,,,,,1007.5889,-57.5889,-46745.3,35.7863,71543,14.04,0,27.17,False,0,2620.61,10488,13.09,False,4,9.77197265625,0,323bc6724c712af424c9,e41b076cc08e61e6fc62,cf088f38f9ffafe29ee8
asap7,riscv32i,anchored,anchored,8,950.0,41658.28,442,4,False,5,5.46e-06,True,False,49100531,27913632,,,,,1019.0579,-69.0579,-53942.3,35.6316,71424,14.16,0,27.73,False,0,2619.59,10483,15.0,False,4,9.77197265625,0,690e226ca9d3a44d36c9,9cf962abc64eb2c3e750,2215c4e289d8a4c362b2
asap7,riscv32i,anchored,anchored,9,950.0,41712.13,443,4,False,5,1.16e-06,True,False,48952077,27895243,,,,,,,,,,,,,,,2619.77,10483,11.54,False,4,9.4697265625,0,da07c4a270202a6b19a2,a9fb0c2af6aef8bf97ce,
asap7,riscv32i,anchored,anchored,10,950.0,41679.71,442,4,False,5,7.1e-07,True,False,48872998,27925244,,,,,,,,,,,,,,,2618.4,10470,11.28,False,4,9.4697265625,0,0cd539a19e61486eedb6,2f5a89838fa7f1e3823d,
asap7,riscv32i,anchored,anchored,11,950.0,41422.73,442,4,False,5,7.2e-07,True,False,48936487,27889567,,,,,,,,,,,,,,,2623.73,10511,11.15,False,4,9.4697265625,0,8c5f635c5baca396c431,25beac3e03e4c29318bc,
asap7,riscv32i,anchored,anchored,12,950.0,41553.48,441,4,False,5,8.8e-07,True,False,48977601,27895672,,,,,,,,,,,,,,,2611.89,10397,11.24,False,4,9.4697265625,0,092bc69de3b785682766,abf540e22eb1a8c9077c,
asap7,riscv32i,anchored,anchored,13,950.0,41139.0,443,4,False,5,1.2e-06,True,False,48990718,27889284,,,,,,,,,,,,,,,2611.98,10398,10.31,False,4,9.19091796875,0,57fe4607e490e1ad6348,3dcbe032c0a8c9a1a985,
asap7,riscv32i,anchored,anchored,14,950.0,42489.45,442,4,False,5,7.4e-07,True,False,49151669,27922340,,,,,,,,,,,,,,,2621.69,10505,10.34,False,4,8.93505859375,0,deb8564033e65b0b4faf,a01db661a945a944990d,
asap7,riscv32i,anchored,anchored,15,950.0,41471.06,441,4,False,5,8.6e-07,True,False,48870191,27911298,,,,,,,,,,,,,,,2620.55,10496,10.23,False,4,8.93505859375,0,ebf83a667c78ddb97bd8,5f78439dba8959c6e748,
asap7,riscv32i,anchored,anchored,16,950.0,41937.5,442,4,False,5,1.05e-06,True,False,49023621,27935421,,,,,,,,,,,,,,,2610.55,10395,10.45,False,4,8.93505859375,0,f21d879495b524af0a97,c4977ebbbb266a4e1baa,
asap7,riscv32i,center,center,1,950.0,40079.93,435,4,False,5,2.13e-06,True,False,49569616,28770341,,,,,,,,,,,,,,,2590.81,10206,11.27,False,4,9.06103515625,0,755f2fcba857125a5c43,cd73a949fc8981f72be4,
asap7,riscv32i,center,center,2,950.0,39638.49,434,4,False,5,2.49e-06,True,False,49513841,28794278,,,,,,,,,,,,,,,2586.38,10150,11.4,False,4,9.06103515625,0,4daaaf5321057594e737,b8cce4be202e44785ee9,
asap7,riscv32i,center,center,3,950.0,40147.84,435,4,False,5,1.62e-06,True,False,49503484,28773169,,,,,,,,,,,,,,,2589.5,10199,10.9,False,4,9.20654296875,0,0d25a0c09f6001e1573d,3a597f29311876e41d8e,
asap7,riscv32i,center,center,4,950.0,39381.01,436,4,False,5,2.45e-06,True,False,49514989,28775070,,,,,,,,,,,,,,,2585.5,10160,10.81,False,4,9.20654296875,0,6ee6ef3b880066b69f7f,96003cbf630dc53c6403,
asap7,riscv32i,center,center,5,950.0,40174.09,434,4,False,5,3.67e-06,True,False,49448572,28754860,,,,,,,,,,,,,,,2586.64,10153,11.4,False,4,9.20654296875,0,4675a329383e4f812949,ef44a9f84cdec7bf2217,
asap7,riscv32i,center,center,6,950.0,39722.38,435,4,False,5,3.26e-06,True,False,49491754,28777296,,,,,,,,,,,,,,,2583.55,10129,11.24,False,4,9.20654296875,0,1a4b2d032919beea0b28,739399f3b32827edc631,
asap7,riscv32i,center,center,7,950.0,40658.9,435,4,False,5,1.86e-06,True,False,49515325,28783246,,,,,,,,,,,,,,,2586.85,10164,11.05,False,4,9.20654296875,0,139eaadb48ebe2f5a3b8,bec8dfbe0e9b398f9301,
asap7,riscv32i,center,center,8,950.0,40371.69,434,4,False,5,4.7e-06,True,False,49554628,28797738,,,,,,,,,,,,,,,2589.06,10170,11.15,False,4,9.20654296875,0,76e980b5826105b8ac51,f1b82f47f97e3f0b6bbc,
asap7,riscv32i,center,center,9,950.0,39724.64,434,4,False,5,6.6e-07,True,False,49406360,28776751,,,,,,,,,,,,,,,2585.68,10158,10.88,False,4,8.86328125,0,108fd49f07c8a223b47e,3e7b195958f02704edbe,
asap7,riscv32i,center,center,10,950.0,40328.78,434,4,False,5,3.37e-06,True,False,49497686,28808790,,,,,,,,,,,,,,,2588.8,10185,11.13,False,4,8.86328125,0,00378c8f2ddd6a1bed0f,2f1a7b7cd7a38d697243,
asap7,riscv32i,center,center,11,950.0,40745.16,435,4,False,5,1.14e-06,True,False,49470291,28781109,,,,,,,,,,,,,,,2597.75,10280,11.18,False,4,8.86328125,0,742ff685f8806bed7c19,9a6f573f942171be4fbb,
asap7,riscv32i,center,center,12,950.0,39745.04,436,4,False,5,4.47e-06,True,False,49481249,28767722,,,,,,,,,,,,,,,2583.78,10131,10.78,False,4,8.86328125,0,83c71e6dc86dad800134,aa45d4ba727c010d974a,
asap7,riscv32i,center,center,13,950.0,40353.17,435,4,False,5,2.91e-06,True,False,49520711,28766028,,,,,,,,,,,,,,,2583.2,10119,10.86,False,4,8.86328125,0,97383bec3b858e90df95,a0aebb386465902596ac,
asap7,riscv32i,center,center,14,950.0,39148.67,436,4,False,5,1.55e-06,True,False,49445626,28757553,,,,,,,,,,,,,,,2584.02,10135,11.28,False,4,8.86328125,0,d62777941b2ad691b754,72c8dc66ff198dae38c3,
asap7,riscv32i,center,center,15,950.0,40275.03,435,4,False,5,1.32e-06,True,False,49543922,28779116,,,,,,,,,,,,,,,2583.64,10136,10.67,False,4,8.53271484375,0,614aab2553f33757cf4d,09de77425913ab373e03,
asap7,riscv32i,center,center,16,950.0,39974.52,435,4,False,5,3.21e-06,True,False,49523868,28776905,,,,,,,,,,,,,,,2585.5,10152,11.03,False,4,8.53271484375,0,2dde5846e4318a53db8f,d8fc2c5119f58eacf701,
asap7,riscv32i,corner_ll,corner_ll,1,950.0,41930.03,448,4,False,5,2.91e-06,True,False,49043963,26597379,,,,,,,,,,,,,,,2613.15,10420,10.49,False,4,8.2978515625,0,cc96c38c5d19a2fd00d6,59ea3738819dad6ec475,
asap7,riscv32i,corner_ll,corner_ll,2,950.0,41648.85,447,4,False,5,2.91e-06,True,False,49043963,26597379,,,,,,,,,,,,,,,2610.87,10398,10.58,False,4,8.5947265625,0,3fd0cfcf2bcdfc45cf27,59ea3738819dad6ec475,
asap7,riscv32i,corner_ll,corner_ll,3,950.0,41190.25,447,4,False,5,2.91e-06,True,False,49043963,26597379,,,,,,,,,,,,,,,2612.19,10411,10.75,False,4,8.5947265625,0,fc2b809d30ad5af3e9dd,59ea3738819dad6ec475,
asap7,riscv32i,corner_ll,corner_ll,4,950.0,41370.2,448,4,False,5,2.91e-06,True,False,49043963,26597379,,,,,,,,,,,,,,,2611.16,10394,10.87,False,4,8.5947265625,0,5f6d9fff05d14a689090,59ea3738819dad6ec475,
asap7,riscv32i,corner_ll,corner_ll,5,950.0,41750.85,447,4,False,5,2.91e-06,True,False,49043963,26597379,,,,,,,,,,,,,,,2609.15,10379,11.11,False,4,8.5947265625,0,1bc3d45ee3e8d7e94322,59ea3738819dad6ec475,
asap7,riscv32i,corner_ll,corner_ll,6,950.0,41176.52,447,4,False,5,2.91e-06,True,False,49045776,26588479,,,,,,,,,,,,,,,2618.98,10478,11.06,False,4,8.5947265625,0,e25643a3e5d82a90b545,dfa7bf248c2eaa70825e,
asap7,riscv32i,corner_ll,corner_ll,7,950.0,42010.07,448,4,False,5,2.91e-06,True,False,49043963,26597379,,,,,,,,,,,,,,,2613.93,10427,11.15,False,4,9.10498046875,0,ee4e7604960698eebe25,59ea3738819dad6ec475,
asap7,riscv32i,corner_ll,corner_ll,8,950.0,41387.5,447,4,False,5,2.91e-06,True,False,49033011,26578778,,,,,,,,,,,,,,,2613.73,10412,11.22,False,4,9.10498046875,0,ebaf9a11e1f754052076,bb9940ebffb56dc3724c,
asap7,riscv32i,corner_ll,corner_ll,9,950.0,41461.0,448,4,False,5,2.91e-06,True,False,49066272,26562174,,,,,,,,,,,,,,,2615.86,10443,10.64,False,4,9.10498046875,0,6486b5170aea13180124,8ca57d385959ffcc78bf,
asap7,riscv32i,corner_ll,corner_ll,10,950.0,41300.82,447,4,False,5,2.91e-06,True,False,49043963,26597379,,,,,,,,,,,,,,,2612.94,10411,11.19,False,4,9.10498046875,0,230987976cc61b9ba658,59ea3738819dad6ec475,
asap7,riscv32i,corner_ll,corner_ll,11,950.0,42124.1,446,4,False,5,2.91e-06,True,False,49043963,26597379,,,,,,,,,,,,,,,2618.8,10478,10.99,False,4,9.10498046875,0,818006f17b2829dc12bb,59ea3738819dad6ec475,
asap7,riscv32i,corner_ll,corner_ll,12,950.0,41559.32,446,4,False,5,2.91e-06,True,False,49043963,26597379,,,,,,,,,,,,,,,2618.22,10464,11.15,False,4,9.10498046875,0,b0079ea0d52e899f3acd,59ea3738819dad6ec475,
asap7,riscv32i,corner_ll,corner_ll,13,950.0,41464.52,447,4,False,5,2.91e-06,True,False,49043963,26597379,,,,,,,,,,,,,,,2613.7,10411,10.42,False,4,9.0556640625,0,a5b8f4d19afa1be448e1,59ea3738819dad6ec475,
asap7,riscv32i,corner_ll,corner_ll,14,950.0,41173.51,447,4,False,5,2.91e-06,True,False,49043963,26597379,,,,,,,,,,,,,,,2612.48,10409,11.05,False,4,9.0556640625,0,017e8e2c3b29c43863ac,59ea3738819dad6ec475,
asap7,riscv32i,corner_ll,corner_ll,15,950.0,42260.01,448,4,False,5,2.91e-06,True,False,49043963,26597379,,,,,,,,,,,,,,,2621.69,10497,11.06,False,4,9.0556640625,0,4019601017d6c75eb729,59ea3738819dad6ec475,
asap7,riscv32i,corner_ll,corner_ll,16,950.0,42070.0,448,4,False,5,2.91e-06,True,False,49043963,26597379,,,,,,,,,,,,,,,2619.62,10482,11.06,False,4,9.13134765625,0,43bf55c06a94310881f4,59ea3738819dad6ec475,
asap7,riscv32i,corner_ur,corner_ur,1,950.0,40400.56,436,4,False,5,7.6e-07,True,False,50192987,29348779,,,,,,,,,,,,,,,2586.7,10165,11.15,False,4,9.13134765625,0,891c861b73a3aca03d30,28d1dee62daf65242603,
asap7,riscv32i,corner_ur,corner_ur,2,950.0,40132.55,435,4,False,5,7.6e-07,True,False,50192987,29348779,,,,,,,,,,,,,,,2588.48,10180,10.96,False,4,9.13134765625,0,6dd6b7119220953d28d6,28d1dee62daf65242603,
asap7,riscv32i,corner_ur,corner_ur,3,950.0,40713.23,435,4,False,5,7.6e-07,True,False,50053369,29332377,,,,,,,,,,,,,,,2585.42,10143,10.43,False,4,9.4296875,0,c33a4180ab9075d8bdcf,86bd82872e9e986d74e3,
asap7,riscv32i,corner_ur,corner_ur,4,950.0,40670.91,435,4,False,5,7.6e-07,True,False,50192987,29348779,,,,,,,,,,,,,,,2588.97,10187,10.73,False,4,9.4296875,0,7aac700fc98b315b5fb7,28d1dee62daf65242603,
asap7,riscv32i,corner_ur,corner_ur,5,950.0,40365.38,436,4,False,5,7.6e-07,True,False,50192987,29348779,,,,,,,,,,,,,,,2588.59,10190,10.81,False,4,9.4296875,0,8402cee91b7fdb2466ea,28d1dee62daf65242603,
asap7,riscv32i,corner_ur,corner_ur,6,950.0,40657.74,435,4,False,5,7.6e-07,True,False,50192987,29348779,,,,,,,,,,,,,,,2589.21,10193,10.53,False,4,9.39501953125,0,21f0ec29c174bcfb8b1b,28d1dee62daf65242603,
asap7,riscv32i,corner_ur,corner_ur,7,950.0,40418.29,436,4,False,5,7.6e-07,True,False,50192987,29348779,,,,,,,,,,,,,,,2586.5,10160,11.19,False,4,9.39501953125,0,1884e9d804b48c45d54a,28d1dee62daf65242603,
asap7,riscv32i,corner_ur,corner_ur,8,950.0,40579.04,435,4,False,5,7.6e-07,True,False,50192987,29348779,,,,,,,,,,,,,,,2587.81,10177,10.89,False,4,9.39501953125,0,49526090d5b5e8abf76d,28d1dee62daf65242603,
asap7,riscv32i,corner_ur,corner_ur,9,950.0,40902.76,434,4,False,5,7.6e-07,True,False,50192987,29348779,,,,,,,,,,,,,,,2589.97,10197,10.72,False,4,8.962890625,0,72787e911d211582e1dc,28d1dee62daf65242603,
asap7,riscv32i,corner_ur,corner_ur,10,950.0,40310.54,435,4,False,5,7.6e-07,True,False,50034368,29321115,,,,,,,,,,,,,,,2586.09,10160,10.48,False,4,8.6455078125,0,fb08873012c3b68d8dbe,7d3129de517fe48b9bd5,
asap7,riscv32i,corner_ur,corner_ur,11,950.0,40677.16,436,4,False,5,7.6e-07,True,False,50192987,29348779,,,,,,,,,,,,,,,2588.8,10187,10.67,False,4,8.6455078125,0,116e220248bfbc15e820,28d1dee62daf65242603,
asap7,riscv32i,corner_ur,corner_ur,12,950.0,40239.24,434,4,False,5,7.6e-07,True,False,50192987,29348779,,,,,,,,,,,,,,,2587.72,10190,10.65,False,4,8.6455078125,0,23af1be7f2f2edcba8cb,28d1dee62daf65242603,
asap7,riscv32i,corner_ur,corner_ur,13,950.0,40120.95,436,4,False,5,7.6e-07,True,False,50192987,29348779,,,,,,,,,,,,,,,2583.29,10118,10.88,False,4,8.6455078125,0,8ab74457652f0975d07a,28d1dee62daf65242603,
asap7,riscv32i,corner_ur,corner_ur,14,950.0,40265.77,435,4,False,5,7.6e-07,True,False,50192987,29348779,,,,,,,,,,,,,,,2581.42,10122,10.8,False,4,8.6455078125,0,01b3d0aa297294e7466a,28d1dee62daf65242603,
asap7,riscv32i,corner_ur,corner_ur,15,950.0,40467.81,435,4,False,5,7.6e-07,True,False,50192987,29348779,,,,,,,,,,,,,,,2584.92,10156,11.28,False,4,9.31689453125,0,1bb6146077eaffb80ded,28d1dee62daf65242603,
asap7,riscv32i,corner_ur,corner_ur,16,950.0,39731.21,436,4,False,5,7.6e-07,True,False,50192987,29348779,,,,,,,,,,,,,,,2586,10137,11.06,False,4,9.29150390625,0,a38cb27b4a4cd3c9495e,28d1dee62daf65242603,
asap7,riscv32i,gauss_tight,gauss_tight,1,950.0,39025.89,436,4,False,5,2.35e-06,True,False,48579964,28237343,,,,,,,,,,,,,,,2582.15,10105,11.08,False,4,8.50341796875,0,4497197a4e706ee1a540,364c6072c150447b230d,
asap7,riscv32i,gauss_tight,gauss_tight,2,950.0,40232.81,438,4,False,5,2.41e-06,True,False,48432630,28524025,,,,,,,,,,,,,,,2588.13,10172,10.74,False,4,8.50341796875,0,f49a4f9e3ee98061216c,258cebcfd9d9471417b3,
asap7,riscv32i,gauss_tight,gauss_tight,3,950.0,39741.67,436,4,False,5,3.3e-06,True,False,48654729,28575131,,,,,,,,,,,,,,,2586.12,10155,11.11,False,4,7.91162109375,0,04089ed5facd0a913e11,1c35f45920979a6b2508,
asap7,riscv32i,gauss_tight,gauss_tight,4,950.0,41066.86,435,4,False,5,1.8e-06,True,False,48835322,28538255,,,,,,,,,,,,,,,2591.13,10203,11.18,False,4,7.91162109375,0,5742c5acf6c04ce33d12,48291b8fbd7f1a8df258,
asap7,riscv32i,gauss_tight,gauss_tight,5,950.0,41011.95,437,4,False,5,7e-07,True,False,48539981,27932977,,,,,,,,,,,,,,,2592.36,10233,11.0,False,4,7.91162109375,0,9f8cedc0ff9265e51347,06f939ea6f9eb598b84a,
asap7,riscv32i,gauss_tight,gauss_tight,6,950.0,40410.2,437,4,False,5,1.94e-06,True,False,48462951,28437488,,,,,,,,,,,,,,,2589.85,10193,10.96,False,4,7.75830078125,0,667967e505f28a687caf,49e43e5086c5d3d912ff,
asap7,riscv32i,gauss_tight,gauss_tight,7,950.0,39946.65,435,4,False,5,2.08e-06,True,False,48618576,28307885,,,,,,,,,,,,,,,2589.67,10197,10.93,False,4,7.75830078125,0,98659aa72268e950d892,314590da5eb7739f0689,
asap7,riscv32i,gauss_tight,gauss_tight,8,950.0,40646.91,438,4,False,5,1.81e-06,True,False,48635053,28509963,,,,,,,,,,,,,,,2586.61,10160,10.9,False,4,7.75830078125,0,ec7b480c8ad909daab58,f4d0c0262754112e4867,
asap7,riscv32i,gauss_tight,gauss_tight,9,950.0,39705.29,436,4,False,5,2.57e-06,True,False,48501844,28377884,,,,,,,,,,,,,,,2586.61,10168,10.44,False,4,7.92626953125,0,6bdfa6ae8b3d60f918ce,484c74c880137ad2e899,
asap7,riscv32i,gauss_tight,gauss_tight,10,950.0,39925.6,438,4,False,5,1.73e-06,True,False,49109061,28556947,,,,,,,,,,,,,,,2589.64,10192,10.54,False,4,7.92626953125,0,f73e5ad59b70a9596df1,dfafd522e2b5da8b6c27,
asap7,riscv32i,gauss_tight,gauss_tight,11,950.0,40734.12,437,4,False,5,2.64e-06,True,False,49299866,28813724,,,,,,,,,,,,,,,2590.2,10199,10.85,False,4,8.1728515625,0,9bfbb67b1c56aa4eb5e7,19613f6781b4808a6cd3,
asap7,riscv32i,gauss_tight,gauss_tight,12,950.0,40713.86,436,4,False,5,1.99e-06,True,False,49298753,28748990,,,,,,,,,,,,,,,2587.43,10162,10.58,False,4,8.1728515625,0,05b48aaea7e03eee3eed,5fdf3d4390a9e0406c1a,
asap7,riscv32i,gauss_tight,gauss_tight,13,950.0,41644.45,435,4,False,5,2.37e-06,True,False,48957362,28703412,,,,,,,,,,,,,,,2595.39,10257,10.7,False,4,8.1728515625,0,46213c0cde17c4252418,f619f736398b908772a1,
asap7,riscv32i,gauss_tight,gauss_tight,14,950.0,39853.11,437,4,False,5,1.96e-06,True,False,48467755,28427858,,,,,,,,,,,,,,,2586.61,10156,10.42,False,4,8.1728515625,0,d49d7fee59af42099202,c1516dc484dbd0fd4611,
asap7,riscv32i,gauss_tight,gauss_tight,15,950.0,39871.33,437,4,False,5,1.42e-06,True,False,49188372,28736676,,,,,,,,,,,,,,,2581.71,10116,11.46,False,4,8.70556640625,0,ee4dcbf432aba846693f,f38f4c2a0bd1aba30abd,
asap7,riscv32i,gauss_tight,gauss_tight,16,950.0,39642.4,436,4,False,5,1.23e-06,True,False,48395534,28421834,,,,,,,,,,,,,,,2584.66,10145,11.53,False,4,8.70556640625,0,b32221be1e26b7a74711,0061fd086a112b8ecdf2,
asap7,riscv32i,gauss_tight,gauss_tight,17,950.0,40130.33,437,4,False,5,2.99e-06,True,False,48835896,28174847,,,,,,,,,,,,,,,2590.87,10214,11.55,False,4,8.9697265625,0,92b520328d52ff10d5cb,8f0b62036078bc0680d4,
asap7,riscv32i,gauss_tight,gauss_tight,18,950.0,39664.53,436,4,False,5,2.69e-06,True,False,48834294,28522316,,,,,,,,,,,,,,,2584.31,10135,11.34,False,4,8.9697265625,0,06e4301ef3e264a101da,b940edbf0806f5846393,
asap7,riscv32i,gauss_tight,gauss_tight,19,950.0,40560.55,435,4,False,5,3.62e-06,True,False,48983749,28695137,,,,,,,,,,,,,,,2585.15,10148,11.22,False,4,8.9697265625,0,bd485fdcc25ae6802963,a1ff8fd4e1a81a4877d1,
asap7,riscv32i,gauss_tight,gauss_tight,20,950.0,40057.91,436,4,False,5,2.27e-06,True,False,48600737,28330492,,,,,,,,,,,,,,,2589.73,10189,11.17,False,4,8.9697265625,0,3240a1c73a23122c03d8,699a17529729a0c23626,
asap7,riscv32i,gauss_tight,gauss_tight,21,950.0,40001.33,435,4,False,5,1.94e-06,True,False,48403243,28315667,,,,,,,,,,,,,,,2587.89,10180,11.21,False,4,9.4609375,0,365637650cb1a3b2f683,8be2f52b35985b91d7f7,
asap7,riscv32i,gauss_tight,gauss_tight,22,950.0,40593.56,435,4,False,5,2.29e-06,True,False,49094178,28598394,,,,,,,,,,,,,,,2587.22,10161,11.65,False,4,9.4609375,0,8daea21f3ff40e7c3056,13db95611116dd54a5db,
asap7,riscv32i,gauss_tight,gauss_tight,23,950.0,38894.37,438,4,False,5,1.49e-06,True,False,48563675,28155396,,,,,,,,,,,,,,,2584.98,10148,11.91,False,4,9.4609375,0,87dcc5d307970de541f4,e3b5d64ae87113d164bb,
asap7,riscv32i,gauss_tight,gauss_tight,24,950.0,40733.64,434,4,False,5,2.15e-06,True,False,48740765,28590488,,,,,,,,,,,,,,,2591.45,10218,11.66,False,4,9.4609375,0,ee36a79d5d1547f61832,1c7910c556a0cf97d909,
asap7,riscv32i,gauss_tight,gauss_tight,25,950.0,41143.78,437,4,False,5,1.72e-06,True,False,48556050,28493174,,,,,,,,,,,,,,,2588.71,10190,11.17,False,4,9.4609375,0,2a217ffe3e13036bd30a,bd60889671c0cd5e5adf,
asap7,riscv32i,gauss_tight,gauss_tight,26,950.0,40117.25,436,4,False,5,1.85e-06,True,False,48717197,28395754,,,,,,,,,,,,,,,2588.68,10171,11.4,False,4,9.423828125,0,16835c90dd52dc5c5222,d46d22b2ffe4fc11b445,
asap7,riscv32i,gauss_tight,gauss_tight,27,950.0,39682.52,437,4,False,5,5.8e-07,True,False,48499740,28330042,,,,,,,,,,,,,,,2588.24,10182,10.53,False,4,8.98291015625,0,63bdb69e4077f13a2cfb,84c19ba48612d87dda69,
asap7,riscv32i,gauss_tight,gauss_tight,28,950.0,39575.52,435,4,False,5,2.12e-06,True,False,48418763,28546523,,,,,,,,,,,,,,,2588.16,10157,10.51,False,4,8.98291015625,0,7e13605f3b3386210461,555afc70feff4316c66f,
asap7,riscv32i,gauss_tight,gauss_tight,29,950.0,39609.56,437,4,False,5,2.56e-06,True,False,48812053,28509112,,,,,,,,,,,,,,,2587.25,10160,11.1,False,4,8.98291015625,0,7ad9e5d7b5ec31147a7a,10cf33147ecae9d91d3c,
asap7,riscv32i,gauss_tight,gauss_tight,30,950.0,39383.76,437,4,False,5,1.21e-06,True,False,48494324,28113642,,,,,,,,,,,,,,,2587.31,10158,10.63,False,4,8.98291015625,0,cb8d6e15fb4b0e13f004,dfbb352840d3ce81b4fe,
asap7,riscv32i,gauss_tight,gauss_tight,31,950.0,39353.44,439,4,False,5,1.69e-06,True,False,48525000,27983043,,,,,,,,,,,,,,,2585.07,10157,10.49,False,4,8.98291015625,0,4083dcaa0b01d177bc55,17057573e968853d9842,
asap7,riscv32i,gauss_tight,gauss_tight,32,950.0,39770.23,434,4,False,5,3.61e-06,True,False,49046832,28798422,,,,,,,,,,,,,,,2581.48,10112,10.38,False,4,8.984375,0,b3d72f0fa80892514a7e,ba611fce2d8c5579579f,
asap7,riscv32i,gauss_wide,gauss_wide,1,950.0,39563.78,439,4,False,5,2.85e-06,True,False,48669221,27932054,,,,,,,,,,,,,,,2587.92,10169,11.29,False,4,8.65185546875,0,70bf267b0efba7dd7c4c,3741f08d60a889dcadb5,
asap7,riscv32i,gauss_wide,gauss_wide,2,950.0,40371.06,437,4,False,5,1.32e-06,True,False,51055970,28692286,,,,,,,,,,,,,,,2587.52,10169,10.94,False,4,8.65185546875,0,1e841b7464ddff29d2f8,8aa16347ea9ec151312f,
asap7,riscv32i,gauss_wide,gauss_wide,3,950.0,40310.55,438,4,False,5,2.26e-06,True,False,48837478,28637513,,,,,,,,,,,,,,,2584.1,10140,10.99,False,4,8.65185546875,0,7bf7b363826624c8df5e,ecdfda25787ae5362834,
asap7,riscv32i,gauss_wide,gauss_wide,4,950.0,39972.28,437,4,False,5,2.45e-06,True,False,49135625,28731310,,,,,,,,,,,,,,,2592.79,10228,11.21,False,4,8.92041015625,0,962d53f0a24cfb33bfc3,00acb29f1cc008f01829,
asap7,riscv32i,gauss_wide,gauss_wide,5,950.0,41560.31,439,4,False,5,1.05e-06,True,False,48927281,27514320,,,,,,,,,,,,,,,2595.27,10249,11.16,False,4,8.92041015625,0,8bbf924eb9854170d510,10bdf62f44d638c0b2a1,
asap7,riscv32i,gauss_wide,gauss_wide,6,950.0,39594.25,438,4,False,5,7.8e-07,True,False,48560461,28022563,,,,,,,,,,,,,,,2585.68,10156,11.03,False,4,8.92041015625,0,8acd31a658fda7855be4,4f0649c1395eb2700e26,
asap7,riscv32i,gauss_wide,gauss_wide,7,950.0,39993.13,439,4,False,5,1.7e-06,True,False,48684093,28419245,,,,,,,,,,,,,,,2585.5,10168,10.85,False,4,8.84423828125,0,1f0c4c128b4d33ce3f9e,5b081babe4768dd3fd6e,
asap7,riscv32i,gauss_wide,gauss_wide,8,950.0,40398.5,440,4,False,5,1.33e-06,True,False,48558152,28074538,,,,,,,,,,,,,,,2589.67,10201,10.65,False,4,8.84423828125,0,174ecc413f4d0aeb5e53,f65acd8ff89f3a388d16,
asap7,riscv32i,gauss_wide,gauss_wide,9,950.0,40625.86,438,4,False,5,5.7e-07,True,False,48639662,27911475,,,,,,,,,,,,,,,2588.39,10179,10.43,False,4,8.6162109375,0,f4f9d4dda5d8546f94bf,beb8a0a3c9c63e6d9ae5,
asap7,riscv32i,gauss_wide,gauss_wide,10,950.0,40298.15,438,4,False,5,2.61e-06,True,False,49282171,28664221,,,,,,,,,,,,,,,2585.24,10157,11.06,False,4,8.6162109375,0,f66ea7cda4386fabc96a,e72f202f1c8227f9c30c,
asap7,riscv32i,gauss_wide,gauss_wide,11,950.0,40322.94,436,4,False,5,1.98e-06,True,False,49526694,28849544,,,,,,,,,,,,,,,2586,10151,10.89,False,4,8.6162109375,0,b818f7fbe1ead9b3d8bf,03ef567370bb942866e9,
asap7,riscv32i,gauss_wide,gauss_wide,12,950.0,40311.27,436,4,False,5,9.9e-07,True,False,50349698,28833119,,,,,,,,,,,,,,,2584.54,10131,10.85,False,4,8.6162109375,0,5fdcb5d02c45d3247d71,5921000746b334c3ee15,
asap7,riscv32i,gauss_wide,gauss_wide,13,950.0,40453.16,438,4,False,5,1.27e-06,True,False,48686351,28487896,,,,,,,,,,,,,,,2583.96,10141,10.32,False,4,8.6201171875,0,eed5a4f606720cfdaa21,7ee7588dc934f64ccc35,
asap7,riscv32i,gauss_wide,gauss_wide,14,950.0,40551.45,440,4,False,5,1.23e-06,True,False,48649406,27727319,,,,,,,,,,,,,,,2588.13,10180,10.43,False,4,8.6201171875,0,c4b8cdb4518ecd3444bd,a092d8e7000d585274d1,
asap7,riscv32i,gauss_wide,gauss_wide,15,950.0,40525.74,436,4,False,5,1.53e-06,True,False,49539151,28834124,,,,,,,,,,,,,,,2588.22,10181,10.72,False,4,8.89111328125,0,33f53f10cedc37768b34,131e77982873c9ca20ea,
asap7,riscv32i,gauss_wide,gauss_wide,16,950.0,39996.37,434,4,False,5,1.11e-06,True,False,49445907,28675741,,,,,,,,,,,,,,,2584.92,10158,10.49,False,4,8.89111328125,0,0a5c6b0c6c3d13b7c657,871074952d9a309bb2f3,
asap7,riscv32i,gauss_wide,gauss_wide,17,950.0,40631.96,441,4,False,5,9.8e-07,True,False,48800925,27807231,,,,,,,,,,,,,,,2598.95,10289,11.08,False,4,8.89111328125,0,f0a45a589079b8d0c7ed,a03ac2fc5910b41ae221,
asap7,riscv32i,gauss_wide,gauss_wide,18,950.0,40791.12,439,4,False,5,1.19e-06,True,False,49637969,28853160,,,,,,,,,,,,,,,2584.77,10135,10.5,False,4,8.89111328125,0,378e99ad32a3760ac3ac,077cb93b2ff712a48d2f,
asap7,riscv32i,gauss_wide,gauss_wide,19,950.0,39069.84,435,4,False,5,2.88e-06,True,False,48916466,28677936,,,,,,,,,,,,,,,2581.95,10110,10.44,False,4,8.9443359375,0,3c79b9eeec0c39eae68c,de52fdc2ddec6e767cda,
asap7,riscv32i,gauss_wide,gauss_wide,20,950.0,39450.32,436,4,False,5,8.1e-07,True,False,48511556,27852297,,,,,,,,,,,,,,,2588.04,10181,11.12,False,4,8.9443359375,0,3b456517ae9bf11dfd05,59d4d1624d09a7566735,
asap7,riscv32i,gauss_wide,gauss_wide,21,950.0,40003.77,438,4,False,5,1.24e-06,True,False,48503101,27791185,,,,,,,,,,,,,,,2593.49,10234,10.82,False,4,9.109375,0,666f25cda8734a82869e,a43ddc4e40a3fe799474,
asap7,riscv32i,gauss_wide,gauss_wide,22,950.0,40114.9,437,4,False,5,3.06e-06,True,False,49748580,28819072,,,,,,,,,,,,,,,2583.43,10137,10.63,False,4,9.109375,0,4f5d72b2655ff54bb7f2,3c9ad73426cf886248f9,
asap7,riscv32i,gauss_wide,gauss_wide,23,950.0,41151.71,439,4,False,5,1.61e-06,True,False,49144858,27544284,,,,,,,,,,,,,,,2600.05,10309,10.71,False,4,9.109375,0,e573bd2b6b4420e3ddc5,cf2c403ac2cbdc9c586a,
asap7,riscv32i,gauss_wide,gauss_wide,24,950.0,40862.67,436,4,False,5,2.88e-06,True,False,48915753,28755308,,,,,,,,,,,,,,,2584.95,10145,10.64,False,4,9.109375,0,1ad8fbb65ae884a2aa60,5ff83eb4f4946ad0e19a,
asap7,riscv32i,gauss_wide,gauss_wide,25,950.0,41324.38,439,4,False,5,8.5e-07,True,False,48808853,27819372,,,,,,,,,,,,,,,2591.66,10223,10.82,False,4,9.013671875,0,376fe1e64b36fb49b32e,f0869e97d1a34b3f2b41,
asap7,riscv32i,gauss_wide,gauss_wide,26,950.0,41072.21,438,4,False,5,9.2e-07,True,False,48942410,27867505,,,,,,,,,,,,,,,2587.22,10161,11.17,False,4,9.2529296875,0,4bc24d2a2c98194580ae,ccce9e67535b8ee2a5c5,
asap7,riscv32i,gauss_wide,gauss_wide,27,950.0,40276.58,437,4,False,5,1.13e-06,True,False,48935777,28566176,,,,,,,,,,,,,,,2586.5,10178,11.41,False,4,9.2529296875,0,0d247c38d8d7eee42265,07594353a1bf8d632cf6,
asap7,riscv32i,gauss_wide,gauss_wide,28,950.0,39668.33,437,4,False,5,8.7e-07,True,False,49064206,28642164,,,,,,,,,,,,,,,2589.15,10169,11.1,False,4,9.2529296875,0,fb8209e537f3e02d1d77,1716747dc6a9777b2d62,
asap7,riscv32i,gauss_wide,gauss_wide,29,950.0,39335.9,437,4,False,5,2e-06,True,False,49970275,28742773,,,,,,,,,,,,,,,2584.92,10140,11.35,False,4,9.2529296875,0,565d93d628f98b6bf6ac,05b10872c4a60d3a27f2,
asap7,riscv32i,gauss_wide,gauss_wide,30,950.0,40735.97,438,4,False,5,6.8e-07,True,False,48540101,27687444,,,,,,,,,,,,,,,2589.35,10192,11.19,False,4,9.2529296875,0,fb958337bcbe716e35cf,59681536bd14543893a8,
asap7,riscv32i,gauss_wide,gauss_wide,31,950.0,40920.37,437,4,False,5,7.9e-07,True,False,48561720,28115316,,,,,,,,,,,,,,,2592.06,10223,10.61,False,4,9.3935546875,0,a631894d24c7bfa75847,05762316f97624c8cd13,
asap7,riscv32i,gauss_wide,gauss_wide,32,950.0,40543.32,436,4,False,5,2.26e-06,True,False,49130232,28700974,,,,,,,,,,,,,,,2589.79,10189,11.16,False,4,9.12158203125,0,46692320e8691ce58dd7,37324426ef1afea07ce9,
asap7,riscv32i,odb,odb,1,950.0,39767.65,438,4,False,5,1.51e-06,True,False,50270821,28809575,,,,,974.1878,-24.1878,-10981.2,35.395,69296,13.68,0,23.07,False,0,2585.07,10135,15.15,False,4,8.53271484375,0,b6531b3687a06560382d,8cd6493ceb12902e1732,fb3d5cded4fa00598300
asap7,riscv32i,odb,odb,2,950.0,40160.7,437,4,False,5,1.4e-06,True,False,50368880,28759787,,,,,962.3227,-12.3227,-2485.51,35.3109,69847,13.82,0,21.66,False,0,2586.41,10145,12.84,False,4,8.53271484375,0,097962ea1da7dc733908,734704338de9876b549c,6dc6ea625bff2b47c404
asap7,riscv32i,odb,odb,3,950.0,40341.67,438,4,False,5,4.2e-07,True,False,50342105,28755088,,,,,968.9110000000001,-18.911,-5354.17,35.2063,70359,13.98,0,22.31,False,0,2583.17,10122,12.57,False,4,8.53271484375,0,2aeff02fec26d05b40da,34d1dec797d65bc583b4,df0076159882b2921d61
asap7,riscv32i,odb,odb,4,950.0,40601.47,436,4,False,5,8.1e-07,True,False,50169932,28779571,,,,,962.9364,-12.9364,-2334.91,35.3583,70698,14.03,0,23.5,False,0,2591.69,10206,12.08,False,4,8.53271484375,0,104a4210aa32cb18725a,ddef75cbdf4a7e20dde6,a087a400a29cd9ae3549
asap7,riscv32i,odb,odb,5,950.0,40348.54,436,4,False,5,1.85e-06,True,False,50391869,28777189,,,,,976.9654,-26.9654,-12738.4,35.3454,70171,13.91,0,23.71,False,0,2585.42,10153,13.43,False,4,8.30859375,0,2e4885131f30c38b2310,ceaa79614d8c515b7033,fb3999d4e0aa24e07044
asap7,riscv32i,odb,odb,6,950.0,40409.71,438,4,False,5,2.9e-07,True,False,50264751,28859384,,,,,969.993,-19.993,-7322.61,35.1187,69660,13.7,0,22.1,False,0,2591.36,10221,16.28,False,4,8.30859375,0,2c48256caf2379e7c08c,380bbce6fdc36419e0e4,1891490f6215f694c7d4
asap7,riscv32i,odb,odb,7,950.0,40635.71,437,4,False,5,1.68e-06,True,False,50366450,28791416,,,,,969.7653,-19.7653,-6748.06,35.4244,70076,13.85,0,22.69,False,0,2587.54,10168,15.45,False,4,8.30859375,0,c97756fc45f66976e611,9452ff76e2a2179ea701,b315fcde7a3007ec405f
asap7,riscv32i,odb,odb,8,950.0,40383.87,438,4,False,5,6.9e-07,True,False,50353780,28724595,,,,,967.3733,-17.3733,-5409.08,35.4385,69861,13.77,0,21.06,False,0,2589.32,10187,14.61,False,4,8.28369140625,0,810eabe75a9733d99a74,086c3fee80f7cf66ec17,16e18f8e69be113d2746
asap7,riscv32i,odb,odb,9,950.0,40417.51,436,4,False,5,7e-07,True,False,50415364,28736253,,,,,,,,,,,,,,,2585.47,10147,11.32,False,4,8.28369140625,0,3e4fc2c3ed1a216bc397,91b4bc305b33aa37d98c,
asap7,riscv32i,odb,odb,10,950.0,40000.03,437,4,False,5,9e-07,True,False,50197274,28742757,,,,,,,,,,,,,,,2591.22,10208,10.97,False,4,8.28369140625,0,8f35f372e09fc6c08e01,81b4e5e78b8681935f7c,
asap7,riscv32i,odb,odb,11,950.0,40853.28,436,4,False,5,1.28e-06,True,False,50227366,28768784,,,,,,,,,,,,,,,2590.61,10199,11.22,False,4,8.96484375,0,b01f6c7923e3b9cfae6f,04b72628d990f3da85cf,
asap7,riscv32i,odb,odb,12,950.0,40356.66,436,4,False,5,3.9e-07,True,False,50367702,28772229,,,,,,,,,,,,,,,2587.89,10182,11.29,False,4,8.9677734375,0,869c1054df2e17ab7d7c,2b4e1689df011d43b0f0,
asap7,riscv32i,odb,odb,13,950.0,39980.38,438,4,False,5,1.52e-06,True,False,50317627,28843973,,,,,,,,,,,,,,,2585.07,10153,11.25,False,4,8.9677734375,0,2c5cfcbcb3577b9044ec,2fa7a225c5f3572f4175,
asap7,riscv32i,odb,odb,14,950.0,39916.02,437,4,False,5,1.3e-07,True,False,50328118,28712839,,,,,,,,,,,,,,,2584.86,10146,11.49,False,4,8.9677734375,0,669f6c8e775d9b93dd3c,a75a2747e5ce99a2ca13,
asap7,riscv32i,odb,odb,15,950.0,40411.33,435,4,False,5,1.32e-06,True,False,50161925,28789475,,,,,,,,,,,,,,,2583.75,10136,11.12,False,4,8.9677734375,0,b9b4e326f81af334497f,74778240dc27e0444ede,
asap7,riscv32i,odb,odb,16,950.0,40349.2,437,4,False,5,1.93e-06,True,False,50281383,28777996,,,,,,,,,,,,,,,2588.36,10176,11.09,False,4,8.9677734375,0,78b6749494d2d3ee091f,ef242479c77bc36e8398,
asap7,riscv32i,shipped,shipped,1,950.0,40690.65,434,4,False,5,3.64e-06,True,False,50270821,28782926,8783,0,0,8913,968.9185,-18.9185,-3907.57,35.397,70190,13.92,0,21.08,False,0,2589.53,10196,10.99,False,4,8.22998046875,0,979f16dd4ade670a0b66,8cd6493ceb12902e1732,1c5d6e21c3c383f54542
asap7,riscv32i,shipped,shipped,2,950.0,40274.47,436,4,False,5,2.58e-06,True,False,50368880,28757981,8783,0,0,8913,960.7787,-10.7787,-2845.93,35.031,70006,13.74,0,21.44,False,0,2585.85,10152,11.49,False,4,8.22998046875,0,13924c7f630166a3c6e9,734704338de9876b549c,4aba7a99fd942744591a
asap7,riscv32i,shipped,shipped,3,950.0,40067.07,434,4,False,5,2.03e-06,True,False,50342105,28775534,8783,0,0,8913,978.7292,-28.7292,-14609.1,35.4832,69908,13.72,0,24.35,False,0,2586.06,10155,10.82,False,4,8.22998046875,0,c86aff320400ab625020,34d1dec797d65bc583b4,aa4dfa9127b54aa9a7a5
asap7,riscv32i,shipped,shipped,4,950.0,40197.62,435,4,False,5,3.81e-06,True,False,50169932,28784098,8783,0,0,8913,966.1217,-16.1217,-3847.43,35.3866,69267,13.75,0,22.92,False,0,2588.83,10178,11.36,False,4,8.22998046875,0,0b29f44fdfd3a0824400,ddef75cbdf4a7e20dde6,d3838a6471cadf987eee
asap7,riscv32i,shipped,shipped,5,950.0,40887.0,436,4,False,5,2.58e-06,True,False,50391869,28780898,8783,0,0,8913,965.8671,-15.8671,-3384.77,35.2871,70278,13.97,0,21.74,False,0,2585.62,10136,11.56,False,4,8.22998046875,0,801e06641357cba36282,ceaa79614d8c515b7033,7918b207864d35ac9024
asap7,riscv32i,shipped,shipped,6,950.0,41171.93,436,4,False,5,1.76e-06,True,False,50264751,28786998,8783,0,0,8913,963.923,-13.923,-2390.65,34.7714,70487,14.0,0,22.03,False,0,2584.48,10135,11.17,False,4,8.22998046875,0,8009c80e0863d6edbf34,380bbce6fdc36419e0e4,ec86fb81acf31ec93032
asap7,riscv32i,shipped,shipped,7,950.0,40569.83,435,4,False,5,4e-07,True,False,50366450,28763249,8783,0,0,8913,977.5953,-27.5953,-14376.6,35.3498,70180,13.84,0,22.52,False,0,2590.14,10187,15.2,False,4,8.53271484375,0,4fd2cc8b127862379b72,9452ff76e2a2179ea701,b33b7e79854f21ae61cd
asap7,riscv32i,shipped,shipped,8,950.0,40743.21,435,4,False,5,4.37e-06,True,False,50353780,28756744,8783,0,0,8913,964.7583,-14.7583,-3498.17,35.6679,70371,13.99,0,22.45,False,0,2586.06,10167,15.35,False,4,8.53271484375,0,af220bb7717e2f739ab9,086c3fee80f7cf66ec17,9b17ab9b4f59190c01ab
asap7,riscv32i,shipped,shipped,9,950.0,40261.47,436,4,False,5,2.99e-06,True,False,50415364,28771585,8783,0,0,8913,,,,,,,,,,,2590.61,10199,10.88,False,4,8.53271484375,0,45111ea61be9ea9f12e5,91b4bc305b33aa37d98c,
asap7,riscv32i,shipped,shipped,10,950.0,40321.81,436,4,False,5,1.63e-06,True,False,50197274,28748524,8783,0,0,8913,,,,,,,,,,,2589.79,10203,11.28,False,4,8.53271484375,0,88f3d56789de5f9ccbeb,81b4e5e78b8681935f7c,
asap7,riscv32i,shipped,shipped,11,950.0,39835.53,436,4,False,5,2.51e-06,True,False,50227366,28783335,8783,0,0,8913,,,,,,,,,,,2587.98,10173,11.14,False,4,8.53271484375,0,375f220c50fca50ebcff,04b72628d990f3da85cf,
asap7,riscv32i,shipped,shipped,12,950.0,40363.06,436,4,False,5,2.57e-06,True,False,50367702,28769925,8783,0,0,8913,,,,,,,,,,,2593.38,10236,11.2,False,4,8.53271484375,0,a5828a570c4d23ebc50b,2b4e1689df011d43b0f0,
asap7,riscv32i,shipped,shipped,13,950.0,40832.14,434,4,False,5,2.6e-06,True,False,50317627,28773532,8783,0,0,8913,,,,,,,,,,,2586.44,10150,10.86,False,4,9.06103515625,0,96baf1f59a190d027b21,2fa7a225c5f3572f4175,
asap7,riscv32i,shipped,shipped,14,950.0,40471.33,435,4,False,5,3.85e-06,True,False,50328118,28765751,8783,0,0,8913,,,,,,,,,,,2583.55,10131,11.32,False,4,9.06103515625,0,e5d1ede9f284c9c73c86,a75a2747e5ce99a2ca13,
asap7,riscv32i,shipped,shipped,15,950.0,40644.52,436,4,False,5,1.68e-06,True,False,50161925,28821755,8783,0,0,8913,,,,,,,,,,,2584.89,10135,11.28,False,4,9.06103515625,0,964d37aff373c38b85b1,74778240dc27e0444ede,
asap7,riscv32i,shipped,shipped,16,950.0,40588.41,435,4,False,5,3.84e-06,True,False,50281383,28774735,8783,0,0,8913,,,,,,,,,,,2586.5,10168,11.3,False,4,9.06103515625,0,1bbc1f8a18145ad19967,ef242479c77bc36e8398,
asap7,riscv32i,spread,spread,1,950.0,40703.89,440,4,False,5,8.1e-07,True,False,48283156,27683443,,,,,950.42899,-0.42899,-0.632272,35.4172,70272,14.01,0,20.6,False,0,2590.36,10186,13.71,False,4,9.12158203125,0,f1e5be59c941bae78be7,5d0fad7aaca85e89b14b,6ab461c75207f23a8340
asap7,riscv32i,spread,spread,2,950.0,40046.05,440,4,False,5,8.1e-07,True,False,48294968,27709634,,,,,951.33316,-1.33316,-16.7009,35.2453,70031,13.94,0,20.45,False,0,2581.12,10117,14.1,False,4,9.12158203125,0,e99eb3f86d6de1a8cb6a,8996b97266ca1b07a1b8,0ac61d5fdfd6beb121b3
asap7,riscv32i,spread,spread,3,950.0,41071.47,440,4,False,5,8.1e-07,True,False,48348827,27675311,,,,,958.76621,-8.76621,-355.707,35.5773,70265,13.98,0,21.34,False,0,2594.12,10243,13.84,False,4,9.12158203125,0,2664030b3d9d543acd59,d91734523cbbb3db0b26,fb51291de7f286e717ea
asap7,riscv32i,spread,spread,4,950.0,40827.17,440,4,False,5,8.1e-07,True,False,48373343,27713890,,,,,953.99691,-3.99691,-115.787,35.2152,70347,14.05,0,21.51,False,0,2588.16,10183,12.78,False,4,8.87158203125,0,d51240475ee1580fcadf,c8f444f240288d081ea0,02b913a1c0747145847c
asap7,riscv32i,spread,spread,5,950.0,40984.04,438,4,False,5,8.1e-07,True,False,48227704,27728364,,,,,954.3604,-4.3604,-219.917,35.4751,70493,14.05,0,21.82,False,0,2587.79,10176,13.86,False,4,9.08447265625,0,718c67af9c7f78e01569,85bae523b47f7d433242,16bea40afa4429fe4868
asap7,riscv32i,spread,spread,6,950.0,40588.66,440,4,False,5,1.02e-06,True,False,48378002,27721203,,,,,967.9821,-17.9821,-5806.58,35.3267,70754,14.05,0,20.9,False,0,2587.69,10171,12.49,False,4,8.91748046875,0,de96d6024008a2990cf3,cb067f498c673246691d,e1a85819388afcbae7cb
asap7,riscv32i,spread,spread,7,950.0,40795.13,440,4,False,5,8.1e-07,True,False,48279049,27689850,,,,,955.10536,-5.10536,-203.659,35.153,69937,13.89,0,20.35,False,0,2589,10194,12.43,False,4,8.91748046875,0,9b6dae4ae3cb1145f248,6735b98b35d3dd610aac,66e6c16f113cf2388257
asap7,riscv32i,spread,spread,8,950.0,41040.57,438,4,False,5,1.43e-06,True,False,48264237,27722734,,,,,958.55527,-8.55527,-878.86,34.9686,70556,14.03,0,22.0,False,0,2589.21,10189,12.8,False,4,8.91748046875,0,7c9ce4f4f5d67d8f2a7d,fe8271626ca6539af509,2617611618ca2d17c3bb
asap7,riscv32i,spread,spread,9,950.0,40044.22,441,4,False,5,8.1e-07,True,False,48365813,27668752,,,,,,,,,,,,,,,2592.27,10218,11.25,False,4,9.16455078125,0,75659fecd82c7edb5956,a2bf51761bc9cb3d1ffe,
asap7,riscv32i,spread,spread,10,950.0,40968.97,440,4,False,5,8.1e-07,True,False,48321809,27724364,,,,,,,,,,,,,,,2584.26,10137,11.08,False,4,9.16455078125,0,630d16b97af9944c0021,c16daae29ce8203711e0,
asap7,riscv32i,spread,spread,11,950.0,40491.73,441,4,False,5,8.1e-07,True,False,48300595,27734041,,,,,,,,,,,,,,,2592.12,10221,10.72,False,4,9.45361328125,0,ebfab7aa8a23e259de02,1dc26c6070f096ac3289,
asap7,riscv32i,spread,spread,12,950.0,40446.95,440,4,False,5,8.9e-07,True,False,48329710,27737604,,,,,,,,,,,,,,,2587.25,10178,10.67,False,4,9.45361328125,0,0885727517554b0fdd24,72468f2a0bc85ff54f24,
asap7,riscv32i,spread,spread,13,950.0,40730.94,440,4,False,5,8.1e-07,True,False,48363888,27682926,,,,,,,,,,,,,,,2584.75,10144,10.53,False,4,9.45361328125,0,cbeec395563c8646146f,d9e823f62f06f0d39ff3,
asap7,riscv32i,spread,spread,14,950.0,40925.0,439,4,False,5,8.1e-07,True,False,48303814,27693014,,,,,,,,,,,,,,,2590.9,10211,10.78,False,4,9.45361328125,0,83ab971c0e3cb952a68c,81cb18a8231fac86920a,
asap7,riscv32i,spread,spread,15,950.0,40611.4,440,4,False,5,8.1e-07,True,False,48330241,27668374,,,,,,,,,,,,,,,2591.88,10224,10.72,False,4,9.1767578125,0,3c5c369c658c8ccb3451,39e767058c3685bd3ebb,
asap7,riscv32i,spread,spread,16,950.0,40634.3,441,4,False,5,8.1e-07,True,False,48352804,27688442,,,,,,,,,,,,,,,2591.39,10212,10.93,False,4,9.1767578125,0,a2dc77b0ea47ba800206,fc3445b89706674e8df4,
asap7,riscv32i,uniform,uniform,1,950.0,40197.88,436,4,False,5,2.8e-06,True,False,48836679,28602051,,,,,,,,,,,,,,,2585.3,10147,11.1,False,4,9.29150390625,0,95cf5c8f82105ff4f5da,76135fa4e7700f1f1aa5,
asap7,riscv32i,uniform,uniform,2,950.0,41157.52,439,4,False,5,9.8e-07,True,False,48662833,27718687,,,,,,,,,,,,,,,2594.02,10246,11.31,False,4,9.29150390625,0,c7049c989f02b5937aba,dc4b92a8566f2b9837df,
asap7,riscv32i,uniform,uniform,3,950.0,40195.11,440,4,False,5,1.03e-06,True,False,48547940,27891170,,,,,,,,,,,,,,,2586.55,10150,10.73,False,4,9.29150390625,0,f2921d3baac3f8a3adc1,b8f1210b69c1dc4c1ffc,
asap7,riscv32i,uniform,uniform,4,950.0,40307.07,438,4,False,5,8.9e-07,True,False,48583336,27833331,,,,,,,,,,,,,,,2585.59,10157,10.94,False,4,9.29150390625,0,6ee0e8322e1c26dc766e,688cae6faa2db9463ab0,
asap7,riscv32i,uniform,uniform,5,950.0,40306.27,437,4,False,5,1.38e-06,True,False,49807478,28766720,,,,,,,,,,,,,,,2591.34,10204,10.63,False,4,8.984375,0,611994aeba3a08447fbc,18c7fd39450b642cb549,
asap7,riscv32i,uniform,uniform,6,950.0,40161.11,438,4,False,5,1.27e-06,True,False,48464917,28140097,,,,,,,,,,,,,,,2592.94,10239,11.01,False,4,8.8251953125,0,fd4b7c99d9648ec3cc51,3594a33439cc5c0c00b2,
asap7,riscv32i,uniform,uniform,7,950.0,41317.99,441,4,False,5,1.18e-06,True,False,49181985,27715184,,,,,,,,,,,,,,,2609.82,10384,10.94,False,4,8.8251953125,0,a53ab658577820808d6d,4ce49124d904d9765ac9,
asap7,riscv32i,uniform,uniform,8,950.0,39816.15,438,4,False,5,1.28e-06,True,False,48530672,28357624,,,,,,,,,,,,,,,2583.17,10136,10.98,False,4,8.8251953125,0,bd51c0e9a64c481574f8,d7b9f0908d36a13144fe,
asap7,riscv32i,uniform,uniform,9,950.0,39743.49,436,4,False,5,1.84e-06,True,False,49752902,28750633,,,,,,,,,,,,,,,2585.45,10156,10.93,False,4,8.8251953125,0,f1f93f22c57de1f555e1,7ef024486d5b451a262e,
asap7,riscv32i,uniform,uniform,10,950.0,39746.05,438,4,False,5,3.16e-06,True,False,49296878,28513826,,,,,,,,,,,,,,,2585.1,10148,10.83,False,4,8.99951171875,0,10302d12d1545f036126,ac0ffb610cfdccf2d566,
asap7,riscv32i,uniform,uniform,11,950.0,39399.4,436,4,False,5,2.45e-06,True,False,49243896,28735964,,,,,,,,,,,,,,,2585.3,10157,10.92,False,4,8.58984375,0,272997754561e2b9bdbe,2b87ff00d6f7d8b175a2,
asap7,riscv32i,uniform,uniform,12,950.0,40474.97,439,4,False,5,9.5e-07,True,False,48448714,27874164,,,,,,,,,,,,,,,2586.99,10173,10.85,False,4,8.58984375,0,33a7b2c727a940bed09c,701d31d8b24e95d083a2,
asap7,riscv32i,uniform,uniform,13,950.0,40188.13,436,4,False,5,2.04e-06,True,False,50012928,28708166,,,,,,,,,,,,,,,2589.18,10182,10.75,False,4,8.58984375,0,016d3b146678d4be503c,1485908ebf42d135f1d7,
asap7,riscv32i,uniform,uniform,14,950.0,40075.47,438,4,False,5,2e-06,True,False,48938898,27810559,,,,,,,,,,,,,,,2587.43,10180,10.63,False,4,8.58984375,0,071ab07529c5ca478e9a,89e89507d3685f92df07,
asap7,riscv32i,uniform,uniform,15,950.0,40078.79,438,4,False,5,1.34e-06,True,False,48684385,28201414,,,,,,,,,,,,,,,2586.93,10167,10.68,False,4,8.86328125,0,cc9bc591e5feeef2f577,c5502dfd3a545afece59,
asap7,riscv32i,uniform,uniform,16,950.0,41190.83,438,4,False,5,3.01e-06,True,False,50296192,28740709,,,,,,,,,,,,,,,2592.15,10218,10.7,False,4,8.86328125,0,2c2f514b77815004455d,2149d7aa4c86aee9e35f,
asap7,riscv32i,uniform,uniform,17,950.0,40145.73,437,4,False,5,2.39e-06,True,False,49319386,28853196,,,,,,,,,,,,,,,2584.07,10145,11.08,False,4,8.72998046875,0,180575b8df751d43b586,f1fb2d043f237eb751ac,
asap7,riscv32i,uniform,uniform,18,950.0,39929.88,439,4,False,5,4.3e-07,True,False,48614052,27827021,,,,,,,,,,,,,,,2593,10237,10.76,False,4,8.72998046875,0,513229b36b51559be67d,dc08f360d5bfe784d1c7,
asap7,riscv32i,uniform,uniform,19,950.0,39254.89,436,4,False,5,1.24e-06,True,False,48941370,28315006,,,,,,,,,,,,,,,2582.47,10132,10.71,False,4,8.72998046875,0,f49c9c1305b753290e79,27a319b2f8da0aea09ed,
asap7,riscv32i,uniform,uniform,20,950.0,40881.49,437,4,False,5,1.91e-06,True,False,49347387,28488148,,,,,,,,,,,,,,,2584.75,10144,10.88,False,4,8.72998046875,0,da88eb5ebee161038da1,85825d7758d545bd61a8,
asap7,riscv32i,uniform,uniform,21,950.0,40266.12,440,4,False,5,1.53e-06,True,False,48691357,28178379,,,,,,,,,,,,,,,2595.74,10254,10.54,False,4,8.751953125,0,895e766bec6af3920caa,f9c580e51fde43a2f36d,
asap7,riscv32i,uniform,uniform,22,950.0,39927.18,440,4,False,5,6.2e-07,True,False,48682363,28017671,,,,,,,,,,,,,,,2588.86,10189,11.05,False,4,8.751953125,0,4f7318ff329f2b69790e,37875662b5f800bba30a,
asap7,riscv32i,uniform,uniform,23,950.0,39574.33,437,4,False,5,1.57e-06,True,False,49341249,28495194,,,,,,,,,,,,,,,2586.44,10162,10.8,False,4,8.5654296875,0,9ff9fb9ac6a8a69aa62f,2f9e9bf060ecbd47894e,
asap7,riscv32i,uniform,uniform,24,950.0,40683.45,437,4,False,5,1.4e-06,True,False,49161327,28670992,,,,,,,,,,,,,,,2584.75,10148,11.19,False,4,8.5654296875,0,5ad4153d88f710065172,f4e9eda52ad768a31242,
asap7,riscv32i,uniform,uniform,25,950.0,39948.77,438,4,False,5,1.89e-06,True,False,48515830,28422831,,,,,,,,,,,,,,,2586.76,10159,10.81,False,4,8.5654296875,0,f2f40bb57722bfb86495,75007380dfdccc3ca02c,
asap7,riscv32i,uniform,uniform,26,950.0,39884.36,436,4,False,5,2.93e-06,True,False,50556280,28863272,,,,,,,,,,,,,,,2584.28,10138,10.77,False,4,8.6005859375,0,dd8c0dea7d4e35b1a76d,acd85b854dda6a3c0807,
asap7,riscv32i,uniform,uniform,27,950.0,40720.39,437,4,False,5,2e-06,True,False,50067274,28741213,,,,,,,,,,,,,,,2584.95,10147,10.73,False,4,8.6005859375,0,0a95e0023279e021a10a,d7db9e00ac6c6d51e386,
asap7,riscv32i,uniform,uniform,28,950.0,39358.77,439,4,False,5,1.57e-06,True,False,48586165,28223211,,,,,,,,,,,,,,,2585.56,10152,10.69,False,4,8.6005859375,0,23aed1a210d927b39aed,ca3de7ad14f1451dd53b,
asap7,riscv32i,uniform,uniform,29,950.0,40218.04,437,4,False,5,1.9e-06,True,False,49320840,28596855,,,,,,,,,,,,,,,2586.44,10140,10.59,False,4,8.7216796875,0,0ab19b5ad87fd4a5d8f2,78494167260a42f462b1,
asap7,riscv32i,uniform,uniform,30,950.0,40393.42,438,4,False,5,1.22e-06,True,False,49278777,28735384,,,,,,,,,,,,,,,2584.92,10144,10.77,False,4,8.7216796875,0,fad455b4a187b0d3e838,9b765f7028684109ec7b,
asap7,riscv32i,uniform,uniform,31,950.0,41085.21,434,4,False,6,2.19e-06,True,False,48944367,28429899,,,,,,,,,,,,,,,2585.56,10152,10.76,False,4,8.7216796875,0,8b79fc1832ec6ea74fb9,c897d05e4a3ea6db4864,
asap7,riscv32i,uniform,uniform,32,950.0,39720.33,437,4,False,5,2.24e-06,True,False,48800143,28460261,,,,,,,,,,,,,,,2589.12,10190,10.87,False,4,8.50341796875,0,b47b73acb0a44b119fcd,0cd09eaebdf6c68327c0,
asap7,uart,anchored,anchored,1,270.0,1296.657,368,4,False,5,1.1e-07,True,False,1661098,1149427,,,,,308.734,-38.734,-1331.07,60.2964,2849,7.43,0,11.92,False,0,93.8515,858,1.61,False,4,7.98388671875,0,43fc09394bfe042f1675,06ba46787ff279da2344,8e6d99c58d2e40e352e1
asap7,uart,anchored,anchored,2,270.0,1281.823,366,4,False,5,6e-08,True,False,1664017,1149590,,,,,305.5572,-35.5572,-1534.69,66.4141,2867,7.51,0,12.27,False,0,93.6765,856,1.51,False,4,7.98388671875,0,811f8d0d515f1d646509,0b60cdf52ac5ca068c34,258dd6586da94cc2c6d8
asap7,uart,anchored,anchored,3,270.0,1292.87,366,4,False,5,1e-07,True,False,1658134,1147855,,,,,301.5936,-31.5936,-1247.68,61.6279,2803,7.35,0,12.1,False,0,93.4432,854,1.52,False,4,7.98388671875,0,4b12e7f3906c8c7cb93a,aa476899b81b851c2d57,4ccbba0879db6603dc21
asap7,uart,anchored,anchored,4,270.0,1257.832,373,4,False,5,1e-07,True,False,1662258,1119237,,,,,306.8249,-36.8249,-1310.92,67.2292,2782,7.22,0,11.59,False,0,93.2974,853,1.53,False,4,7.98388671875,0,24fd957aaf7b11a77f8a,04a66c6344cdef1af193,0d6fa4a1c72b00e5dafc
asap7,uart,anchored,anchored,5,270.0,1273.49,365,4,False,5,1.1e-07,True,False,1662349,1154518,,,,,300.916,-30.916,-1405.79,64.4789,2926,7.53,0,12.3,False,0,92.9475,851,1.51,False,4,7.98388671875,0,24be363870184380e713,68a63528a54a814c3a43,9950556e4d3c330ce9eb
asap7,uart,anchored,anchored,6,270.0,1267.399,376,4,False,5,1.1e-07,True,False,1666211,1115481,,,,,306.6656,-36.6656,-1699.86,68.3836,2765,7.17,0,12.36,False,0,93.5599,856,1.52,False,4,7.98388671875,0,63f8a9ca655984f7f9b9,5926bb457d5cd340179e,8e792c205c7b60736178
asap7,uart,anchored,anchored,7,270.0,1293.089,364,4,False,5,1.1e-07,True,False,1663994,1149608,,,,,304.0318,-34.0318,-1419.56,64.3448,2895,7.49,0,12.25,False,0,94.2014,862,1.49,False,4,8.0654296875,0,aa3f29269cf00ce8b67e,6527c802269a735201cf,08149684e25ba1790d9f
asap7,uart,anchored,anchored,8,270.0,1293.09,367,4,False,5,1.1e-07,True,False,1661998,1155346,,,,,301.4305,-31.4305,-1348.63,65.9656,2860,7.4,0,12.21,False,0,93.2391,855,1.53,False,4,8.0654296875,0,e6fd04e3169843e4469e,9ebf8592ed824c639a03,4ff8eee078807d0f85a8
asap7,uart,anchored,anchored,9,270.0,1306.003,368,4,False,5,6e-08,True,False,1663809,1150074,,,,,,,,,,,,,,,94.0264,862,1.61,False,4,8.0654296875,0,b7d4b642484812f57a12,b891f0eb92fd43da72b1,
asap7,uart,anchored,anchored,10,270.0,1264.329,365,4,False,5,1e-07,True,False,1661463,1141752,,,,,,,,,,,,,,,94.0556,861,1.64,False,4,8.0654296875,0,56e8243830673da471db,89e4e51b8b0cdd1b03f6,
asap7,uart,anchored,anchored,11,270.0,1279.604,366,4,False,5,8e-08,True,False,1662484,1143518,,,,,,,,,,,,,,,93.6182,856,1.58,False,4,8.0654296875,0,9cb1248d449c8ed1f9e3,ac139fef8876a1cc5af6,
asap7,uart,anchored,anchored,12,270.0,1258.719,364,4,False,5,1.1e-07,True,False,1662110,1150663,,,,,,,,,,,,,,,93.3266,852,1.57,False,4,8.0654296875,0,af29a5c78af2115cc635,a9ffd18da8aeec2f5ede,
asap7,uart,anchored,anchored,13,270.0,1266.405,366,4,False,5,1.2e-07,True,False,1662687,1150305,,,,,,,,,,,,,,,93.4141,853,1.45,False,4,7.89990234375,0,eaa892336cbe4f03a8e5,311d10b4eec8b553ad46,
asap7,uart,anchored,anchored,14,270.0,1286.633,365,4,False,5,1e-07,True,False,1661754,1148906,,,,,,,,,,,,,,,93.6182,856,1.48,False,4,7.66748046875,0,8fcf74cc0a9779618a7a,74c3360131bf7e38a5a6,
asap7,uart,anchored,anchored,15,270.0,1295.402,364,4,False,5,1.1e-07,True,False,1658964,1154805,,,,,,,,,,,,,,,94.7554,869,1.47,False,4,7.66748046875,0,01e2eeb8d769b76fa589,2b2e60b6cbd1bce9663d,
asap7,uart,anchored,anchored,16,270.0,1266.359,367,4,False,5,7e-08,True,False,1662193,1149393,,,,,,,,,,,,,,,93.2974,853,1.47,False,4,7.66748046875,0,489a85904a3f799e52c3,1a74a0c47af12cf84189,
asap7,uart,center,center,1,270.0,1287.57,367,4,False,5,9e-08,True,False,1661098,1146117,,,,,,,,,,,,,,,93.764,857,1.69,False,4,6.390625,0,faeab207370954a03e55,06ba46787ff279da2344,
asap7,uart,center,center,2,270.0,1298.865,368,4,False,5,7e-08,True,False,1664017,1146311,,,,,,,,,,,,,,,93.9973,861,1.66,False,4,6.390625,0,1e9afe10e41983ca97a3,0b60cdf52ac5ca068c34,
asap7,uart,center,center,3,270.0,1287.521,367,4,False,5,7e-08,True,False,1658134,1144023,,,,,,,,,,,,,,,93.589,855,1.69,False,4,7.240234375,0,bb8f1a8a297b4db1a80c,aa476899b81b851c2d57,
asap7,uart,center,center,4,270.0,1251.16,373,4,False,5,1e-07,True,False,1662258,1114754,,,,,,,,,,,,,,,93.4141,853,1.61,False,4,7.240234375,0,f0a172a4f6cb7cf9dcfe,04a66c6344cdef1af193,
asap7,uart,center,center,5,270.0,1272.618,364,4,False,5,7e-08,True,False,1662349,1151325,,,,,,,,,,,,,,,92.7142,849,1.66,False,4,7.240234375,0,cd74651650c64c30e533,68a63528a54a814c3a43,
asap7,uart,center,center,6,270.0,1262.053,375,4,False,5,9e-08,True,False,1666211,1111855,,,,,,,,,,,,,,,93.6473,857,1.67,False,4,7.240234375,0,071c07d79b43ba8039c1,5926bb457d5cd340179e,
asap7,uart,center,center,7,270.0,1255.029,365,4,False,5,1.1e-07,True,False,1663994,1146624,,,,,,,,,,,,,,,93.2391,851,1.66,False,4,7.240234375,0,1f56af0701e76f441f3d,6527c802269a735201cf,
asap7,uart,center,center,8,270.0,1257.302,369,4,False,5,1e-07,True,False,1661998,1151126,,,,,,,,,,,,,,,92.8892,849,1.66,False,4,7.240234375,0,913f1be4f6ab7d186b54,9ebf8592ed824c639a03,
asap7,uart,center,center,9,270.0,1283.879,367,4,False,5,1.2e-07,True,False,1663809,1145662,,,,,,,,,,,,,,,93.4432,854,1.57,False,4,7.048828125,0,e45a7b9c5637504efcf7,b891f0eb92fd43da72b1,
asap7,uart,center,center,10,270.0,1269.249,367,4,False,5,8e-08,True,False,1661463,1136393,,,,,,,,,,,,,,,94.2305,863,1.58,False,4,7.048828125,0,48c61b668127233c8867,89e4e51b8b0cdd1b03f6,
asap7,uart,center,center,11,270.0,1276.702,369,4,False,5,7e-08,True,False,1662484,1138910,,,,,,,,,,,,,,,93.3849,854,1.67,False,4,7.048828125,0,4327ffedc11d83e2a23c,ac139fef8876a1cc5af6,
asap7,uart,center,center,12,270.0,1250.63,364,4,False,5,9e-08,True,False,1662110,1147288,,,,,,,,,,,,,,,93.035,850,1.67,False,4,7.048828125,0,9a88ad78a505f94a02c0,a9ffd18da8aeec2f5ede,
asap7,uart,center,center,13,270.0,1265.338,362,4,False,5,8e-08,True,False,1662687,1147133,,,,,,,,,,,,,,,93.3849,852,1.67,False,4,7.048828125,0,2d86170265d47e9a0c8d,311d10b4eec8b553ad46,
asap7,uart,center,center,14,270.0,1284.73,368,4,False,5,8e-08,True,False,1661754,1145787,,,,,,,,,,,,,,,93.2974,853,1.63,False,4,7.048828125,0,951ff0e488e34ca40e2d,74c3360131bf7e38a5a6,
asap7,uart,center,center,15,270.0,1305.175,369,4,False,5,1.1e-07,True,False,1658964,1152089,,,,,,,,,,,,,,,94.7846,870,1.54,False,4,6.96435546875,0,e94e164d524a6f34d722,2b2e60b6cbd1bce9663d,
asap7,uart,center,center,16,270.0,1269.574,370,4,False,5,9e-08,True,False,1662193,1145877,,,,,,,,,,,,,,,93.1225,851,1.6,False,4,6.96435546875,0,0a2cf5dd5413390e638f,1a74a0c47af12cf84189,
asap7,uart,corner_ll,corner_ll,1,270.0,1275.804,364,4,False,5,9e-08,True,False,1668743,1181984,,,,,,,,,,,,,,,93.9098,860,1.5,False,4,8.28564453125,0,57f12471f15bff52c910,07e56e1de89722f9acb9,
asap7,uart,corner_ll,corner_ll,2,270.0,1272.084,363,4,False,5,9e-08,True,False,1668743,1181984,,,,,,,,,,,,,,,93.5599,856,1.52,False,4,8.28564453125,0,c297642abd1fb8665e04,07e56e1de89722f9acb9,
asap7,uart,corner_ll,corner_ll,3,270.0,1268.349,364,4,False,5,7e-08,True,False,1669880,1180113,,,,,,,,,,,,,,,93.1808,853,1.58,False,4,8.28564453125,0,7844381c57a25145af6d,24a09f41c6e9acd663a1,
asap7,uart,corner_ll,corner_ll,4,270.0,1283.208,364,4,False,5,9e-08,True,False,1668743,1181984,,,,,,,,,,,,,,,93.9973,861,1.57,False,4,8.28564453125,0,08f7e3994a888d2740c8,07e56e1de89722f9acb9,
asap7,uart,corner_ll,corner_ll,5,270.0,1280.61,365,4,False,5,9e-08,True,False,1668743,1181984,,,,,,,,,,,,,,,93.2099,852,1.55,False,4,8.28564453125,0,ed8b00594783d56a2bfb,07e56e1de89722f9acb9,
asap7,uart,corner_ll,corner_ll,6,270.0,1278.081,367,4,False,5,9e-08,True,False,1668743,1181984,,,,,,,,,,,,,,,93.5307,857,1.59,False,4,8.28564453125,0,c782e0bf04661b5f0d2d,07e56e1de89722f9acb9,
asap7,uart,corner_ll,corner_ll,7,270.0,1284.685,366,4,False,5,9e-08,True,False,1668743,1181984,,,,,,,,,,,,,,,94.0847,862,1.48,False,4,8.1025390625,0,4bdde5274267e08dfe90,07e56e1de89722f9acb9,
asap7,uart,corner_ll,corner_ll,8,270.0,1274.143,367,4,False,5,9e-08,True,False,1668743,1181984,,,,,,,,,,,,,,,93.5599,856,1.49,False,4,8.1025390625,0,1e26c6519f31b18202d3,07e56e1de89722f9acb9,
asap7,uart,corner_ll,corner_ll,9,270.0,1277.266,366,4,False,5,9e-08,True,False,1668743,1181984,,,,,,,,,,,,,,,94.0847,862,1.58,False,4,7.85400390625,0,13f2c3aef44588d0e293,07e56e1de89722f9acb9,
asap7,uart,corner_ll,corner_ll,10,270.0,1275.023,365,4,False,5,9e-08,True,False,1668743,1181984,,,,,,,,,,,,,,,93.9098,860,1.59,False,4,7.85400390625,0,14d86657f98ee21de930,07e56e1de89722f9acb9,
asap7,uart,corner_ll,corner_ll,11,270.0,1271.047,366,4,False,5,9e-08,True,False,1668743,1181984,,,,,,,,,,,,,,,93.3849,854,1.6,False,4,7.85400390625,0,9e04d44b3259830a7a41,07e56e1de89722f9acb9,
asap7,uart,corner_ll,corner_ll,12,270.0,1287.263,367,4,False,5,9e-08,True,False,1668743,1181984,,,,,,,,,,,,,,,93.3266,854,1.59,False,4,7.85400390625,0,1c6d0705be066d9fc930,07e56e1de89722f9acb9,
asap7,uart,corner_ll,corner_ll,13,270.0,1279.954,363,4,False,5,9e-08,True,False,1668743,1181984,,,,,,,,,,,,,,,93.4141,855,1.53,False,4,7.78515625,0,10a4142df1ce73448e05,07e56e1de89722f9acb9,
asap7,uart,corner_ll,corner_ll,14,270.0,1272.436,365,4,False,5,9e-08,True,False,1668743,1181984,,,,,,,,,,,,,,,93.4432,856,1.53,False,4,7.78515625,0,8190af68eabf038b882b,07e56e1de89722f9acb9,
asap7,uart,corner_ll,corner_ll,15,270.0,1263.039,365,4,False,5,9e-08,True,False,1668743,1181984,,,,,,,,,,,,,,,93.5599,856,1.57,False,4,7.78515625,0,0dfd3da8d258fa1972ac,07e56e1de89722f9acb9,
asap7,uart,corner_ll,corner_ll,16,270.0,1270.862,365,4,False,5,9e-08,True,False,1668743,1181984,,,,,,,,,,,,,,,93.4432,856,1.59,False,4,7.78515625,0,1d7c1da2bb8f239d6c14,07e56e1de89722f9acb9,
asap7,uart,corner_ur,corner_ur,1,270.0,1251.873,375,4,False,5,9e-08,True,False,1664854,1100692,,,,,,,,,,,,,,,93.1808,853,1.61,False,4,7.78515625,0,af565220be5f99c87b88,b508029bb8865e1e78f0,
asap7,uart,corner_ur,corner_ur,2,270.0,1251.676,376,4,False,5,9e-08,True,False,1664854,1100692,,,,,,,,,,,,,,,93.1808,853,1.62,False,4,7.78515625,0,0ebee6547e0701ac0dc9,b508029bb8865e1e78f0,
asap7,uart,corner_ur,corner_ur,3,270.0,1251.532,376,4,False,5,9e-08,True,False,1664854,1100692,,,,,,,,,,,,,,,93.2683,854,1.51,False,4,7.8828125,0,19b496b82e0344ba1c46,b508029bb8865e1e78f0,
asap7,uart,corner_ur,corner_ur,4,270.0,1255.275,376,4,False,5,9e-08,True,False,1664854,1100692,,,,,,,,,,,,,,,93.5599,856,1.53,False,4,7.8828125,0,50a230aa5436ffa3ab21,b508029bb8865e1e78f0,
asap7,uart,corner_ur,corner_ur,5,270.0,1260.209,377,4,False,5,9e-08,True,False,1664854,1100692,,,,,,,,,,,,,,,92.8017,848,1.56,False,4,7.8828125,0,4d3115464d438e4fef2c,b508029bb8865e1e78f0,
asap7,uart,corner_ur,corner_ur,6,270.0,1238.689,376,4,False,5,9e-08,True,False,1664854,1100692,,,,,,,,,,,,,,,92.6851,846,1.61,False,4,7.8828125,0,12f95c9617313bae40a9,b508029bb8865e1e78f0,
asap7,uart,corner_ur,corner_ur,7,270.0,1250.962,376,4,False,5,9e-08,True,False,1664854,1100692,,,,,,,,,,,,,,,93.0933,852,1.6,False,4,7.8828125,0,9731368a98286861e178,b508029bb8865e1e78f0,
asap7,uart,corner_ur,corner_ur,8,270.0,1250.04,375,4,False,5,9e-08,True,False,1664854,1100692,,,,,,,,,,,,,,,92.8892,849,1.67,False,4,7.8828125,0,430a8d63807cc6d6de69,b508029bb8865e1e78f0,
asap7,uart,corner_ur,corner_ur,9,270.0,1250.523,375,4,False,5,9e-08,True,False,1664854,1100692,,,,,,,,,,,,,,,93.1808,853,1.48,False,4,7.66650390625,0,33302c485561d4c35241,b508029bb8865e1e78f0,
asap7,uart,corner_ur,corner_ur,10,270.0,1260.474,377,4,False,5,9e-08,True,False,1664854,1100692,,,,,,,,,,,,,,,92.8017,848,1.58,False,4,7.66650390625,0,408e34146c29cc09e833,b508029bb8865e1e78f0,
asap7,uart,corner_ur,corner_ur,11,270.0,1252.46,374,4,False,5,9e-08,True,False,1664854,1100692,,,,,,,,,,,,,,,93.1808,853,1.58,False,4,7.66650390625,0,7d8b3d7e4f4b9b0beb3d,b508029bb8865e1e78f0,
asap7,uart,corner_ur,corner_ur,12,270.0,1258.964,376,4,False,5,9e-08,True,False,1664854,1100692,,,,,,,,,,,,,,,92.86,848,1.56,False,4,7.66650390625,0,088a6ca9e85752a1f528,b508029bb8865e1e78f0,
asap7,uart,corner_ur,corner_ur,13,270.0,1250.937,375,4,False,5,9e-08,True,False,1664854,1100692,,,,,,,,,,,,,,,93.1808,853,1.58,False,4,7.66650390625,0,e60b805983c8be351b4a,b508029bb8865e1e78f0,
asap7,uart,corner_ur,corner_ur,14,270.0,1256.781,374,4,False,5,9e-08,True,False,1664854,1100692,,,,,,,,,,,,,,,93.3266,854,1.58,False,4,7.66650390625,0,6d70369b4ceba46c0fb8,b508029bb8865e1e78f0,
asap7,uart,corner_ur,corner_ur,15,270.0,1252.78,377,4,False,5,9e-08,True,False,1664854,1100692,,,,,,,,,,,,,,,93.2099,854,1.49,False,4,8.013671875,0,80ddd65170e47c2bfde4,b508029bb8865e1e78f0,
asap7,uart,corner_ur,corner_ur,16,270.0,1247.198,376,4,False,5,9e-08,True,False,1664854,1100692,,,,,,,,,,,,,,,93.0933,852,1.5,False,4,8.013671875,0,27e58c0df7b48290e795,b508029bb8865e1e78f0,
asap7,uart,gauss_tight,gauss_tight,1,270.0,1261.398,371,4,False,5,8e-08,True,False,1667187,1125345,,,,,,,,,,,,,,,93.6182,856,1.61,False,4,8.02978515625,0,d592b6a5b2011b0e6f04,b3705f1e27449ca4ceed,
asap7,uart,gauss_tight,gauss_tight,2,270.0,1291.847,373,4,False,5,1.1e-07,True,False,1705989,1122630,,,,,,,,,,,,,,,93.3266,854,1.56,False,4,8.02978515625,0,5b14eed7b08d799e3de3,e66108fd159de801a273,
asap7,uart,gauss_tight,gauss_tight,3,270.0,1273.315,370,4,False,5,1e-07,True,False,1694031,1131227,,,,,,,,,,,,,,,94.1722,863,1.51,False,4,9.30908203125,0,dfef013861f2871f7489,0200f439459611a0f524,
asap7,uart,gauss_tight,gauss_tight,4,270.0,1252.57,373,4,False,5,8e-08,True,False,1660569,1121814,,,,,,,,,,,,,,,93.1225,851,1.52,False,4,9.30908203125,0,e5f647007ba558069227,7afae45a7271eef54060,
asap7,uart,gauss_tight,gauss_tight,5,270.0,1281.992,371,4,False,5,1.2e-07,True,False,1683530,1125672,,,,,,,,,,,,,,,93.4724,855,1.47,False,4,9.30908203125,0,00af529179b35ac5d0d5,30495c6cb26165afad01,
asap7,uart,gauss_tight,gauss_tight,6,270.0,1275.856,372,4,False,5,1.1e-07,True,False,1717477,1121740,,,,,,,,,,,,,,,94.6388,867,1.55,False,4,9.30908203125,0,8b72e1f50e51b58d7a63,b6c4960deb4417a6de8a,
asap7,uart,gauss_tight,gauss_tight,7,270.0,1275.885,372,4,False,5,8e-08,True,False,1668759,1120356,,,,,,,,,,,,,,,93.0933,852,1.54,False,4,9.30908203125,0,724224c4319ef45441f3,5f7a6ecfaa2b7c1900aa,
asap7,uart,gauss_tight,gauss_tight,8,270.0,1265.127,371,4,False,5,5e-08,True,False,1665990,1130173,,,,,,,,,,,,,,,93.3849,854,1.55,False,4,9.30908203125,0,c7ee908a16c3e4f704e2,3056b5ab6192c2a6592f,
asap7,uart,gauss_tight,gauss_tight,9,270.0,1296.77,371,4,False,5,1.2e-07,True,False,1672021,1136732,,,,,,,,,,,,,,,94.0264,862,1.5,False,4,9.0439453125,0,10c23aa57005376546dc,081df2bd75e53086c95a,
asap7,uart,gauss_tight,gauss_tight,10,270.0,1286.302,375,4,False,5,9e-08,True,False,1701676,1135624,,,,,,,,,,,,,,,93.2683,852,1.52,False,4,9.0439453125,0,96ca66d669a1d29ff80b,4a8fe7f4ee89b3808777,
asap7,uart,gauss_tight,gauss_tight,11,270.0,1257.211,368,4,False,5,7e-08,True,False,1669238,1122455,,,,,,,,,,,,,,,93.7348,858,1.5,False,4,9.0439453125,0,bd0359c8800b2512ef8b,52d40ed9f06879895846,
asap7,uart,gauss_tight,gauss_tight,12,270.0,1263.116,373,4,False,5,1.2e-07,True,False,1658600,1131642,,,,,,,,,,,,,,,93.2099,850,1.56,False,4,8.7998046875,0,036e9277c9dacb978e3b,956b26fea03ad93c12df,
asap7,uart,gauss_tight,gauss_tight,13,270.0,1264.659,364,4,False,5,9e-08,True,False,1713283,1128268,,,,,,,,,,,,,,,93.9098,858,1.56,False,4,8.7998046875,0,bf5424b28b417e0eb8e4,d387fbff7214edb3b081,
asap7,uart,gauss_tight,gauss_tight,14,270.0,1273.23,370,4,False,5,1.2e-07,True,False,1665568,1136502,,,,,,,,,,,,,,,93.2391,853,1.57,False,4,8.7998046875,0,c6390df655ce8ea81c63,02adac26652a2bdade4c,
asap7,uart,gauss_tight,gauss_tight,15,270.0,1296.576,373,4,False,5,1e-07,True,False,1692142,1120946,,,,,,,,,,,,,,,93.9973,861,1.52,False,4,8.5751953125,0,d486d5263713e9cac860,64656e2ca102cf06180c,
asap7,uart,gauss_tight,gauss_tight,16,270.0,1307.437,366,4,False,5,1.1e-07,True,False,1671466,1140569,,,,,,,,,,,,,,,93.9973,863,1.52,False,4,8.5751953125,0,c0a7c13dec4e7da1edcd,6c5631029e84116d6c40,
asap7,uart,gauss_tight,gauss_tight,17,270.0,1263.631,369,4,False,5,1.1e-07,True,False,1690890,1134365,,,,,,,,,,,,,,,93.4141,855,1.49,False,4,8.5751953125,0,f766031c09ffc5bf6ba5,58eb813c2b7067d9b8c5,
asap7,uart,gauss_tight,gauss_tight,18,270.0,1250.697,369,4,False,5,1.1e-07,True,False,1673129,1129786,,,,,,,,,,,,,,,92.9475,849,1.53,False,4,8.5751953125,0,57514addedb67d96efe1,ed0ef9a67fe280efe730,
asap7,uart,gauss_tight,gauss_tight,19,270.0,1276.722,371,4,False,5,1e-07,True,False,1678572,1120922,,,,,,,,,,,,,,,93.9098,860,1.51,False,4,8.5751953125,0,afcd107b453a4fe23fb8,fc9efe148231b8ec7ade,
asap7,uart,gauss_tight,gauss_tight,20,270.0,1280.149,376,4,False,5,1.2e-07,True,False,1721764,1113896,,,,,,,,,,,,,,,93.1225,853,1.64,False,4,8.5751953125,0,f116daab5a9b829a8541,e5e7ecb207ddc93c28d5,
asap7,uart,gauss_tight,gauss_tight,21,270.0,1293.699,372,4,False,5,1.1e-07,True,False,1665674,1131241,,,,,,,,,,,,,,,93.4141,855,1.48,False,4,8.609375,0,c7767f173f1c7d5e5809,00f14bc4eb6d013f5a46,
asap7,uart,gauss_tight,gauss_tight,22,270.0,1247.295,367,4,False,5,1.1e-07,True,False,1663422,1139718,,,,,,,,,,,,,,,93.2391,853,1.51,False,4,8.609375,0,ae14fecd8240c974c61d,3987571e4ef729d23b70,
asap7,uart,gauss_tight,gauss_tight,23,270.0,1281.331,376,4,False,5,1.1e-07,True,False,1672994,1119469,,,,,,,,,,,,,,,93.5307,857,1.49,False,4,8.609375,0,ccb88fa35ad10b5e9375,caf04a9d5f073a153c19,
asap7,uart,gauss_tight,gauss_tight,24,270.0,1261.781,375,4,False,5,1e-07,True,False,1672844,1112156,,,,,,,,,,,,,,,92.9767,850,1.52,False,4,8.609375,0,9054ddd4b4164ce2f6da,15f7700f5345d6099bbc,
asap7,uart,gauss_tight,gauss_tight,25,270.0,1270.035,374,4,False,5,1e-07,True,False,1678143,1117639,,,,,,,,,,,,,,,92.9475,849,1.54,False,4,8.609375,0,667b8c41c1c164e75531,ca42d09368759306586f,
asap7,uart,gauss_tight,gauss_tight,26,270.0,1293.554,375,4,False,5,1.2e-07,True,False,1676022,1129834,,,,,,,,,,,,,,,93.4724,853,1.55,False,4,8.609375,0,a02b1634236071b92d86,e54cd0f8974438e45ca6,
asap7,uart,gauss_tight,gauss_tight,27,270.0,1289.57,371,4,False,5,1.1e-07,True,False,1693539,1119466,,,,,,,,,,,,,,,93.9681,862,1.51,False,4,8.400390625,0,f5437c1a59cea2a1f73a,74b1a1f628c549663906,
asap7,uart,gauss_tight,gauss_tight,28,270.0,1289.458,371,4,False,5,1e-07,True,False,1700432,1139611,,,,,,,,,,,,,,,94.1139,863,1.53,False,4,8.2080078125,0,3f2cd89740ab76e34fba,66c2f3313d2da17c9ea9,
asap7,uart,gauss_tight,gauss_tight,29,270.0,1242.755,374,4,False,5,1.1e-07,True,False,1672023,1116249,,,,,,,,,,,,,,,92.8309,849,1.54,False,4,8.2080078125,0,815b6790e3ca02dbe474,97d1c7b512db563c7f7b,
asap7,uart,gauss_tight,gauss_tight,30,270.0,1285.307,369,4,False,5,9e-08,True,False,1712583,1117642,,,,,,,,,,,,,,,94.1139,861,1.52,False,4,8.2080078125,0,fa31d18a053623667719,f9ed089fccfb3bf2c882,
asap7,uart,gauss_tight,gauss_tight,31,270.0,1292.867,375,4,False,5,1e-07,True,False,1688867,1116062,,,,,,,,,,,,,,,93.1225,853,1.51,False,4,8.2080078125,0,b8c84750b5b2337849ac,0b235640362b0695f545,
asap7,uart,gauss_tight,gauss_tight,32,270.0,1264.718,378,4,False,5,1e-07,True,False,1677847,1106723,,,,,,,,,,,,,,,93.3557,855,1.55,False,4,8.2080078125,0,c838821e7b1d236ef183,a2ee6f120a8f49babbe4,
asap7,uart,gauss_wide,gauss_wide,1,270.0,1264.434,369,4,False,5,1.2e-07,True,False,1666581,1146580,,,,,,,,,,,,,,,93.2391,853,1.51,False,4,8.51171875,0,949831ea6448d6fa374c,36d2cced459f8e80d2f8,
asap7,uart,gauss_wide,gauss_wide,2,270.0,1300.003,368,4,False,5,1e-07,True,False,1703319,1121329,,,,,,,,,,,,,,,94.0847,862,1.52,False,4,8.51171875,0,d9cce137c8e6d2ec284d,e23e7a795290e35e590e,
asap7,uart,gauss_wide,gauss_wide,3,270.0,1298.512,379,4,False,5,1.2e-07,True,False,1726086,1118928,,,,,,,,,,,,,,,93.7931,856,1.54,False,4,8.51171875,0,a078705868a476ca2209,a35c1fe9813371002605,
asap7,uart,gauss_wide,gauss_wide,4,270.0,1298.591,367,4,False,5,8e-08,True,False,1689265,1159787,,,,,,,,,,,,,,,93.8515,858,1.56,False,4,8.51171875,0,29edc1f175b8d7674b6f,41c6e9cb1e9e8fc66431,
asap7,uart,gauss_wide,gauss_wide,5,270.0,1281.379,370,4,False,5,1.1e-07,True,False,1666163,1143364,,,,,,,,,,,,,,,94.3763,866,1.55,False,4,8.51171875,0,4d3ff7cc303c345816d5,121712d1810eefc3c46f,
asap7,uart,gauss_wide,gauss_wide,6,270.0,1270.829,374,4,False,5,1.1e-07,True,False,1687465,1114908,,,,,,,,,,,,,,,94.2597,862,1.53,False,4,8.51171875,0,7757e57f61930384c508,dcea8780869592f7bd0f,
asap7,uart,gauss_wide,gauss_wide,7,270.0,1267.077,373,4,False,5,1e-07,True,False,1674739,1115106,,,,,,,,,,,,,,,93.764,855,1.47,False,4,8.310546875,0,ca70658e9331cbfee975,8f2aa3c07a76b5190313,
asap7,uart,gauss_wide,gauss_wide,8,270.0,1288.935,369,4,False,5,1.1e-07,True,False,1688997,1127230,,,,,,,,,,,,,,,94.3472,861,1.55,False,4,8.310546875,0,8caa8b7004c7247c6082,349483a23b8711ef4d73,
asap7,uart,gauss_wide,gauss_wide,9,270.0,1274.523,365,4,False,5,7e-08,True,False,1661383,1140298,,,,,,,,,,,,,,,94.2889,865,1.52,False,4,8.310546875,0,e87529c29a24752d87e1,a26021ed45cbc6b901de,
asap7,uart,gauss_wide,gauss_wide,10,270.0,1283.047,367,4,False,5,1e-07,True,False,1664421,1151141,,,,,,,,,,,,,,,93.4141,855,1.56,False,4,8.310546875,0,ce870aa54b4e66ffd1d1,06990d02e526c9ab6ebf,
asap7,uart,gauss_wide,gauss_wide,11,270.0,1321.601,366,4,False,5,9e-08,True,False,1710130,1160696,,,,,,,,,,,,,,,94.3763,864,1.53,False,4,8.310546875,0,f141225b4dbdc71cb362,1dbcb2bc7fe37ebeeb8f,
asap7,uart,gauss_wide,gauss_wide,12,270.0,1266.083,370,4,False,5,1.1e-07,True,False,1662009,1141870,,,,,,,,,,,,,,,93.1808,853,1.55,False,4,8.310546875,0,5c1ca20e02a500206f81,19fd8b6d098b149b488e,
asap7,uart,gauss_wide,gauss_wide,13,270.0,1274.348,372,4,False,5,1e-07,True,False,1682730,1112046,,,,,,,,,,,,,,,93.4724,855,1.49,False,4,7.875,0,a6ac7b46f2b03a961ae4,d29c713dd80ec99f17a2,
asap7,uart,gauss_wide,gauss_wide,14,270.0,1277.609,370,4,False,5,1.2e-07,True,False,1687998,1142666,,,,,,,,,,,,,,,93.4724,857,1.55,False,4,7.875,0,bd4e7ba239a2910d6232,5142ba172a5c3af595b4,
asap7,uart,gauss_wide,gauss_wide,15,270.0,1285.946,374,4,False,5,1.2e-07,True,False,1676128,1114981,,,,,,,,,,,,,,,93.2974,853,1.53,False,4,7.875,0,34f80414841047d760a7,e3114793dc095cebb5f1,
asap7,uart,gauss_wide,gauss_wide,16,270.0,1296.98,370,4,False,5,1e-07,True,False,1708225,1141671,,,,,,,,,,,,,,,94.1722,859,1.57,False,4,7.875,0,9c4dc2d4aefc551c2a31,e7b029abf9f466ce8ce3,
asap7,uart,gauss_wide,gauss_wide,17,270.0,1316.963,367,4,False,5,1e-07,True,False,1717028,1173434,,,,,,,,,,,,,,,94.9304,869,1.52,False,4,7.875,0,38a5a127cc90478d8953,cd83748021eb93e67627,
asap7,uart,gauss_wide,gauss_wide,18,270.0,1294.19,369,4,False,5,1e-07,True,False,1690352,1125322,,,,,,,,,,,,,,,93.5599,858,1.53,False,4,7.875,0,4439709ac9d64f54c6ee,48f8b4f050cffc394c0c,
asap7,uart,gauss_wide,gauss_wide,19,270.0,1274.632,373,4,False,5,8e-08,True,False,1689738,1116073,,,,,,,,,,,,,,,93.7931,856,1.53,False,4,8.20556640625,0,4d1c2a980aa6ec54eac3,dfc45cd3fa5ab5f69d17,
asap7,uart,gauss_wide,gauss_wide,20,270.0,1258.497,373,4,False,5,9e-08,True,False,1678993,1102539,,,,,,,,,,,,,,,93.0058,849,1.58,False,4,8.20556640625,0,607cdec89a56234fcf13,03d404a878830bfb5546,
asap7,uart,gauss_wide,gauss_wide,21,270.0,1322.174,376,4,False,5,1.2e-07,True,False,1739635,1084748,,,,,,,,,,,,,,,93.1516,852,1.53,False,4,8.20556640625,0,eb78cb863b66c4459809,7036e8a43f3186d9c6c6,
asap7,uart,gauss_wide,gauss_wide,22,270.0,1249.73,367,4,False,5,8e-08,True,False,1665080,1148791,,,,,,,,,,,,,,,92.6559,847,1.54,False,4,8.20556640625,0,484769dc411a8963f330,f082617a7eefd895b625,
asap7,uart,gauss_wide,gauss_wide,23,270.0,1270.624,368,4,False,5,1.1e-07,True,False,1667722,1153814,,,,,,,,,,,,,,,93.0641,851,1.57,False,4,8.20556640625,0,aa465d57b41a52ddea25,0734c3a49f358b9ee01d,
asap7,uart,gauss_wide,gauss_wide,24,270.0,1261.235,371,4,False,5,1e-07,True,False,1671450,1129654,,,,,,,,,,,,,,,93.7931,860,1.58,False,4,8.20556640625,0,a9cac6f228b237a0b0ed,95d808e5b46f0b662f12,
asap7,uart,gauss_wide,gauss_wide,25,270.0,1319.823,369,4,False,5,1.1e-07,True,False,1711056,1152161,,,,,,,,,,,,,,,94.493,862,1.53,False,4,8.02880859375,0,814d84efe8f73a20eba4,c04881d89435934dccb3,
asap7,uart,gauss_wide,gauss_wide,26,270.0,1274.535,372,4,False,5,1.2e-07,True,False,1699557,1136646,,,,,,,,,,,,,,,93.4141,855,1.6,False,4,8.02880859375,0,9a14c37783f0cffdfb44,f687f5405ead16bfc9b5,
asap7,uart,gauss_wide,gauss_wide,27,270.0,1281.73,371,4,False,5,1.2e-07,True,False,1670725,1139329,,,,,,,,,,,,,,,94.5805,865,1.56,False,4,8.02880859375,0,3d1b989c417eaeecd7d9,54f61375698765de1272,
asap7,uart,gauss_wide,gauss_wide,28,270.0,1256.772,375,4,False,5,1e-07,True,False,1672460,1120581,,,,,,,,,,,,,,,93.0058,849,1.57,False,4,8.02880859375,0,5c10d5319a5575d97c35,1390fc1524ef8ca7606b,
asap7,uart,gauss_wide,gauss_wide,29,270.0,1287.594,363,4,False,5,9e-08,True,False,1685395,1161914,,,,,,,,,,,,,,,93.5015,858,1.58,False,4,8.02880859375,0,1eb9194a8280ee0db30f,04ee1b3ee41d54603508,
asap7,uart,gauss_wide,gauss_wide,30,270.0,1279.865,377,4,False,5,1e-07,True,False,1693436,1111996,,,,,,,,,,,,,,,93.5307,853,1.53,False,4,7.9462890625,0,ede528e295cce4c37cb3,9d245f5716fae37d2b3e,
asap7,uart,gauss_wide,gauss_wide,31,270.0,1252.91,372,4,False,5,1e-07,True,False,1684720,1142116,,,,,,,,,,,,,,,93.7348,858,1.48,False,4,7.7900390625,0,d76774d517f49fc5fa77,bfa28137d74c4b545081,
asap7,uart,gauss_wide,gauss_wide,32,270.0,1288.462,373,4,False,5,1.1e-07,True,False,1675633,1110838,,,,,,,,,,,,,,,94.0847,862,1.54,False,4,7.7900390625,0,ae031a675cb4093c947a,87633cb11366ef0ff844,
asap7,uart,odb,odb,1,270.0,1297.286,368,4,False,5,9e-08,True,False,1661098,1153685,,,,,304.0577,-34.0577,-1170.4,60.3248,2877,7.53,0,11.95,False,0,93.9389,859,1.58,False,4,6.96435546875,0,66b2649a6475ad110fd1,06ba46787ff279da2344,457998d4201622c4d585
asap7,uart,odb,odb,2,270.0,1282.96,366,4,False,5,7e-08,True,False,1664017,1151260,,,,,302.51,-32.51,-1445.68,64.8063,2840,7.35,0,12.08,False,0,93.3266,854,1.54,False,4,6.96435546875,0,71ab3dc5c872161c2457,0b60cdf52ac5ca068c34,8f7a05a9ecfa5b04e514
asap7,uart,odb,odb,3,270.0,1285.126,368,4,False,5,8e-08,True,False,1658134,1153700,,,,,305.404,-35.404,-1460.06,68.4747,2808,7.31,0,12.85,False,0,93.6765,856,1.53,False,4,6.96435546875,0,1d859d421caf17b13f2d,aa476899b81b851c2d57,f6a80e74344f9db65c36
asap7,uart,odb,odb,4,270.0,1255.467,376,4,False,5,1.1e-07,True,False,1662258,1122359,,,,,304.5038,-34.5038,-1305.73,65.892,2807,7.34,0,12.54,False,0,93.4432,852,1.53,False,4,6.96435546875,0,f74a9817ca97604c905a,04a66c6344cdef1af193,39f5cb6cdba98fd3d587
asap7,uart,odb,odb,5,270.0,1274.628,365,4,False,5,1e-07,True,False,1662349,1154677,,,,,296.7193,-26.7193,-1076.7,64.2429,2812,7.4,0,11.35,False,0,92.7142,849,1.56,False,4,6.88671875,0,eb7aed8129421fa7050c,68a63528a54a814c3a43,2ac8d08cd99ee6ddb033
asap7,uart,odb,odb,6,270.0,1262.041,379,4,False,5,1e-07,True,False,1666211,1114809,,,,,305.0695,-35.0695,-1488.33,68.8901,2836,7.37,0,11.42,False,0,93.7348,858,1.66,False,4,6.88671875,0,bfa74ce3530b36e84704,5926bb457d5cd340179e,e38b2556897ea1a478eb
asap7,uart,odb,odb,7,270.0,1290.416,365,4,False,5,1.1e-07,True,False,1663994,1152581,,,,,303.9972,-33.9972,-1545.8,68.994,2914,7.55,0,13.13,False,0,94.0556,859,1.68,False,4,6.88671875,0,9cdc4c22d4e06df66f74,6527c802269a735201cf,58a6ac28563659f2ac06
asap7,uart,odb,odb,8,270.0,1279.132,367,4,False,5,1.2e-07,True,False,1661998,1159848,,,,,308.4368,-38.4368,-1542.45,67.0468,2926,7.51,0,12.45,False,0,92.8892,851,1.63,False,4,6.88671875,0,cf5bfe29a5721c5b383d,9ebf8592ed824c639a03,fbe33d6d2e19a3be5b27
asap7,uart,odb,odb,9,270.0,1302.635,370,4,False,5,8e-08,True,False,1663809,1151883,,,,,,,,,,,,,,,93.764,859,1.61,False,4,6.88671875,0,d4bf99c21c285cc8251c,b891f0eb92fd43da72b1,
asap7,uart,odb,odb,10,270.0,1259.482,364,4,False,5,1.2e-07,True,False,1661463,1142290,,,,,,,,,,,,,,,93.8806,859,1.69,False,4,6.88671875,0,e074a08fcaf8703d26bc,89e4e51b8b0cdd1b03f6,
asap7,uart,odb,odb,11,270.0,1278.445,368,4,False,5,1.2e-07,True,False,1662484,1145932,,,,,,,,,,,,,,,93.6182,856,1.51,False,4,6.83056640625,0,317bcc2777d7442def8d,ac139fef8876a1cc5af6,
asap7,uart,odb,odb,12,270.0,1265.929,367,4,False,5,9e-08,True,False,1662110,1153761,,,,,,,,,,,,,,,93.3849,854,1.54,False,4,6.83056640625,0,7ef2b564721f013f5bb2,a9ffd18da8aeec2f5ede,
asap7,uart,odb,odb,13,270.0,1262.71,363,4,False,5,1.1e-07,True,False,1662687,1151696,,,,,,,,,,,,,,,93.5599,854,1.68,False,4,6.83056640625,0,e4b6a1b3d0e3c82b8aba,311d10b4eec8b553ad46,
asap7,uart,odb,odb,14,270.0,1276.19,367,4,False,5,1.1e-07,True,False,1661754,1153552,,,,,,,,,,,,,,,93.2099,852,1.62,False,4,6.83056640625,0,990c55d1c1cc829ecd14,74c3360131bf7e38a5a6,
asap7,uart,odb,odb,15,270.0,1301.713,367,4,False,5,9e-08,True,False,1658964,1157994,,,,,,,,,,,,,,,94.493,866,1.66,False,4,6.83056640625,0,c1f822d664f7e214c89a,2b2e60b6cbd1bce9663d,
asap7,uart,odb,odb,16,270.0,1256.651,364,4,False,5,1.1e-07,True,False,1662193,1151789,,,,,,,,,,,,,,,93.3557,855,1.63,False,4,6.83056640625,0,e3bebad654da7ff1acc5,1a74a0c47af12cf84189,
asap7,uart,shipped,shipped,1,270.0,1287.57,367,4,False,5,9e-08,True,False,1661098,1146117,0,619,0,624,302.1228,-32.1228,-1398.31,68.0683,2839,7.45,0,11.81,False,0,93.764,857,1.64,False,4,6.58935546875,0,faeab207370954a03e55,06ba46787ff279da2344,4a0a341aef7de37b7230
asap7,uart,shipped,shipped,2,270.0,1298.865,368,4,False,5,7e-08,True,False,1664017,1146311,0,619,0,624,302.7328,-32.7328,-1487.46,62.0538,2887,7.58,0,12.67,False,0,93.9973,861,1.67,False,4,6.58935546875,0,1e9afe10e41983ca97a3,0b60cdf52ac5ca068c34,da5bd69fd5cd99d103d6
asap7,uart,shipped,shipped,3,270.0,1287.521,367,4,False,5,7e-08,True,False,1658134,1144023,0,619,0,624,303.3017,-33.3017,-1262.41,68.3722,2820,7.39,0,11.44,False,0,93.589,855,1.64,False,4,6.58935546875,0,bb8f1a8a297b4db1a80c,aa476899b81b851c2d57,35bd38e5fcfb3d5c630f
asap7,uart,shipped,shipped,4,270.0,1251.16,373,4,False,5,1e-07,True,False,1662258,1114754,0,619,0,624,308.3157,-38.3157,-1444.02,67.8166,2871,7.37,0,12.52,False,0,93.4141,853,1.63,False,4,6.58935546875,0,f0a172a4f6cb7cf9dcfe,04a66c6344cdef1af193,07a82b6e1addb8166f34
asap7,uart,shipped,shipped,5,270.0,1272.618,364,4,False,5,7e-08,True,False,1662349,1151325,0,619,0,624,302.3118,-32.3118,-1324.56,62.5493,2852,7.47,0,11.53,False,0,92.7142,849,1.67,False,4,6.58935546875,0,cd74651650c64c30e533,68a63528a54a814c3a43,719983b5a9cb421ec6a1
asap7,uart,shipped,shipped,6,270.0,1262.053,375,4,False,5,9e-08,True,False,1666211,1111855,0,619,0,624,302.3275,-32.3275,-1225.65,68.3386,2740,7.22,0,11.7,False,0,93.6473,857,1.7,False,4,6.58935546875,0,071c07d79b43ba8039c1,5926bb457d5cd340179e,98a53162277b03dae97d
asap7,uart,shipped,shipped,7,270.0,1255.029,365,4,False,5,1.1e-07,True,False,1663994,1146624,0,619,0,624,302.4054,-32.4054,-1184.07,65.115,2786,7.28,0,11.25,False,0,93.2391,851,1.51,False,4,6.4619140625,0,1f56af0701e76f441f3d,6527c802269a735201cf,30755a77fc4cfe00a569
asap7,uart,shipped,shipped,8,270.0,1257.302,369,4,False,5,1e-07,True,False,1661998,1151126,0,619,0,624,306.2524,-36.2524,-1355.06,68.6007,2853,7.37,0,12.71,False,0,92.8892,849,1.52,False,4,6.4619140625,0,913f1be4f6ab7d186b54,9ebf8592ed824c639a03,795ed5f45813b7e0a2a2
asap7,uart,shipped,shipped,9,270.0,1283.879,367,4,False,5,1.2e-07,True,False,1663809,1145662,0,619,0,624,,,,,,,,,,,93.4432,854,1.67,False,4,6.4619140625,0,e45a7b9c5637504efcf7,b891f0eb92fd43da72b1,
asap7,uart,shipped,shipped,10,270.0,1269.249,367,4,False,5,8e-08,True,False,1661463,1136393,0,619,0,624,,,,,,,,,,,94.2305,863,1.66,False,4,6.4619140625,0,48c61b668127233c8867,89e4e51b8b0cdd1b03f6,
asap7,uart,shipped,shipped,11,270.0,1276.702,369,4,False,5,7e-08,True,False,1662484,1138910,0,619,0,624,,,,,,,,,,,93.3849,854,1.64,False,4,6.4619140625,0,4327ffedc11d83e2a23c,ac139fef8876a1cc5af6,
asap7,uart,shipped,shipped,12,270.0,1250.63,364,4,False,5,9e-08,True,False,1662110,1147288,0,619,0,624,,,,,,,,,,,93.035,850,1.69,False,4,6.4619140625,0,9a88ad78a505f94a02c0,a9ffd18da8aeec2f5ede,
asap7,uart,shipped,shipped,13,270.0,1265.338,362,4,False,5,8e-08,True,False,1662687,1147133,0,619,0,624,,,,,,,,,,,93.3849,852,1.67,False,4,6.390625,0,2d86170265d47e9a0c8d,311d10b4eec8b553ad46,
asap7,uart,shipped,shipped,14,270.0,1284.73,368,4,False,5,8e-08,True,False,1661754,1145787,0,619,0,624,,,,,,,,,,,93.2974,853,1.66,False,4,6.390625,0,951ff0e488e34ca40e2d,74c3360131bf7e38a5a6,
asap7,uart,shipped,shipped,15,270.0,1305.175,369,4,False,5,1.1e-07,True,False,1658964,1152089,0,619,0,624,,,,,,,,,,,94.7846,870,1.67,False,4,6.390625,0,e94e164d524a6f34d722,2b2e60b6cbd1bce9663d,
asap7,uart,shipped,shipped,16,270.0,1269.574,370,4,False,5,9e-08,True,False,1662193,1145877,0,619,0,624,,,,,,,,,,,93.1225,851,1.66,False,4,6.390625,0,0a2cf5dd5413390e638f,1a74a0c47af12cf84189,
asap7,uart,spread,spread,1,270.0,1276.018,375,4,False,5,1.1e-07,True,False,1682132,1106271,,,,,303.18240000000003,-33.1824,-1425.52,67.5009,2824,7.4,0,12.87,False,0,93.2391,855,1.57,False,4,7.7900390625,0,9c670d3bcde1619943ef,612e4c456215c13275a0,e2ec2a89ea615e0f04b4
asap7,uart,spread,spread,2,270.0,1283.232,378,4,False,5,1e-07,True,False,1681898,1110962,,,,,305.9975,-35.9975,-1397.03,67.8881,2806,7.35,0,14.03,False,0,93.2099,854,1.64,False,4,7.7900390625,0,adebed888b6f96741e67,2b0368067e4d596d74e5,68f18e14314babdf57d5
asap7,uart,spread,spread,3,270.0,1296.891,377,4,False,5,1.1e-07,True,False,1680460,1111483,,,,,304.9419,-34.9419,-1247.1,67.5713,2798,7.44,0,13.18,False,0,93.5015,856,1.59,False,4,7.7900390625,0,81768e927d0232679a78,60ef7008fe0c824d27ad,9a83e96655025b0089bb
asap7,uart,spread,spread,4,270.0,1270.293,374,4,False,5,9e-08,True,False,1683869,1110671,,,,,305.7935,-35.7935,-1444.42,67.83,2814,7.42,0,13.59,False,0,92.8892,849,1.57,False,4,7.7900390625,0,15a09c0eb850c1cdcfc0,7002bfdc878f951158ff,706f1485d7e2d056c61d
asap7,uart,spread,spread,5,270.0,1288.977,374,4,False,5,1e-07,True,False,1676888,1111295,,,,,303.5636,-33.5636,-1138.94,67.797,2868,7.52,0,12.78,False,0,93.9098,862,1.45,False,4,8.28759765625,0,578ffb106c6acc53c658,99703f55dbefb8cba867,873b54e7b5fb3495e7b7
asap7,uart,spread,spread,6,270.0,1280.574,375,4,False,5,1e-07,True,False,1680151,1109629,,,,,310.2418,-40.2418,-1302.28,69.029,2826,7.41,0,12.3,False,0,93.2099,852,1.51,False,4,8.28759765625,0,d3f41285d4cf16ff002d,0bec50ab5a0ed337833c,9fe89ec6c0729f006497
asap7,uart,spread,spread,7,270.0,1273.705,376,4,False,5,1.2e-07,True,False,1682436,1108900,,,,,300.9654,-30.9654,-1140.58,68.6242,2802,7.3,0,12.32,False,0,93.589,857,1.63,False,4,8.28759765625,0,ee020003abc6641f3ede,6db70249fc4170482dd4,c7fbbe439bc798afa626
asap7,uart,spread,spread,8,270.0,1289.987,378,4,False,5,1.1e-07,True,False,1678423,1112529,,,,,308.0198,-38.0198,-1432.91,65.8213,2814,7.43,0,12.32,False,0,94.2597,862,1.53,False,4,8.28759765625,0,a6d9ac5bf06a92fe6546,ab5e9b8514f9d51068bf,ac3486292732c5fbd741
asap7,uart,spread,spread,9,270.0,1296.241,379,4,False,5,9e-08,True,False,1678210,1110159,,,,,,,,,,,,,,,93.3557,853,1.54,False,4,8.28759765625,0,23f1462cda7c72fdfa58,93095bb4d35380fffd42,
asap7,uart,spread,spread,10,270.0,1289.61,379,4,False,5,6e-08,True,False,1682986,1110010,,,,,,,,,,,,,,,93.1808,851,1.57,False,4,8.28759765625,0,a5ee7280d657e60972bf,04505da0ecc821b2ac13,
asap7,uart,spread,spread,11,270.0,1280.867,378,4,False,5,1e-07,True,False,1679033,1110602,,,,,,,,,,,,,,,93.2099,852,1.51,False,4,8.3447265625,0,9dcb12a4cdb64df6f282,ef569d9452df6e05ccdc,
asap7,uart,spread,spread,12,270.0,1275.242,375,4,False,5,1e-07,True,False,1680116,1107079,,,,,,,,,,,,,,,93.1516,852,1.58,False,4,8.15673828125,0,7882bbeafb9d1a7cd558,ce043c2998038ab12adb,
asap7,uart,spread,spread,13,270.0,1285.226,376,4,False,5,9e-08,True,False,1677884,1110455,,,,,,,,,,,,,,,93.5015,856,1.59,False,4,8.15673828125,0,e91801267556efa9cdb4,93f39612e60c3cad048f,
asap7,uart,spread,spread,14,270.0,1289.153,380,4,False,5,9e-08,True,False,1680596,1111386,,,,,,,,,,,,,,,93.0641,851,1.7,False,4,8.15673828125,0,d5b93b1487a8c73f95cf,5b5cbd9b8e3ae3e24b10,
asap7,uart,spread,spread,15,270.0,1287.34,378,4,False,5,9e-08,True,False,1680582,1111571,,,,,,,,,,,,,,,93.4432,854,1.62,False,4,8.15673828125,0,085edd78c9157b20bcbb,163e810025840c14adfd,
asap7,uart,spread,spread,16,270.0,1301.415,374,4,False,5,1e-07,True,False,1679621,1109196,,,,,,,,,,,,,,,93.4141,855,1.55,False,4,8.15673828125,0,c17cd676b488797d85f9,f13779c85a2610052f91,
asap7,uart,uniform,uniform,1,270.0,1282.747,374,4,False,5,1.1e-07,True,False,1672949,1128643,,,,,,,,,,,,,,,93.589,857,1.53,False,4,8.013671875,0,7c005c456fc54c60bb5d,f4cb5aa78dbdd6fc64c9,
asap7,uart,uniform,uniform,2,270.0,1278.616,374,4,False,5,1.1e-07,True,False,1700728,1116953,,,,,,,,,,,,,,,93.2099,854,1.58,False,4,8.013671875,0,7915833d28a455096b57,32adc70fb6a87c6a7b65,
asap7,uart,uniform,uniform,3,270.0,1287.57,363,4,False,5,9e-08,True,False,1711694,1164245,,,,,,,,,,,,,,,93.8223,859,1.55,False,4,8.013671875,0,62343885f1afca6b7405,6fa73ad98c282fcd9f18,
asap7,uart,uniform,uniform,4,270.0,1252.322,370,4,False,5,9e-08,True,False,1670261,1128391,,,,,,,,,,,,,,,93.2391,853,1.56,False,4,8.013671875,0,62030db3326618d7a8b5,472e8cdf20aad037e9f9,
asap7,uart,uniform,uniform,5,270.0,1249.921,371,4,False,5,6e-08,True,False,1671197,1119733,,,,,,,,,,,,,,,93.035,850,1.52,False,4,7.85205078125,0,823dfa8f1194543f80c6,ca1865b6defa076d0c7f,
asap7,uart,uniform,uniform,6,270.0,1292.659,375,4,False,5,1.1e-07,True,False,1683841,1110203,,,,,,,,,,,,,,,94.2889,865,1.51,False,4,7.85205078125,0,31d6743e508570413c02,58d1d79b13a2c1e15871,
asap7,uart,uniform,uniform,7,270.0,1267.083,371,4,False,5,8e-08,True,False,1670397,1130062,,,,,,,,,,,,,,,93.1225,851,1.56,False,4,7.85205078125,0,c2531e1470539ae68dcc,eaebc5e5c21273bd1eec,
asap7,uart,uniform,uniform,8,270.0,1300.67,367,4,False,5,1.1e-07,True,False,1712247,1159942,,,,,,,,,,,,,,,93.0933,850,1.61,False,4,7.85205078125,0,dde2a9799b570fbe8b48,e06d1d25268397d45919,
asap7,uart,uniform,uniform,9,270.0,1288.685,366,4,False,5,8e-08,True,False,1695440,1140932,,,,,,,,,,,,,,,93.8806,859,1.59,False,4,7.85205078125,0,ef20e0eb1e610710ffcc,923c3acd8e4c88368f53,
asap7,uart,uniform,uniform,10,270.0,1298.955,375,4,False,5,1.1e-07,True,False,1679139,1116190,,,,,,,,,,,,,,,94.6679,868,1.57,False,4,7.85205078125,0,9890ece58af5502d5f0b,4429dcc998935f1b746a,
asap7,uart,uniform,uniform,11,270.0,1325.639,375,4,False,5,7e-08,True,False,1723832,1103290,,,,,,,,,,,,,,,93.9681,860,1.49,False,4,7.56689453125,0,9c84d7dda6ed03a1f08c,877823aaa0872b624866,
asap7,uart,uniform,uniform,12,270.0,1274.72,379,4,False,5,1.2e-07,True,False,1691673,1118883,,,,,,,,,,,,,,,93.1225,851,1.56,False,4,7.56689453125,0,946803b901d891280fab,303aeb89be538f7ebe2c,
asap7,uart,uniform,uniform,13,270.0,1275.63,377,4,False,5,1.2e-07,True,False,1692187,1110971,,,,,,,,,,,,,,,94.1431,862,1.53,False,4,7.56689453125,0,90925cf1c8d3eb13af48,b39be0e3d8a53b7a6cfe,
asap7,uart,uniform,uniform,14,270.0,1245.685,368,4,False,5,1.1e-07,True,False,1666512,1132981,,,,,,,,,,,,,,,93.1225,851,1.5,False,4,7.56689453125,0,c04db2e4a87ef6a8ed8b,ed60caaa1b6f1315a514,
asap7,uart,uniform,uniform,15,270.0,1296.078,365,4,False,5,1.1e-07,True,False,1685453,1155307,,,,,,,,,,,,,,,93.9098,860,1.52,False,4,7.56689453125,0,b33f79e13151ee85fa92,b89d7bcaa962e4bca51f,
asap7,uart,uniform,uniform,16,270.0,1304.767,375,4,False,5,7e-08,True,False,1666024,1108234,,,,,,,,,,,,,,,94.9595,870,1.52,False,4,7.56689453125,0,300b64b82a4d06d4ddc1,70d88c4228d1db7d33f8,
asap7,uart,uniform,uniform,17,270.0,1247.173,370,4,False,5,1e-07,True,False,1687496,1150749,,,,,,,,,,,,,,,94.2305,863,1.51,False,4,8.40283203125,0,e2762d915c05c652def8,5574b0df5928dd53521f,
asap7,uart,uniform,uniform,18,270.0,1274.184,374,4,False,5,1.2e-07,True,False,1695907,1116431,,,,,,,,,,,,,,,93.8806,859,1.53,False,4,8.40283203125,0,50966fb8f1b51628fa71,1e828125e7950f103c8d,
asap7,uart,uniform,uniform,19,270.0,1251.31,371,4,False,5,1e-07,True,False,1663329,1134879,,,,,,,,,,,,,,,93.035,850,1.51,False,4,8.40283203125,0,a6432f228458b123dfca,e6df9f8519e9e73eee51,
asap7,uart,uniform,uniform,20,270.0,1275.116,371,4,False,5,1.2e-07,True,False,1676700,1108984,,,,,,,,,,,,,,,94.2014,862,1.59,False,4,8.40283203125,0,b185d67625c361982cb9,060749d7499ae8fb7e9f,
asap7,uart,uniform,uniform,21,270.0,1281.563,374,4,False,5,1.2e-07,True,False,1702436,1106672,,,,,,,,,,,,,,,93.9681,860,1.6,False,4,8.40283203125,0,9cc3d51350d0ffed517b,1539350083bda7330fe1,
asap7,uart,uniform,uniform,22,270.0,1268.052,368,4,False,5,1.1e-07,True,False,1695134,1136484,,,,,,,,,,,,,,,93.3266,852,1.5,False,4,8.40283203125,0,d70c377693d1aa926189,c1a9d6e79d82a8235ca1,
asap7,uart,uniform,uniform,23,270.0,1280.72,370,4,False,5,1.1e-07,True,False,1678954,1127598,,,,,,,,,,,,,,,93.8223,857,1.47,False,4,8.2099609375,0,1031ad94a68da936099a,21e01dd9d58db353502a,
asap7,uart,uniform,uniform,24,270.0,1284.515,372,4,False,5,8e-08,True,False,1674645,1125693,,,,,,,,,,,,,,,92.9183,848,1.47,False,4,8.2099609375,0,99c6160ef1923a51fedc,6bd54e30fb78c629b353,
asap7,uart,uniform,uniform,25,270.0,1285.621,374,4,False,5,8e-08,True,False,1679672,1112926,,,,,,,,,,,,,,,93.5307,855,1.53,False,4,8.2099609375,0,723ff749f76a647b1146,95bfe6c6caa6f3b6312a,
asap7,uart,uniform,uniform,26,270.0,1286.316,372,4,False,5,9e-08,True,False,1670795,1136606,,,,,,,,,,,,,,,93.7057,857,1.55,False,4,8.2099609375,0,103b281b2a7934a24ef3,0e6b3669ae7bd5eb4819,
asap7,uart,uniform,uniform,27,270.0,1277.226,371,4,False,5,8e-08,True,False,1693228,1120857,,,,,,,,,,,,,,,93.3557,853,1.51,False,4,8.03271484375,0,ba22bf32f270571dc39b,b04e47b056e277b95c37,
asap7,uart,uniform,uniform,28,270.0,1293.811,371,4,False,5,1.1e-07,True,False,1688789,1143628,,,,,,,,,,,,,,,93.764,859,1.53,False,4,8.03271484375,0,2106fe12cee9191c0f0e,d87b94a559fe111f8727,
asap7,uart,uniform,uniform,29,270.0,1285.759,370,4,False,5,9e-08,True,False,1688607,1127519,,,,,,,,,,,,,,,94.9304,869,1.51,False,4,8.02978515625,0,97eb60534b96c047a447,a19daf5e5ef17dd5e1da,
asap7,uart,uniform,uniform,30,270.0,1306.334,378,4,False,5,7e-08,True,False,1693670,1122487,,,,,,,,,,,,,,,93.2683,852,1.53,False,4,8.02978515625,0,7400378cd7f0e6dd0523,bafa19ef84320ecd60b0,
asap7,uart,uniform,uniform,31,270.0,1236.28,368,4,False,5,9e-08,True,False,1661249,1141769,,,,,,,,,,,,,,,92.6559,845,1.51,False,4,8.02978515625,0,573a1aec5cff7f83de6f,8c79f9292ab452530f6e,
asap7,uart,uniform,uniform,32,270.0,1236.096,367,4,False,5,1.2e-07,True,False,1686349,1152763,,,,,,,,,,,,,,,93.589,855,1.6,False,4,8.02978515625,0,6be0dd7969ba326a3987,6687b95cec03698b94d6,
gf180,riscv32i,anchored,anchored,1,9.0,388228.9,452,4,False,5,4.24e-06,True,False,885982894,345932913,,,,,9.299961,-0.299961,-2.12339,0.312358,776806,25.04,0,45.25,False,0,362125,7995,7.85,False,4,9.83056640625,0,57535caad7febc7001b0,27280343ef2f6b58500b,7fd2339cf7e430b6f271
gf180,riscv32i,anchored,anchored,2,9.0,386831.2,451,4,False,5,6.59e-06,True,False,884232823,343554163,,,,,9.0548201,-0.0548201,-0.10077,0.308948,775950,25.16,0,45.25,False,0,360974,7977,7.88,False,4,9.83056640625,0,c47d78a79ed5a75318ee,abd41f3f7f560d839176,eaf26a56656e52ce828a
gf180,riscv32i,anchored,anchored,3,9.0,388477.0,451,4,False,5,4.24e-06,True,False,885390439,345998844,,,,,9.379638,-0.379638,-4.04864,0.310042,782888,25.07,0,44.9,False,0,361775,7993,10.24,False,4,9.83056640625,0,15a64195117859fb7372,8ad840426a76826906b8,afd230552e319a37fdeb
gf180,riscv32i,anchored,anchored,4,9.0,388768.1,451,4,False,5,4.24e-06,True,False,886094222,345890238,,,,,9.239112,-0.239112,-0.699317,0.312939,778537,25.2,0,45.13,False,0,362306,7997,8.98,False,4,9.83056640625,0,b8faec7b17ef58195405,ee1faf8835bb1408a27d,38cf9226432c30aa687b
gf180,riscv32i,anchored,anchored,5,9.0,379662.7,452,4,False,5,4.24e-06,True,False,886182634,345951531,,,,,9.302278,-0.302278,-1.40428,0.309486,773018,24.95,0,44.86,False,0,358524,7933,8.78,False,4,9.83056640625,0,5448a6d4a7d41eee21e6,412cf742503ead74776e,01860b5687d4562c936b
gf180,riscv32i,anchored,anchored,6,9.0,385014.4,453,4,False,5,6.99e-06,True,False,887335386,345326527,,,,,9.160712,-0.160712,-0.359876,0.30995,778386,25.23,0,45.31,False,0,363536,7999,8.23,False,4,9.83056640625,0,bfa5be4b46b67f9e788e,37fddcb4b7f1ee5775d7,09bbb2428efcfe308dd5
gf180,riscv32i,anchored,anchored,7,9.0,382871.3,450,4,False,5,6.99e-06,True,False,887353107,345342071,,,,,9.308374,-0.308374,-3.18345,0.311726,784576,25.07,0,45.16,False,0,360308,7973,8.18,False,4,9.02001953125,0,82c0603ab1d55c180422,8b67dc54b09387ec4b8b,84cadfbb300adadd06e7
gf180,riscv32i,anchored,anchored,8,9.0,384312.1,452,4,False,5,4.24e-06,True,False,885567869,345914256,,,,,9.247279,-0.247279,-0.687875,0.309728,772934,24.99,0,44.65,False,0,360500,7971,8.52,False,4,9.02001953125,0,e20de57eb1e1a4c4486f,a277eb8ae373fe39b5dc,f78659200d732a71fdce
gf180,riscv32i,anchored,anchored,9,9.0,385538.7,451,4,False,5,4.24e-06,True,False,887323127,345867595,,,,,,,,,,,,,,,361504,7969,7.85,False,4,9.02001953125,0,1b8237e243ac67a7003d,0f1f3ea29d443b8c672e,
gf180,riscv32i,anchored,anchored,10,9.0,389855.5,538,5,False,5,4.24e-06,True,False,886211049,345905342,,,,,,,,,,,,,,,360183,7969,8.04,False,4,9.02001953125,0,56c51c16e7a0eea17b30,8e91de625e6252cd450a,
gf180,riscv32i,anchored,anchored,11,9.0,388454.7,451,4,False,5,6.99e-06,True,False,887178933,345338036,,,,,,,,,,,,,,,362436,8020,7.92,False,4,9.02001953125,0,bc5fe6c096afe613e17d,f77ff44f7220d5c52666,
gf180,riscv32i,anchored,anchored,12,9.0,383745.9,451,4,False,5,6.59e-06,True,False,883989677,343672034,,,,,,,,,,,,,,,360483,7962,8.09,False,4,9.02001953125,0,98f2a9e6304037e4d87b,0a47d8dfd2d62d46154f,
gf180,riscv32i,anchored,anchored,13,9.0,392800.4,451,4,False,5,4.24e-06,True,False,886373640,345918524,,,,,,,,,,,,,,,360539,7978,7.34,False,4,8.99609375,0,5ec227a77d219b31e20d,8aa56e5f4fdeb3e098ef,
gf180,riscv32i,anchored,anchored,14,9.0,388930.2,449,4,False,5,4.97e-06,True,False,884617046,344128671,,,,,,,,,,,,,,,361798,7991,7.49,False,4,8.99609375,0,5a2c45f9016216e7da96,edba8349b27e7be4777d,
gf180,riscv32i,anchored,anchored,15,9.0,389548.2,449,4,False,5,5.12e-06,True,False,884992160,344433330,,,,,,,,,,,,,,,362639,8014,7.43,False,4,8.755859375,0,f1c0df4eee5404a0a122,f5b2fea5b7595a2bfb60,
gf180,riscv32i,anchored,anchored,16,9.0,387253.5,451,4,False,5,4.24e-06,True,False,885559521,345887850,,,,,,,,,,,,,,,359562,7943,7.29,False,4,8.755859375,0,23dfe84050def780c50a,099b0b46ee52c7eb931b,
gf180,riscv32i,center,center,1,9.0,383792.2,458,4,False,7,9.62e-06,True,False,885982894,344717211,,,,,,,,,,,,,,,361137,7964,8.21,False,4,10.513671875,0,d286222c324625f291ef,27280343ef2f6b58500b,
gf180,riscv32i,center,center,2,9.0,385400.7,460,4,False,5,8.34e-06,True,False,884232823,347636918,,,,,,,,,,,,,,,361691,7972,8.15,False,4,10.513671875,0,c0a9cbb6607aaf3de5e0,abd41f3f7f560d839176,
gf180,riscv32i,center,center,3,9.0,390176.7,459,4,False,7,9.62e-06,True,False,885390439,344756903,,,,,,,,,,,,,,,362012,7969,8.05,False,4,11.4091796875,0,95324b8e93d1419fb8d6,8ad840426a76826906b8,
gf180,riscv32i,center,center,4,9.0,386597.5,459,4,False,7,9.62e-06,True,False,886094222,344662426,,,,,,,,,,,,,,,362424,7970,8.22,False,4,11.4091796875,0,abb7aed80036aad1faab,ee1faf8835bb1408a27d,
gf180,riscv32i,center,center,5,9.0,385279.8,460,4,False,7,9.62e-06,True,False,886182634,344724030,,,,,,,,,,,,,,,361024,7956,8.47,False,4,11.4091796875,0,995fa71f2f635cf623b2,412cf742503ead74776e,
gf180,riscv32i,center,center,6,9.0,383330.3,460,4,False,8,6.42e-06,True,False,887335386,343623802,,,,,,,,,,,,,,,360703,7971,8.68,False,4,11.4091796875,0,7441bc034feee6a92967,37fddcb4b7f1ee5775d7,
gf180,riscv32i,center,center,7,9.0,389400.5,458,4,False,8,6.42e-06,True,False,887353107,343612076,,,,,,,,,,,,,,,363288,7997,8.49,False,4,11.4091796875,0,803c04e15f4da45623d9,8b67dc54b09387ec4b8b,
gf180,riscv32i,center,center,8,9.0,385294.0,460,4,False,7,9.62e-06,True,False,885567869,344696714,,,,,,,,,,,,,,,361058,7974,8.5,False,4,11.4091796875,0,f36e61185e822a4d2592,a277eb8ae373fe39b5dc,
gf180,riscv32i,center,center,9,9.0,388327.1,548,5,False,7,9.62e-06,True,False,887323127,344648043,,,,,,,,,,,,,,,362831,7988,8.12,False,4,11.97119140625,0,6c6b74866ae112296d43,0f1f3ea29d443b8c672e,
gf180,riscv32i,center,center,10,9.0,390477.9,547,5,False,7,9.62e-06,True,False,886211049,344675175,,,,,,,,,,,,,,,361194,7980,8.2,False,4,11.97119140625,0,7b822aa4cfb63903aac0,8e91de625e6252cd450a,
gf180,riscv32i,center,center,11,9.0,391243.7,461,4,False,8,6.42e-06,True,False,887178933,343633430,,,,,,,,,,,,,,,362199,7990,8.29,False,4,11.97119140625,0,1a17696ae7a2fad8a230,f77ff44f7220d5c52666,
gf180,riscv32i,center,center,12,9.0,382735.6,546,5,False,5,8.34e-06,True,False,883989677,347742477,,,,,,,,,,,,,,,361160,7974,8.11,False,4,11.97119140625,0,8c6906117b379c016de2,0a47d8dfd2d62d46154f,
gf180,riscv32i,center,center,13,9.0,390902.2,549,5,False,7,9.62e-06,True,False,886373640,344699286,,,,,,,,,,,,,,,362402,7996,8.25,False,4,11.97119140625,0,aa0f3dca0f18fc79a312,8aa56e5f4fdeb3e098ef,
gf180,riscv32i,center,center,14,9.0,388974.3,546,5,False,8,9.16e-06,True,False,884617046,343429458,,,,,,,,,,,,,,,363000,7988,7.96,False,4,11.97119140625,0,251fcda254f51d769826,edba8349b27e7be4777d,
gf180,riscv32i,center,center,15,9.0,388015.8,460,4,False,5,9.14e-06,True,False,884992160,347549853,,,,,,,,,,,,,,,362938,8019,8.16,False,4,11.73681640625,0,309a75471ce49bd7d257,f5b2fea5b7595a2bfb60,
gf180,riscv32i,center,center,16,9.0,388731.5,545,5,False,7,9.62e-06,True,False,885559521,344667404,,,,,,,,,,,,,,,359873,7950,7.99,False,4,11.73681640625,0,34d5ea70f35c67dcd293,099b0b46ee52c7eb931b,
gf180,riscv32i,corner_ll,corner_ll,1,9.0,383436.7,458,4,False,17,9.95e-06,True,False,872609343,354987078,,,,,,,,,,,,,,,358908,7953,8.02,False,4,10.1064453125,0,3bfc45b4e2c89fdd274e,5ed67e5a7b2244d8cdd0,
gf180,riscv32i,corner_ll,corner_ll,2,9.0,385283.2,459,4,False,17,9.95e-06,True,False,872609343,354987078,,,,,,,,,,,,,,,359455,7960,8.18,False,4,10.1064453125,0,a0231372ae91d44237ad,5ed67e5a7b2244d8cdd0,
gf180,riscv32i,corner_ll,corner_ll,3,9.0,381434.4,457,4,False,17,9.95e-06,True,False,872609343,354987078,,,,,,,,,,,,,,,358230,7929,8.04,False,4,10.1064453125,0,459b50af70d4465977f6,5ed67e5a7b2244d8cdd0,
gf180,riscv32i,corner_ll,corner_ll,4,9.0,385138.5,459,4,False,17,9.95e-06,True,False,872609343,354987078,,,,,,,,,,,,,,,359354,7954,8.33,False,4,10.1064453125,0,1bc56f773112e47a1cc7,5ed67e5a7b2244d8cdd0,
gf180,riscv32i,corner_ll,corner_ll,5,9.0,383305.8,457,4,False,17,9.95e-06,True,False,872609343,354987078,,,,,,,,,,,,,,,360172,7961,8.29,False,4,9.9375,0,abd0e1d286f07076f772,5ed67e5a7b2244d8cdd0,
gf180,riscv32i,corner_ll,corner_ll,6,9.0,385920.9,548,5,False,17,9.95e-06,True,False,872609343,354987078,,,,,,,,,,,,,,,358998,7939,8.04,False,4,9.9375,0,f837c7961f60fb791eb1,5ed67e5a7b2244d8cdd0,
gf180,riscv32i,corner_ll,corner_ll,7,9.0,384920.8,458,4,False,17,9.95e-06,True,False,872609343,354987078,,,,,,,,,,,,,,,360014,7957,8.12,False,4,9.60693359375,0,82db787ec9980d87e1d4,5ed67e5a7b2244d8cdd0,
gf180,riscv32i,corner_ll,corner_ll,8,9.0,388618.6,547,5,False,17,9.95e-06,True,False,872609343,354987078,,,,,,,,,,,,,,,361453,7984,8.08,False,4,9.60693359375,0,7a0b42ec03bf2813a848,5ed67e5a7b2244d8cdd0,
gf180,riscv32i,corner_ll,corner_ll,9,9.0,390558.6,636,6,False,17,9.95e-06,True,False,872609343,354987078,,,,,,,,,,,,,,,360855,7974,8.22,False,4,9.60693359375,0,861b1301f61db0dd32b2,5ed67e5a7b2244d8cdd0,
gf180,riscv32i,corner_ll,corner_ll,10,9.0,381808.8,460,4,False,17,9.95e-06,True,False,872609343,354987078,,,,,,,,,,,,,,,358902,7934,8.33,False,4,9.60693359375,0,67e0916e4f3b2f2eec43,5ed67e5a7b2244d8cdd0,
gf180,riscv32i,corner_ll,corner_ll,11,9.0,386028.2,458,4,False,17,9.95e-06,True,False,872609343,354987078,,,,,,,,,,,,,,,359986,7964,8.24,False,4,9.60693359375,0,939642275d9b25cf069d,5ed67e5a7b2244d8cdd0,
gf180,riscv32i,corner_ll,corner_ll,12,9.0,384622.2,637,6,False,17,9.95e-06,True,False,872609343,354987078,,,,,,,,,,,,,,,359399,7950,8.5,False,4,9.55810546875,0,8c701cac66b58492bc4b,5ed67e5a7b2244d8cdd0,
gf180,riscv32i,corner_ll,corner_ll,13,9.0,381195.3,457,4,False,17,9.95e-06,True,False,872609343,354987078,,,,,,,,,,,,,,,359805,7938,8.07,False,4,8.9111328125,0,08710dd05f1fc89ab235,5ed67e5a7b2244d8cdd0,
gf180,riscv32i,corner_ll,corner_ll,14,9.0,383989.0,459,4,False,17,9.95e-06,True,False,872609343,354987078,,,,,,,,,,,,,,,360415,7962,8.28,False,4,8.9111328125,0,9c795fa1d18ece4940e4,5ed67e5a7b2244d8cdd0,
gf180,riscv32i,corner_ll,corner_ll,15,9.0,385858.2,460,4,False,17,9.95e-06,True,False,872609343,354987078,,,,,,,,,,,,,,,359489,7954,8.36,False,4,8.9111328125,0,3c69e15db38c6f89e941,5ed67e5a7b2244d8cdd0,
gf180,riscv32i,corner_ll,corner_ll,16,9.0,385578.8,460,4,False,17,9.95e-06,True,False,872609343,354987078,,,,,,,,,,,,,,,358648,7937,7.97,False,4,8.9111328125,0,4f819e21165d351a4d6f,5ed67e5a7b2244d8cdd0,
gf180,riscv32i,corner_ur,corner_ur,1,9.0,383979.8,453,4,False,5,8.8e-07,True,False,868922542,399642505,,,,,,,,,,,,,,,360844,7982,8.34,False,4,8.9111328125,0,e838003ce3d56e6aa0cd,fe0caf0393c6e487600b,
gf180,riscv32i,corner_ur,corner_ur,2,9.0,393477.6,452,4,False,5,8.8e-07,True,False,868922542,399642505,,,,,,,,,,,,,,,362848,8007,8.16,False,4,8.837890625,0,ebebea071c85c6cb2470,fe0caf0393c6e487600b,
gf180,riscv32i,corner_ur,corner_ur,3,9.0,389005.2,452,4,False,5,8.8e-07,True,False,868922542,399642505,,,,,,,,,,,,,,,362182,7985,7.92,False,4,8.87451171875,0,7961f30c333d65b113ed,fe0caf0393c6e487600b,
gf180,riscv32i,corner_ur,corner_ur,4,9.0,387362.8,451,4,False,5,8.8e-07,True,False,868922542,399642505,,,,,,,,,,,,,,,360313,7972,7.88,False,4,8.87451171875,0,07b2e8dc511de62590ad,fe0caf0393c6e487600b,
gf180,riscv32i,corner_ur,corner_ur,5,9.0,390444.5,452,4,False,5,8.8e-07,True,False,868922542,399642505,,,,,,,,,,,,,,,362424,8010,7.98,False,4,8.87451171875,0,20ab62da0bc05a70fdcd,fe0caf0393c6e487600b,
gf180,riscv32i,corner_ur,corner_ur,6,9.0,388658.2,452,4,False,5,8.8e-07,True,False,868922542,399642505,,,,,,,,,,,,,,,362554,8009,7.91,False,4,8.87451171875,0,e8ddcb23e3c55d2633f8,fe0caf0393c6e487600b,
gf180,riscv32i,corner_ur,corner_ur,7,9.0,391078.8,454,4,False,5,8.8e-07,True,False,868922542,399642505,,,,,,,,,,,,,,,360697,7962,8.17,False,4,8.87451171875,0,13103f5826cb1a7240bc,fe0caf0393c6e487600b,
gf180,riscv32i,corner_ur,corner_ur,8,9.0,388138.7,452,4,False,5,8.8e-07,True,False,868922542,399642505,,,,,,,,,,,,,,,361335,7979,7.96,False,4,8.87451171875,0,e8ad8297738488450319,fe0caf0393c6e487600b,
gf180,riscv32i,corner_ur,corner_ur,9,9.0,389927.7,452,4,False,5,8.8e-07,True,False,868922542,399642505,,,,,,,,,,,,,,,362153,7992,7.99,False,4,8.26123046875,0,da6dd1fd138364ffd722,fe0caf0393c6e487600b,
gf180,riscv32i,corner_ur,corner_ur,10,9.0,389094.3,452,4,False,5,8.8e-07,True,False,868922542,399642505,,,,,,,,,,,,,,,361866,7995,8.06,False,4,8.26123046875,0,6227403491cff7746ae5,fe0caf0393c6e487600b,
gf180,riscv32i,corner_ur,corner_ur,11,9.0,389661.1,453,4,False,5,8.8e-07,True,False,868922542,399642505,,,,,,,,,,,,,,,362707,8000,8.24,False,4,8.26123046875,0,d89249d59b5bc5dced0d,fe0caf0393c6e487600b,
gf180,riscv32i,corner_ur,corner_ur,12,9.0,387705.5,453,4,False,5,8.8e-07,True,False,868922542,399642505,,,,,,,,,,,,,,,361295,7972,8.33,False,4,8.26123046875,0,90b0221a8335a34a7045,fe0caf0393c6e487600b,
gf180,riscv32i,corner_ur,corner_ur,13,9.0,386306.2,454,4,False,5,8.8e-07,True,False,868922542,399642505,,,,,,,,,,,,,,,361132,7967,8.07,False,4,8.26123046875,0,dd7cb0b6ec3fcbbf2aba,fe0caf0393c6e487600b,
gf180,riscv32i,corner_ur,corner_ur,14,9.0,385855.5,452,4,False,5,8.8e-07,True,False,868922542,399642505,,,,,,,,,,,,,,,360082,7955,8.32,False,4,8.26123046875,0,fd03e164aa0aff5c3050,fe0caf0393c6e487600b,
gf180,riscv32i,corner_ur,corner_ur,15,9.0,390837.0,453,4,False,5,8.8e-07,True,False,868922542,399642505,,,,,,,,,,,,,,,361510,7980,8.31,False,4,8.15283203125,0,d35769dcbdd90c5d37b7,fe0caf0393c6e487600b,
gf180,riscv32i,corner_ur,corner_ur,16,9.0,384943.6,452,4,False,5,8.8e-07,True,False,868922542,399642505,,,,,,,,,,,,,,,360082,7955,8.42,False,4,8.15283203125,0,5f2ef0b8c62ec7bcc119,fe0caf0393c6e487600b,
gf180,riscv32i,gauss_tight,gauss_tight,1,9.0,388141.1,445,4,False,19,2.75e-06,True,False,865743684,402878881,,,,,,,,,,,,,,,360934,7980,7.95,False,4,9.70361328125,0,a6ce0fc6b5c9e5593a63,a386e6ca96ed4e2ba838,
gf180,riscv32i,gauss_tight,gauss_tight,2,9.0,383931.7,460,4,False,7,4.64e-06,True,False,897670449,356039375,,,,,,,,,,,,,,,359348,7971,8.28,False,4,9.70361328125,0,737ea0404de5da9cfa69,e7f10dc5997f6ee7bcd5,
gf180,riscv32i,gauss_tight,gauss_tight,3,9.0,388797.9,435,4,False,20,0.00023721,False,True,877795499,414141643,,,,,,,,,,,,,,,360251,7961,8.33,False,4,10.29931640625,0,fd56dc6d56765d46a685,b13301f91efabff18968,
gf180,riscv32i,gauss_tight,gauss_tight,4,9.0,374572.8,546,5,False,20,1.957e-05,False,True,859522440,397564595,,,,,,,,,,,,,,,359862,7948,8.08,False,4,10.29931640625,0,d27baabc1be09b816ace,b88bdaa7ff49b6ab15b3,
gf180,riscv32i,gauss_tight,gauss_tight,5,9.0,384960.9,463,4,False,15,7.78e-06,True,False,880025158,345318713,,,,,,,,,,,,,,,360183,7951,8.11,False,4,10.29931640625,0,6447fb536e68b4a3b8e3,3c37186297370ab7340e,
gf180,riscv32i,gauss_tight,gauss_tight,6,9.0,377687.4,460,4,False,9,4.41e-06,True,False,896139520,348363879,,,,,,,,,,,,,,,358179,7896,8.09,False,4,10.29931640625,0,f46b42e43ff4abf37f07,6bf9ad4327fba9fbb953,
gf180,riscv32i,gauss_tight,gauss_tight,7,9.0,395368.7,448,4,False,20,1.836e-05,False,True,882414966,403220188,,,,,,,,,,,,,,,363175,8013,8.24,False,4,10.29931640625,0,fed3b7076762c585535d,1da9be4adee4b8b88e2b,
gf180,riscv32i,gauss_tight,gauss_tight,8,9.0,392291.5,641,6,False,13,9.3e-06,True,False,879523485,346219815,,,,,,,,,,,,,,,362836,8007,8.16,False,4,10.19482421875,0,d4b4761c699b2c246e09,6b17aa834b64f5baa072,
gf180,riscv32i,gauss_tight,gauss_tight,9,9.0,395895.6,463,4,False,12,8.69e-06,True,False,882635815,346553717,,,,,,,,,,,,,,,360500,7965,8.19,False,4,10.060546875,0,f9a3d26acf459e23a320,8276b8ce4265bd6791b2,
gf180,riscv32i,gauss_tight,gauss_tight,10,9.0,400233.3,549,5,False,11,7.4e-06,True,False,897663060,366241414,,,,,,,,,,,,,,,362740,7990,8.13,False,4,10.060546875,0,fad98c52b0815662509f,8845547cd06db995d99e,
gf180,riscv32i,gauss_tight,gauss_tight,11,9.0,386084.9,458,4,False,20,1.012e-05,False,True,877829020,378179224,,,,,,,,,,,,,,,359150,7942,8.26,False,4,10.060546875,0,13884fd47ce648050910,8712650daa5039258c1a,
gf180,riscv32i,gauss_tight,gauss_tight,12,9.0,404156.8,1074,11,False,18,6.08e-06,True,False,885452911,397056215,,,,,,,,,,,,,,,361160,7956,8.7,False,4,10.060546875,0,9fdbd785be319b529d8a,8b9cb57dc12098548466,
gf180,riscv32i,gauss_tight,gauss_tight,13,9.0,377894.0,444,4,False,19,5.95e-06,True,False,864890753,404740691,,,,,,,,,,,,,,,359387,7928,8.21,False,4,10.060546875,0,c8c05c36830bd817e2d2,374639316780da948ec1,
gf180,riscv32i,gauss_tight,gauss_tight,14,9.0,370353.7,460,4,False,6,8.16e-06,True,False,871391385,357068504,,,,,,,,,,,,,,,358800,7926,7.9,False,4,10.45654296875,0,da570f7e4841a5c4ccc3,8e853c7774920270c51b,
gf180,riscv32i,gauss_tight,gauss_tight,15,9.0,385924.1,444,4,False,15,7.48e-06,True,False,866689960,398143474,,,,,,,,,,,,,,,362052,7986,8.59,False,4,10.0908203125,0,fe7989064674ee84720d,7587c71bb854ddae683f,
gf180,riscv32i,gauss_tight,gauss_tight,16,9.0,384790.4,453,4,False,10,6.37e-06,True,False,868713420,384870813,,,,,,,,,,,,,,,360240,7989,8.6,False,4,10.0908203125,0,2bfccd5d5fa740d40db7,d3cd02a0b179e3eeb15e,
gf180,riscv32i,gauss_tight,gauss_tight,17,9.0,391733.1,463,4,False,20,9.53e-06,True,False,879426333,343801146,,,,,,,,,,,,,,,359359,7949,8.32,False,4,10.0908203125,0,a15da436ecf0bc54410d,3c74cd7581a07912d7e3,
gf180,riscv32i,gauss_tight,gauss_tight,18,9.0,387176.8,455,4,False,20,0.00021526,False,True,883137295,388305090,,,,,,,,,,,,,,,361967,7991,8.44,False,4,10.0908203125,0,3a483d13eff97ed62063,78543e939a854bbccef8,
gf180,riscv32i,gauss_tight,gauss_tight,19,9.0,374035.6,460,4,False,20,2.46e-05,False,True,868450906,363392373,,,,,,,,,,,,,,,358445,7959,8.26,False,4,10.0908203125,0,361f247ea1db185532a5,6fc678f65360926a0dfe,
gf180,riscv32i,gauss_tight,gauss_tight,20,9.0,376094.2,446,4,False,13,4.75e-06,True,False,871591451,399058268,,,,,,,,,,,,,,,359873,7960,8.1,False,4,10.0908203125,0,8321d6b277f14afd41ed,b44182f8986278a40353,
gf180,riscv32i,gauss_tight,gauss_tight,21,9.0,390032.3,446,4,False,13,5.3e-06,True,False,882966168,397077946,,,,,,,,,,,,,,,362216,7987,8.35,False,4,9.6298828125,0,daf5744e0258a1d488d6,5dc1feca6036329a1d39,
gf180,riscv32i,gauss_tight,gauss_tight,22,9.0,391110.9,432,4,False,20,8.944e-05,False,True,871031408,424543843,,,,,,,,,,,,,,,360065,7976,8.48,False,4,9.6298828125,0,bc5519b497a35b9aa05d,2750b7e848b2f059ef48,
gf180,riscv32i,gauss_tight,gauss_tight,23,9.0,396684.2,529,5,False,20,0.00019317,False,True,877999269,415894935,,,,,,,,,,,,,,,361702,7960,8.64,False,4,9.6298828125,0,491686a632121f35937b,a67b4fc7eb72dff31537,
gf180,riscv32i,gauss_tight,gauss_tight,24,9.0,394330.5,543,5,False,9,5.36e-06,True,False,908862919,389889752,,,,,,,,,,,,,,,359698,7931,8.19,False,4,9.6298828125,0,87b59f0d2552e95ebea4,41d4d8973e084fa9d9bc,
gf180,riscv32i,gauss_tight,gauss_tight,25,9.0,391140.6,445,4,False,20,1.411e-05,False,True,865491994,404601252,,,,,,,,,,,,,,,362842,8036,8.39,False,4,9.6298828125,0,6a3f1a7da3713eb83085,d0b651921abcb68c31e0,
gf180,riscv32i,gauss_tight,gauss_tight,26,9.0,385027.3,733,7,False,15,8.2e-06,True,False,871374195,350600481,,,,,,,,,,,,,,,360370,7960,8.38,False,4,9.6298828125,0,b3e828157352584a5686,93758fd56cc95b01e7b7,
gf180,riscv32i,gauss_tight,gauss_tight,27,9.0,406380.3,458,4,False,20,1.885e-05,False,True,901549449,386942891,,,,,,,,,,,,,,,364078,8047,8.56,False,4,9.75390625,0,a76b7c8cafcc234594c1,5f734099d266b3638b70,
gf180,riscv32i,gauss_tight,gauss_tight,28,9.0,386715.6,446,4,False,13,9.09e-06,True,False,889741179,395348179,,,,,,,,,,,,,,,363548,8025,8.64,False,4,9.75390625,0,e9437e2a69f175faeeaa,d68d0a58cb0f0fafee17,
gf180,riscv32i,gauss_tight,gauss_tight,29,9.0,387313.3,455,4,False,7,6.69e-06,True,False,872130238,371009163,,,,,,,,,,,,,,,360567,7953,8.31,False,4,9.75390625,0,954d7d1b83490602146f,df9c5e9774a9d1be1b41,
gf180,riscv32i,gauss_tight,gauss_tight,30,9.0,395902.9,437,4,False,20,9.403e-05,False,True,861446272,406786738,,,,,,,,,,,,,,,362007,8020,8.43,False,4,9.75390625,0,ab77f9368623f955fbe5,f77a808994c31b85f63e,
gf180,riscv32i,gauss_tight,gauss_tight,31,9.0,402918.9,628,6,False,15,9.01e-06,True,False,880131390,399510765,,,,,,,,,,,,,,,361448,8001,8.7,False,4,9.75390625,0,5959ee2b34ca1fa15c49,aaa7343dcd1125dfcf73,
gf180,riscv32i,gauss_tight,gauss_tight,32,9.0,386339.0,550,5,False,20,1.903e-05,False,True,879576769,344780051,,,,,,,,,,,,,,,361053,7949,9.02,False,4,9.75390625,0,75e4be57c81426fa4c95,43b59d29594d2cd16788,
gf180,riscv32i,gauss_wide,gauss_wide,1,9.0,386036.8,448,4,False,15,8.11e-06,True,False,870319746,397046504,,,,,,,,,,,,,,,361448,7987,7.92,False,4,10.1240234375,0,3addd76174520f62bd98,39ec3472c13ab1fb38d9,
gf180,riscv32i,gauss_wide,gauss_wide,2,9.0,388292.9,543,5,False,11,1.9e-06,True,False,893494194,384717006,,,,,,,,,,,,,,,360336,7966,8.31,False,4,10.1240234375,0,ece2709e5c026405a23a,4f91a8615544eb3cd286,
gf180,riscv32i,gauss_wide,gauss_wide,3,9.0,382390.5,433,4,False,20,6.968e-05,False,True,869513737,422824062,,,,,,,,,,,,,,,360782,7977,8.22,False,4,10.1240234375,0,420314735faf5ccc8eba,ab2c55f9667cee61f565,
gf180,riscv32i,gauss_wide,gauss_wide,4,9.0,381577.3,459,4,False,20,2.054e-05,False,True,889691059,351865472,,,,,,,,,,,,,,,360370,7954,8.6,False,4,10.1240234375,0,c0955b7dca956e4be246,7c74767506257cf32d0e,
gf180,riscv32i,gauss_wide,gauss_wide,5,9.0,385588.0,461,4,False,14,9.71e-06,True,False,884139833,345042095,,,,,,,,,,,,,,,358795,7915,7.77,False,4,10.1240234375,0,751175616deb619d52e0,10fbc63dad322690a9cb,
gf180,riscv32i,gauss_wide,gauss_wide,6,9.0,388446.5,448,4,False,13,3.41e-06,True,False,879983996,392962685,,,,,,,,,,,,,,,362114,7981,7.91,False,4,10.1240234375,0,13ae8709af45f590b420,55af1b38a501ef05a8cb,
gf180,riscv32i,gauss_wide,gauss_wide,7,9.0,399384.7,431,4,False,20,0.00011817,False,True,880828586,420783247,,,,,,,,,,,,,,,361736,7996,8.17,False,4,10.7236328125,0,ec43b39cc45e804c6019,080275f2d7b4ae942dbe,
gf180,riscv32i,gauss_wide,gauss_wide,8,9.0,384175.5,457,4,False,20,1.499e-05,False,True,881730774,374221355,,,,,,,,,,,,,,,359783,7964,8.11,False,4,10.34521484375,0,8c7d673f5ebd55ffb476,80b5897d5664bfc85101,
gf180,riscv32i,gauss_wide,gauss_wide,9,9.0,385232.7,462,4,False,15,8.67e-06,True,False,871784764,346205650,,,,,,,,,,,,,,,359500,7944,8.52,False,4,10.34521484375,0,a91ce0d5017077935f08,243aedabbefc56c2a8ab,
gf180,riscv32i,gauss_wide,gauss_wide,10,9.0,393134.2,622,6,False,20,7.014e-05,False,True,870563362,423610292,,,,,,,,,,,,,,,360917,7977,8.58,False,4,10.34521484375,0,6e796b02e6b97a637a8f,f5434f0e8f764f886a76,
gf180,riscv32i,gauss_wide,gauss_wide,11,9.0,384414.0,457,4,False,20,2.83e-05,False,True,877956518,378568068,,,,,,,,,,,,,,,360917,7985,8.07,False,4,10.34521484375,0,7fd3659ee2bbbb685e72,13aa3c8424555711eb75,
gf180,riscv32i,gauss_wide,gauss_wide,12,9.0,386348.0,457,4,False,20,2.428e-05,False,True,891575772,386067116,,,,,,,,,,,,,,,361832,7973,8.23,False,4,10.34521484375,0,ccdce9a12da6c85c3202,033d55e55d1f2acc26bb,
gf180,riscv32i,gauss_wide,gauss_wide,13,9.0,384832.0,455,4,False,20,4.49e-06,True,False,879060361,392970518,,,,,,,,,,,,,,,360426,7958,8.36,False,4,10.45263671875,0,446675757bc43a4ea745,2930da0728492379b20b,
gf180,riscv32i,gauss_wide,gauss_wide,14,9.0,377841.2,460,4,False,7,8.6e-06,True,False,875824474,355282705,,,,,,,,,,,,,,,360833,7958,8.09,False,4,10.3359375,0,6fce0fc8b6ec9590c06b,7ab282cfc376a57de779,
gf180,riscv32i,gauss_wide,gauss_wide,15,9.0,378861.7,457,4,False,12,5e-06,True,False,867439898,386035870,,,,,,,,,,,,,,,359941,7954,8.56,False,4,10.3359375,0,57fc0fad5c965f3237fc,8b8550bcbdd31686660b,
gf180,riscv32i,gauss_wide,gauss_wide,16,9.0,392565.9,460,4,False,8,4.59e-06,True,False,891070376,352192657,,,,,,,,,,,,,,,360579,7973,8.29,False,4,10.3359375,0,6da06e1954bc8037834e,997591cc2c0305871613,
gf180,riscv32i,gauss_wide,gauss_wide,17,9.0,407367.1,520,5,False,20,0.00015232,False,True,894028276,424877431,,,,,,,,,,,,,,,363023,7998,8.48,False,4,10.3359375,0,6c7dc0132c850cd66363,bd9e0d7760b5129122c5,
gf180,riscv32i,gauss_wide,gauss_wide,18,9.0,392325.4,638,6,False,11,2.96e-06,True,False,902574292,357527751,,,,,,,,,,,,,,,358953,7943,8.28,False,4,10.3359375,0,4416a147996e1d77c902,69f1c608ec18ed696982,
gf180,riscv32i,gauss_wide,gauss_wide,19,9.0,389405.7,460,4,False,10,7.86e-06,True,False,877646896,354233396,,,,,,,,,,,,,,,361962,8014,7.89,False,4,9.81689453125,0,d8ee3e24cf00e6aa63fd,dc42fb4a518efcd68fd4,
gf180,riscv32i,gauss_wide,gauss_wide,20,9.0,391728.6,445,4,False,20,8.117e-05,False,True,866257908,405641184,,,,,,,,,,,,,,,360770,7965,7.94,False,4,9.81689453125,0,618e16d8ba5ceeb0a7e7,83f9973512b18144d3fc,
gf180,riscv32i,gauss_wide,gauss_wide,21,9.0,381345.2,454,4,False,16,4e-06,True,False,871765063,389107553,,,,,,,,,,,,,,,361420,7988,8.38,False,4,9.83203125,0,5b4f6aaccf344c4beca4,50c7e4e3e29ac2e8bddc,
gf180,riscv32i,gauss_wide,gauss_wide,22,9.0,389645.7,433,4,False,20,0.00017426,False,True,868621044,422292564,,,,,,,,,,,,,,,361064,7991,8.02,False,4,9.83203125,0,8db768c4e37a71cc34af,5a37e7411c1cd23e397c,
gf180,riscv32i,gauss_wide,gauss_wide,23,9.0,387142.7,446,4,False,19,4.78e-06,True,False,870183479,402365273,,,,,,,,,,,,,,,362255,7998,8.1,False,4,9.83203125,0,cb1f4377da6890cbe16e,deea44486c1c114e0c98,
gf180,riscv32i,gauss_wide,gauss_wide,24,9.0,390775.2,459,4,False,6,8.59e-06,True,False,882927504,358914787,,,,,,,,,,,,,,,361510,7964,8.01,False,4,9.83203125,0,41cffc6378586c183055,459019d54249a747e9a0,
gf180,riscv32i,gauss_wide,gauss_wide,25,9.0,384855.9,442,4,False,20,0.00011882,False,True,868679959,406044803,,,,,,,,,,,,,,,361555,7982,8.28,False,4,9.1181640625,0,121f6c2b03e1b9d89db7,4ec352b970b0ebab5585,
gf180,riscv32i,gauss_wide,gauss_wide,26,9.0,384132.9,463,4,False,20,1.482e-05,False,True,876135674,344051282,,,,,,,,,,,,,,,360533,7953,8.29,False,4,9.1181640625,0,a474c20389b398593ab2,3e7f02e3d78d96373295,
gf180,riscv32i,gauss_wide,gauss_wide,27,9.0,396383.1,537,5,False,14,9.3e-06,True,False,889631092,394970423,,,,,,,,,,,,,,,361499,7978,8.36,False,4,9.18896484375,0,946e7c899f3cf4644659,93e696840ef7187f2def,
gf180,riscv32i,gauss_wide,gauss_wide,28,9.0,381692.0,534,5,False,15,8.21e-06,True,False,877998106,397578995,,,,,,,,,,,,,,,359540,7937,8.63,False,4,9.18896484375,0,df20916ede191c0a8aec,e0a275096a6ba8335262,
gf180,riscv32i,gauss_wide,gauss_wide,29,9.0,379117.7,458,4,False,11,4.55e-06,True,False,863562921,372634719,,,,,,,,,,,,,,,359399,7944,7.86,False,4,9.18896484375,0,af0e5fc42fa3ef35914d,4dc3b62fbc20ff146d77,
gf180,riscv32i,gauss_wide,gauss_wide,30,9.0,390797.0,433,4,False,20,0.00014131,False,True,858224987,416380497,,,,,,,,,,,,,,,359867,7959,8.24,False,4,9.18896484375,0,593f7d94ace062b5d293,58a462c890265efa2b25,
gf180,riscv32i,gauss_wide,gauss_wide,31,9.0,400112.8,523,5,False,20,0.00014583,False,True,872321503,423202474,,,,,,,,,,,,,,,361595,7977,8.25,False,4,9.32568359375,0,39118c02422d59c31ab7,d97e48f44d86377e4764,
gf180,riscv32i,gauss_wide,gauss_wide,32,9.0,389672.8,453,4,False,20,3.763e-05,False,True,881367361,394770464,,,,,,,,,,,,,,,360708,7948,8.07,False,4,9.32568359375,0,a4b8de1ee0bfad1a20b3,1a2b577cb70db03fc299,
gf180,riscv32i,odb,odb,1,9.0,388057.2,452,4,False,8,8.81e-06,True,False,885982894,355879155,,,,,9.231949,-0.231949,-2.75216,0.307243,789927,25.39,0,45.31,False,0,361606,7987,8.01,False,4,11.73681640625,0,561338b461b34ba1418c,27280343ef2f6b58500b,2ab7bb2d68a06ad3e591
gf180,riscv32i,odb,odb,2,9.0,385078.7,539,5,False,10,7.65e-06,True,False,884232823,347719172,,,,,9.370516,-0.370516,-2.44119,0.314277,778142,24.93,0,44.82,False,0,361617,7989,8.05,False,4,11.73681640625,0,b8232f681a2a327daa72,abd41f3f7f560d839176,0cab1f0088ae70ef9275
gf180,riscv32i,odb,odb,3,9.0,386310.4,455,4,False,10,9.34e-06,True,False,885390439,352298692,,,,,9.187492,-0.187492,-1.48887,0.308326,779671,25.17,0,45.13,False,0,359816,7946,7.87,False,4,11.73681640625,0,790f95afd03daa552185,8ad840426a76826906b8,8f96be0ec28ed741deb4
gf180,riscv32i,odb,odb,4,9.0,389093.5,453,4,False,11,5.98e-06,True,False,886094222,346819204,,,,,9.355752,-0.355752,-1.95259,0.309276,783795,25.28,0,45.81,False,0,361787,7989,7.84,False,4,11.73681640625,0,590919b88f7a9acd62a1,ee1faf8835bb1408a27d,90541f72838665fe66ab
gf180,riscv32i,odb,odb,5,9.0,387156.7,454,4,False,10,7.38e-06,True,False,886182634,348393345,,,,,9.241517,-0.241517,-1.76724,0.309259,781720,25.19,0,45.5,False,0,360923,7974,10.11,False,4,11.794921875,0,aa59645c561230cab373,412cf742503ead74776e,c6faee8aa2de329629d9
gf180,riscv32i,odb,odb,6,9.0,386988.0,453,4,False,8,7.47e-06,True,False,887335386,354277617,,,,,9.301636,-0.301636,-2.21438,0.309384,786945,25.31,0,46.03,False,0,363271,8000,8.32,False,4,11.33056640625,0,390e4a35047f1452fe54,37fddcb4b7f1ee5775d7,772762371819c17744d6
gf180,riscv32i,odb,odb,7,9.0,386546.8,452,4,False,9,8.21e-06,True,False,887353107,350957243,,,,,9.294449,-0.294449,-2.06075,0.310228,780628,25.19,0,45.53,False,0,360567,7965,8.26,False,4,11.33056640625,0,ba2813cf9024a73b6e04,8b67dc54b09387ec4b8b,26ed2c3134c4caceb4c0
gf180,riscv32i,odb,odb,8,9.0,387706.4,540,5,False,9,6.82e-06,True,False,885567869,349627211,,,,,9.204385,-0.204385,-0.433897,0.309141,775723,25.25,0,45.72,False,0,362633,8001,8.51,False,4,11.33056640625,0,556b7e5f3307bb239347,a277eb8ae373fe39b5dc,72fe4a8381e8c261c40f
gf180,riscv32i,odb,odb,9,9.0,388722.9,454,4,False,10,5.85e-06,True,False,887323127,348388115,,,,,,,,,,,,,,,361064,7981,8.2,False,4,11.33056640625,0,edda5981ec770ec4f1b5,0f1f3ea29d443b8c672e,
gf180,riscv32i,odb,odb,10,9.0,391639.4,453,4,False,8,4.39e-06,True,False,886211049,356851693,,,,,,,,,,,,,,,360285,7969,7.98,False,4,11.33056640625,0,6f846cce5b3bb4bb4aa4,8e91de625e6252cd450a,
gf180,riscv32i,odb,odb,11,9.0,386214.4,540,5,False,8,7.06e-06,True,False,887178933,354184759,,,,,,,,,,,,,,,360505,7978,8.23,False,4,10.77685546875,0,fe33f3a4a34475e2afa0,f77ff44f7220d5c52666,
gf180,riscv32i,odb,odb,12,9.0,383866.4,539,5,False,11,6.94e-06,True,False,883989677,346179395,,,,,,,,,,,,,,,360974,7959,7.83,False,4,10.77685546875,0,7172c705c2be8735f47c,0a47d8dfd2d62d46154f,
gf180,riscv32i,odb,odb,13,9.0,394859.8,457,4,False,18,7.62e-06,True,False,886373640,346228846,,,,,,,,,,,,,,,361019,7979,8.34,False,4,10.63427734375,0,008d939ef55911cbb3e3,8aa56e5f4fdeb3e098ef,
gf180,riscv32i,odb,odb,14,9.0,385707.5,451,4,False,10,7.09e-06,True,False,884617046,346926145,,,,,,,,,,,,,,,362035,8003,8.15,False,4,10.63427734375,0,954a1caf5ad81e1d6aab,edba8349b27e7be4777d,
gf180,riscv32i,odb,odb,15,9.0,386411.7,540,5,False,9,9.88e-06,True,False,884992160,346364677,,,,,,,,,,,,,,,361645,7964,8.13,False,4,10.63427734375,0,6b6ed252cdf55d37be2b,f5b2fea5b7595a2bfb60,
gf180,riscv32i,odb,odb,16,9.0,386170.8,453,4,False,10,6.05e-06,True,False,885559521,348469937,,,,,,,,,,,,,,,360770,7965,8.2,False,4,10.63427734375,0,b9bf8a3341ecf088481f,099b0b46ee52c7eb931b,
gf180,riscv32i,shipped,shipped,1,9.0,383792.2,458,4,False,7,9.62e-06,True,False,885982894,344717211,0,6214,0,6378,9.381132000000001,-0.381132,-2.24702,0.309912,768742,24.79,0,43.88,False,0,361137,7964,8.52,False,4,8.8681640625,0,d286222c324625f291ef,27280343ef2f6b58500b,462a1fc915b9bc5c543d
gf180,riscv32i,shipped,shipped,2,9.0,385400.7,460,4,False,5,8.34e-06,True,False,884232823,347636918,0,6214,0,6378,9.431257,-0.431257,-5.87137,0.310406,800713,25.3,0,44.99,False,0,361691,7972,8.56,False,4,8.8681640625,0,c0a9cbb6607aaf3de5e0,abd41f3f7f560d839176,54db8e56fc1585b1a67c
gf180,riscv32i,shipped,shipped,3,9.0,390176.7,459,4,False,7,9.62e-06,True,False,885390439,344756903,0,6214,0,6378,9.259565,-0.259565,-2.48578,0.309941,780729,25.18,0,44.78,False,0,362012,7969,8.36,False,4,8.8681640625,0,95324b8e93d1419fb8d6,8ad840426a76826906b8,85a9aa40ecdd8afd449c
gf180,riscv32i,shipped,shipped,4,9.0,386597.5,459,4,False,7,9.62e-06,True,False,886094222,344662426,0,6214,0,6378,9.256402,-0.256402,-2.39257,0.310098,788323,25.47,0,45.58,False,0,362424,7970,8.49,False,4,8.8681640625,0,abb7aed80036aad1faab,ee1faf8835bb1408a27d,d8e58245a34d752b2729
gf180,riscv32i,shipped,shipped,5,9.0,385279.8,460,4,False,7,9.62e-06,True,False,886182634,344724030,0,6214,0,6378,9.243145,-0.243145,-1.59545,0.312469,789138,25.29,0,44.92,False,0,361024,7956,8.6,False,4,8.8681640625,0,995fa71f2f635cf623b2,412cf742503ead74776e,e342c579b17be5b9e0e0
gf180,riscv32i,shipped,shipped,6,9.0,383330.3,460,4,False,8,6.42e-06,True,False,887335386,343623802,0,6214,0,6378,9.191022,-0.191022,-1.54883,0.308518,786332,25.36,0,45.33,False,0,360703,7971,8.69,False,4,8.8681640625,0,7441bc034feee6a92967,37fddcb4b7f1ee5775d7,f1cbfb659016a5bcd901
gf180,riscv32i,shipped,shipped,7,9.0,389400.5,458,4,False,8,6.42e-06,True,False,887353107,343612076,0,6214,0,6378,9.284002,-0.284002,-2.04032,0.312114,787794,25.43,0,45.95,False,0,363288,7997,9.75,False,4,9.78515625,0,803c04e15f4da45623d9,8b67dc54b09387ec4b8b,0e11723e27f051d40745
gf180,riscv32i,shipped,shipped,8,9.0,385294.0,460,4,False,7,9.62e-06,True,False,885567869,344696714,0,6214,0,6378,9.239781,-0.239781,-5.7796,0.309887,787130,25.21,0,45.14,False,0,361058,7974,8.01,False,4,9.78515625,0,f36e61185e822a4d2592,a277eb8ae373fe39b5dc,211c6fe471b76e4e5c6b
gf180,riscv32i,shipped,shipped,9,9.0,388327.1,548,5,False,7,9.62e-06,True,False,887323127,344648043,0,6214,0,6378,,,,,,,,,,,362831,7988,8.43,False,4,9.78515625,0,6c6b74866ae112296d43,0f1f3ea29d443b8c672e,
gf180,riscv32i,shipped,shipped,10,9.0,390477.9,547,5,False,7,9.62e-06,True,False,886211049,344675175,0,6214,0,6378,,,,,,,,,,,361194,7980,8.61,False,4,9.78515625,0,7b822aa4cfb63903aac0,8e91de625e6252cd450a,
gf180,riscv32i,shipped,shipped,11,9.0,391243.7,461,4,False,8,6.42e-06,True,False,887178933,343633430,0,6214,0,6378,,,,,,,,,,,362199,7990,8.47,False,4,9.78515625,0,1a17696ae7a2fad8a230,f77ff44f7220d5c52666,
gf180,riscv32i,shipped,shipped,12,9.0,382735.6,546,5,False,5,8.34e-06,True,False,883989677,347742477,0,6214,0,6378,,,,,,,,,,,361160,7974,8.58,False,4,9.78515625,0,8c6906117b379c016de2,0a47d8dfd2d62d46154f,
gf180,riscv32i,shipped,shipped,13,9.0,390902.2,549,5,False,7,9.62e-06,True,False,886373640,344699286,0,6214,0,6378,,,,,,,,,,,362402,7996,8.31,False,4,10.513671875,0,aa0f3dca0f18fc79a312,8aa56e5f4fdeb3e098ef,
gf180,riscv32i,shipped,shipped,14,9.0,388974.3,546,5,False,8,9.16e-06,True,False,884617046,343429458,0,6214,0,6378,,,,,,,,,,,363000,7988,8.44,False,4,10.513671875,0,251fcda254f51d769826,edba8349b27e7be4777d,
gf180,riscv32i,shipped,shipped,15,9.0,388015.8,460,4,False,5,9.14e-06,True,False,884992160,347549853,0,6214,0,6378,,,,,,,,,,,362938,8019,8.54,False,4,10.513671875,0,309a75471ce49bd7d257,f5b2fea5b7595a2bfb60,
gf180,riscv32i,shipped,shipped,16,9.0,388731.5,545,5,False,7,9.62e-06,True,False,885559521,344667404,0,6214,0,6378,,,,,,,,,,,359873,7950,8.39,False,4,10.513671875,0,34d5ea70f35c67dcd293,099b0b46ee52c7eb931b,
gf180,riscv32i,spread,spread,1,9.0,380518.6,444,4,False,20,5.93e-06,True,False,886890169,404766556,,,,,9.288036,-0.288036,-2.18198,0.310284,771464,24.76,0,41.55,False,0,359675,7949,9.48,False,4,9.32568359375,0,42ae0ee0e9e1019b6351,196d5aa46e68cc7ddb4c,643d31a6d2c61ae8e763
gf180,riscv32i,spread,spread,2,9.0,385297.2,430,4,False,20,0.00112174,False,True,888870872,442649291,,,,,9.147669,-0.147669,-0.645207,0.311493,777260,25.1,0,42.66,False,0,360567,7971,9.13,False,4,9.32568359375,0,b21bcf936fa17ca76f01,45196e69744f0d9b4251,5d25030109422c4c7400
gf180,riscv32i,spread,spread,3,9.0,379920.6,446,4,False,14,4.86e-06,True,False,888550529,401499439,,,,,9.167875,-0.167875,-1.31565,0.308751,764022,24.63,0,41.62,False,0,359867,7959,8.74,False,4,9.3798828125,0,a57ff8e7f8cd70b29c72,2b91b164d723c9ec5ff2,8a5861590060c02a5343
gf180,riscv32i,spread,spread,4,9.0,384053.7,445,4,False,17,6.32e-06,True,False,886242393,405284533,,,,,9.186284,-0.186284,-1.29258,0.311949,775504,25.04,0,42.37,False,0,359534,7944,8.26,False,4,9.3798828125,0,2592512e0443dda80f6e,10cd4a32766bca3c1873,ec1d945a5f54e342eb84
gf180,riscv32i,spread,spread,5,9.0,379751.3,446,4,False,16,6.21e-06,True,False,891129567,398142396,,,,,9.221618,-0.221618,-0.70073,0.314103,769582,24.85,0,41.9,False,0,357954,7920,8.78,False,4,9.3388671875,0,dd39d5bc60ebcdc80c16,76e82ce80d095d4c80ef,0aee5ba3325717f5062f
gf180,riscv32i,spread,spread,6,9.0,382813.4,447,4,False,13,8.21e-06,True,False,893038355,391855210,,,,,9.343552,-0.343552,-1.91172,0.308755,769230,24.64,0,42.36,False,0,358823,7936,8.59,False,4,9.3388671875,0,f82999c76ea691100fdc,c5dd4451b3122a4e3fa0,485223ae09edd1c9fe5d
gf180,riscv32i,spread,spread,7,9.0,378736.0,447,4,False,15,4.55e-06,True,False,893448725,395263415,,,,,9.144285,-0.144285,-0.691381,0.312489,762140,24.54,0,41.15,False,0,357084,7904,9.66,False,4,9.3388671875,0,ca7bf7fae4664a9a0d6b,5f6fe1ea9089676c4341,1bd144cb2b5e0399f5eb
gf180,riscv32i,spread,spread,8,9.0,381455.1,446,4,False,13,9.74e-06,True,False,891780337,396778496,,,,,9.399831,-0.399831,-2.27909,0.308948,770120,24.9,0,41.53,False,0,360110,7960,8.48,False,4,9.3388671875,0,3c1a5f7b7a71f4aa1a2c,876463da818c9b54ac25,b3f15f585909b1266112
gf180,riscv32i,spread,spread,9,9.0,380562.6,448,4,False,12,8.13e-06,True,False,892905734,393854846,,,,,,,,,,,,,,,361183,7976,7.88,False,4,9.79248046875,0,867b0089f726bc8565af,582a5893a94eef6e2e26,
gf180,riscv32i,spread,spread,10,9.0,379446.3,446,4,False,14,4.8e-06,True,False,892034857,395367543,,,,,,,,,,,,,,,359879,7949,8.14,False,4,9.79248046875,0,df7d9836d9650c086781,a70e5160201be648400a,
gf180,riscv32i,spread,spread,11,9.0,377483.4,445,4,False,15,5.19e-06,True,False,890349941,397206636,,,,,,,,,,,,,,,358936,7944,8.22,False,4,9.98681640625,0,ccdd8eefed917f9221d5,4a6f9778bc2f5b91bbe6,
gf180,riscv32i,spread,spread,12,9.0,379367.7,445,4,False,15,4.29e-06,True,False,890356418,399493453,,,,,,,,,,,,,,,358998,7943,8.56,False,4,9.98681640625,0,2fe96ea2b29855c570e7,d0884278f7b1b79b0ce6,
gf180,riscv32i,spread,spread,13,9.0,382767.7,442,4,False,20,3.93e-06,True,False,887171681,405940502,,,,,,,,,,,,,,,360658,7963,8.3,False,4,9.98681640625,0,ba407b4e1687ab85d8a8,d092f2e8bad6db3e445b,
gf180,riscv32i,spread,spread,14,9.0,378274.1,537,5,False,18,7.35e-06,True,False,888301940,403343144,,,,,,,,,,,,,,,359896,7954,8.56,False,4,9.98681640625,0,508100abb5df19f5c9b0,a1df65197379b47ee747,
gf180,riscv32i,spread,spread,15,9.0,375415.6,446,4,False,20,5.77e-06,True,False,891349359,402461746,,,,,,,,,,,,,,,358450,7918,8.38,False,4,10.068359375,0,9abcdaa6de960e8bc80e,4b775f3312fec7a1a700,
gf180,riscv32i,spread,spread,16,9.0,378397.8,444,4,False,17,7.98e-06,True,False,888863124,400394181,,,,,,,,,,,,,,,360257,7962,8.22,False,4,10.068359375,0,11502f8d1e7a6a58d452,89a7d1ad4f7bf64e2ae1,
gf180,riscv32i,uniform,uniform,1,9.0,389261.2,440,4,False,17,5.33e-06,True,False,890462343,403093281,,,,,,,,,,,,,,,361521,7970,8.09,False,4,8.15283203125,0,e9dcfeb49d9f3f024e71,845cf2c23e8e23c9efd6,
gf180,riscv32i,uniform,uniform,2,9.0,385603.9,464,4,False,17,8.9e-06,True,False,872051504,344848346,,,,,,,,,,,,,,,359980,7945,8.28,False,4,8.15283203125,0,7b7259f413efea7d5d58,f72a290761b70b6d7383,
gf180,riscv32i,uniform,uniform,3,9.0,393948.8,548,5,False,15,8.23e-06,True,False,914386912,344525885,,,,,,,,,,,,,,,359658,7966,8.54,False,4,8.15283203125,0,92a22fcdc7deef8844eb,79e2cc42d20c60ce694d,
gf180,riscv32i,uniform,uniform,4,9.0,383112.2,456,4,False,20,2.243e-05,False,True,901784571,373893936,,,,,,,,,,,,,,,358292,7922,8.62,False,4,8.15283203125,0,55c0dfe769fd15a3be5c,b0cde142af0730a6008c,
gf180,riscv32i,uniform,uniform,5,9.0,409650.1,900,9,False,20,0.00028247,False,True,876187182,407924784,,,,,,,,,,,,,,,363627,8019,8.76,False,4,8.43310546875,0,d3518f498fe745796121,3baf317915811cef58ef,
gf180,riscv32i,uniform,uniform,6,9.0,377550.3,460,4,False,18,9.48e-06,True,False,896655104,349322796,,,,,,,,,,,,,,,360206,7967,8.09,False,4,8.43310546875,0,dcfe7d45e331b0bfbaf5,f74aeeff694590f98b81,
gf180,riscv32i,uniform,uniform,7,9.0,390189.3,454,4,False,20,3.843e-05,False,True,883200847,386951212,,,,,,,,,,,,,,,364084,8030,8.26,False,4,8.43310546875,0,1c5fd246d0bc66a834c6,424f61378c60fec51d3b,
gf180,riscv32i,uniform,uniform,8,9.0,383627.1,459,4,False,8,9.28e-06,True,False,876829018,351471691,,,,,,,,,,,,,,,359438,7945,7.74,False,4,8.43310546875,0,2f2a57811fc69b48f417,1347a8c22e17a214ca15,
gf180,riscv32i,uniform,uniform,9,9.0,400046.1,902,9,False,20,1.318e-05,False,True,902145599,388017615,,,,,,,,,,,,,,,361922,7989,8.37,False,4,8.43310546875,0,6990b1320e0fbd8a4872,a032522ce33513ae375c,
gf180,riscv32i,uniform,uniform,10,9.0,384528.5,440,4,False,20,2.331e-05,False,True,881703147,407084904,,,,,,,,,,,,,,,359506,7943,8.07,False,4,8.43310546875,0,bd816d79bf6969db8135,493787117b49b6f664ef,
gf180,riscv32i,uniform,uniform,11,9.0,394306.0,457,4,False,18,7.96e-06,True,False,899278634,375606234,,,,,,,,,,,,,,,362752,7998,8.14,False,4,8.68310546875,0,ed6cab81016ba3024f3d,2f86c5c29acba87eb668,
gf180,riscv32i,uniform,uniform,12,9.0,387152.5,448,4,False,10,5.61e-06,True,False,880998832,385272334,,,,,,,,,,,,,,,361465,7974,8.34,False,4,8.68310546875,0,c62cec515e1269052edc,3e966a1b65b1060cb6eb,
gf180,riscv32i,uniform,uniform,13,9.0,381305.9,454,4,False,20,6.69e-06,True,False,869221614,396169031,,,,,,,,,,,,,,,360866,7968,8.13,False,4,8.68310546875,0,6056976c97edaec3be05,c586c3e803d283e17c51,
gf180,riscv32i,uniform,uniform,14,9.0,413191.2,903,9,False,20,2.27e-05,False,True,899409147,379347749,,,,,,,,,,,,,,,361487,7970,8.67,False,4,8.68310546875,0,d0a3ee9c31a0caecf92c,60212ff002c4f1908a0c,
gf180,riscv32i,uniform,uniform,15,9.0,390071.9,461,4,False,20,1.995e-05,False,True,905880618,353357555,,,,,,,,,,,,,,,361487,7990,8.11,False,4,8.68310546875,0,81bf8d89e35781b57d85,7b054f919e1aba2feeab,
gf180,riscv32i,uniform,uniform,16,9.0,388426.3,454,4,False,20,1.642e-05,False,True,888825887,381780639,,,,,,,,,,,,,,,363006,7995,8.28,False,4,8.68310546875,0,46255923ca9220d1be43,fbcc094943d9c90453cf,
gf180,riscv32i,uniform,uniform,17,9.0,387026.2,452,4,False,20,4.59e-05,False,True,868672280,395086736,,,,,,,,,,,,,,,361905,7996,7.77,False,4,8.72998046875,0,cea0d985aced02028ea2,b49153b4690b4d335ba4,
gf180,riscv32i,uniform,uniform,18,9.0,393602.6,435,4,False,20,0.00015499,False,True,875806852,414801765,,,,,,,,,,,,,,,362729,8010,8.05,False,4,8.72998046875,0,688f0a97c02290f2acd8,b99c845405dba571752e,
gf180,riscv32i,uniform,uniform,19,9.0,378035.2,459,4,False,20,1.332e-05,False,True,873005274,347734695,,,,,,,,,,,,,,,361391,7985,8.23,False,4,8.72998046875,0,16a0104c1442f4f93169,31f07f17df06c991a472,
gf180,riscv32i,uniform,uniform,20,9.0,383323.7,460,4,False,20,3.595e-05,False,True,885969448,345122817,,,,,,,,,,,,,,,359924,7977,8.14,False,4,8.72998046875,0,7d229ef187a46e46b863,0c58c3475e3453fd8737,
gf180,riscv32i,uniform,uniform,21,9.0,383145.4,461,4,False,20,1.701e-05,False,True,887673314,343494899,,,,,,,,,,,,,,,361143,7971,8.03,False,4,8.72998046875,0,8efa6ae13221377a510e,8754847ce573317f14e4,
gf180,riscv32i,uniform,uniform,22,9.0,390659.1,448,4,False,11,9.41e-06,True,False,887368302,389943886,,,,,,,,,,,,,,,362820,8022,8.02,False,4,8.72998046875,0,b5d9702b0536910f6b26,9809a9b759ede4f47366,
gf180,riscv32i,uniform,uniform,23,9.0,385204.2,459,4,False,11,7.86e-06,True,False,889235390,362681414,,,,,,,,,,,,,,,360240,7959,8.04,False,4,9.01806640625,0,9212b6feb1f6126eba2f,43173cc0bfa6dc45d6e2,
gf180,riscv32i,uniform,uniform,24,9.0,374944.3,462,4,False,14,9.71e-06,True,False,877661979,344862859,,,,,,,,,,,,,,,359376,7928,7.97,False,4,9.01806640625,0,4030877a26a3c970c327,cb6a28212c00189ce476,
gf180,riscv32i,uniform,uniform,25,9.0,402011.9,442,4,False,17,4.25e-06,True,False,881497208,401334895,,,,,,,,,,,,,,,361482,8005,8.05,False,4,8.7763671875,0,6058cc91d47c019c6f7c,cf853bbb8b5142ed279d,
gf180,riscv32i,uniform,uniform,26,9.0,388648.8,458,4,False,10,7.97e-06,True,False,873571723,350054815,,,,,,,,,,,,,,,359342,7958,7.73,False,4,8.7763671875,0,2641d9d6417b60e52216,53ed4df634d2c992508b,
gf180,riscv32i,uniform,uniform,27,9.0,376485.3,460,4,False,15,9.87e-06,True,False,878398223,343364969,,,,,,,,,,,,,,,358625,7927,8.03,False,4,8.7763671875,0,fe86628094a80b820f3b,a97c9dce1cce3e752e4a,
gf180,riscv32i,uniform,uniform,28,9.0,384266.7,439,4,False,20,6.23e-05,False,True,882919448,406134114,,,,,,,,,,,,,,,362740,7994,7.81,False,4,8.7763671875,0,cc59b12be9750d7c4e28,91bbb0eee5eb9402d9e2,
gf180,riscv32i,uniform,uniform,29,9.0,382223.9,457,4,False,20,1.48e-05,False,True,875120566,380668194,,,,,,,,,,,,,,,358157,7940,7.91,False,4,9.59033203125,0,58726f0f5e1eb93e503e,3e2160268441c6c4daf8,
gf180,riscv32i,uniform,uniform,30,9.0,390848.2,454,4,False,20,2.654e-05,False,True,899690611,395470782,,,,,,,,,,,,,,,361132,7979,8.0,False,4,9.59033203125,0,6f1b8d2ca1a1cf774459,1655c90a4402696546cb,
gf180,riscv32i,uniform,uniform,31,9.0,391020.8,444,4,False,17,6.67e-06,True,False,868076729,401611960,,,,,,,,,,,,,,,363361,7992,7.91,False,4,9.59033203125,0,77484bec25ace2eded72,7a2245b55f67b3643a78,
gf180,riscv32i,uniform,uniform,32,9.0,381626.1,450,4,False,12,6.75e-06,True,False,880402457,390476698,,,,,,,,,,,,,,,360110,7954,8.12,False,4,9.59033203125,0,4df54ea7b3ca4fc64d46,0769cd770eaf43e528ed,
ihp-sg13g2,gcd,anchored,anchored,1,2.8,7893.576,356,4,False,5,9e-08,True,False,10906829,9405757,,,,,2.573746,0.226254,0,0.318274,148320,3.96,0,8.75,False,0,4946.05,400,0.48,False,4,9.57861328125,0,b2466e5e6e42c5f108b5,2bf760771019ac9dc15b,d1a394ec825c2ed6cfd3
ihp-sg13g2,gcd,anchored,anchored,2,2.8,7796.757,352,4,False,5,9e-08,True,False,10926914,9396595,,,,,2.519857,0.280143,0,0.30878,147888,3.96,0,8.39,False,0,4944.24,400,0.46,False,4,9.57861328125,0,766b7305529e186e61ae,37cdf26d9a56f059c84d,8d98ade3fd2d2fd250c2
ihp-sg13g2,gcd,anchored,anchored,3,2.8,7849.649,356,4,False,5,8e-08,True,False,10912153,9416352,,,,,2.556891,0.243109,0,0.304508,148536,4.0,0,9.22,False,0,4958.76,402,0.47,False,4,9.57861328125,0,c6717fa588e7b0e06ec9,3069d218441753be957c,5ddb7af756504a7ed41c
ihp-sg13g2,gcd,anchored,anchored,4,2.8,7781.418,352,4,False,5,1.2e-07,True,False,10909775,9403270,,,,,2.5822979999999998,0.217702,0,0.317251,145512,3.93,0,9.05,False,0,4958.76,402,0.47,False,4,9.57861328125,0,9ec529c3da959f295e3f,5f6f0760f770cbecfab7,186e145875b9f77b9fb8
ihp-sg13g2,gcd,anchored,anchored,5,2.8,7771.529,353,4,False,5,1e-07,True,False,10908320,9408197,,,,,2.5386849999999996,0.261315,0,0.310323,148176,3.96,0,8.96,False,0,4944.24,400,0.48,False,4,9.57861328125,0,73ea6f7bcd651dbfc750,1b574b828d44f0f1881e,1ce45146260f2d7d8019
ihp-sg13g2,gcd,anchored,anchored,6,2.8,7797.604,352,4,False,5,1.2e-07,True,False,10919329,9420926,,,,,2.571694,0.228306,0,0.314463,147744,3.97,0,9.31,False,0,4936.98,399,0.45,False,4,9.57861328125,0,e5b999bf7040e65b34b6,53514736295541b0dbbb,1b2dfd708e0fb75e211f
ihp-sg13g2,gcd,anchored,anchored,7,2.8,7725.783,353,4,False,5,1e-07,True,False,10896012,9409330,,,,,2.589083,0.210917,0,0.312141,150480,3.99,0,9.28,False,0,4951.5,401,0.48,False,4,9.2919921875,0,9640a6e10d495bbe7aa5,eae7497d02ec5c3d4b72,a965caf830019d7f1f9b
ihp-sg13g2,gcd,anchored,anchored,8,2.8,7761.304,353,4,False,5,1e-07,True,False,10903169,9405440,,,,,2.534972,0.265028,0,0.312039,149040,3.97,0,8.74,False,0,4944.24,400,0.43,False,4,9.2919921875,0,fa19a418b8ca07ce9353,11d72e204a329d1db3b2,089679b4800b06306a7b
ihp-sg13g2,gcd,anchored,anchored,9,2.8,7768.093,352,4,False,5,9e-08,True,False,10910046,9414677,,,,,,,,,,,,,,,4944.24,400,0.49,False,4,9.2919921875,0,bf3ab411967dc18c5cfe,7899b72028eebff6747a,
ihp-sg13g2,gcd,anchored,anchored,10,2.8,7818.768,354,4,False,5,9e-08,True,False,10924212,9413646,,,,,,,,,,,,,,,4944.24,400,0.49,False,4,9.2919921875,0,d6a1a58bf659a6aa751b,d7000b88932327445107,
ihp-sg13g2,gcd,anchored,anchored,11,2.8,7825.714,349,4,False,5,6e-08,True,False,10920877,9408741,,,,,,,,,,,,,,,4951.5,401,0.48,False,4,9.2919921875,0,1a0d89ab6a8ab1256199,efd815bb62a42020a71b,
ihp-sg13g2,gcd,anchored,anchored,12,2.8,7795.416,355,4,False,5,1.1e-07,True,False,10906608,9405240,,,,,,,,,,,,,,,4953.31,401,0.47,False,4,9.2919921875,0,927643393c36039ea935,d6576c3cb671563cd540,
ihp-sg13g2,gcd,anchored,anchored,13,2.8,7778.757,356,4,False,5,1.1e-07,True,False,10916463,9412325,,,,,,,,,,,,,,,4944.24,400,0.44,False,4,9.2919921875,0,a9b75d5af8cfb8b8d60f,10019585d17487c540d3,
ihp-sg13g2,gcd,anchored,anchored,14,2.8,7813.438,352,4,False,5,9e-08,True,False,10897862,9404802,,,,,,,,,,,,,,,4940.61,399,0.42,False,4,9.2919921875,0,ac9fbd121a96eb0dbc08,5c8587bea963b1943f69,
ihp-sg13g2,gcd,anchored,anchored,15,2.8,7784.92,357,4,False,5,8e-08,True,False,10899597,9408383,,,,,,,,,,,,,,,4944.24,400,0.45,False,4,9.2919921875,0,a9fb9c519512ac61b592,d3f7de4d1da192ad8832,
ihp-sg13g2,gcd,anchored,anchored,16,2.8,7763.387,354,4,False,5,9e-08,True,False,10900121,9413661,,,,,,,,,,,,,,,4946.05,400,0.45,False,4,9.2919921875,0,f7336089fc8a057237d5,de980d66b1fff8fb7de3,
ihp-sg13g2,gcd,center,center,1,2.8,7849.323,367,4,False,5,1.1e-07,True,False,10906829,9408831,,,,,,,,,,,,,,,4951.5,401,0.54,False,4,7.85107421875,0,8a93101a68d4e1b5b522,2bf760771019ac9dc15b,
ihp-sg13g2,gcd,center,center,2,2.8,7691.606,366,4,False,5,8e-08,True,False,10926914,9393103,,,,,,,,,,,,,,,4944.24,400,0.52,False,4,7.85107421875,0,2b6dd2b0304f02cecfbb,37cdf26d9a56f059c84d,
ihp-sg13g2,gcd,center,center,3,2.8,7911.324,363,4,False,5,9e-08,True,False,10912153,9420598,,,,,,,,,,,,,,,4951.5,401,0.49,False,4,7.70263671875,0,a9dd45330ef65a2d89b0,3069d218441753be957c,
ihp-sg13g2,gcd,center,center,4,2.8,7757.101,362,4,False,5,8e-08,True,False,10909775,9411027,,,,,,,,,,,,,,,4944.24,400,0.45,False,4,7.70263671875,0,398b392e8f23866c6d2c,5f6f0760f770cbecfab7,
ihp-sg13g2,gcd,center,center,5,2.8,7847.123,364,4,False,5,1.2e-07,True,False,10908320,9410462,,,,,,,,,,,,,,,4951.5,401,0.49,False,4,7.70263671875,0,1a26aabe7fbd28c59645,1b574b828d44f0f1881e,
ihp-sg13g2,gcd,center,center,6,2.8,7833.697,369,4,False,5,1.2e-07,True,False,10919329,9429290,,,,,,,,,,,,,,,4944.24,400,0.53,False,4,7.70263671875,0,f2fc0cb3cf873b674492,53514736295541b0dbbb,
ihp-sg13g2,gcd,center,center,7,2.8,7767.571,365,4,False,5,1e-07,True,False,10896012,9412597,,,,,,,,,,,,,,,4944.24,400,0.51,False,4,7.70263671875,0,0ead85a70b5365dc578a,eae7497d02ec5c3d4b72,
ihp-sg13g2,gcd,center,center,8,2.8,7785.252,368,4,False,5,1.1e-07,True,False,10903169,9409315,,,,,,,,,,,,,,,4944.24,400,0.54,False,4,7.70263671875,0,baee6a9efa76e2bc2546,11d72e204a329d1db3b2,
ihp-sg13g2,gcd,center,center,9,2.8,7854.611,367,4,False,5,1.1e-07,True,False,10910046,9421172,,,,,,,,,,,,,,,4936.98,399,0.48,False,4,7.70263671875,0,afeb36477be3e3ff48be,7899b72028eebff6747a,
ihp-sg13g2,gcd,center,center,10,2.8,7771.726,364,4,False,5,7e-08,True,False,10924212,9415801,,,,,,,,,,,,,,,4944.24,400,0.5,False,4,7.70263671875,0,aaf1bc9c8871e983b37f,d7000b88932327445107,
ihp-sg13g2,gcd,center,center,11,2.8,7850.149,369,4,False,5,5e-08,True,False,10920877,9416084,,,,,,,,,,,,,,,4936.98,399,0.52,False,4,7.70263671875,0,a4846be009dd402cfeaa,efd815bb62a42020a71b,
ihp-sg13g2,gcd,center,center,12,2.8,7777.848,367,4,False,5,1.1e-07,True,False,10906608,9406615,,,,,,,,,,,,,,,4944.24,400,0.52,False,4,7.70263671875,0,034bbefe30a0811576d9,d6576c3cb671563cd540,
ihp-sg13g2,gcd,center,center,13,2.8,7774.822,370,4,False,5,1.1e-07,True,False,10916463,9419124,,,,,,,,,,,,,,,4944.24,400,0.5,False,4,7.70263671875,0,5ffd4c6a812c57ced908,10019585d17487c540d3,
ihp-sg13g2,gcd,center,center,14,2.8,7826.253,369,4,False,5,1.1e-07,True,False,10897862,9410061,,,,,,,,,,,,,,,4951.5,401,0.51,False,4,7.70263671875,0,86c9f230b968976601c4,5c8587bea963b1943f69,
ihp-sg13g2,gcd,center,center,15,2.8,7768.892,367,4,False,5,1.1e-07,True,False,10899597,9414271,,,,,,,,,,,,,,,4944.24,400,0.44,False,4,7.56591796875,0,e5410717621a876ab240,d3f7de4d1da192ad8832,
ihp-sg13g2,gcd,center,center,16,2.8,7753.81,365,4,False,5,8e-08,True,False,10900121,9418143,,,,,,,,,,,,,,,4946.05,400,0.51,False,4,7.56591796875,0,dae768e062632c7f0108,de980d66b1fff8fb7de3,
ihp-sg13g2,gcd,corner_ll,corner_ll,1,2.8,6828.45,405,4,False,5,1.2e-07,True,False,10328557,8034275,,,,,,,,,,,,,,,4951.5,401,0.49,False,4,8.00146484375,0,609d9f861d55733b2b9f,1d214c0464ef3a671786,
ihp-sg13g2,gcd,corner_ll,corner_ll,2,2.8,6897.179,403,4,False,5,1.2e-07,True,False,10328557,8034275,,,,,,,,,,,,,,,4951.5,401,0.51,False,4,8.00146484375,0,d85bfdf74c6c53e87a31,1d214c0464ef3a671786,
ihp-sg13g2,gcd,corner_ll,corner_ll,3,2.8,6896.418,403,4,False,5,1.2e-07,True,False,10328557,8034275,,,,,,,,,,,,,,,4951.5,401,0.51,False,4,8.00146484375,0,232c35d9281ece441e5a,1d214c0464ef3a671786,
ihp-sg13g2,gcd,corner_ll,corner_ll,4,2.8,6890.028,403,4,False,5,1.2e-07,True,False,10328557,8034275,,,,,,,,,,,,,,,4951.5,401,0.54,False,4,8.00146484375,0,1e371bd92af063354753,1d214c0464ef3a671786,
ihp-sg13g2,gcd,corner_ll,corner_ll,5,2.8,6890.691,403,4,False,5,1.2e-07,True,False,10328557,8034275,,,,,,,,,,,,,,,4951.5,401,0.53,False,4,8.00146484375,0,eba3dcc75e1fd553cdcd,1d214c0464ef3a671786,
ihp-sg13g2,gcd,corner_ll,corner_ll,6,2.8,6826.604,404,4,False,5,1.2e-07,True,False,10328557,8034275,,,,,,,,,,,,,,,4951.5,401,0.53,False,4,8.00146484375,0,ab5a50860a2ebc42ac88,1d214c0464ef3a671786,
ihp-sg13g2,gcd,corner_ll,corner_ll,7,2.8,6886.761,404,4,False,5,1.2e-07,True,False,10328557,8034275,,,,,,,,,,,,,,,4951.5,401,0.5,False,4,9.04248046875,0,be643613ce20c88647d6,1d214c0464ef3a671786,
ihp-sg13g2,gcd,corner_ll,corner_ll,8,2.8,6817.614,405,4,False,5,1.2e-07,True,False,10328557,8034275,,,,,,,,,,,,,,,4951.5,401,0.54,False,4,9.04248046875,0,4c714ee89b61e7c81bdc,1d214c0464ef3a671786,
ihp-sg13g2,gcd,corner_ll,corner_ll,9,2.8,6888.658,403,4,False,5,1.2e-07,True,False,10328557,8034275,,,,,,,,,,,,,,,4951.5,401,0.5,False,4,9.04248046875,0,47166bbcfb644dca40c2,1d214c0464ef3a671786,
ihp-sg13g2,gcd,corner_ll,corner_ll,10,2.8,6887.13,404,4,False,5,1.2e-07,True,False,10328557,8034275,,,,,,,,,,,,,,,4951.5,401,0.56,False,4,9.04248046875,0,21a6292cb173d365b5ef,1d214c0464ef3a671786,
ihp-sg13g2,gcd,corner_ll,corner_ll,11,2.8,6891.081,403,4,False,5,1.2e-07,True,False,10328557,8034275,,,,,,,,,,,,,,,4951.5,401,0.5,False,4,9.04248046875,0,a0f372caf5f35476369b,1d214c0464ef3a671786,
ihp-sg13g2,gcd,corner_ll,corner_ll,12,2.8,6885.813,404,4,False,5,1.2e-07,True,False,10328557,8034275,,,,,,,,,,,,,,,4951.5,401,0.55,False,4,9.04248046875,0,29a9020caa73a7ec5c30,1d214c0464ef3a671786,
ihp-sg13g2,gcd,corner_ll,corner_ll,13,2.8,6890.759,404,4,False,5,1.2e-07,True,False,10328557,8034275,,,,,,,,,,,,,,,4951.5,401,0.48,False,4,9.04248046875,0,726589b597e87d3e5919,1d214c0464ef3a671786,
ihp-sg13g2,gcd,corner_ll,corner_ll,14,2.8,6822.351,406,4,False,5,1.2e-07,True,False,10328557,8034275,,,,,,,,,,,,,,,4951.5,401,0.49,False,4,9.04248046875,0,15b2cd10e9fbf027a222,1d214c0464ef3a671786,
ihp-sg13g2,gcd,corner_ll,corner_ll,15,2.8,6827.615,405,4,False,5,1.2e-07,True,False,10328557,8034275,,,,,,,,,,,,,,,4951.5,401,0.48,False,4,9.04248046875,0,2a5baa841731f4e5e495,1d214c0464ef3a671786,
ihp-sg13g2,gcd,corner_ll,corner_ll,16,2.8,6890.831,403,4,False,5,1.2e-07,True,False,10328557,8034275,,,,,,,,,,,,,,,4951.5,401,0.53,False,4,9.04248046875,0,70a6a03301a243af7b47,1d214c0464ef3a671786,
ihp-sg13g2,gcd,corner_ur,corner_ur,1,2.8,6983.519,388,4,False,5,1e-07,True,False,10463687,7971510,,,,,,,,,,,,,,,4936.98,399,0.55,False,4,9.04248046875,0,e7177b096a329035be77,1b6b55dcd1e957da66c6,
ihp-sg13g2,gcd,corner_ur,corner_ur,2,2.8,6981.974,388,4,False,5,1e-07,True,False,10463687,7971510,,,,,,,,,,,,,,,4936.98,399,0.52,False,4,9.04248046875,0,550aa0c5bc5e9328a39b,1b6b55dcd1e957da66c6,
ihp-sg13g2,gcd,corner_ur,corner_ur,3,2.8,6976.102,386,4,False,5,1e-07,True,False,10463687,7971510,,,,,,,,,,,,,,,4936.98,399,0.5,False,4,9.60009765625,0,f37396dd331c4d0dfd60,1b6b55dcd1e957da66c6,
ihp-sg13g2,gcd,corner_ur,corner_ur,4,2.8,6994.743,385,4,False,5,1e-07,True,False,10463687,7971510,,,,,,,,,,,,,,,4936.98,399,0.47,False,4,9.60009765625,0,f531ed16777265f58897,1b6b55dcd1e957da66c6,
ihp-sg13g2,gcd,corner_ur,corner_ur,5,2.8,6977.491,386,4,False,5,1e-07,True,False,10463687,7971510,,,,,,,,,,,,,,,4936.98,399,0.53,False,4,9.60009765625,0,66826aeb668048829ca0,1b6b55dcd1e957da66c6,
ihp-sg13g2,gcd,corner_ur,corner_ur,6,2.8,6995.821,385,4,False,5,1e-07,True,False,10463687,7971510,,,,,,,,,,,,,,,4936.98,399,0.53,False,4,9.60009765625,0,336567f0914f3953bbc3,1b6b55dcd1e957da66c6,
ihp-sg13g2,gcd,corner_ur,corner_ur,7,2.8,6981.188,388,4,False,5,1e-07,True,False,10463687,7971510,,,,,,,,,,,,,,,4936.98,399,0.57,False,4,9.60009765625,0,a248fc49eab1913c5a91,1b6b55dcd1e957da66c6,
ihp-sg13g2,gcd,corner_ur,corner_ur,8,2.8,6982.905,387,4,False,5,1e-07,True,False,10463687,7971510,,,,,,,,,,,,,,,4936.98,399,0.55,False,4,9.60009765625,0,33feff7d9ac771019df5,1b6b55dcd1e957da66c6,
ihp-sg13g2,gcd,corner_ur,corner_ur,9,2.8,6981.353,388,4,False,5,1e-07,True,False,10463687,7971510,,,,,,,,,,,,,,,4936.98,399,0.54,False,4,9.60009765625,0,6e3af1c3c8c746b99c40,1b6b55dcd1e957da66c6,
ihp-sg13g2,gcd,corner_ur,corner_ur,10,2.8,6984.171,388,4,False,5,1e-07,True,False,10463687,7971510,,,,,,,,,,,,,,,4936.98,399,0.48,False,4,9.60009765625,0,0676d984f362dac98a2c,1b6b55dcd1e957da66c6,
ihp-sg13g2,gcd,corner_ur,corner_ur,11,2.8,6994.757,385,4,False,5,1e-07,True,False,10463687,7971510,,,,,,,,,,,,,,,4936.98,399,0.49,False,4,9.60009765625,0,80770e03c891641a90ad,1b6b55dcd1e957da66c6,
ihp-sg13g2,gcd,corner_ur,corner_ur,12,2.8,6981.768,387,4,False,5,1e-07,True,False,10463687,7971510,,,,,,,,,,,,,,,4936.98,399,0.51,False,4,9.60009765625,0,6dbe24a4e6eb44486ae1,1b6b55dcd1e957da66c6,
ihp-sg13g2,gcd,corner_ur,corner_ur,13,2.8,6982.303,387,4,False,5,1e-07,True,False,10463687,7971510,,,,,,,,,,,,,,,4936.98,399,0.48,False,4,9.60009765625,0,73a5cd5e073f39c3d32b,1b6b55dcd1e957da66c6,
ihp-sg13g2,gcd,corner_ur,corner_ur,14,2.8,6981.707,387,4,False,5,1e-07,True,False,10463687,7971510,,,,,,,,,,,,,,,4936.98,399,0.52,False,4,9.60009765625,0,d7b467fc4543b4f9aca2,1b6b55dcd1e957da66c6,
ihp-sg13g2,gcd,corner_ur,corner_ur,15,2.8,6955.253,383,4,False,5,1e-07,True,False,10463687,7971510,,,,,,,,,,,,,,,4936.98,399,0.52,False,4,9.2314453125,0,b281c2dc9815f20e7a50,1b6b55dcd1e957da66c6,
ihp-sg13g2,gcd,corner_ur,corner_ur,16,2.8,6979.205,388,4,False,5,1e-07,True,False,10463687,7971510,,,,,,,,,,,,,,,4936.98,399,0.54,False,4,9.2314453125,0,d16db52d8a84cf611f90,1b6b55dcd1e957da66c6,
ihp-sg13g2,gcd,gauss_tight,gauss_tight,1,2.8,7868.463,347,4,False,5,1.2e-07,True,False,10909333,9437686,,,,,,,,,,,,,,,4944.24,400,0.49,False,4,8.734375,0,7d1683fe21f7a99e0eee,92c478a6bd7da8be7a0e,
ihp-sg13g2,gcd,gauss_tight,gauss_tight,2,2.8,7855.851,355,4,False,5,1e-07,True,False,10917656,9419294,,,,,,,,,,,,,,,4936.98,399,0.47,False,4,8.734375,0,7c307a5949bde4004c54,cbc5be3b5ed77be6cd8d,
ihp-sg13g2,gcd,gauss_tight,gauss_tight,3,2.8,7855.383,350,4,False,5,9e-08,True,False,10936999,9449531,,,,,,,,,,,,,,,4944.24,400,0.53,False,4,8.734375,0,e1d4f0af999fb239238f,ed945835eb2864ca2bc7,
ihp-sg13g2,gcd,gauss_tight,gauss_tight,4,2.8,7741.97,352,4,False,5,1e-07,True,False,10908645,9441225,,,,,,,,,,,,,,,4951.5,401,0.54,False,4,8.734375,0,d6b0520744806340e29f,535d73137fd4ffd60bc8,
ihp-sg13g2,gcd,gauss_tight,gauss_tight,5,2.8,7780.948,349,4,False,5,1.1e-07,True,False,10901745,9419235,,,,,,,,,,,,,,,4936.98,399,0.5,False,4,8.734375,0,02240fc939e334967d52,f7bc6e00bfce31e4f4f0,
ihp-sg13g2,gcd,gauss_tight,gauss_tight,6,2.8,7852.378,356,4,False,5,8e-08,True,False,10905640,9400822,,,,,,,,,,,,,,,4936.98,399,0.5,False,4,8.734375,0,a156307716b63dbb2d74,2c717c20fb2843776f89,
ihp-sg13g2,gcd,gauss_tight,gauss_tight,7,2.8,7828.522,355,4,False,5,1e-07,True,False,10935652,9454359,,,,,,,,,,,,,,,4944.24,400,0.49,False,4,8.734375,0,f460e3a0e4f4632f6532,c7d70cea971483f3a2c0,
ihp-sg13g2,gcd,gauss_tight,gauss_tight,8,2.8,7776.421,350,4,False,5,1.2e-07,True,False,10904993,9464206,,,,,,,,,,,,,,,4944.24,400,0.53,False,4,8.734375,0,e057d6c7a07e61b7485a,190ccbf18ee8da173e3b,
ihp-sg13g2,gcd,gauss_tight,gauss_tight,9,2.8,7847.119,358,4,False,5,1.2e-07,True,False,10924985,9431347,,,,,,,,,,,,,,,4936.98,399,0.48,False,4,9.236328125,0,8f9bf049c435a491c7a1,80f3f71793041d65693e,
ihp-sg13g2,gcd,gauss_tight,gauss_tight,10,2.8,7908.953,355,4,False,5,1e-07,True,False,10919957,9442334,,,,,,,,,,,,,,,4944.24,400,0.5,False,4,9.236328125,0,bd3ee2acaecad2297b86,690cd8dbe0863f273639,
ihp-sg13g2,gcd,gauss_tight,gauss_tight,11,2.8,7873.957,351,4,False,5,8e-08,True,False,10900255,9434084,,,,,,,,,,,,,,,4936.98,399,0.45,False,4,9.236328125,0,62d69a47e1aa4ba09892,5a2739f0516ce9be0de8,
ihp-sg13g2,gcd,gauss_tight,gauss_tight,12,2.8,7807.012,352,4,False,5,1.1e-07,True,False,10920175,9462308,,,,,,,,,,,,,,,4951.5,401,0.53,False,4,9.236328125,0,daa1fef107dc03655296,a105f699e10647bb05c6,
ihp-sg13g2,gcd,gauss_tight,gauss_tight,13,2.8,7816.497,350,4,False,5,9e-08,True,False,10907445,9441308,,,,,,,,,,,,,,,4953.31,401,0.52,False,4,9.236328125,0,647c5d23a954224f115b,3dda82d18c300be879d9,
ihp-sg13g2,gcd,gauss_tight,gauss_tight,14,2.8,7844.139,352,4,False,5,1e-07,True,False,10911574,9425460,,,,,,,,,,,,,,,4944.24,400,0.52,False,4,9.236328125,0,3bdf6d7b7f47396a512f,573cf53481f6cdb67fc9,
ihp-sg13g2,gcd,gauss_tight,gauss_tight,15,2.8,7820.538,354,4,False,5,1.2e-07,True,False,10907015,9416981,,,,,,,,,,,,,,,4944.24,400,0.47,False,4,9.236328125,0,cd1f5e517e809cd85660,39dbbff68bf0b030abe8,
ihp-sg13g2,gcd,gauss_tight,gauss_tight,16,2.8,7891.437,348,4,False,5,8e-08,True,False,10943465,9414594,,,,,,,,,,,,,,,4944.24,400,0.48,False,4,9.236328125,0,dc564784eef3eccc94d1,e8781e57a8d6f9adc8b4,
ihp-sg13g2,gcd,gauss_tight,gauss_tight,17,2.8,7821.616,351,4,False,5,1.2e-07,True,False,10913819,9405981,,,,,,,,,,,,,,,4936.98,399,0.48,False,4,9.236328125,0,ed057a19843a749a4cb6,c9db00f5274a11e069f7,
ihp-sg13g2,gcd,gauss_tight,gauss_tight,18,2.8,7786.441,357,4,False,5,1.1e-07,True,False,10942244,9435135,,,,,,,,,,,,,,,4951.5,401,0.5,False,4,9.236328125,0,f7a3ebf5975569c20155,2e01f4aabe7226f5b8c6,
ihp-sg13g2,gcd,gauss_tight,gauss_tight,19,2.8,7808.554,350,4,False,5,9e-08,True,False,10900167,9454339,,,,,,,,,,,,,,,4938.8,399,0.48,False,4,9.236328125,0,26cc12dd8489df2af68d,192cdc8b67ce1042a8d1,
ihp-sg13g2,gcd,gauss_tight,gauss_tight,20,2.8,7954.751,349,4,False,5,1.1e-07,True,False,10913825,9418351,,,,,,,,,,,,,,,4951.5,401,0.51,False,4,9.236328125,0,e0089ad6ec02f9c96c21,e6530ed1661195291125,
ihp-sg13g2,gcd,gauss_tight,gauss_tight,21,2.8,7923.993,357,4,False,5,1.1e-07,True,False,10957202,9408106,,,,,,,,,,,,,,,4946.05,400,0.46,False,4,8.89697265625,0,3d8d8be2472f341c2b13,c241f829a4a41cd01451,
ihp-sg13g2,gcd,gauss_tight,gauss_tight,22,2.8,7731.678,348,4,False,5,7e-08,True,False,10908889,9419201,,,,,,,,,,,,,,,4938.8,399,0.49,False,4,8.89697265625,0,1e5d4078cb4ec464af5d,071c3d9e0433001a099e,
ihp-sg13g2,gcd,gauss_tight,gauss_tight,23,2.8,7769.057,356,4,False,5,4e-08,True,False,10918485,9401138,,,,,,,,,,,,,,,4936.98,399,0.5,False,4,8.89697265625,0,604d0b3569055ab15aad,f9ca93e18bc55954d280,
ihp-sg13g2,gcd,gauss_tight,gauss_tight,24,2.8,7763.754,347,4,False,5,1.1e-07,True,False,10919176,9437761,,,,,,,,,,,,,,,4936.98,399,0.49,False,4,8.89697265625,0,43779fbd3ef0e92a5baf,3dffa80fb92dcb1e1838,
ihp-sg13g2,gcd,gauss_tight,gauss_tight,25,2.8,7798.224,353,4,False,5,1.2e-07,True,False,10918273,9448080,,,,,,,,,,,,,,,4944.24,400,0.5,False,4,8.89697265625,0,a75bb13994eddf5317ab,6dd7b10978460208ccb3,
ihp-sg13g2,gcd,gauss_tight,gauss_tight,26,2.8,7859.769,349,4,False,5,1.1e-07,True,False,10964844,9453812,,,,,,,,,,,,,,,4944.24,400,0.49,False,4,8.89697265625,0,bd13d1b181a186de8433,373d2e5b7384fb080834,
ihp-sg13g2,gcd,gauss_tight,gauss_tight,27,2.8,7821.066,351,4,False,5,1.1e-07,True,False,10927415,9448037,,,,,,,,,,,,,,,4936.98,399,0.47,False,4,8.89697265625,0,ac1eed657a0d07c6d237,9f9409f304f423beffec,
ihp-sg13g2,gcd,gauss_tight,gauss_tight,28,2.8,7799.7,355,4,False,5,1.2e-07,True,False,10921660,9424785,,,,,,,,,,,,,,,4938.8,399,0.5,False,4,8.89697265625,0,bf7e79344ead41e44798,773d6284160dd00b32d7,
ihp-sg13g2,gcd,gauss_tight,gauss_tight,29,2.8,7878.073,348,4,False,5,1e-07,True,False,10892987,9446268,,,,,,,,,,,,,,,4946.05,400,0.45,False,4,8.89697265625,0,9c3a72158c270b18d0fa,a68998b47af3a39c29a8,
ihp-sg13g2,gcd,gauss_tight,gauss_tight,30,2.8,7860.922,352,4,False,5,1.2e-07,True,False,10907950,9453617,,,,,,,,,,,,,,,4936.98,399,0.54,False,4,8.89697265625,0,35cdda675e70c0320956,d3d88c69a2392d093c63,
ihp-sg13g2,gcd,gauss_tight,gauss_tight,31,2.8,7680.492,349,4,False,5,1e-07,True,False,10891010,9454539,,,,,,,,,,,,,,,4936.98,399,0.5,False,4,8.89697265625,0,46b6d2a2928878ae3fe0,b255db7189d3c89a1a17,
ihp-sg13g2,gcd,gauss_tight,gauss_tight,32,2.8,7788.465,352,4,False,5,1.1e-07,True,False,10922126,9434146,,,,,,,,,,,,,,,4936.98,399,0.5,False,4,8.89697265625,0,5a4a4702f0c4873d6950,b6c9e50dab13705a74fd,
ihp-sg13g2,gcd,gauss_wide,gauss_wide,1,2.8,9408.017,370,4,False,5,9e-08,True,False,30513091,9835204,,,,,,,,,,,,,,,4944.24,400,0.42,False,4,9.3857421875,0,c071445f8717cf82e4d4,5b86eced8be298a8518b,
ihp-sg13g2,gcd,gauss_wide,gauss_wide,2,2.8,9422.802,372,4,False,5,8e-08,True,False,30008873,9960602,,,,,,,,,,,,,,,4951.5,401,0.49,False,4,9.3857421875,0,d079eb43564c0dbbcf08,5d71c259f5d351e2d574,
ihp-sg13g2,gcd,gauss_wide,gauss_wide,3,2.8,7706.041,344,4,False,5,6e-08,True,False,10908625,9447589,,,,,,,,,,,,,,,4936.98,399,0.5,False,4,9.3857421875,0,541fc7497fa5f3913065,1829f4ffd1d135a99367,
ihp-sg13g2,gcd,gauss_wide,gauss_wide,4,2.8,7801.224,348,4,False,5,5e-08,True,False,10894824,9458573,,,,,,,,,,,,,,,4938.8,399,0.52,False,4,9.3857421875,0,39eee466dec57dec7e1d,88ba9c07a8fabc7208ec,
ihp-sg13g2,gcd,gauss_wide,gauss_wide,5,2.8,8028.929,350,4,False,5,1.1e-07,True,False,11050298,9609846,,,,,,,,,,,,,,,4951.5,401,0.46,False,4,9.3857421875,0,d78bf863ce3fff00451a,88f2d1d9ea731b08c38c,
ihp-sg13g2,gcd,gauss_wide,gauss_wide,6,2.8,7843.146,348,4,False,5,9e-08,True,False,10917554,9529694,,,,,,,,,,,,,,,4958.76,402,0.48,False,4,9.3857421875,0,bd70b08db6edd84be055,fd262882c05820b4657c,
ihp-sg13g2,gcd,gauss_wide,gauss_wide,7,2.8,7812.366,347,4,False,5,1e-07,True,False,10918518,9443196,,,,,,,,,,,,,,,4944.24,400,0.43,False,4,9.3857421875,0,08337c05661da322b89a,906147fc9cfb9b995c36,
ihp-sg13g2,gcd,gauss_wide,gauss_wide,8,2.8,7761.083,346,4,False,5,1.2e-07,True,False,10935849,9517397,,,,,,,,,,,,,,,4936.98,399,0.52,False,4,9.3857421875,0,fc010fa04bd01ec6872a,15b21bae50eaf006b853,
ihp-sg13g2,gcd,gauss_wide,gauss_wide,9,2.8,7836.615,354,4,False,5,1e-07,True,False,10928342,9487136,,,,,,,,,,,,,,,4944.24,400,0.47,False,4,9.3857421875,0,a2d7fa96af95e0d08272,01741e9ba2859009908d,
ihp-sg13g2,gcd,gauss_wide,gauss_wide,10,2.8,7930.669,349,4,False,5,1.1e-07,True,False,10919216,9459855,,,,,,,,,,,,,,,4944.24,400,0.49,False,4,9.3857421875,0,087ccd99d8efe6b9d7d9,bb92cf3790aa5311286a,
ihp-sg13g2,gcd,gauss_wide,gauss_wide,11,2.8,7771.529,341,4,False,5,1.2e-07,True,False,10905539,9433341,,,,,,,,,,,,,,,4944.24,400,0.48,False,4,9.3857421875,0,2193a892db17269edfe6,ac0ef3a8d5ae927c6099,
ihp-sg13g2,gcd,gauss_wide,gauss_wide,12,2.8,7868.408,348,4,False,5,1.2e-07,True,False,10944442,9475975,,,,,,,,,,,,,,,4946.05,400,0.49,False,4,9.3857421875,0,81aec7e38001ad5e6639,96605db53ae5e4ba6f84,
ihp-sg13g2,gcd,gauss_wide,gauss_wide,13,2.8,9523.544,368,4,False,5,7e-08,True,False,29035858,9924884,,,,,,,,,,,,,,,4951.5,401,0.43,False,4,10.31591796875,0,57c8e583a48870e20c34,cde13321fcd89211b167,
ihp-sg13g2,gcd,gauss_wide,gauss_wide,14,2.8,7811.712,349,4,False,5,1.1e-07,True,False,10936865,9473020,,,,,,,,,,,,,,,4944.24,400,0.51,False,4,10.31591796875,0,63b9c11b9ac2c0bfa80a,3557a157d672f6242185,
ihp-sg13g2,gcd,gauss_wide,gauss_wide,15,2.8,7704.976,342,4,False,5,1.1e-07,True,False,10892720,9412810,,,,,,,,,,,,,,,4944.24,400,0.49,False,4,10.31591796875,0,2313a900b4a15ac9ff79,a6696ce66b5bc2d3a532,
ihp-sg13g2,gcd,gauss_wide,gauss_wide,16,2.8,8093.103,348,4,False,5,1.1e-07,True,False,11063321,9503672,,,,,,,,,,,,,,,4936.98,399,0.5,False,4,10.31591796875,0,2cd40af764e0b610b4b1,b7236b1bac2ab3539d79,
ihp-sg13g2,gcd,gauss_wide,gauss_wide,17,2.8,7731.133,347,4,False,5,1e-07,True,False,10867053,9370470,,,,,,,,,,,,,,,4951.5,401,0.52,False,4,10.31591796875,0,377fd1c428ad35860c71,3b1c806018c5d7acd583,
ihp-sg13g2,gcd,gauss_wide,gauss_wide,18,2.8,7812.855,349,4,False,5,1.1e-07,True,False,10893886,9467839,,,,,,,,,,,,,,,4944.24,400,0.51,False,4,10.31591796875,0,81c634a0ffca5e62a528,de194a9600c1dc05c4cf,
ihp-sg13g2,gcd,gauss_wide,gauss_wide,19,2.8,7842.886,349,4,False,5,1.1e-07,True,False,10953539,9493363,,,,,,,,,,,,,,,4944.24,400,0.41,False,4,10.31591796875,0,8b9da29f7880ba87a7d6,39de556a4af4bdab0919,
ihp-sg13g2,gcd,gauss_wide,gauss_wide,20,2.8,7774.023,348,4,False,5,1.1e-07,True,False,10899934,9419787,,,,,,,,,,,,,,,4944.24,400,0.49,False,4,10.31591796875,0,752ddd70b11ac7a64b36,d78e5f4777c73b3c0b9e,
ihp-sg13g2,gcd,gauss_wide,gauss_wide,21,2.8,7772.684,348,4,False,5,1e-07,True,False,10951720,9497922,,,,,,,,,,,,,,,4944.24,400,0.49,False,4,10.31591796875,0,4f7bcb1fb5dd825b005a,9bb50de3d6c1d8fe5c6d,
ihp-sg13g2,gcd,gauss_wide,gauss_wide,22,2.8,9479.363,365,4,False,5,1e-07,True,False,28784675,9794265,,,,,,,,,,,,,,,4936.98,399,0.52,False,4,10.31591796875,0,09896e4afa13ab74642d,1fadc55f4c5556d47de1,
ihp-sg13g2,gcd,gauss_wide,gauss_wide,23,2.8,7737.177,344,4,False,5,1.1e-07,True,False,10860979,9399764,,,,,,,,,,,,,,,4951.5,401,0.51,False,4,10.31591796875,0,19f651260b473b251a50,6250d75470b6f34fbb79,
ihp-sg13g2,gcd,gauss_wide,gauss_wide,24,2.8,9487.672,368,4,False,5,1e-07,True,False,27721460,9914664,,,,,,,,,,,,,,,4944.24,400,0.51,False,4,10.31591796875,0,b41eae7b1bccef4410c6,6b7bed081e1ea4a209a4,
ihp-sg13g2,gcd,gauss_wide,gauss_wide,25,2.8,7816.62,345,4,False,5,1.1e-07,True,False,10916491,9470822,,,,,,,,,,,,,,,4944.24,400,0.43,False,4,9.89013671875,0,d7dacd82aa45a0b724cd,fbe449f7cc7dd51091aa,
ihp-sg13g2,gcd,gauss_wide,gauss_wide,26,2.8,7931.661,354,4,False,5,1.2e-07,True,False,10948351,9471151,,,,,,,,,,,,,,,4944.24,400,0.46,False,4,9.89013671875,0,e888d7b185dc906ee2f0,4858632c2b1ca2356453,
ihp-sg13g2,gcd,gauss_wide,gauss_wide,27,2.8,9568.959,366,4,False,5,1e-07,True,False,30506974,9870329,,,,,,,,,,,,,,,4946.05,399,0.51,False,4,9.89013671875,0,8f1c59c929b7e35fbef6,1f432f7c2f31f92dc374,
ihp-sg13g2,gcd,gauss_wide,gauss_wide,28,2.8,7678.223,343,4,False,5,1e-07,True,False,10889817,9469298,,,,,,,,,,,,,,,4936.98,399,0.5,False,4,9.89013671875,0,8a0973f6cfe6b0034551,ad8ff7ac193e7ef75810,
ihp-sg13g2,gcd,gauss_wide,gauss_wide,29,2.8,9688.399,372,4,False,5,5e-08,True,False,30376236,10062792,,,,,,,,,,,,,,,4951.5,401,0.53,False,4,9.89013671875,0,5b2dee690635d6d0d282,4d90e855d39d0506808d,
ihp-sg13g2,gcd,gauss_wide,gauss_wide,30,2.8,9503.096,369,4,False,5,9e-08,True,False,29289633,9882252,,,,,,,,,,,,,,,4936.98,399,0.48,False,4,9.89013671875,0,2817d1a7d6d3502d5f52,f97f87da858cdfe2eb48,
ihp-sg13g2,gcd,gauss_wide,gauss_wide,31,2.8,7654.721,342,4,False,5,1e-07,True,False,10903008,9433760,,,,,,,,,,,,,,,4938.8,399,0.42,False,4,9.89013671875,0,a3c615bbf604f01e77c6,57a6afbc942ddcd8bee4,
ihp-sg13g2,gcd,gauss_wide,gauss_wide,32,2.8,7671.345,345,4,False,5,1.1e-07,True,False,10860464,9438270,,,,,,,,,,,,,,,4953.31,401,0.5,False,4,9.89013671875,0,b6e9c6d15df2ad41c7c4,48fd307381c248e267f9,
ihp-sg13g2,gcd,odb,odb,1,2.8,7722.649,338,4,False,5,8e-08,True,False,10886894,9402873,,,,,2.539352,0.260648,0,0.310775,148824,3.96,0,8.59,False,0,4951.5,401,0.51,False,4,7.56591796875,0,85dc81eb64646af05e2a,dc837a1e45ac9041718d,8158ce311a5f8efa9796
ihp-sg13g2,gcd,odb,odb,2,2.8,7691.221,341,4,False,5,1.1e-07,True,False,10892357,9408563,,,,,2.5874439999999996,0.212556,0,0.31751,149184,3.92,0,8.54,False,0,4951.5,401,0.48,False,4,7.56591796875,0,c2614a82632440229cb7,f116034a94f80500c21e,3019d5b336190afe066f
ihp-sg13g2,gcd,odb,odb,3,2.8,7874.062,340,4,False,5,1.1e-07,True,False,10905214,9416926,,,,,2.58987,0.21013,0,0.317526,151128,4.02,0,8.63,False,0,4944.24,400,0.47,False,4,7.56591796875,0,1dc11ace893a851a92be,8429ceb02dc6ca9c0714,cab036a85aeda58b4cb0
ihp-sg13g2,gcd,odb,odb,4,2.8,7672.218,340,4,False,5,9e-08,True,False,10881875,9406796,,,,,2.604367,0.195633,0,0.31745,149472,3.95,0,8.87,False,0,4944.24,400,0.51,False,4,7.56591796875,0,615ef42514092b7dc9d4,b518d518030f51850243,53a45d8516ab76702299
ihp-sg13g2,gcd,odb,odb,5,2.8,7790.899,344,4,False,5,1.1e-07,True,False,10905413,9413893,,,,,2.5822,0.2178,0,0.316629,151704,4.01,0,8.71,False,0,4951.5,401,0.46,False,4,7.56591796875,0,b2d8e93c7c1879447ed2,d1880fcc85db94730c3e,75e217982ad5fb036284
ihp-sg13g2,gcd,odb,odb,6,2.8,7728.609,342,4,False,5,1.1e-07,True,False,10891727,9397981,,,,,2.547418,0.252582,0,0.318409,149400,3.99,0,8.26,False,0,4946.05,400,0.48,False,4,7.56591796875,0,9e28f0c52fd270dced4c,37e04b42816bf23d463a,f49d9550ad5930a9a364
ihp-sg13g2,gcd,odb,odb,7,2.8,7867.779,348,4,False,5,1e-07,True,False,10885688,9414719,,,,,2.558932,0.241068,0,0.317204,148752,3.95,0,8.75,False,0,4951.5,401,0.42,False,4,7.56591796875,0,8ff8a0839086dbfbd558,35359a21f56d4f4f1268,37ceb93964d5fe98d57e
ihp-sg13g2,gcd,odb,odb,8,2.8,7734.632,341,4,False,5,9e-08,True,False,10892206,9403913,,,,,2.555938,0.244062,0,0.322385,148608,3.97,0,8.77,False,0,4946.05,400,0.49,False,4,7.56591796875,0,4d4fece56e62ea3e2bb1,a4cc5ad923cc3f6e2776,e591ff8381a8c0082837
ihp-sg13g2,gcd,odb,odb,9,2.8,7867.198,340,4,False,5,8e-08,True,False,10921562,9419497,,,,,,,,,,,,,,,4951.5,401,0.48,False,4,7.56591796875,0,5600971e9f3dfe0c83f0,144898cb1c8e75457fb3,
ihp-sg13g2,gcd,odb,odb,10,2.8,7805.121,342,4,False,5,1.1e-07,True,False,10913037,9417719,,,,,,,,,,,,,,,4958.76,402,0.53,False,4,7.56591796875,0,373ae25569768f685e33,8a210ed8eb212eb5a868,
ihp-sg13g2,gcd,odb,odb,11,2.8,7759.521,340,4,False,5,1.2e-07,True,False,10895548,9410867,,,,,,,,,,,,,,,4951.5,401,0.44,False,4,8.00146484375,0,0a5afb75aeb5e8ec04b5,c6bcc57f3fecaf1ab2de,
ihp-sg13g2,gcd,odb,odb,12,2.8,7711.414,339,4,False,5,1.1e-07,True,False,10896037,9403922,,,,,,,,,,,,,,,4944.24,400,0.48,False,4,8.00146484375,0,0a579b1aa7e9086a3e5f,a9e992101d33b0a43a25,
ihp-sg13g2,gcd,odb,odb,13,2.8,7822.958,339,4,False,5,1e-07,True,False,10902861,9420239,,,,,,,,,,,,,,,4944.24,400,0.55,False,4,8.00146484375,0,17f38051a58d1185b585,3b7e1476aa75af2ff24e,
ihp-sg13g2,gcd,odb,odb,14,2.8,7713.804,343,4,False,5,1.2e-07,True,False,10887656,9400072,,,,,,,,,,,,,,,4951.5,401,0.52,False,4,8.00146484375,0,31ee79d5ea4a07218f8b,56e70a3d5d51909c1b7a,
ihp-sg13g2,gcd,odb,odb,15,2.8,7706.083,340,4,False,5,1e-07,True,False,10889855,9398837,,,,,,,,,,,,,,,4944.24,400,0.52,False,4,8.00146484375,0,175cbcdad8435313f62a,a0cffa29758b2595057d,
ihp-sg13g2,gcd,odb,odb,16,2.8,7750.313,345,4,False,5,1e-07,True,False,10919656,9419829,,,,,,,,,,,,,,,4951.5,401,0.53,False,4,8.00146484375,0,12160598b9d6f049c045,2d7252581813345e9d89,
ihp-sg13g2,gcd,shipped,shipped,1,2.8,7751.158,366,4,False,5,7e-08,True,False,10886894,9351240,34,329,0,382,2.579072,0.220928,0,0.317633,148968,3.95,0,8.31,False,0,4944.24,400,0.49,False,4,8.0126953125,0,61d8297d24731a9828dc,dc837a1e45ac9041718d,066c68f59be79f7d5a6d
ihp-sg13g2,gcd,shipped,shipped,2,2.8,7738.399,370,4,False,5,1.2e-07,True,False,10892357,9357609,34,329,0,382,2.5189429999999997,0.281057,0,0.314164,149040,3.91,0,8.32,False,0,4944.24,400,0.5,False,4,8.0126953125,0,69172590ce618ab39ad7,f116034a94f80500c21e,25227e70e6d2521aab5c
ihp-sg13g2,gcd,shipped,shipped,3,2.8,7794.937,365,4,False,5,7e-08,True,False,10905214,9371230,34,329,0,382,2.5711069999999996,0.228893,0,0.308467,149472,3.99,0,8.55,False,0,4936.98,399,0.5,False,4,8.0126953125,0,a8552015ce54a1fe7f78,8429ceb02dc6ca9c0714,cd485b7aacd1883ff05d
ihp-sg13g2,gcd,shipped,shipped,4,2.8,7777.565,372,4,False,5,9e-08,True,False,10881875,9355400,34,329,0,382,2.5369509999999997,0.263049,0,0.317753,152208,4.04,0,8.59,False,0,4944.24,400,0.49,False,4,8.0126953125,0,debf9577fe03b583010f,b518d518030f51850243,3e68a7be93d6fb37c708
ihp-sg13g2,gcd,shipped,shipped,5,2.8,7877.703,368,4,False,5,9e-08,True,False,10905413,9368470,34,329,0,382,2.563639,0.236361,0,0.311118,148608,3.96,0,8.5,False,0,4951.5,401,0.54,False,4,8.0126953125,0,0e4ce2b1493279107f70,d1880fcc85db94730c3e,5a242e774260ff11ab59
ihp-sg13g2,gcd,shipped,shipped,6,2.8,7728.719,362,4,False,5,1.1e-07,True,False,10891727,9354907,34,329,0,382,2.540622,0.259378,0,0.309489,149328,3.97,0,8.59,False,0,4944.24,400,0.54,False,4,8.0126953125,0,5cc1b190143a39b488f4,37e04b42816bf23d463a,8a4f29717580599591e2
ihp-sg13g2,gcd,shipped,shipped,7,2.8,7846.676,367,4,False,5,1.1e-07,True,False,10885688,9369989,34,329,0,382,2.572119,0.227881,0,0.326637,149256,3.98,0,8.48,False,0,4944.24,400,0.42,False,4,7.85107421875,0,23ebc1d12dd91fe76055,35359a21f56d4f4f1268,4f59aab63e99937ae646
ihp-sg13g2,gcd,shipped,shipped,8,2.8,7868.198,369,4,False,5,6e-08,True,False,10892206,9352110,34,329,0,382,2.587281,0.212719,0,0.316921,149832,3.99,0,8.74,False,0,4944.24,400,0.5,False,4,7.85107421875,0,8ce4f3e2c260025ce4d7,a4cc5ad923cc3f6e2776,0d419cf25c9dff1178ad
ihp-sg13g2,gcd,shipped,shipped,9,2.8,7867.66,366,4,False,5,1.2e-07,True,False,10921562,9368308,34,329,0,382,,,,,,,,,,,4951.5,401,0.57,False,4,7.85107421875,0,bceee4616beb797d0c50,144898cb1c8e75457fb3,
ihp-sg13g2,gcd,shipped,shipped,10,2.8,7856.472,368,4,False,5,9e-08,True,False,10913037,9365632,34,329,0,382,,,,,,,,,,,4936.98,399,0.53,False,4,7.85107421875,0,e005a6d23542bcee1ea4,8a210ed8eb212eb5a868,
ihp-sg13g2,gcd,shipped,shipped,11,2.8,7759.743,367,4,False,5,9e-08,True,False,10895548,9356615,34,329,0,382,,,,,,,,,,,4944.24,400,0.56,False,4,7.85107421875,0,a18d7e87d8ffaf1c0ecb,c6bcc57f3fecaf1ab2de,
ihp-sg13g2,gcd,shipped,shipped,12,2.8,7751.695,370,4,False,5,9e-08,True,False,10896037,9356877,34,329,0,382,,,,,,,,,,,4944.24,400,0.56,False,4,7.85107421875,0,8f2a3d68f8bcd56505d6,a9e992101d33b0a43a25,
ihp-sg13g2,gcd,shipped,shipped,13,2.8,7828.593,373,4,False,5,1.1e-07,True,False,10902861,9364771,34,329,0,382,,,,,,,,,,,4936.98,399,0.51,False,4,7.85107421875,0,1ffa5d708da1ea377d5a,3b7e1476aa75af2ff24e,
ihp-sg13g2,gcd,shipped,shipped,14,2.8,7843.96,365,4,False,5,1e-07,True,False,10887656,9354384,34,329,0,382,,,,,,,,,,,4944.24,400,0.52,False,4,7.85107421875,0,1a7e4c5eee28233f1b93,56e70a3d5d51909c1b7a,
ihp-sg13g2,gcd,shipped,shipped,15,2.8,7733.651,368,4,False,5,1e-07,True,False,10889855,9356134,34,329,0,382,,,,,,,,,,,4936.98,399,0.53,False,4,7.85107421875,0,f49104ff422c17c2945c,a0cffa29758b2595057d,
ihp-sg13g2,gcd,shipped,shipped,16,2.8,7912.535,364,4,False,5,1e-07,True,False,10919656,9368290,34,329,0,382,,,,,,,,,,,4958.76,402,0.52,False,4,7.85107421875,0,c6e83873c87ce168a6ce,2d7252581813345e9d89,
ihp-sg13g2,gcd,spread,spread,1,2.8,9440.258,364,4,False,5,7e-08,True,False,30615472,10040147,,,,,2.448193,0.351807,0,0.30998,168912,4.58,0,11.02,False,0,4944.24,400,0.49,False,4,9.89013671875,0,0399274fea92b3bee2bc,38ca9d5ae71b137202bd,2c43cb5b5dc443fafd31
ihp-sg13g2,gcd,spread,spread,2,2.8,9441.856,362,4,False,5,1.2e-07,True,False,30669450,10014951,,,,,2.51346,0.28654,0,0.317492,167760,4.57,0,10.93,False,0,4953.31,401,0.5,False,4,9.89013671875,0,b899b6a01d5bcc988cc7,cdd8d264b964dcd010bf,a93a51456b3d13d13af0
ihp-sg13g2,gcd,spread,spread,3,2.8,9364.025,365,4,False,5,1.1e-07,True,False,30483835,10028944,,,,,2.4981649999999997,0.301835,0,0.317,168120,4.54,0,11.05,False,0,4944.24,400,0.51,False,4,9.89013671875,0,9978da08846ce1524406,db009659cac770ef4bc4,d098b071710373537fc8
ihp-sg13g2,gcd,spread,spread,4,2.8,9466.882,370,4,False,5,1e-07,True,False,30916990,10044952,,,,,2.5037279999999997,0.296272,0,0.308995,170136,4.56,0,10.83,False,0,4944.24,400,0.5,False,4,9.89013671875,0,c1b334228b4dce80b428,8a8a4b6db445b493b032,fb75de777c2d7bb34eed
ihp-sg13g2,gcd,spread,spread,5,2.8,9475.849,365,4,False,5,1.2e-07,True,False,32751539,10127127,,,,,2.411138,0.388862,0,0.319611,173016,4.65,0,11.15,False,0,4958.76,402,0.47,False,4,9.89013671875,0,eb872cb9850b1e3d775d,06ceae8e1d3a82d91427,90b851551d35131cfa61
ihp-sg13g2,gcd,spread,spread,6,2.8,9496.166,365,4,False,5,9e-08,True,False,30863972,10043549,,,,,2.4835849999999997,0.316415,0,0.316996,169416,4.61,0,11.12,False,0,4951.5,401,0.45,False,4,9.57861328125,0,a665b31a545ea69b025e,29d61fabd6d913e6b07a,4ffec52e12826925c37f
ihp-sg13g2,gcd,spread,spread,7,2.8,9433.844,363,4,False,5,1.2e-07,True,False,30849422,10047434,,,,,2.464574,0.335426,0,0.321394,167544,4.54,0,11.07,False,0,4958.76,402,0.41,False,4,9.57861328125,0,11a30bf032f23d8db29a,c0ba674f86a78d17bea1,4645a59249c294d10618
ihp-sg13g2,gcd,spread,spread,8,2.8,9687.836,365,4,False,5,1.1e-07,True,False,33303802,10140590,,,,,2.5146759999999997,0.285324,0,0.318456,174960,4.72,0,11.24,False,0,4951.5,401,0.41,False,4,9.57861328125,0,3c768991d4534d3585f2,8d430f201317a94a3cbb,444c2b68ea67e1f02f5c
ihp-sg13g2,gcd,spread,spread,9,2.8,9302.081,364,4,False,5,9e-08,True,False,30998267,10044881,,,,,,,,,,,,,,,4944.24,400,0.53,False,4,9.57861328125,0,e5e3ba63706d04c6802f,a2184d8b595dda6bb2b5,
ihp-sg13g2,gcd,spread,spread,10,2.8,9350.456,367,4,False,5,6e-08,True,False,31880482,10068688,,,,,,,,,,,,,,,4944.24,400,0.51,False,4,9.57861328125,0,c3411fae9d0dc84032d4,00230693ee627160eb08,
ihp-sg13g2,gcd,spread,spread,11,2.8,9350.499,367,4,False,5,1e-07,True,False,30898807,10051657,,,,,,,,,,,,,,,4936.98,399,0.4,False,4,9.57861328125,0,17168f3b5533e2042344,9f551315e8e779fccff0,
ihp-sg13g2,gcd,spread,spread,12,2.8,9472.668,365,4,False,5,1.1e-07,True,False,30663749,10034414,,,,,,,,,,,,,,,4936.98,399,0.5,False,4,9.57861328125,0,75a92b3a4d80d7342a6f,f1b8782cb87e5df3f35b,
ihp-sg13g2,gcd,spread,spread,13,2.8,9480.363,367,4,False,5,1.1e-07,True,False,30982865,10041915,,,,,,,,,,,,,,,4936.98,399,0.52,False,4,9.57861328125,0,cf6dc1c51901c3868930,972713315d2cda651ad0,
ihp-sg13g2,gcd,spread,spread,14,2.8,9343.107,370,4,False,5,1.2e-07,True,False,31156038,10050495,,,,,,,,,,,,,,,4938.8,399,0.51,False,4,9.57861328125,0,1b0ac03df249fb787b01,9242be1e151876fdf216,
ihp-sg13g2,gcd,spread,spread,15,2.8,9491.558,361,4,False,5,1e-07,True,False,30794561,10037929,,,,,,,,,,,,,,,4951.5,401,0.53,False,4,9.57861328125,0,836e5059205720493211,051b43ac4913ad53aa6f,
ihp-sg13g2,gcd,spread,spread,16,2.8,9463.72,369,4,False,5,1.2e-07,True,False,30501170,10013041,,,,,,,,,,,,,,,4946.05,400,0.53,False,4,9.57861328125,0,4a84c199490f33b6ef48,30e38b7eb05f25bf6099,
ihp-sg13g2,gcd,uniform,uniform,1,2.8,9662.026,366,4,False,5,8e-08,True,False,31391192,10186613,,,,,,,,,,,,,,,4944.24,400,0.51,False,4,9.2314453125,0,2e8e622b956804ab452a,1890410cffebb254686f,
ihp-sg13g2,gcd,uniform,uniform,2,2.8,9967.645,374,4,False,5,1.1e-07,True,False,32406104,10472336,,,,,,,,,,,,,,,4958.76,402,0.48,False,4,9.2314453125,0,58d5751e026718f5655a,c8696d7d86c0ab7fe40d,
ihp-sg13g2,gcd,uniform,uniform,3,2.8,9782.679,365,4,False,5,8e-08,True,False,32603641,10387374,,,,,,,,,,,,,,,4944.24,400,0.52,False,4,9.2314453125,0,17e5c1ccb35a0fd9c252,ef38d9f07d78ec3eba93,
ihp-sg13g2,gcd,uniform,uniform,4,2.8,9916.405,364,4,False,5,1.1e-07,True,False,38627130,10634101,,,,,,,,,,,,,,,4953.31,401,0.46,False,4,9.2314453125,0,d3071974addd95dfc867,66299302e5456fc93617,
ihp-sg13g2,gcd,uniform,uniform,5,2.8,9792.277,362,4,False,5,1e-07,True,False,36339321,10437106,,,,,,,,,,,,,,,4951.5,401,0.53,False,4,9.2314453125,0,926bf75d952214d37a69,62eb070689e09dd9d525,
ihp-sg13g2,gcd,uniform,uniform,6,2.8,9965.26,375,4,False,5,1.2e-07,True,False,35143888,10523316,,,,,,,,,,,,,,,4936.98,399,0.54,False,4,9.2314453125,0,f86b3a438147d20ffb4d,03c214d44e9eb670bf34,
ihp-sg13g2,gcd,uniform,uniform,7,2.8,9669.988,366,4,False,5,8e-08,True,False,31740779,10148918,,,,,,,,,,,,,,,4958.76,402,0.55,False,4,9.2314453125,0,b6cca66828f1f82197cf,a0d0a5021470d2a9e786,
ihp-sg13g2,gcd,uniform,uniform,8,2.8,9655.154,369,4,False,5,9e-08,True,False,31333779,10277859,,,,,,,,,,,,,,,4951.5,401,0.63,False,4,9.2314453125,0,afb2ae50b1fff5c13681,df0735bd0d5d7dec9655,
ihp-sg13g2,gcd,uniform,uniform,9,2.8,9850.851,360,4,False,5,8e-08,True,False,34630916,10489438,,,,,,,,,,,,,,,4936.98,399,0.51,False,4,9.2314453125,0,f3da3637bf74787c37ef,0934cbd95c079e839051,
ihp-sg13g2,gcd,uniform,uniform,10,2.8,9533.085,367,4,False,5,1.1e-07,True,False,33408452,10279671,,,,,,,,,,,,,,,4944.24,400,0.53,False,4,9.2314453125,0,ffabee1818dfc9531603,5b3ceaa26ecf523ff00e,
ihp-sg13g2,gcd,uniform,uniform,11,2.8,9585.02,370,4,False,5,7e-08,True,False,35740869,10108931,,,,,,,,,,,,,,,4944.24,400,0.51,False,4,8.97265625,0,a43bdebf1cd4978fe73f,f08775785fe016992197,
ihp-sg13g2,gcd,uniform,uniform,12,2.8,9648.767,369,4,False,5,1.1e-07,True,False,31887970,10194059,,,,,,,,,,,,,,,4944.24,400,0.54,False,4,8.97265625,0,9a5d8043314fbf03d80b,e84c7d49b401afa3eb3f,
ihp-sg13g2,gcd,uniform,uniform,13,2.8,9667.245,365,4,False,5,1e-07,True,False,34528373,10283968,,,,,,,,,,,,,,,4944.24,400,0.55,False,4,8.97265625,0,59305132a5a0a173a4ca,d2980333e85a37bb2b43,
ihp-sg13g2,gcd,uniform,uniform,14,2.8,9798.13,373,4,False,5,1.1e-07,True,False,35164875,10321956,,,,,,,,,,,,,,,4951.5,401,0.53,False,4,8.97265625,0,e0fbf58b3d6c4c8041db,707bfc476c31f760dd02,
ihp-sg13g2,gcd,uniform,uniform,15,2.8,9587.716,371,4,False,5,8e-08,True,False,37343628,10426920,,,,,,,,,,,,,,,4938.8,399,0.53,False,4,8.97265625,0,3db706d72d56d47d4786,5f05fcf7be84d3732276,
ihp-sg13g2,gcd,uniform,uniform,16,2.8,9912.697,363,4,False,5,1.2e-07,True,False,39056223,10540022,,,,,,,,,,,,,,,4951.5,401,0.54,False,4,8.97265625,0,ebacc0d989c2aa7cd64c,371abb7daec920167e43,
ihp-sg13g2,gcd,uniform,uniform,17,2.8,9776.049,369,4,False,5,1.1e-07,True,False,35218908,10376516,,,,,,,,,,,,,,,4936.98,399,0.54,False,4,8.97265625,0,1b9742e1ab27a15e15de,c3e85d910e0a9b5a6d31,
ihp-sg13g2,gcd,uniform,uniform,18,2.8,10250.25,363,4,False,5,1e-07,True,False,30509692,10186401,,,,,,,,,,,,,,,4958.76,402,0.54,False,4,8.97265625,0,5fa5e3dfdc02ef864f24,a93feb064519a3097a67,
ihp-sg13g2,gcd,uniform,uniform,19,2.8,9706.072,361,4,False,5,1e-07,True,False,36666538,10234214,,,,,,,,,,,,,,,4936.98,399,0.49,False,4,8.97265625,0,4b46df972c837bf85070,474c2c4a2fe5169f56d0,
ihp-sg13g2,gcd,uniform,uniform,20,2.8,9518.407,365,4,False,5,1.1e-07,True,False,33058703,10211572,,,,,,,,,,,,,,,4951.5,401,0.49,False,4,8.97265625,0,af35f86f34920ae71693,353ee40b3f916a7c9cfb,
ihp-sg13g2,gcd,uniform,uniform,21,2.8,9501.556,368,4,False,5,1.1e-07,True,False,32427692,10189047,,,,,,,,,,,,,,,4944.24,399,0.52,False,4,8.97265625,0,485143794781d18d2631,bf6eca140ad128970115,
ihp-sg13g2,gcd,uniform,uniform,22,2.8,9829.222,367,4,False,5,1.2e-07,True,False,33604680,10275010,,,,,,,,,,,,,,,4953.31,401,0.54,False,4,8.97265625,0,ce4cef36d8dd26f2e8d3,ccc12060f52a51bd4fd6,
ihp-sg13g2,gcd,uniform,uniform,23,2.8,9572.946,370,4,False,5,1.2e-07,True,False,33073104,10250878,,,,,,,,,,,,,,,4944.24,400,0.55,False,4,8.97265625,0,0d924a7a3441edd32d7f,09526cbb344d4d5197ae,
ihp-sg13g2,gcd,uniform,uniform,24,2.8,10213.78,366,4,False,5,1e-07,True,False,36248786,10546100,,,,,,,,,,,,,,,4944.24,400,0.53,False,4,8.97265625,0,14f31ac5544e8a952c1f,064ae9710a4f922fa223,
ihp-sg13g2,gcd,uniform,uniform,25,2.8,9492.749,362,4,False,5,1.1e-07,True,False,33648999,10198123,,,,,,,,,,,,,,,4951.5,401,0.51,False,4,8.97265625,0,3a9b511c7a5c8798ce13,628ba90f41d7346e04ed,
ihp-sg13g2,gcd,uniform,uniform,26,2.8,9831.776,361,4,False,5,1e-07,True,False,33492671,10649681,,,,,,,,,,,,,,,4944.24,400,0.54,False,4,8.97265625,0,33d5b3f33eb742e09560,bfcafa4eb43bc4fc1a76,
ihp-sg13g2,gcd,uniform,uniform,27,2.8,9558.876,373,4,False,5,1.2e-07,True,False,34987487,10254708,,,,,,,,,,,,,,,4951.5,401,0.56,False,4,8.97265625,0,d99ac16a1cc124aa1fba,cba24d29fa5aee36f603,
ihp-sg13g2,gcd,uniform,uniform,28,2.8,9397.371,365,4,False,5,1.2e-07,True,False,31027171,10239456,,,,,,,,,,,,,,,4944.24,400,0.52,False,4,8.97265625,0,beeeba1cfdb8696b8a8a,627b60671818a9d9d9c9,
ihp-sg13g2,gcd,uniform,uniform,29,2.8,9744.451,370,4,False,5,1.1e-07,True,False,33257016,10289144,,,,,,,,,,,,,,,4946.05,400,0.51,False,4,8.734375,0,e8fe73c2c7dfdc40098a,a191e0580331fc5552b1,
ihp-sg13g2,gcd,uniform,uniform,30,2.8,9893.048,364,4,False,5,1.2e-07,True,False,36466165,10440258,,,,,,,,,,,,,,,4936.98,399,0.47,False,4,8.734375,0,b876e54f9d85ad7be24c,d8221c52de6795d87bb9,
ihp-sg13g2,gcd,uniform,uniform,31,2.8,9593.871,369,4,False,5,6e-08,True,False,31623574,10101097,,,,,,,,,,,,,,,4936.98,399,0.46,False,4,8.734375,0,8ea330c634eb9a061d00,a030e9a8163de279ad46,
ihp-sg13g2,gcd,uniform,uniform,32,2.8,9342.325,374,4,False,5,1.1e-07,True,False,33802997,10219097,,,,,,,,,,,,,,,4944.24,400,0.53,False,4,8.734375,0,f4b5db7d2069dabb537d,6568b336de0b0853cb82,
ihp-sg13g2,spi,anchored,anchored,1,1.0,2440.435,326,4,False,5,1e-07,True,False,3960205,3632272,,,,,0.9775319,0.0224681,0,0.268969,5414,2.66,0,6.02,False,0,2589.15,174,0.29,False,4,8.64697265625,0,bc75d55a3144c8364a42,2d19e293f45d673ec399,19ff58b74e51166b4d7c
ihp-sg13g2,spi,anchored,anchored,2,1.0,2419.946,326,4,False,5,1e-07,True,False,3962669,3634809,,,,,0.9736715,0.0263285,0,0.269851,5608,2.7,0,6.26,False,0,2576.45,170,0.26,False,4,8.64697265625,0,af8d906421c306099a41,1328888f4d968765eba3,162276e1eeed3d107418
ihp-sg13g2,spi,anchored,anchored,3,1.0,2440.26,321,4,False,5,7e-08,True,False,3963893,3634004,,,,,0.986692,0.013308,0,0.267834,5716,2.69,0,5.87,False,0,2581.89,173,0.3,False,4,8.5947265625,0,9e342034271a573f05d9,9e41770f36df704a9536,a85dacc515850a2b75a6
ihp-sg13g2,spi,anchored,anchored,4,1.0,2417.639,325,4,False,5,1.1e-07,True,False,3965113,3631589,,,,,0.9818671,0.0181329,0,0.269143,5565,2.7,0,5.67,False,0,2569.19,171,0.27,False,4,8.5947265625,0,18bc9344dab6bb5e37e6,e0d9a41fbeb147fb4c97,34338f48358630a5e933
ihp-sg13g2,spi,anchored,anchored,5,1.0,2422.948,326,4,False,5,8e-08,True,False,3963348,3632233,,,,,0.9886096,0.0113904,0,0.268161,5745,2.77,0,6.23,False,0,2569.19,171,0.3,False,4,8.5947265625,0,419383144e5267a1957d,2dbb7d128e94ac90fc23,00a817314022433c830e
ihp-sg13g2,spi,anchored,anchored,6,1.0,2410.991,325,4,False,5,1.2e-07,True,False,3965240,3633729,,,,,0.9775161,0.0224839,0,0.268724,5716,2.77,0,6.19,False,0,2589.15,174,0.29,False,4,8.5947265625,0,228fe10be7c679c95086,8c4164fcd126cb72566f,3ce7a5c56cdee97caeae
ihp-sg13g2,spi,anchored,anchored,7,1.0,2418.812,325,4,False,5,1.2e-07,True,False,3963952,3635969,,,,,0.99718869,0.00281131,0,0.258831,5572,2.68,0,6.16,False,0,2561.93,170,0.27,False,4,8.5947265625,0,02a785cf2e22ffe448af,4e45a763c818d7e39502,2001a292c0cb24c5d80d
ihp-sg13g2,spi,anchored,anchored,8,1.0,2408.936,324,4,False,5,1.1e-07,True,False,3967411,3634655,,,,,0.9643226,0.0356774,0,0.268109,5695,2.78,0,6.26,False,0,2572.82,171,0.28,False,4,8.5947265625,0,0b1ec16808726e737916,550eb9b6d5b2d188fcdf,fcc5119e6ac24c1e3ee3
ihp-sg13g2,spi,anchored,anchored,9,1.0,2420.916,320,4,False,5,1.2e-07,True,False,3966705,3635909,,,,,,,,,,,,,,,2576.45,172,0.3,False,4,8.5947265625,0,d45036f8475fc00e202e,582d7dc3763ced3c1ed8,
ihp-sg13g2,spi,anchored,anchored,10,1.0,2455.669,325,4,False,5,1.1e-07,True,False,3961845,3628157,,,,,,,,,,,,,,,2581.89,173,0.31,False,4,8.5947265625,0,6289a4fe476c84be3943,a40589e30df772caf2a1,
ihp-sg13g2,spi,anchored,anchored,11,1.0,2415.336,324,4,False,5,1e-07,True,False,3969352,3634436,,,,,,,,,,,,,,,2569.19,171,0.31,False,4,8.5947265625,0,57c59dbb862521a1d553,c2f63fbae0140b6d401e,
ihp-sg13g2,spi,anchored,anchored,12,1.0,2415.797,324,4,False,5,8e-08,True,False,3960323,3634903,,,,,,,,,,,,,,,2576.45,172,0.3,False,4,8.5947265625,0,0739eff2fff3e56d63cc,15b42e07659e27bc7de6,
ihp-sg13g2,spi,anchored,anchored,13,1.0,2433.133,322,4,False,5,8e-08,True,False,3964371,3635680,,,,,,,,,,,,,,,2578.26,170,0.27,False,4,8.5947265625,0,ce68400dd385971e2711,dc4c5d2f66e1798243f5,
ihp-sg13g2,spi,anchored,anchored,14,1.0,2430.808,323,4,False,5,1.1e-07,True,False,3962255,3631814,,,,,,,,,,,,,,,2574.63,172,0.27,False,4,8.5947265625,0,e267d87a9ab0a5e532b4,1ef1937dc84762dac184,
ihp-sg13g2,spi,anchored,anchored,15,1.0,2447.05,320,4,False,5,1e-07,True,False,3967510,3631618,,,,,,,,,,,,,,,2581.89,173,0.27,False,4,8.5947265625,0,adee327137cd5544cfc2,a270861f1a2c2caa3267,
ihp-sg13g2,spi,anchored,anchored,16,1.0,2444.592,317,4,False,5,1e-07,True,False,3965585,3635825,,,,,,,,,,,,,,,2581.89,173,0.28,False,4,8.5947265625,0,2a064dbb7c8befdc6f27,9857ed8fcf2530c44c6f,
ihp-sg13g2,spi,center,center,1,1.0,2486.867,336,4,False,5,1.1e-07,True,False,3960205,3618501,,,,,,,,,,,,,,,2574.63,172,0.32,False,4,7.7841796875,0,19e81ffe32caf78d8e38,2d19e293f45d673ec399,
ihp-sg13g2,spi,center,center,2,1.0,2434.877,325,4,False,5,1.1e-07,True,False,3962669,3619167,,,,,,,,,,,,,,,2581.89,173,0.33,False,4,7.7841796875,0,7cb6045dd1eacd20b568,1328888f4d968765eba3,
ihp-sg13g2,spi,center,center,3,1.0,2528.182,333,4,False,5,6e-08,True,False,3963893,3620699,,,,,,,,,,,,,,,2567.38,171,0.29,False,4,7.7841796875,0,d24b9c9830bcea34c416,9e41770f36df704a9536,
ihp-sg13g2,spi,center,center,4,1.0,2436.24,322,4,False,5,8e-08,True,False,3965113,3618263,,,,,,,,,,,,,,,2567.38,171,0.31,False,4,7.7841796875,0,21f94901f5507b6f013d,e0d9a41fbeb147fb4c97,
ihp-sg13g2,spi,center,center,5,1.0,2418.501,328,4,False,5,1.2e-07,True,False,3963348,3618459,,,,,,,,,,,,,,,2561.93,170,0.31,False,4,7.7841796875,0,00c767489cc4e97f64ab,2dbb7d128e94ac90fc23,
ihp-sg13g2,spi,center,center,6,1.0,2494.962,327,4,False,5,8e-08,True,False,3965240,3619735,,,,,,,,,,,,,,,2567.38,171,0.31,False,4,7.7841796875,0,d84758448589c7535a80,8c4164fcd126cb72566f,
ihp-sg13g2,spi,center,center,7,1.0,2457.005,332,4,False,5,1e-07,True,False,3963952,3623153,,,,,,,,,,,,,,,2574.63,172,0.33,False,4,7.7841796875,0,d6b2e9fc9cbad56ac037,4e45a763c818d7e39502,
ihp-sg13g2,spi,center,center,8,1.0,2425.428,326,4,False,5,1.2e-07,True,False,3967411,3621529,,,,,,,,,,,,,,,2574.63,172,0.32,False,4,7.7841796875,0,334f953433b4f185834f,550eb9b6d5b2d188fcdf,
ihp-sg13g2,spi,center,center,9,1.0,2502.585,325,4,False,5,1.1e-07,True,False,3966705,3622221,,,,,,,,,,,,,,,2574.63,172,0.31,False,4,7.7841796875,0,0c6da9df64562635e476,582d7dc3763ced3c1ed8,
ihp-sg13g2,spi,center,center,10,1.0,2443.788,323,4,False,5,4e-08,True,False,3961845,3616869,,,,,,,,,,,,,,,2574.63,172,0.31,False,4,7.7841796875,0,0ed1b14e92593bb4948b,a40589e30df772caf2a1,
ihp-sg13g2,spi,center,center,11,1.0,2445.228,327,4,False,5,7e-08,True,False,3969352,3621035,,,,,,,,,,,,,,,2560.12,170,0.29,False,4,7.7841796875,0,c833a827f4aa1ea883dd,c2f63fbae0140b6d401e,
ihp-sg13g2,spi,center,center,12,1.0,2447.14,328,4,False,5,1e-07,True,False,3960323,3619246,,,,,,,,,,,,,,,2567.38,171,0.32,False,4,7.7841796875,0,44ec9edcf5ae7eefc73d,15b42e07659e27bc7de6,
ihp-sg13g2,spi,center,center,13,1.0,2431.709,328,4,False,5,8e-08,True,False,3964371,3622071,,,,,,,,,,,,,,,2576.45,172,0.33,False,4,7.7841796875,0,b91999b07bb438f1a4b3,dc4c5d2f66e1798243f5,
ihp-sg13g2,spi,center,center,14,1.0,2501.3,328,4,False,5,1.1e-07,True,False,3962255,3618217,,,,,,,,,,,,,,,2581.89,172,0.31,False,4,7.7841796875,0,7134a3b588ce96ba3ea3,1ef1937dc84762dac184,
ihp-sg13g2,spi,center,center,15,1.0,2501.029,322,4,False,5,4e-08,True,False,3967510,3615446,,,,,,,,,,,,,,,2576.45,172,0.3,False,4,7.8017578125,0,8eda6f503820b2170bde,a270861f1a2c2caa3267,
ihp-sg13g2,spi,center,center,16,1.0,2451.603,328,4,False,5,1e-07,True,False,3965585,3621634,,,,,,,,,,,,,,,2574.63,172,0.31,False,4,7.8017578125,0,0ae19989fde8aa8d81b3,9857ed8fcf2530c44c6f,
ihp-sg13g2,spi,corner_ll,corner_ll,1,1.0,2341.169,352,4,False,5,9e-08,True,False,3767610,3330410,,,,,,,,,,,,,,,2567.38,171,0.29,False,4,8.37841796875,0,d3a765bd6b33176aa91d,df19e2463820a880631e,
ihp-sg13g2,spi,corner_ll,corner_ll,2,1.0,2340.665,352,4,False,5,9e-08,True,False,3767610,3330410,,,,,,,,,,,,,,,2567.38,171,0.29,False,4,8.37841796875,0,fc232cccb1a9f78b7ba3,df19e2463820a880631e,
ihp-sg13g2,spi,corner_ll,corner_ll,3,1.0,2341.508,352,4,False,5,9e-08,True,False,3767610,3330410,,,,,,,,,,,,,,,2567.38,171,0.29,False,4,8.37841796875,0,ac4bd4356653a49910c7,df19e2463820a880631e,
ihp-sg13g2,spi,corner_ll,corner_ll,4,1.0,2340.657,352,4,False,5,9e-08,True,False,3767610,3330410,,,,,,,,,,,,,,,2567.38,171,0.32,False,4,8.37841796875,0,5d03a0efbc2cafbaaab8,df19e2463820a880631e,
ihp-sg13g2,spi,corner_ll,corner_ll,5,1.0,2341.525,352,4,False,5,9e-08,True,False,3767610,3330410,,,,,,,,,,,,,,,2567.38,171,0.31,False,4,8.37841796875,0,cff660721feaed5f7fdd,df19e2463820a880631e,
ihp-sg13g2,spi,corner_ll,corner_ll,6,1.0,2340.882,352,4,False,5,9e-08,True,False,3767610,3330410,,,,,,,,,,,,,,,2567.38,171,0.33,False,4,8.37841796875,0,f0a7c1810ed340d76001,df19e2463820a880631e,
ihp-sg13g2,spi,corner_ll,corner_ll,7,1.0,2341.37,352,4,False,5,9e-08,True,False,3767610,3330410,,,,,,,,,,,,,,,2567.38,171,0.29,False,4,8.37841796875,0,f7fd451c0f2e1b26ea3f,df19e2463820a880631e,
ihp-sg13g2,spi,corner_ll,corner_ll,8,1.0,2341.72,352,4,False,5,9e-08,True,False,3767610,3330410,,,,,,,,,,,,,,,2567.38,171,0.3,False,4,8.37841796875,0,8c6012bfd93adb925377,df19e2463820a880631e,
ihp-sg13g2,spi,corner_ll,corner_ll,9,1.0,2340.676,352,4,False,5,9e-08,True,False,3767610,3330410,,,,,,,,,,,,,,,2567.38,171,0.32,False,4,8.37841796875,0,7733f069890a652ecbcd,df19e2463820a880631e,
ihp-sg13g2,spi,corner_ll,corner_ll,10,1.0,2342.156,352,4,False,5,9e-08,True,False,3767610,3330410,,,,,,,,,,,,,,,2567.38,171,0.31,False,4,8.37841796875,0,c8febae072684c16e007,df19e2463820a880631e,
ihp-sg13g2,spi,corner_ll,corner_ll,11,1.0,2341.293,352,4,False,5,9e-08,True,False,3767610,3330410,,,,,,,,,,,,,,,2567.38,171,0.32,False,4,8.37841796875,0,c065e65726152dbbcce5,df19e2463820a880631e,
ihp-sg13g2,spi,corner_ll,corner_ll,12,1.0,2340.97,352,4,False,5,9e-08,True,False,3767610,3330410,,,,,,,,,,,,,,,2567.38,171,0.31,False,4,8.37841796875,0,83eb2a3467f64d143850,df19e2463820a880631e,
ihp-sg13g2,spi,corner_ll,corner_ll,13,1.0,2340.949,352,4,False,5,9e-08,True,False,3767610,3330410,,,,,,,,,,,,,,,2567.38,171,0.26,False,4,8.1875,0,50423b06a641d18f288b,df19e2463820a880631e,
ihp-sg13g2,spi,corner_ll,corner_ll,14,1.0,2343.04,352,4,False,5,9e-08,True,False,3767610,3330410,,,,,,,,,,,,,,,2567.38,171,0.28,False,4,8.1875,0,bc57f43ae9f0f7572fbf,df19e2463820a880631e,
ihp-sg13g2,spi,corner_ll,corner_ll,15,1.0,2342.163,352,4,False,5,9e-08,True,False,3767610,3330410,,,,,,,,,,,,,,,2567.38,171,0.31,False,4,8.1875,0,45c28434c419b8e62d29,df19e2463820a880631e,
ihp-sg13g2,spi,corner_ll,corner_ll,16,1.0,2340.676,352,4,False,5,9e-08,True,False,3767610,3330410,,,,,,,,,,,,,,,2567.38,171,0.34,False,4,8.1875,0,9465fe0d1262518caf8a,df19e2463820a880631e,
ihp-sg13g2,spi,corner_ur,corner_ur,1,1.0,2254.763,364,4,False,5,1e-07,True,False,3686866,3065435,,,,,,,,,,,,,,,2581.89,173,0.32,False,4,8.1875,0,ac1eb4fca4c7b24eec28,aa6fd732aa7a8b110e42,
ihp-sg13g2,spi,corner_ur,corner_ur,2,1.0,2254.719,364,4,False,5,1e-07,True,False,3686866,3065435,,,,,,,,,,,,,,,2581.89,173,0.3,False,4,8.1875,0,24aadbd71209f9c8db90,aa6fd732aa7a8b110e42,
ihp-sg13g2,spi,corner_ur,corner_ur,3,1.0,2255.321,364,4,False,5,1e-07,True,False,3686866,3065435,,,,,,,,,,,,,,,2581.89,173,0.3,False,4,8.1875,0,9e7d49cff3d0bae6ba69,aa6fd732aa7a8b110e42,
ihp-sg13g2,spi,corner_ur,corner_ur,4,1.0,2255.607,364,4,False,5,1e-07,True,False,3686866,3065435,,,,,,,,,,,,,,,2581.89,173,0.29,False,4,8.1875,0,2867496341799e7c1f1b,aa6fd732aa7a8b110e42,
ihp-sg13g2,spi,corner_ur,corner_ur,5,1.0,2255.085,364,4,False,5,1e-07,True,False,3686866,3065435,,,,,,,,,,,,,,,2581.89,173,0.33,False,4,8.1875,0,3edf76720d3d821af5a1,aa6fd732aa7a8b110e42,
ihp-sg13g2,spi,corner_ur,corner_ur,6,1.0,2254.833,364,4,False,5,1e-07,True,False,3686866,3065435,,,,,,,,,,,,,,,2581.89,173,0.32,False,4,8.1875,0,155b46a4ab1b81961c48,aa6fd732aa7a8b110e42,
ihp-sg13g2,spi,corner_ur,corner_ur,7,1.0,2254.73,364,4,False,5,1e-07,True,False,3686866,3065435,,,,,,,,,,,,,,,2581.89,173,0.33,False,4,8.1875,0,44d862054414ea771c30,aa6fd732aa7a8b110e42,
ihp-sg13g2,spi,corner_ur,corner_ur,8,1.0,2255.199,364,4,False,5,1e-07,True,False,3686866,3065435,,,,,,,,,,,,,,,2581.89,173,0.32,False,4,8.1875,0,8d7e6d2ab768ddd3b33c,aa6fd732aa7a8b110e42,
ihp-sg13g2,spi,corner_ur,corner_ur,9,1.0,2255.186,364,4,False,5,1e-07,True,False,3686866,3065435,,,,,,,,,,,,,,,2581.89,173,0.29,False,4,8.4931640625,0,667247a253183ee60222,aa6fd732aa7a8b110e42,
ihp-sg13g2,spi,corner_ur,corner_ur,10,1.0,2254.764,364,4,False,5,1e-07,True,False,3686866,3065435,,,,,,,,,,,,,,,2581.89,173,0.3,False,4,8.4931640625,0,343ad4b72050aaa1f3d5,aa6fd732aa7a8b110e42,
ihp-sg13g2,spi,corner_ur,corner_ur,11,1.0,2254.976,364,4,False,5,1e-07,True,False,3686866,3065435,,,,,,,,,,,,,,,2581.89,173,0.31,False,4,8.4931640625,0,2b695f2305f068737960,aa6fd732aa7a8b110e42,
ihp-sg13g2,spi,corner_ur,corner_ur,12,1.0,2255.43,364,4,False,5,1e-07,True,False,3686866,3065435,,,,,,,,,,,,,,,2581.89,173,0.31,False,4,8.4931640625,0,bdce1eaea2c6ff6d179e,aa6fd732aa7a8b110e42,
ihp-sg13g2,spi,corner_ur,corner_ur,13,1.0,2254.254,364,4,False,5,1e-07,True,False,3686866,3065435,,,,,,,,,,,,,,,2581.89,173,0.34,False,4,8.4931640625,0,3c8b855e4c79c9b540c0,aa6fd732aa7a8b110e42,
ihp-sg13g2,spi,corner_ur,corner_ur,14,1.0,2255.863,364,4,False,5,1e-07,True,False,3686866,3065435,,,,,,,,,,,,,,,2581.89,173,0.32,False,4,8.4931640625,0,1d23f8ba2740c6254498,aa6fd732aa7a8b110e42,
ihp-sg13g2,spi,corner_ur,corner_ur,15,1.0,2244.268,366,4,False,5,1e-07,True,False,3686866,3065435,,,,,,,,,,,,,,,2574.63,172,0.31,False,4,8.4931640625,0,75ecd148f3e223b61e06,aa6fd732aa7a8b110e42,
ihp-sg13g2,spi,corner_ur,corner_ur,16,1.0,2245.248,366,4,False,5,1e-07,True,False,3686866,3065435,,,,,,,,,,,,,,,2574.63,172,0.29,False,4,8.4931640625,0,57c3bf5bb334deee452e,aa6fd732aa7a8b110e42,
ihp-sg13g2,spi,gauss_tight,gauss_tight,1,1.0,2447.077,317,4,False,5,7e-08,True,False,3970903,3676029,,,,,,,,,,,,,,,2607.29,176,0.3,False,4,9.625,0,c9d2091a98ee5262409d,d73cb722fcd519b8a8f4,
ihp-sg13g2,spi,gauss_tight,gauss_tight,2,1.0,2465.731,320,4,False,5,8e-08,True,False,3963516,3656171,,,,,,,,,,,,,,,2569.19,171,0.3,False,4,9.625,0,3616f660664621895715,cb850fa1f6a7c0d0b4cc,
ihp-sg13g2,spi,gauss_tight,gauss_tight,3,1.0,2464.007,320,4,False,5,1.1e-07,True,False,3966142,3665919,,,,,,,,,,,,,,,2581.89,173,0.31,False,4,9.625,0,639826405153979ec86a,88e9c816f4c43ca50de5,
ihp-sg13g2,spi,gauss_tight,gauss_tight,4,1.0,2451.488,318,4,False,5,1.2e-07,True,False,3963205,3673625,,,,,,,,,,,,,,,2590.96,174,0.31,False,4,9.625,0,72190a8252ab54250c21,0ed756d20606e52baa7f,
ihp-sg13g2,spi,gauss_tight,gauss_tight,5,1.0,2503.338,327,4,False,5,8e-08,True,False,3964589,3667853,,,,,,,,,,,,,,,2581.89,173,0.29,False,4,9.625,0,be1a3226b888fb9d28d9,91b6d098eaebc620f5bf,
ihp-sg13g2,spi,gauss_tight,gauss_tight,6,1.0,2460.202,318,4,False,5,1e-07,True,False,3962362,3655930,,,,,,,,,,,,,,,2581.89,173,0.29,False,4,9.625,0,4de1d9d8927ae37c2933,313e0a4e324c841c69ff,
ihp-sg13g2,spi,gauss_tight,gauss_tight,7,1.0,2496.818,330,4,False,5,9e-08,True,False,3961339,3648373,,,,,,,,,,,,,,,2590.96,173,0.31,False,4,9.625,0,9aebc9513fe3a1a3c726,6b45160d0a4d933a90b6,
ihp-sg13g2,spi,gauss_tight,gauss_tight,8,1.0,2451.13,321,4,False,5,1e-07,True,False,3958818,3657769,,,,,,,,,,,,,,,2581.89,173,0.29,False,4,9.625,0,2223cffe9dc5eb8cd168,86f22386c1bf4f6ed43f,
ihp-sg13g2,spi,gauss_tight,gauss_tight,9,1.0,2455.663,319,4,False,5,1e-07,True,False,3964025,3651327,,,,,,,,,,,,,,,2574.63,172,0.29,False,4,9.17431640625,0,1b2e6604dc5c7a5ab724,56a365eee67a34d3da64,
ihp-sg13g2,spi,gauss_tight,gauss_tight,10,1.0,2445.489,318,4,False,5,6e-08,True,False,3937942,3643929,,,,,,,,,,,,,,,2567.38,171,0.3,False,4,9.17431640625,0,0c462885bd315f8b5b42,e901dffb4ceea3f3aaed,
ihp-sg13g2,spi,gauss_tight,gauss_tight,11,1.0,2467.56,315,4,False,5,9e-08,True,False,3964895,3679792,,,,,,,,,,,,,,,2571,171,0.28,False,4,9.17431640625,0,05c5aa42fee06eef55b7,fe7db06af299c4ceef8b,
ihp-sg13g2,spi,gauss_tight,gauss_tight,12,1.0,2449.93,316,4,False,5,1.2e-07,True,False,3959247,3673590,,,,,,,,,,,,,,,2581.89,173,0.28,False,4,9.17431640625,0,26801368b5e298ea9e0c,dad07a43fe2fde45f6a7,
ihp-sg13g2,spi,gauss_tight,gauss_tight,13,1.0,2435.723,318,4,False,5,1.1e-07,True,False,3965307,3674126,,,,,,,,,,,,,,,2576.45,172,0.31,False,4,9.17431640625,0,561c5a5603e519c6ed9b,81b24ce24f8b8097adc9,
ihp-sg13g2,spi,gauss_tight,gauss_tight,14,1.0,2421.626,314,4,False,5,7e-08,True,False,3942174,3645694,,,,,,,,,,,,,,,2574.63,172,0.3,False,4,9.17431640625,0,e872057faa2830597bce,27d364c814130204a109,
ihp-sg13g2,spi,gauss_tight,gauss_tight,15,1.0,2488.258,310,4,False,5,1.1e-07,True,False,3971745,3654056,,,,,,,,,,,,,,,2576.45,172,0.28,False,4,9.17431640625,0,d963758d6bc7d2a90dc4,cd3a90513cbfd360657e,
ihp-sg13g2,spi,gauss_tight,gauss_tight,16,1.0,2494.836,322,4,False,5,9e-08,True,False,3965037,3666201,,,,,,,,,,,,,,,2592.78,174,0.31,False,4,9.17431640625,0,e524023eca713a20da26,690033dd824a3edd9039,
ihp-sg13g2,spi,gauss_tight,gauss_tight,17,1.0,2447.706,320,4,False,5,1.1e-07,True,False,3963102,3681840,,,,,,,,,,,,,,,2569.19,171,0.31,False,4,9.17431640625,0,c9c28d728ce2274e7546,396e46ea3d977725523d,
ihp-sg13g2,spi,gauss_tight,gauss_tight,18,1.0,2450.694,316,4,False,5,1e-07,True,False,3943345,3663866,,,,,,,,,,,,,,,2592.78,174,0.32,False,4,9.17431640625,0,710cbae38a4088806dd0,c767f260f96f279c4723,
ihp-sg13g2,spi,gauss_tight,gauss_tight,19,1.0,2428.241,317,4,False,5,9e-08,True,False,3939078,3649950,,,,,,,,,,,,,,,2581.89,172,0.31,False,4,9.17431640625,0,adebd0e4758976a77677,743814c2454496d44329,
ihp-sg13g2,spi,gauss_tight,gauss_tight,20,1.0,2446.5,315,4,False,5,8e-08,True,False,3960838,3639208,,,,,,,,,,,,,,,2580.08,172,0.29,False,4,9.17431640625,0,f1084c77923c49659ab6,9fab09d760be53b3293a,
ihp-sg13g2,spi,gauss_tight,gauss_tight,21,1.0,2462.126,317,4,False,5,1.1e-07,True,False,3956915,3680042,,,,,,,,,,,,,,,2574.63,172,0.28,False,4,9.40087890625,0,1f9d3f110c74fc26cbe1,22bb222a71d5731ca0a5,
ihp-sg13g2,spi,gauss_tight,gauss_tight,22,1.0,2537.125,312,4,False,5,1.1e-07,True,False,3940591,3671150,,,,,,,,,,,,,,,2574.63,172,0.3,False,4,9.40087890625,0,716f93a9bd271abf27dc,4a9b9416a8358363c096,
ihp-sg13g2,spi,gauss_tight,gauss_tight,23,1.0,2455.792,319,4,False,5,9e-08,True,False,3936134,3659770,,,,,,,,,,,,,,,2581.89,173,0.31,False,4,9.40087890625,0,9f7bd5e6abcbe4e2872c,c889d09fc31711099f31,
ihp-sg13g2,spi,gauss_tight,gauss_tight,24,1.0,2486.943,319,4,False,5,1.1e-07,True,False,3936760,3652949,,,,,,,,,,,,,,,2574.63,172,0.28,False,4,9.40087890625,0,710b22665639288b112d,41a6e8c9184d13277331,
ihp-sg13g2,spi,gauss_tight,gauss_tight,25,1.0,2427.058,318,4,False,5,7e-08,True,False,3964284,3652846,,,,,,,,,,,,,,,2574.63,172,0.28,False,4,9.40087890625,0,17ed6a5a2abfd452c18d,2aca5d680177fdaf7cdf,
ihp-sg13g2,spi,gauss_tight,gauss_tight,26,1.0,2431.922,321,4,False,5,1.2e-07,True,False,3957815,3656398,,,,,,,,,,,,,,,2567.38,171,0.31,False,4,9.40087890625,0,8fc84f3ea1086801ea21,f88323811b9bb037e439,
ihp-sg13g2,spi,gauss_tight,gauss_tight,27,1.0,2464.919,318,4,False,5,1.1e-07,True,False,3942511,3662308,,,,,,,,,,,,,,,2580.08,173,0.28,False,4,9.40087890625,0,e81035746cc52ef45358,bc4be71c30b89abea1ee,
ihp-sg13g2,spi,gauss_tight,gauss_tight,28,1.0,2444.306,318,4,False,5,1e-07,True,False,3963387,3668020,,,,,,,,,,,,,,,2569.19,171,0.31,False,4,9.40087890625,0,0067ca5a25b689497ca3,4ff0c5a898df1e5361b5,
ihp-sg13g2,spi,gauss_tight,gauss_tight,29,1.0,2460.105,319,4,False,5,1.1e-07,True,False,3959593,3636946,,,,,,,,,,,,,,,2590.96,173,0.28,False,4,9.40087890625,0,a25d0bad882b1347eb81,28aa584042fd17eeb2c2,
ihp-sg13g2,spi,gauss_tight,gauss_tight,30,1.0,2421.38,319,4,False,5,1e-07,True,False,3964527,3673684,,,,,,,,,,,,,,,2572.82,171,0.32,False,4,9.40087890625,0,91d7c4a05b5a773b41bb,12ce8e8a4dad5164e706,
ihp-sg13g2,spi,gauss_tight,gauss_tight,31,1.0,2548.052,316,4,False,5,9e-08,True,False,3969465,3675577,,,,,,,,,,,,,,,2574.63,172,0.3,False,4,9.40087890625,0,44020d54f5b0006c8278,8f4abb632e80db93a8c7,
ihp-sg13g2,spi,gauss_tight,gauss_tight,32,1.0,2432.485,318,4,False,5,1.1e-07,True,False,3942621,3666793,,,,,,,,,,,,,,,2569.19,171,0.29,False,4,9.40087890625,0,8b38e36adcecd706f7de,20c79075f7b6646b85b8,
ihp-sg13g2,spi,gauss_wide,gauss_wide,1,1.0,2459.412,323,4,False,5,1.1e-07,True,False,3945496,3699386,,,,,,,,,,,,,,,2592.78,175,0.29,False,4,9.40087890625,0,48c8e9d6629657cbe4eb,c19e2c59aea93dc3200d,
ihp-sg13g2,spi,gauss_wide,gauss_wide,2,1.0,2454.128,310,4,False,5,1.1e-07,True,False,3931523,3681276,,,,,,,,,,,,,,,2585.52,173,0.31,False,4,9.40087890625,0,d8f431ba8c754b93c923,f128f13b762a9c125fea,
ihp-sg13g2,spi,gauss_wide,gauss_wide,3,1.0,2847.769,324,4,False,5,1.1e-07,True,False,8375391,3782768,,,,,,,,,,,,,,,2572.82,171,0.31,False,4,9.40087890625,0,914289193d139c054112,6147686e6a1659387bfc,
ihp-sg13g2,spi,gauss_wide,gauss_wide,4,1.0,2873.582,333,4,False,5,1.1e-07,True,False,8047707,3649375,,,,,,,,,,,,,,,2569.19,171,0.31,False,4,9.40087890625,0,cecd99f09854868119bb,c26b086b514d85823e97,
ihp-sg13g2,spi,gauss_wide,gauss_wide,5,1.0,2432.164,314,4,False,5,1e-07,True,False,3939585,3688408,,,,,,,,,,,,,,,2619.99,171,0.32,False,4,9.40087890625,0,1533f48b615b69b42b7b,a9cfe2745176d6c24892,
ihp-sg13g2,spi,gauss_wide,gauss_wide,6,1.0,2921.555,327,4,False,5,8e-08,True,False,9386202,3852475,,,,,,,,,,,,,,,2581.89,173,0.32,False,4,9.40087890625,0,a48cd78d4ee3a29f397f,2973b579e69dc5b0eb0c,
ihp-sg13g2,spi,gauss_wide,gauss_wide,7,1.0,2957.024,334,4,False,5,1.2e-07,True,False,9128915,3836211,,,,,,,,,,,,,,,2581.89,173,0.28,False,4,9.12841796875,0,d5cb451e6b1ae2864c9f,b03945a479a533114569,
ihp-sg13g2,spi,gauss_wide,gauss_wide,8,1.0,2889.909,325,4,False,5,1e-07,True,False,8364484,3747831,,,,,,,,,,,,,,,2576.45,172,0.29,False,4,9.12841796875,0,9868cf0adc8409644c67,dc2c0703b658bd83f65d,
ihp-sg13g2,spi,gauss_wide,gauss_wide,9,1.0,2929.648,326,4,False,5,1.1e-07,True,False,8134719,3783594,,,,,,,,,,,,,,,2592.78,173,0.3,False,4,9.12841796875,0,a79a61e07bcd67c4d306,90bfa15b66a55fd5c685,
ihp-sg13g2,spi,gauss_wide,gauss_wide,10,1.0,2970.631,322,4,False,5,1.1e-07,True,False,8365363,3813928,,,,,,,,,,,,,,,2576.45,173,0.31,False,4,9.12841796875,0,9cff0ac3258e5f9f735e,a361614c48fba92488a3,
ihp-sg13g2,spi,gauss_wide,gauss_wide,11,1.0,2907.628,336,4,False,5,1e-07,True,False,8529867,3901858,,,,,,,,,,,,,,,2578.26,173,0.29,False,4,9.12841796875,0,e2aec09e66480473b094,6d6f7faad9f9a7053491,
ihp-sg13g2,spi,gauss_wide,gauss_wide,12,1.0,2967.528,328,4,False,5,1.1e-07,True,False,8404861,3778285,,,,,,,,,,,,,,,2583.71,174,0.29,False,4,9.12841796875,0,538ae1c4e89c5ce8b7bd,f476050599cfc761a327,
ihp-sg13g2,spi,gauss_wide,gauss_wide,13,1.0,2916.746,337,4,False,5,7e-08,True,False,8846400,3716816,,,,,,,,,,,,,,,2589.15,174,0.29,False,4,9.12841796875,0,f8a6a9b1e7bd3fdba9f0,5648d411a4d0e7a4fc73,
ihp-sg13g2,spi,gauss_wide,gauss_wide,14,1.0,2840.899,334,4,False,5,1e-07,True,False,8065082,3799520,,,,,,,,,,,,,,,2580.08,171,0.29,False,4,9.12841796875,0,8e6f3c185e00b3ef8676,f0b06687f80e17fddaf9,
ihp-sg13g2,spi,gauss_wide,gauss_wide,15,1.0,2994.654,327,4,False,5,9e-08,True,False,8190241,3815061,,,,,,,,,,,,,,,2581.89,174,0.3,False,4,9.12841796875,0,2100b37b79d2f728e26e,14df00a62d56e8688aed,
ihp-sg13g2,spi,gauss_wide,gauss_wide,16,1.0,3018.725,339,4,False,5,1.2e-07,True,False,8404466,3781992,,,,,,,,,,,,,,,2565.56,171,0.31,False,4,9.12841796875,0,30ce429727890dbce8b9,35c515581a872fd32684,
ihp-sg13g2,spi,gauss_wide,gauss_wide,17,1.0,2444.554,318,4,False,5,9e-08,True,False,3943325,3675310,,,,,,,,,,,,,,,2576.45,172,0.3,False,4,9.12841796875,0,b36a5a731c43f1635ec6,d0f33a7e2292a8762e1b,
ihp-sg13g2,spi,gauss_wide,gauss_wide,18,1.0,2889.54,335,4,False,5,1.1e-07,True,False,8400195,3779366,,,,,,,,,,,,,,,2574.63,173,0.32,False,4,9.12841796875,0,5bbffc0b654c85b44113,2ac867f80598896babbb,
ihp-sg13g2,spi,gauss_wide,gauss_wide,19,1.0,2955.713,333,4,False,5,9e-08,True,False,8389882,3748293,,,,,,,,,,,,,,,2578.26,173,0.27,False,4,8.87744140625,0,ccd032c2246beec90b29,33b962f712b5a98d7d8f,
ihp-sg13g2,spi,gauss_wide,gauss_wide,20,1.0,2425.868,324,4,False,5,1.2e-07,True,False,3933053,3646552,,,,,,,,,,,,,,,2630.88,175,0.29,False,4,8.87744140625,0,48b2048056f9f20580cb,7637081610947cb1858e,
ihp-sg13g2,spi,gauss_wide,gauss_wide,21,1.0,2833.914,319,4,False,5,9e-08,True,False,8630068,3858967,,,,,,,,,,,,,,,2581.89,171,0.3,False,4,8.87744140625,0,255795ccd9e8d18c80ae,ea157745fa388a925781,
ihp-sg13g2,spi,gauss_wide,gauss_wide,22,1.0,2907.743,331,4,False,5,1e-07,True,False,8551733,3814620,,,,,,,,,,,,,,,2585.52,174,0.32,False,4,8.87744140625,0,b46a1557175610465d8b,c685120ccf4c995be39e,
ihp-sg13g2,spi,gauss_wide,gauss_wide,23,1.0,2859.93,324,4,False,5,1e-07,True,False,8460091,3830871,,,,,,,,,,,,,,,2583.71,172,0.3,False,4,8.87744140625,0,2846e6a65a6318dc7038,c42b8eef22468a9073bf,
ihp-sg13g2,spi,gauss_wide,gauss_wide,24,1.0,2959.841,332,4,False,5,1.1e-07,True,False,8196845,3804025,,,,,,,,,,,,,,,2609.11,173,0.3,False,4,8.87744140625,0,4521c79c53143ff5a9f3,667d89d9aff7e1cda75d,
ihp-sg13g2,spi,gauss_wide,gauss_wide,25,1.0,2547.789,321,4,False,5,1.2e-07,True,False,3968737,3656080,,,,,,,,,,,,,,,2571,172,0.29,False,4,8.87744140625,0,6427d7f88fbd33c26b9b,604219c8d7a98ecac2cd,
ihp-sg13g2,spi,gauss_wide,gauss_wide,26,1.0,2762.766,334,4,False,5,1.1e-07,True,False,8400713,3703611,,,,,,,,,,,,,,,2594.59,172,0.29,False,4,8.87744140625,0,963410904443892ab7c8,ce524aab11c00fa61221,
ihp-sg13g2,spi,gauss_wide,gauss_wide,27,1.0,2870.063,337,4,False,5,1e-07,True,False,8487538,3682800,,,,,,,,,,,,,,,2598.22,176,0.31,False,4,8.87744140625,0,ef4d12e0f36d40413dc1,2aa88ede5b60e822f051,
ihp-sg13g2,spi,gauss_wide,gauss_wide,28,1.0,2694.994,332,4,False,5,1e-07,True,False,8673856,3727587,,,,,,,,,,,,,,,2587.33,171,0.32,False,4,8.87744140625,0,aca4f29b0255f9b8b3f5,18debee0514f437c5954,
ihp-sg13g2,spi,gauss_wide,gauss_wide,29,1.0,2868.149,338,4,False,5,8e-08,True,False,8664429,3708446,,,,,,,,,,,,,,,2569.19,172,0.31,False,4,8.87744140625,0,a43a29eebcf1d9b9bb64,1679949880889f89f5cc,
ihp-sg13g2,spi,gauss_wide,gauss_wide,30,1.0,2959.842,335,4,False,5,1e-07,True,False,9379505,3745930,,,,,,,,,,,,,,,2580.08,171,0.32,False,4,8.87744140625,0,6523cf267c60666437eb,f460da69d277990d0e02,
ihp-sg13g2,spi,gauss_wide,gauss_wide,31,1.0,2858.732,323,4,False,5,1.1e-07,True,False,8449796,3804130,,,,,,,,,,,,,,,2590.96,174,0.28,False,4,8.87744140625,0,8f91b9cfc4bf678b04aa,f0e851cf54246bc12aa6,
ihp-sg13g2,spi,gauss_wide,gauss_wide,32,1.0,2910.99,343,4,False,5,1e-07,True,False,9046970,3738456,,,,,,,,,,,,,,,2592.78,174,0.26,False,4,8.87744140625,0,c068303d5458277ac2f8,e5e2495e75c9458b10d5,
ihp-sg13g2,spi,odb,odb,1,1.0,2450.321,316,4,False,5,9e-08,True,False,3960205,3657055,,,,,0.9745889,0.0254111,0,0.2675,5673,2.72,0,6.06,False,0,2581.89,173,0.29,False,4,7.8017578125,0,d075f56564a557c5b198,2d19e293f45d673ec399,414c923176791e0bd7ee
ihp-sg13g2,spi,odb,odb,2,1.0,2466.119,317,4,False,5,8e-08,True,False,3962669,3657361,,,,,0.9815994,0.0184006,0,0.264431,5558,2.7,0,5.89,False,0,2585.52,171,0.3,False,4,7.8017578125,0,dd59de1286ddea9b2dcc,1328888f4d968765eba3,d0256b40e14c772519e5
ihp-sg13g2,spi,odb,odb,3,1.0,2494.934,310,4,False,5,8e-08,True,False,3963893,3660210,,,,,0.9748151,0.0251849,0,0.268689,5508,2.67,0,6.09,False,0,2581.89,173,0.29,False,4,7.8017578125,0,2ff3ed4101d9f818a9a2,9e41770f36df704a9536,71ebb13e895d7ea4e3d1
ihp-sg13g2,spi,odb,odb,4,1.0,2492.959,323,4,False,5,1.1e-07,True,False,3965113,3660376,,,,,0.9672451,0.0327549,0,0.266157,5508,2.61,0,5.99,False,0,2576.45,172,0.29,False,4,7.8017578125,0,e4b12887cbf31b90c033,e0d9a41fbeb147fb4c97,3be77837eeb8e890694b
ihp-sg13g2,spi,odb,odb,5,1.0,2454.767,310,4,False,5,7e-08,True,False,3963348,3656051,,,,,0.9770017,0.0229983,0,0.272983,5695,2.78,0,6.48,False,0,2598.22,173,0.29,False,4,7.8017578125,0,c59f5c626caf8f003697,2dbb7d128e94ac90fc23,fcb4cbff13677744a9c8
ihp-sg13g2,spi,odb,odb,6,1.0,2489.674,318,4,False,5,1e-07,True,False,3965240,3655637,,,,,0.99015032,0.00984968,0,0.266393,5824,2.82,0,6.36,False,0,2590.96,172,0.29,False,4,7.8017578125,0,cf838ee02243c4cdddde,8c4164fcd126cb72566f,cb00d90e41a02b9c2928
ihp-sg13g2,spi,odb,odb,7,1.0,2487.65,312,4,False,5,1e-07,True,False,3963952,3654889,,,,,0.99612932,0.00387068,0,0.264066,5529,2.67,0,5.97,False,0,2576.45,172,0.29,False,4,7.8017578125,0,5a66b70b1aa40ee1e641,4e45a763c818d7e39502,31b0372dd2dc9f268399
ihp-sg13g2,spi,odb,odb,8,1.0,2448.063,318,4,False,5,1.1e-07,True,False,3967411,3660733,,,,,0.99171518,0.00828482,0,0.264201,5436,2.68,0,5.63,False,0,2574.63,172,0.28,False,4,7.8017578125,0,9f3fbbf2420f460ffd9d,550eb9b6d5b2d188fcdf,a486d5efb963261abf14
ihp-sg13g2,spi,odb,odb,9,1.0,2481.439,314,4,False,5,1e-07,True,False,3966705,3655741,,,,,,,,,,,,,,,2590.96,172,0.31,False,4,7.8017578125,0,328478d01938cf859961,582d7dc3763ced3c1ed8,
ihp-sg13g2,spi,odb,odb,10,1.0,2483.17,316,4,False,5,8e-08,True,False,3961845,3657248,,,,,,,,,,,,,,,2574.63,172,0.31,False,4,7.8017578125,0,fc7fc1f74a9f7311a60a,a40589e30df772caf2a1,
ihp-sg13g2,spi,odb,odb,11,1.0,2464.273,318,4,False,5,9e-08,True,False,3969352,3658111,,,,,,,,,,,,,,,2574.63,172,0.31,False,4,8.37841796875,0,676c7a4be3c2629e0914,c2f63fbae0140b6d401e,
ihp-sg13g2,spi,odb,odb,12,1.0,2448.58,312,4,False,5,8e-08,True,False,3960323,3658754,,,,,,,,,,,,,,,2590.96,172,0.28,False,4,8.37841796875,0,6579acfe3e44201c0a49,15b42e07659e27bc7de6,
ihp-sg13g2,spi,odb,odb,13,1.0,2481.584,317,4,False,5,9e-08,True,False,3964371,3663183,,,,,,,,,,,,,,,2578.26,172,0.33,False,4,8.37841796875,0,cffbd8419e7589b8dde4,dc4c5d2f66e1798243f5,
ihp-sg13g2,spi,odb,odb,14,1.0,2461.983,307,4,False,5,1.1e-07,True,False,3962255,3657092,,,,,,,,,,,,,,,2590.96,172,0.32,False,4,8.37841796875,0,a5412a41980a9a86f51d,1ef1937dc84762dac184,
ihp-sg13g2,spi,odb,odb,15,1.0,2453.16,314,4,False,5,7e-08,True,False,3967510,3654640,,,,,,,,,,,,,,,2578.26,172,0.31,False,4,8.37841796875,0,c13ff7bafdd41082d039,a270861f1a2c2caa3267,
ihp-sg13g2,spi,odb,odb,16,1.0,2490.01,315,4,False,5,1e-07,True,False,3965585,3663305,,,,,,,,,,,,,,,2576.45,172,0.31,False,4,8.37841796875,0,552083cd33511735c247,9857ed8fcf2530c44c6f,
ihp-sg13g2,spi,shipped,shipped,1,1.0,2486.867,336,4,False,5,1.1e-07,True,False,3960205,3618501,0,137,0,159,0.9875602,0.0124398,0,0.261057,5666,2.77,0,5.72,False,0,2574.63,172,0.32,False,4,7.50390625,0,19e81ffe32caf78d8e38,2d19e293f45d673ec399,e60f0c3305be841b630f
ihp-sg13g2,spi,shipped,shipped,2,1.0,2434.877,325,4,False,5,1.1e-07,True,False,3962669,3619167,0,137,0,159,0.999573341,0.000426659,0,0.261968,5839,2.8,0,6.33,False,0,2581.89,173,0.3,False,4,7.50390625,0,7cb6045dd1eacd20b568,1328888f4d968765eba3,009881ea441cbd0b9d44
ihp-sg13g2,spi,shipped,shipped,3,1.0,2528.182,333,4,False,5,6e-08,True,False,3963893,3620699,0,137,0,159,0.9689193,0.0310807,0,0.270541,5817,2.77,0,5.97,False,0,2567.38,171,0.33,False,4,7.50390625,0,d24b9c9830bcea34c416,9e41770f36df704a9536,61e6b8143ed564dd0975
ihp-sg13g2,spi,shipped,shipped,4,1.0,2436.24,322,4,False,5,8e-08,True,False,3965113,3618263,0,137,0,159,0.9608522,0.0391478,0,0.272467,5508,2.65,0,5.77,False,0,2567.38,171,0.32,False,4,7.50390625,0,21f94901f5507b6f013d,e0d9a41fbeb147fb4c97,e5dc4d4a06eaa30ef4cb
ihp-sg13g2,spi,shipped,shipped,5,1.0,2418.501,328,4,False,5,1.2e-07,True,False,3963348,3618459,0,137,0,159,0.9875419,0.0124581,0,0.270635,5580,2.67,0,6.02,False,0,2561.93,170,0.33,False,4,7.50390625,0,00c767489cc4e97f64ab,2dbb7d128e94ac90fc23,845757f4f7b2e0c8e8dd
ihp-sg13g2,spi,shipped,shipped,6,1.0,2494.962,327,4,False,5,8e-08,True,False,3965240,3619735,0,137,0,159,0.999424571,0.000575429,0,0.275056,5680,2.73,0,6.45,False,0,2567.38,171,0.31,False,4,7.50390625,0,d84758448589c7535a80,8c4164fcd126cb72566f,386ac99fdbda41ea52c2
ihp-sg13g2,spi,shipped,shipped,7,1.0,2457.005,332,4,False,5,1e-07,True,False,3963952,3623153,0,137,0,159,0.99873357,0.00126643,0,0.264115,5724,2.75,0,6.16,False,0,2574.63,172,0.28,False,4,7.50390625,0,d6b2e9fc9cbad56ac037,4e45a763c818d7e39502,f42bf2a94e699aa2f52d
ihp-sg13g2,spi,shipped,shipped,8,1.0,2425.428,326,4,False,5,1.2e-07,True,False,3967411,3621529,0,137,0,159,0.9830187,0.0169813,0,0.269792,5443,2.62,0,5.82,False,0,2574.63,172,0.29,False,4,7.50390625,0,334f953433b4f185834f,550eb9b6d5b2d188fcdf,c2097c8bb54a2202871d
ihp-sg13g2,spi,shipped,shipped,9,1.0,2502.585,325,4,False,5,1.1e-07,True,False,3966705,3622221,0,137,0,159,,,,,,,,,,,2574.63,172,0.33,False,4,7.50390625,0,0c6da9df64562635e476,582d7dc3763ced3c1ed8,
ihp-sg13g2,spi,shipped,shipped,10,1.0,2443.788,323,4,False,5,4e-08,True,False,3961845,3616869,0,137,0,159,,,,,,,,,,,2574.63,172,0.32,False,4,7.50390625,0,0ed1b14e92593bb4948b,a40589e30df772caf2a1,
ihp-sg13g2,spi,shipped,shipped,11,1.0,2445.228,327,4,False,5,7e-08,True,False,3969352,3621035,0,137,0,159,,,,,,,,,,,2560.12,170,0.33,False,4,7.50390625,0,c833a827f4aa1ea883dd,c2f63fbae0140b6d401e,
ihp-sg13g2,spi,shipped,shipped,12,1.0,2447.14,328,4,False,5,1e-07,True,False,3960323,3619246,0,137,0,159,,,,,,,,,,,2567.38,171,0.32,False,4,7.50390625,0,44ec9edcf5ae7eefc73d,15b42e07659e27bc7de6,
ihp-sg13g2,spi,shipped,shipped,13,1.0,2431.709,328,4,False,5,8e-08,True,False,3964371,3622071,0,137,0,159,,,,,,,,,,,2576.45,172,0.29,False,4,7.7841796875,0,b91999b07bb438f1a4b3,dc4c5d2f66e1798243f5,
ihp-sg13g2,spi,shipped,shipped,14,1.0,2501.3,328,4,False,5,1.1e-07,True,False,3962255,3618217,0,137,0,159,,,,,,,,,,,2581.89,172,0.31,False,4,7.7841796875,0,7134a3b588ce96ba3ea3,1ef1937dc84762dac184,
ihp-sg13g2,spi,shipped,shipped,15,1.0,2501.029,322,4,False,5,4e-08,True,False,3967510,3615446,0,137,0,159,,,,,,,,,,,2576.45,172,0.32,False,4,7.7841796875,0,8eda6f503820b2170bde,a270861f1a2c2caa3267,
ihp-sg13g2,spi,shipped,shipped,16,1.0,2451.603,328,4,False,5,1e-07,True,False,3965585,3621634,0,137,0,159,,,,,,,,,,,2574.63,172,0.32,False,4,7.7841796875,0,0ae19989fde8aa8d81b3,9857ed8fcf2530c44c6f,
ihp-sg13g2,spi,spread,spread,1,1.0,2940.824,327,4,False,5,8e-08,True,False,9914915,3839374,,,,,0.99563038,0.00436962,0,0.275409,6278,3.0,0,7.36,False,0,2590.96,173,0.29,False,4,8.87744140625,0,0b65976736ca5d5f7bac,a9709aadf53bc7d08f5b,f9747cf11a3968e6e461
ihp-sg13g2,spi,spread,spread,2,1.0,2900.74,320,4,False,5,8e-08,True,False,9922745,3845134,,,,,0.9619892,0.0380108,0,0.26038,6192,2.95,0,7.38,False,0,2580.08,172,0.29,False,4,8.87744140625,0,e9312d3594d506539c0d,fcdd8f1c3799b470abf8,9d0407832dda93803a1a
ihp-sg13g2,spi,spread,spread,3,1.0,2994.459,318,4,False,5,1.2e-07,True,False,9924614,3859999,,,,,0.99299582,0.00700418,0,0.272878,6357,3.08,0,7.72,False,0,2583.71,174,0.29,False,4,8.87744140625,0,f1c16b044617e1ecd7ef,d38ec9eb326fe63cb3cc,0e9678b205faf796d4aa
ihp-sg13g2,spi,spread,spread,4,1.0,2948.331,322,4,False,5,9e-08,True,False,9929053,3860551,,,,,0.99271216,0.00728784,0,0.270365,6285,3.01,0,7.23,False,0,2598.22,174,0.28,False,4,8.87744140625,0,e527536c15e3a3832cd9,e48e0d65deab1f860cb8,cf5b1b21182f430a0845
ihp-sg13g2,spi,spread,spread,5,1.0,2917.301,322,4,False,5,9e-08,True,False,9907033,3843089,,,,,0.9840066,0.0159934,0,0.26448,6393,3.05,0,7.5,False,0,2574.63,172,0.28,False,4,8.64697265625,0,5e11718d401ff603f087,8bfb8bf06e60beb95c56,13eb0340cb44e6ef1e0b
ihp-sg13g2,spi,spread,spread,6,1.0,2942.643,327,4,False,5,1e-07,True,False,9904055,3842929,,,,,0.9810859,0.0189141,0,0.267743,6271,2.98,0,7.11,False,0,2598.22,174,0.29,False,4,8.64697265625,0,0108a0e8cce9efce13c9,b8e19af141ebadf90e97,56bdd0795e48ae84df15
ihp-sg13g2,spi,spread,spread,7,1.0,2921.661,324,4,False,5,9e-08,True,False,9913100,3841338,,,,,0.99361167,0.00638833,0,0.268534,6357,2.99,0,7.28,False,0,2596.41,175,0.26,False,4,8.64697265625,0,92539471529d705b3383,34d07f1babf710c85f58,b6e26715edfde0f6363b
ihp-sg13g2,spi,spread,spread,8,1.0,3028.965,315,4,False,5,1e-07,True,False,9918686,3866347,,,,,0.99608802,0.00391198,0,0.269284,6544,3.14,0,7.14,False,0,2614.55,175,0.25,False,4,8.64697265625,0,02aa4b85dff1fd9c71a6,02087d177e8c0d3877e2,e537e4f25f2637f08ea4
ihp-sg13g2,spi,spread,spread,9,1.0,2914.652,323,4,False,5,1.2e-07,True,False,9908567,3841325,,,,,,,,,,,,,,,2590.96,173,0.31,False,4,8.64697265625,0,124d97f47c1a0448987e,7e7ad519cb394671a4fe,
ihp-sg13g2,spi,spread,spread,10,1.0,2969.187,316,4,False,5,1e-07,True,False,9907880,3866446,,,,,,,,,,,,,,,2585.52,172,0.3,False,4,8.64697265625,0,5778576392b72f279b7a,da06af506bda1e305c9d,
ihp-sg13g2,spi,spread,spread,11,1.0,2953.206,327,4,False,5,1.2e-07,True,False,9912504,3839516,,,,,,,,,,,,,,,2569.19,172,0.28,False,4,8.64697265625,0,4a33fbe543b7836b737d,e0b730f846d962b5b041,
ihp-sg13g2,spi,spread,spread,12,1.0,2961.416,320,4,False,5,1.2e-07,True,False,9913338,3860830,,,,,,,,,,,,,,,2589.15,174,0.28,False,4,8.64697265625,0,c6cbe3ae8178c67240af,073d0a2c30a8cccdf019,
ihp-sg13g2,spi,spread,spread,13,1.0,3003.764,318,4,False,5,5e-08,True,False,9905024,3860576,,,,,,,,,,,,,,,2592.78,173,0.29,False,4,8.64697265625,0,5fa021467f86f1ec4e87,a756ea56381e4824bdf6,
ihp-sg13g2,spi,spread,spread,14,1.0,2909.563,328,4,False,5,9e-08,True,False,9910168,3842570,,,,,,,,,,,,,,,2574.63,172,0.3,False,4,8.64697265625,0,118122643b8abd225fb5,b37d957767bd935bb3d7,
ihp-sg13g2,spi,spread,spread,15,1.0,2981.676,323,4,False,5,1.2e-07,True,False,9898445,3861146,,,,,,,,,,,,,,,2585.52,172,0.3,False,4,8.64697265625,0,cc906a9d3b1e50f45745,060a4f560da6a4e4170f,
ihp-sg13g2,spi,spread,spread,16,1.0,2918.734,325,4,False,5,1e-07,True,False,9922496,3841873,,,,,,,,,,,,,,,2576.45,173,0.29,False,4,8.64697265625,0,e5e5156d95e2c67ee8dc,4c631432d310769bbe58,
ihp-sg13g2,spi,uniform,uniform,1,1.0,2925.601,330,4,False,5,1.2e-07,True,False,9962889,3796542,,,,,,,,,,,,,,,2581.89,172,0.31,False,4,8.4931640625,0,b944ce0368a71608d3dc,07714678cebcc284158b,
ihp-sg13g2,spi,uniform,uniform,2,1.0,3011.435,323,4,False,5,1.1e-07,True,False,9919163,3919545,,,,,,,,,,,,,,,2567.38,171,0.33,False,4,8.4931640625,0,f8ae7c2b7056aa620bbd,cb47f4449fcd38ab1ce1,
ihp-sg13g2,spi,uniform,uniform,3,1.0,2889.828,317,4,False,5,1.1e-07,True,False,9659607,3897009,,,,,,,,,,,,,,,2581.89,173,0.32,False,4,8.4931640625,0,0a3d8318de8009dbf96b,77a1170cb5a7a93b3390,
ihp-sg13g2,spi,uniform,uniform,4,1.0,3013.201,332,4,False,5,1.1e-07,True,False,10438614,3923325,,,,,,,,,,,,,,,2576.45,173,0.3,False,4,8.4931640625,0,44b540112e241ee40605,1ed527011f5601f8b0e5,
ihp-sg13g2,spi,uniform,uniform,5,1.0,2958.053,338,4,False,5,1.1e-07,True,False,10309128,3819322,,,,,,,,,,,,,,,2578.26,173,0.3,False,4,8.4931640625,0,7865598e2c601710d8a7,855973998d0362e5ae43,
ihp-sg13g2,spi,uniform,uniform,6,1.0,3065.916,324,4,False,5,9e-08,True,False,9058217,3798816,,,,,,,,,,,,,,,2585.52,173,0.31,False,4,8.4931640625,0,d415cf4a892e4d3f21b1,7b473980dee18d8f1f28,
ihp-sg13g2,spi,uniform,uniform,7,1.0,2821.939,325,4,False,5,8e-08,True,False,9082774,3861039,,,,,,,,,,,,,,,2581.89,173,0.3,False,4,8.4931640625,0,8822de1bc40830502e15,f2ee63115d064da0ed10,
ihp-sg13g2,spi,uniform,uniform,8,1.0,2936.117,327,4,False,5,1.2e-07,True,False,9352971,3879271,,,,,,,,,,,,,,,2574.63,173,0.31,False,4,8.4931640625,0,9190327cecbf2e94a6c1,2cb8d86e7d9a8d3214c1,
ihp-sg13g2,spi,uniform,uniform,9,1.0,3060.062,331,4,False,5,8e-08,True,False,9955080,3817305,,,,,,,,,,,,,,,2583.71,173,0.3,False,4,8.4931640625,0,e7aa4bd0f74d32772b9a,54b4d5c0598fadf33640,
ihp-sg13g2,spi,uniform,uniform,10,1.0,2784.805,330,4,False,5,1e-07,True,False,9577573,3757063,,,,,,,,,,,,,,,2600.04,174,0.29,False,4,8.4931640625,0,0b6576cfc389bff5d8a1,4cd49cdd8312925b8417,
ihp-sg13g2,spi,uniform,uniform,11,1.0,2969.117,328,4,False,5,1e-07,True,False,9337155,3831384,,,,,,,,,,,,,,,2583.71,173,0.32,False,4,8.37353515625,0,6ca33e54a310a10e7cfb,2b9aa2fe939d3cc9daf1,
ihp-sg13g2,spi,uniform,uniform,12,1.0,2975.31,337,4,False,5,7e-08,True,False,10480994,3865417,,,,,,,,,,,,,,,2598.22,174,0.31,False,4,8.37353515625,0,55040d1db34d92f4599f,35027b67592b415bb9e0,
ihp-sg13g2,spi,uniform,uniform,13,1.0,2841.694,329,4,False,5,1.1e-07,True,False,10570561,3722620,,,,,,,,,,,,,,,2594.59,174,0.33,False,4,8.37353515625,0,483a2de3a31e0450d64c,4036e0c2866756b2a33d,
ihp-sg13g2,spi,uniform,uniform,14,1.0,2927.757,334,4,False,5,9e-08,True,False,9837870,3849949,,,,,,,,,,,,,,,2583.71,174,0.31,False,4,8.37353515625,0,b1045fc9815d2cc886ce,d8f0189b43de41c88dac,
ihp-sg13g2,spi,uniform,uniform,15,1.0,2856.885,323,4,False,5,1.2e-07,True,False,9441375,3801146,,,,,,,,,,,,,,,2578.26,171,0.32,False,4,8.37353515625,0,226f5ee37ed310d30464,6563d58e2f8ce1d11ee5,
ihp-sg13g2,spi,uniform,uniform,16,1.0,2804.165,327,4,False,5,1.1e-07,True,False,9896965,3687787,,,,,,,,,,,,,,,2576.45,171,0.3,False,4,8.37353515625,0,a19829559ff100cbd832,27537f9b3d3258041e4e,
ihp-sg13g2,spi,uniform,uniform,17,1.0,2866.372,331,4,False,5,1e-07,True,False,10001259,3734753,,,,,,,,,,,,,,,2630.88,176,0.33,False,4,8.37353515625,0,cdc165106240c687332b,4ed88801fc29642835d6,
ihp-sg13g2,spi,uniform,uniform,18,1.0,2910.772,326,4,False,5,1.1e-07,True,False,9932892,3895622,,,,,,,,,,,,,,,2563.75,170,0.34,False,4,8.37353515625,0,7fba937cd0bc0905b8ed,42efdb733438456efa15,
ihp-sg13g2,spi,uniform,uniform,19,1.0,2829.917,335,4,False,5,1e-07,True,False,9663589,3699890,,,,,,,,,,,,,,,2598.22,175,0.33,False,4,8.37353515625,0,c13c714f9fbfd3f24989,a1035d40b364b9f50681,
ihp-sg13g2,spi,uniform,uniform,20,1.0,2998.362,336,4,False,5,1e-07,True,False,10468585,3974202,,,,,,,,,,,,,,,2587.33,172,0.34,False,4,8.37353515625,0,b289dfba9b7d68d666c1,6dcda6dd514d5f41b616,
ihp-sg13g2,spi,uniform,uniform,21,1.0,2817.544,327,4,False,5,1.1e-07,True,False,9450707,3895670,,,,,,,,,,,,,,,2561.93,170,0.34,False,4,8.37353515625,0,1d04bdbcf6a8199547e8,26f731d351e8f23874e7,
ihp-sg13g2,spi,uniform,uniform,22,1.0,2968.645,326,4,False,5,1.1e-07,True,False,10554030,3890574,,,,,,,,,,,,,,,2598.22,173,0.31,False,4,8.37353515625,0,d452304cdd31c494c2e4,da5f598ab85264d3f503,
ihp-sg13g2,spi,uniform,uniform,23,1.0,2983.44,322,4,False,5,6e-08,True,False,9680569,3941205,,,,,,,,,,,,,,,2594.59,174,0.29,False,4,9.625,0,7a59757540776b466cc6,50b7260e5c30b7ddfe8e,
ihp-sg13g2,spi,uniform,uniform,24,1.0,2908.686,334,4,False,5,9e-08,True,False,10171187,3739097,,,,,,,,,,,,,,,2578.26,173,0.28,False,4,9.625,0,ba86ba3b8dc80b4ae1a2,b798b8527ec971d45dfc,
ihp-sg13g2,spi,uniform,uniform,25,1.0,2927.438,334,4,False,5,1.1e-07,True,False,9619848,3898657,,,,,,,,,,,,,,,2589.15,172,0.31,False,4,9.625,0,23bd5c61a3ff1ee1d981,2172c85cc311d8c62fb1,
ihp-sg13g2,spi,uniform,uniform,26,1.0,2909.602,327,4,False,5,1.1e-07,True,False,9135149,3795506,,,,,,,,,,,,,,,2607.29,175,0.32,False,4,9.625,0,6e5d088e7d7fa3051b03,d873f89437777c21d5d1,
ihp-sg13g2,spi,uniform,uniform,27,1.0,2941.805,315,4,False,5,9e-08,True,False,10321356,3912995,,,,,,,,,,,,,,,2578.26,172,0.31,False,4,9.625,0,c407b14d15dd20f06468,e079058e575926378062,
ihp-sg13g2,spi,uniform,uniform,28,1.0,2820.973,332,4,False,5,1e-07,True,False,9985579,3833058,,,,,,,,,,,,,,,2601.85,173,0.32,False,4,9.625,0,4f7e4abd404738a23a9e,3eca0c36dd4f758e5df8,
ihp-sg13g2,spi,uniform,uniform,29,1.0,2983.32,336,4,False,5,1.1e-07,True,False,9792743,3854593,,,,,,,,,,,,,,,2585.52,174,0.29,False,4,9.625,0,d33343e984dea12dc6f5,7ed0546a7b7442452c77,
ihp-sg13g2,spi,uniform,uniform,30,1.0,2878.842,325,4,False,5,9e-08,True,False,9665253,3823436,,,,,,,,,,,,,,,2589.15,174,0.31,False,4,9.625,0,26cdc91f46b16a49b03d,1949d3c0442cadc0dc52,
ihp-sg13g2,spi,uniform,uniform,31,1.0,3000.16,342,4,False,5,1e-07,True,False,9034163,3842131,,,,,,,,,,,,,,,2581.89,173,0.3,False,4,9.625,0,f15c477ee5b224949bec,0226ddb5006d4434b62f,
ihp-sg13g2,spi,uniform,uniform,32,1.0,2882.992,324,4,False,5,6e-08,True,False,10274946,3883907,,,,,,,,,,,,,,,2587.33,174,0.33,False,4,9.625,0,bd85cc15958d7fbb2101,ef61ec4e9ac40d25e8a5,
nangate45,gcd,anchored,anchored,1,0.25,2908.023,364,4,False,5,1.1e-07,True,False,8439532,5857055,,,,,0.422408,-0.172408,-7.61516,0.0915974,8501,25.54,0,66.63,False,0,826.728,710,0.6,False,4,8.85693359375,0,071fc5b5ade79999bfd2,dd403245eefcb32cb31b,7bfce81b76f7d0ab5525
nangate45,gcd,anchored,anchored,2,0.25,2874.149,361,4,False,5,1.2e-07,True,False,8441684,5852300,,,,,0.427991,-0.177991,-7.86927,0.0914605,9339,26.23,0,69.63,False,0,830.718,713,0.72,False,4,8.85693359375,0,a66457dbc04e80ab64e5,d896fedcdf28d9802e92,29d921e7aa53b063820f
nangate45,gcd,anchored,anchored,3,0.25,2882.541,358,4,False,5,1.1e-07,True,False,8447304,5858729,,,,,0.432515,-0.182515,-8.16349,0.0920869,9530,27.9,0,72.73,False,0,831.25,715,0.72,False,4,8.85693359375,0,06d7b448b3966edbd55f,883450936b315415d57a,d129cede3d7d0830827e
nangate45,gcd,anchored,anchored,4,0.25,2869.514,360,4,False,5,1.2e-07,True,False,8443852,5852300,,,,,0.419618,-0.169618,-7.44863,0.0877593,7911,25.12,0,67.17,False,0,830.452,713,0.9,False,4,8.85693359375,0,cab0ef14ad4fbce34f70,f218be8cf2965032c115,2a24320abeebc238200a
nangate45,gcd,anchored,anchored,5,0.25,2906.949,363,4,False,5,1.1e-07,True,False,8437906,5857055,,,,,0.41964599999999996,-0.169646,-7.51942,0.0904836,8028,24.1,0,64.17,False,0,827.526,711,0.72,False,4,8.85693359375,0,4017c2807f2671ca0e35,f5f65252854eafc5e693,b04c342f63fa11536115
nangate45,gcd,anchored,anchored,6,0.25,2907.456,364,4,False,5,1.1e-07,True,False,8439243,5854695,,,,,0.42159599999999997,-0.171596,-7.4455,0.0883823,8028,24.55,0,67.17,False,0,826.462,710,0.64,False,4,8.85693359375,0,55e7962b4df294dada17,98e279e9bf9a78936f70,7f0aa360016581fd9728
nangate45,gcd,anchored,anchored,7,0.25,2869.662,362,4,False,5,1.2e-07,True,False,8441426,5852300,,,,,0.42128299999999996,-0.171283,-7.62278,0.08917,7846,23.56,0,66.1,False,0,830.718,713,0.79,False,4,8.5478515625,0,edbfe019356f951401ba,c93a0b048e9ae74836b8,e2bcccf74d2d41f96c02
nangate45,gcd,anchored,anchored,8,0.25,2908.463,364,4,False,5,1.1e-07,True,False,8437946,5857055,,,,,0.41515199999999997,-0.165152,-7.33803,0.0896022,7980,25.41,0,66.1,False,0,826.728,710,0.75,False,4,8.5478515625,0,817cb2f68a68f20c912e,ef3dcfdcd57c982cdeba,b5dd720623a340d79d7f
nangate45,gcd,anchored,anchored,9,0.25,2873.438,361,4,False,5,1.2e-07,True,False,8441466,5852300,,,,,,,,,,,,,,,830.718,713,0.63,False,4,8.5478515625,0,e6f7a795c8d38cda7946,9c53923881677f4de32b,
nangate45,gcd,anchored,anchored,10,0.25,2909.553,365,4,False,5,1.1e-07,True,False,8443959,5853739,,,,,,,,,,,,,,,826.196,708,0.62,False,4,8.5478515625,0,72fbd003ecec5fa929f9,5471f386469610fa9b30,
nangate45,gcd,anchored,anchored,11,0.25,2908.493,364,4,False,5,1.1e-07,True,False,8439087,5857055,,,,,,,,,,,,,,,826.728,710,0.66,False,4,8.5478515625,0,c7f427cab1c5054a9748,d2013f9a9c47b334de05,
nangate45,gcd,anchored,anchored,12,0.25,2906.468,364,4,False,5,1.2e-07,True,False,8438388,5858272,,,,,,,,,,,,,,,826.728,710,0.62,False,4,8.5478515625,0,cbcda6f67f08909fddc3,9683bcf3808a626bba7f,
nangate45,gcd,anchored,anchored,13,0.25,2909.403,364,4,False,5,1.2e-07,True,False,8440151,5856251,,,,,,,,,,,,,,,826.728,710,0.56,False,4,8.5478515625,0,f7a8df0dbce3624e935d,b2f06d9d744e43444302,
nangate45,gcd,anchored,anchored,14,0.25,2909.391,363,4,False,5,1.1e-07,True,False,8438367,5857025,,,,,,,,,,,,,,,827.792,710,0.58,False,4,8.5478515625,0,8ccfe7eb111fea647e62,f55ea8b9ea52b197c212,
nangate45,gcd,anchored,anchored,15,0.25,2910.486,364,4,False,5,1.2e-07,True,False,8437811,5856251,,,,,,,,,,,,,,,826.728,710,0.59,False,4,8.5478515625,0,32f441b47f85813ba9f1,71cb1d69d0e8f3b64406,
nangate45,gcd,anchored,anchored,16,0.25,2945.077,364,4,False,5,1.2e-07,True,False,8443239,5852489,,,,,,,,,,,,,,,825.93,706,0.59,False,4,8.5478515625,0,090a73480dc47605a063,b0279fbce7c25e4b261d,
nangate45,gcd,center,center,1,0.25,2909.535,375,4,False,5,8e-08,True,False,8439532,5859028,,,,,,,,,,,,,,,827.526,711,0.67,False,4,7.404296875,0,3ac9e57ef458028590a5,dd403245eefcb32cb31b,
nangate45,gcd,center,center,2,0.25,2875.351,373,4,False,5,1e-07,True,False,8441684,5852796,,,,,,,,,,,,,,,830.718,713,0.68,False,4,7.404296875,0,74978b367d34e5e133a7,d896fedcdf28d9802e92,
nangate45,gcd,center,center,3,0.25,2900.624,373,4,False,5,1.2e-07,True,False,8447304,5858902,,,,,,,,,,,,,,,832.58,716,0.66,False,4,7.29150390625,0,8730f7f89f77e1ce1668,883450936b315415d57a,
nangate45,gcd,center,center,4,0.25,2875.862,372,4,False,5,1e-07,True,False,8443852,5852796,,,,,,,,,,,,,,,830.452,713,0.71,False,4,7.29150390625,0,70692af3c7e95d6b0ed8,f218be8cf2965032c115,
nangate45,gcd,center,center,5,0.25,2909.511,375,4,False,5,8e-08,True,False,8437906,5859028,,,,,,,,,,,,,,,826.728,710,0.7,False,4,7.29150390625,0,f219fb27502371487147,f5f65252854eafc5e693,
nangate45,gcd,center,center,6,0.25,2910.309,375,4,False,5,1.1e-07,True,False,8439243,5856799,,,,,,,,,,,,,,,826.728,710,0.7,False,4,7.29150390625,0,11546750a810de749865,98e279e9bf9a78936f70,
nangate45,gcd,center,center,7,0.25,2870.823,373,4,False,5,1e-07,True,False,8441426,5852796,,,,,,,,,,,,,,,830.452,713,0.7,False,4,7.29150390625,0,1a0cc42ae9e5cd50fa5a,c93a0b048e9ae74836b8,
nangate45,gcd,center,center,8,0.25,2904.704,375,4,False,5,8e-08,True,False,8437946,5859028,,,,,,,,,,,,,,,827.26,711,0.67,False,4,7.29150390625,0,bfefb57b27c4dbd2529f,ef3dcfdcd57c982cdeba,
nangate45,gcd,center,center,9,0.25,2869.925,374,4,False,5,1e-07,True,False,8441466,5852796,,,,,,,,,,,,,,,830.718,713,0.65,False,4,7.29150390625,0,5aee9b717bf779a77ce9,9c53923881677f4de32b,
nangate45,gcd,center,center,10,0.25,2906.918,376,4,False,5,7e-08,True,False,8443959,5853126,,,,,,,,,,,,,,,827.526,710,0.66,False,4,7.29150390625,0,6e7443fbe19856a228d2,5471f386469610fa9b30,
nangate45,gcd,center,center,11,0.25,2909.435,375,4,False,5,8e-08,True,False,8439087,5859028,,,,,,,,,,,,,,,826.728,710,0.67,False,4,7.29150390625,0,884f405c23db91c2f04b,d2013f9a9c47b334de05,
nangate45,gcd,center,center,12,0.25,2904.027,376,4,False,5,1.2e-07,True,False,8438388,5859314,,,,,,,,,,,,,,,826.462,710,0.67,False,4,7.29150390625,0,74684bc87275989cd072,9683bcf3808a626bba7f,
nangate45,gcd,center,center,13,0.25,2906.298,375,4,False,5,9e-08,True,False,8440151,5857194,,,,,,,,,,,,,,,826.728,710,0.68,False,4,7.29150390625,0,f599a6fed61e56dd1418,b2f06d9d744e43444302,
nangate45,gcd,center,center,14,0.25,2905.803,375,4,False,5,7e-08,True,False,8438367,5858491,,,,,,,,,,,,,,,827.526,710,0.68,False,4,7.29150390625,0,befd9c2911f94ba07248,f55ea8b9ea52b197c212,
nangate45,gcd,center,center,15,0.25,2910.07,375,4,False,5,9e-08,True,False,8437811,5857194,,,,,,,,,,,,,,,826.728,710,0.65,False,4,7.18798828125,0,3ed4b4dbff97c2e23323,71cb1d69d0e8f3b64406,
nangate45,gcd,center,center,16,0.25,2926.111,370,4,False,5,9e-08,True,False,8443239,5851895,,,,,,,,,,,,,,,825.664,707,0.67,False,4,7.18798828125,0,2572e5aadfa7459da3ce,b0279fbce7c25e4b261d,
nangate45,gcd,corner_ll,corner_ll,1,0.25,2921.072,378,4,False,5,1.2e-07,True,False,8457272,5933849,,,,,,,,,,,,,,,820.876,706,0.63,False,4,7.32568359375,0,f6103fb681edaf160e52,7c6ba9f79ddbcb25453a,
nangate45,gcd,corner_ll,corner_ll,2,0.25,2913.09,370,4,False,5,1.2e-07,True,False,8457272,5933849,,,,,,,,,,,,,,,821.142,707,0.67,False,4,7.32568359375,0,c929c5ab0623cd49db46,7c6ba9f79ddbcb25453a,
nangate45,gcd,corner_ll,corner_ll,3,0.25,2910.892,372,4,False,5,1.2e-07,True,False,8457272,5933849,,,,,,,,,,,,,,,820.344,706,0.66,False,4,7.32568359375,0,55554ec3c59cffeef14e,7c6ba9f79ddbcb25453a,
nangate45,gcd,corner_ll,corner_ll,4,0.25,2924.21,376,4,False,5,1.2e-07,True,False,8457272,5933849,,,,,,,,,,,,,,,820.876,706,0.71,False,4,7.32568359375,0,a26f0118be98b3f31e39,7c6ba9f79ddbcb25453a,
nangate45,gcd,corner_ll,corner_ll,5,0.25,2931.598,371,4,False,5,1.2e-07,True,False,8457272,5933849,,,,,,,,,,,,,,,820.61,705,0.7,False,4,7.32568359375,0,10dbe7e46b2a31a8202b,7c6ba9f79ddbcb25453a,
nangate45,gcd,corner_ll,corner_ll,6,0.25,2933.314,371,4,False,5,1.2e-07,True,False,8457272,5933849,,,,,,,,,,,,,,,820.61,705,0.68,False,4,7.32568359375,0,da1f5447d5f010faae2f,7c6ba9f79ddbcb25453a,
nangate45,gcd,corner_ll,corner_ll,7,0.25,2919.451,377,4,False,5,1.2e-07,True,False,8457272,5933849,,,,,,,,,,,,,,,820.876,706,0.6,False,4,7.32568359375,0,48319627bbb25a7fe927,7c6ba9f79ddbcb25453a,
nangate45,gcd,corner_ll,corner_ll,8,0.25,2916.926,370,4,False,5,1.2e-07,True,False,8457272,5933849,,,,,,,,,,,,,,,821.142,707,0.66,False,4,7.32568359375,0,a0e8748a1e93fdff0b5b,7c6ba9f79ddbcb25453a,
nangate45,gcd,corner_ll,corner_ll,9,0.25,2913.128,371,4,False,5,1.2e-07,True,False,8457272,5933849,,,,,,,,,,,,,,,821.142,707,0.63,False,4,7.32568359375,0,0a302773e210133e4a20,7c6ba9f79ddbcb25453a,
nangate45,gcd,corner_ll,corner_ll,10,0.25,2919.458,377,4,False,5,1.2e-07,True,False,8457272,5933849,,,,,,,,,,,,,,,820.876,706,0.69,False,4,7.32568359375,0,31f8e40e2f38be8be7da,7c6ba9f79ddbcb25453a,
nangate45,gcd,corner_ll,corner_ll,11,0.25,2917.754,377,4,False,5,1.2e-07,True,False,8457272,5933849,,,,,,,,,,,,,,,820.876,706,0.66,False,4,7.32568359375,0,a40f04181298081b63f3,7c6ba9f79ddbcb25453a,
nangate45,gcd,corner_ll,corner_ll,12,0.25,2918.292,377,4,False,5,1.2e-07,True,False,8457272,5933849,,,,,,,,,,,,,,,820.876,706,0.67,False,4,7.32568359375,0,8ead76c8daa208bdc472,7c6ba9f79ddbcb25453a,
nangate45,gcd,corner_ll,corner_ll,13,0.25,2928.532,372,4,False,5,1.2e-07,True,False,8457272,5933849,,,,,,,,,,,,,,,819.28,705,0.57,False,4,7.4599609375,0,91e699c15b9a0b47be5f,7c6ba9f79ddbcb25453a,
nangate45,gcd,corner_ll,corner_ll,14,0.25,2924.01,376,4,False,5,1.2e-07,True,False,8457272,5933849,,,,,,,,,,,,,,,820.876,706,0.66,False,4,7.4599609375,0,324d8568bf953733c745,7c6ba9f79ddbcb25453a,
nangate45,gcd,corner_ll,corner_ll,15,0.25,2914.322,371,4,False,5,1.2e-07,True,False,8457272,5933849,,,,,,,,,,,,,,,820.078,706,0.66,False,4,7.4599609375,0,029de5c6f476ba144426,7c6ba9f79ddbcb25453a,
nangate45,gcd,corner_ll,corner_ll,16,0.25,2921.359,371,4,False,5,1.2e-07,True,False,8457272,5933849,,,,,,,,,,,,,,,820.078,706,0.65,False,4,7.4599609375,0,c781537f53e33b3be198,7c6ba9f79ddbcb25453a,
nangate45,gcd,corner_ur,corner_ur,1,0.25,2845.345,368,4,False,5,1.1e-07,True,False,8420697,5943294,,,,,,,,,,,,,,,823.536,707,0.64,False,4,7.4599609375,0,d42ff5e6105674f39076,66b5b3f2bfe9d909cab9,
nangate45,gcd,corner_ur,corner_ur,2,0.25,2846.216,367,4,False,5,1.1e-07,True,False,8420697,5943294,,,,,,,,,,,,,,,823.536,707,0.67,False,4,7.4599609375,0,8cebbb4e28e359b50922,66b5b3f2bfe9d909cab9,
nangate45,gcd,corner_ur,corner_ur,3,0.25,2837.695,368,4,False,5,1.1e-07,True,False,8420697,5943294,,,,,,,,,,,,,,,823.004,706,0.57,False,4,7.4599609375,0,d011a811b4f9fbf4b6f8,66b5b3f2bfe9d909cab9,
nangate45,gcd,corner_ur,corner_ur,4,0.25,2849.785,368,4,False,5,1.1e-07,True,False,8420697,5943294,,,,,,,,,,,,,,,824.6,708,0.65,False,4,7.4599609375,0,326a2702d2581759e0fd,66b5b3f2bfe9d909cab9,
nangate45,gcd,corner_ur,corner_ur,5,0.25,2846.073,368,4,False,5,1.1e-07,True,False,8420697,5943294,,,,,,,,,,,,,,,824.6,708,0.63,False,4,7.4599609375,0,6f31ad75601a7e74b5f1,66b5b3f2bfe9d909cab9,
nangate45,gcd,corner_ur,corner_ur,6,0.25,2846.012,368,4,False,5,1.1e-07,True,False,8420697,5943294,,,,,,,,,,,,,,,824.6,708,0.64,False,4,7.4599609375,0,e2680ee4c44442a1fdd1,66b5b3f2bfe9d909cab9,
nangate45,gcd,corner_ur,corner_ur,7,0.25,2843.113,368,4,False,5,1.1e-07,True,False,8420697,5943294,,,,,,,,,,,,,,,823.536,707,0.64,False,4,7.4599609375,0,14b5e5dc6dd3c0fa1e95,66b5b3f2bfe9d909cab9,
nangate45,gcd,corner_ur,corner_ur,8,0.25,2849.608,368,4,False,5,1.1e-07,True,False,8420697,5943294,,,,,,,,,,,,,,,824.6,708,0.67,False,4,7.4599609375,0,711974d3b934f017829c,66b5b3f2bfe9d909cab9,
nangate45,gcd,corner_ur,corner_ur,9,0.25,2845.637,367,4,False,5,1.1e-07,True,False,8420697,5943294,,,,,,,,,,,,,,,823.536,707,0.59,False,4,7.3427734375,0,b0832f8a36bf7b883283,66b5b3f2bfe9d909cab9,
nangate45,gcd,corner_ur,corner_ur,10,0.25,2842.604,368,4,False,5,1.1e-07,True,False,8420697,5943294,,,,,,,,,,,,,,,823.536,707,0.62,False,4,7.3427734375,0,085a093f998d97f1787b,66b5b3f2bfe9d909cab9,
nangate45,gcd,corner_ur,corner_ur,11,0.25,2837.433,369,4,False,5,1.1e-07,True,False,8420697,5943294,,,,,,,,,,,,,,,823.004,706,0.63,False,4,7.3427734375,0,4cc74857fdca020b38a2,66b5b3f2bfe9d909cab9,
nangate45,gcd,corner_ur,corner_ur,12,0.25,2845.809,368,4,False,5,1.1e-07,True,False,8420697,5943294,,,,,,,,,,,,,,,823.536,707,0.65,False,4,7.3427734375,0,ea015246a3400e8068f5,66b5b3f2bfe9d909cab9,
nangate45,gcd,corner_ur,corner_ur,13,0.25,2865.046,371,4,False,5,1.1e-07,True,False,8420697,5943294,,,,,,,,,,,,,,,819.014,701,0.64,False,4,7.3427734375,0,f1d3d11e504ea7c04a4f,66b5b3f2bfe9d909cab9,
nangate45,gcd,corner_ur,corner_ur,14,0.25,2843.915,368,4,False,5,1.1e-07,True,False,8420697,5943294,,,,,,,,,,,,,,,823.536,707,0.64,False,4,7.3427734375,0,4b310dfa3c823d0045a3,66b5b3f2bfe9d909cab9,
nangate45,gcd,corner_ur,corner_ur,15,0.25,2840.03,368,4,False,5,1.1e-07,True,False,8420697,5943294,,,,,,,,,,,,,,,823.536,707,0.56,False,4,7.3427734375,0,4cd0ae046d20d530941b,66b5b3f2bfe9d909cab9,
nangate45,gcd,corner_ur,corner_ur,16,0.25,2865.087,371,4,False,5,1.1e-07,True,False,8420697,5943294,,,,,,,,,,,,,,,819.014,701,0.6,False,4,7.23486328125,0,3992696bea69ebbe27c1,66b5b3f2bfe9d909cab9,
nangate45,gcd,gauss_tight,gauss_tight,1,0.25,2904.664,366,4,False,5,1.2e-07,True,False,8455377,5880147,,,,,,,,,,,,,,,829.122,712,0.63,False,4,7.9677734375,0,50cb8ad784ecc51835d3,85ace09caf14bcde3ef2,
nangate45,gcd,gauss_tight,gauss_tight,2,0.25,2896.752,367,4,False,5,1.2e-07,True,False,8444120,5900762,,,,,,,,,,,,,,,830.186,713,0.61,False,4,7.9677734375,0,a2f1858934a14a7794e5,91d67801f5d5709ca1b7,
nangate45,gcd,gauss_tight,gauss_tight,3,0.25,2916.302,367,4,False,5,1e-07,True,False,8445867,5891560,,,,,,,,,,,,,,,830.452,713,0.57,False,4,7.81005859375,0,69726e4d0dc38334a919,0741b2eaac91bfdee4f0,
nangate45,gcd,gauss_tight,gauss_tight,4,0.25,2881.914,369,4,False,5,1.2e-07,True,False,8436983,5871682,,,,,,,,,,,,,,,828.856,712,0.64,False,4,7.81005859375,0,cebc07bd16f5e314b575,6875eec2c954958f8a8f,
nangate45,gcd,gauss_tight,gauss_tight,5,0.25,2869.184,367,4,False,5,1.1e-07,True,False,8447796,5877070,,,,,,,,,,,,,,,831.782,715,0.59,False,4,7.81005859375,0,631fbc79de9ca7426275,bc6adf029da71f3df522,
nangate45,gcd,gauss_tight,gauss_tight,6,0.25,2904.37,368,4,False,5,1.2e-07,True,False,8436316,5887529,,,,,,,,,,,,,,,832.58,716,0.62,False,4,7.81005859375,0,a63f37029c673d91fa21,5ca97cb666c18df09d3e,
nangate45,gcd,gauss_tight,gauss_tight,7,0.25,2887.032,369,4,False,5,1.2e-07,True,False,8438880,5852976,,,,,,,,,,,,,,,822.738,707,0.65,False,4,7.81005859375,0,e6acb9a64e56d401b43c,5134d390906bf5b330b8,
nangate45,gcd,gauss_tight,gauss_tight,8,0.25,2892.375,373,4,False,5,1.2e-07,True,False,8434397,5884416,,,,,,,,,,,,,,,830.452,714,0.67,False,4,7.81005859375,0,0127a8b28cbada1932fe,983aea1e21164ea3a4e1,
nangate45,gcd,gauss_tight,gauss_tight,9,0.25,2899.466,367,4,False,5,1.2e-07,True,False,8460637,5867551,,,,,,,,,,,,,,,828.324,712,0.58,False,4,7.81005859375,0,f58f0d507574037ee6dd,9936b111ac87c92ae2e0,
nangate45,gcd,gauss_tight,gauss_tight,10,0.25,2902.811,367,4,False,5,1.1e-07,True,False,8451759,5866561,,,,,,,,,,,,,,,829.122,712,0.61,False,4,7.81005859375,0,2e6db49e00ab8c239da3,92e7480b3747980ade04,
nangate45,gcd,gauss_tight,gauss_tight,11,0.25,2915.235,373,4,False,5,1e-07,True,False,8432287,5881697,,,,,,,,,,,,,,,826.728,711,0.62,False,4,7.81005859375,0,feeb389c4bec789f785f,c9e6a81335cb53a20627,
nangate45,gcd,gauss_tight,gauss_tight,12,0.25,2969.41,374,4,False,5,8e-08,True,False,8431471,5871355,,,,,,,,,,,,,,,824.866,707,0.66,False,4,7.7451171875,0,974a325391c6d231e0be,7879e851ab000de2de6d,
nangate45,gcd,gauss_tight,gauss_tight,13,0.25,2913.868,368,4,False,5,8e-08,True,False,8449767,5882181,,,,,,,,,,,,,,,832.58,717,0.63,False,4,7.7451171875,0,5eb92df03015663bbf6b,5628b2877bc1ccb8ebe4,
nangate45,gcd,gauss_tight,gauss_tight,14,0.25,2861.506,371,4,False,5,1.1e-07,True,False,8434682,5866668,,,,,,,,,,,,,,,823.802,708,0.57,False,4,7.7451171875,0,217bd61d9a0a854a51c1,47dccc3a41186c286e38,
nangate45,gcd,gauss_tight,gauss_tight,15,0.25,2881.233,368,4,False,5,1.2e-07,True,False,8428777,5872110,,,,,,,,,,,,,,,823.004,708,0.59,False,4,7.7451171875,0,82f14145d672f865f076,f93327e4cbb2218b2f2b,
nangate45,gcd,gauss_tight,gauss_tight,16,0.25,2909.238,370,4,False,5,9e-08,True,False,8446115,5880576,,,,,,,,,,,,,,,832.048,715,0.59,False,4,7.7451171875,0,5865ce5d744f930ad351,31989f122f2f1dff15c1,
nangate45,gcd,gauss_tight,gauss_tight,17,0.25,2902.68,371,4,False,5,1e-07,True,False,8453582,5877215,,,,,,,,,,,,,,,828.324,712,0.62,False,4,7.7451171875,0,32189ea51f7f4cd98478,7611dd3e3a5f4f3a595f,
nangate45,gcd,gauss_tight,gauss_tight,18,0.25,2875.399,371,4,False,5,1.1e-07,True,False,8439825,5866619,,,,,,,,,,,,,,,823.27,710,0.59,False,4,7.7451171875,0,49086d3a996b9f92df43,91f9b7434507a3ad63c5,
nangate45,gcd,gauss_tight,gauss_tight,19,0.25,2902.778,366,4,False,5,1.2e-07,True,False,8453342,5876444,,,,,,,,,,,,,,,829.122,712,0.62,False,4,7.7451171875,0,812fd6de2349406d914a,57b0e045648d0cc71222,
nangate45,gcd,gauss_tight,gauss_tight,20,0.25,2955.477,373,4,False,5,1.2e-07,True,False,8433411,5861100,,,,,,,,,,,,,,,825.132,709,0.61,False,4,7.7451171875,0,722082774781b4dbdc4d,632f23471cb69e9ea9f6,
nangate45,gcd,gauss_tight,gauss_tight,21,0.25,2956.794,371,4,False,5,1.1e-07,True,False,8434694,5863646,,,,,,,,,,,,,,,825.132,709,0.58,False,4,7.60498046875,0,76a5e38803b13e18943c,bbf21c30d1c3a567aa94,
nangate45,gcd,gauss_tight,gauss_tight,22,0.25,2913.264,367,4,False,5,1e-07,True,False,8450611,5882187,,,,,,,,,,,,,,,825.664,713,0.59,False,4,7.60498046875,0,f184aa7ed309b9462006,1802f91c025acbd7fb06,
nangate45,gcd,gauss_tight,gauss_tight,23,0.25,2869.682,367,4,False,5,1.1e-07,True,False,8436600,5861630,,,,,,,,,,,,,,,823.004,709,0.59,False,4,7.60498046875,0,1c12a8d55b498122165d,8fab2b05594893329d46,
nangate45,gcd,gauss_tight,gauss_tight,24,0.25,2939.218,368,4,False,5,9e-08,True,False,8438871,5889882,,,,,,,,,,,,,,,828.856,711,0.61,False,4,7.60498046875,0,8349050572741b3b5c20,face75c4d5c3018f1973,
nangate45,gcd,gauss_tight,gauss_tight,25,0.25,2858.883,369,4,False,5,1e-07,True,False,8440261,5865677,,,,,,,,,,,,,,,822.206,709,0.59,False,4,7.60498046875,0,20537635841e8f6aa4bc,1aae42bd9360da992e2d,
nangate45,gcd,gauss_tight,gauss_tight,26,0.25,2858.699,371,4,False,5,1e-07,True,False,8426867,5870744,,,,,,,,,,,,,,,821.94,706,0.62,False,4,7.60498046875,0,d6295066cfac3367d210,dba3185fe1d73ee6ffdf,
nangate45,gcd,gauss_tight,gauss_tight,27,0.25,2903.516,366,4,False,5,7e-08,True,False,8452686,5865212,,,,,,,,,,,,,,,828.324,712,0.55,False,4,7.60498046875,0,21f0ed6989fb8eed2190,0f5bff902e8479b60f78,
nangate45,gcd,gauss_tight,gauss_tight,28,0.25,2870.867,363,4,False,5,1.1e-07,True,False,8450358,5874657,,,,,,,,,,,,,,,831.782,714,0.61,False,4,7.60498046875,0,5c9b3b3a4eaf7ecfe6d1,7c682f71cb5e4df77e43,
nangate45,gcd,gauss_tight,gauss_tight,29,0.25,2908.41,369,4,False,5,8e-08,True,False,8429107,5863831,,,,,,,,,,,,,,,825.132,709,0.6,False,4,7.60498046875,0,9a27491a58844c660eb0,66a1fdcc9c3fe102a7eb,
nangate45,gcd,gauss_tight,gauss_tight,30,0.25,2901.87,371,4,False,5,1.1e-07,True,False,8439816,5878823,,,,,,,,,,,,,,,831.25,715,0.63,False,4,7.60498046875,0,47f052bdcca03f579e80,99ae2af16b70a6c20f3f,
nangate45,gcd,gauss_tight,gauss_tight,31,0.25,2870.074,371,4,False,5,1.1e-07,True,False,8451753,5856166,,,,,,,,,,,,,,,830.452,715,0.61,False,4,7.60498046875,0,8a08fc64753c7fe383f3,11090a588f6622bb846a,
nangate45,gcd,gauss_tight,gauss_tight,32,0.25,2901.43,366,4,False,5,1.1e-07,True,False,8456999,5868051,,,,,,,,,,,,,,,828.058,712,0.61,False,4,7.60498046875,0,6945bcf8d6707f1a23b3,770dba79285c9fb82fac,
nangate45,gcd,gauss_wide,gauss_wide,1,0.25,2918.889,368,4,False,5,1e-07,True,False,8416200,5916860,,,,,,,,,,,,,,,827.792,714,0.56,False,4,8.4375,0,d424d64c964b7abe48f4,f655b35f252ddb4bc01a,
nangate45,gcd,gauss_wide,gauss_wide,2,0.25,2851.683,368,4,False,5,1.1e-07,True,False,8424700,5904584,,,,,,,,,,,,,,,820.078,708,0.64,False,4,8.4375,0,52236c228aa64ef4d1f6,cae548cb69276ac49008,
nangate45,gcd,gauss_wide,gauss_wide,3,0.25,2921.686,369,4,False,5,8e-08,True,False,8429827,5900237,,,,,,,,,,,,,,,827.26,711,0.59,False,4,8.4375,0,c8b27f01ed14d826ce92,236266c8e0403cd5feb0,
nangate45,gcd,gauss_wide,gauss_wide,4,0.25,2897.965,373,4,False,5,9e-08,True,False,8392965,5882434,,,,,,,,,,,,,,,820.344,704,0.64,False,4,8.4375,0,c7b4e6f97ac47c03309e,249a97e89a929168f28d,
nangate45,gcd,gauss_wide,gauss_wide,5,0.25,2880.037,361,4,False,5,1.1e-07,True,False,8391055,6002415,,,,,,,,,,,,,,,817.684,704,0.64,False,4,8.4375,0,faa81b4e7f7949eaf70a,bace2d702d64cfb33d75,
nangate45,gcd,gauss_wide,gauss_wide,6,0.25,2909.495,371,4,False,5,1.1e-07,True,False,8430757,5902423,,,,,,,,,,,,,,,819.546,708,0.6,False,4,8.4375,0,4245e9a64f53c5f9f703,11a9b446fcbe5cd18aac,
nangate45,gcd,gauss_wide,gauss_wide,7,0.25,2864.385,367,4,False,5,1.2e-07,True,False,8430760,5910888,,,,,,,,,,,,,,,820.344,708,0.58,False,4,8.4375,0,9878ae3fc6c7442e9903,416581ec6d4701405dfc,
nangate45,gcd,gauss_wide,gauss_wide,8,0.25,2954.092,362,4,False,5,1.1e-07,True,False,8427068,5948350,,,,,,,,,,,,,,,831.516,716,0.62,False,4,8.4375,0,167a8c117f4c37fb7f8a,ebb518804798526778bf,
nangate45,gcd,gauss_wide,gauss_wide,9,0.25,2882.902,363,4,False,5,1e-07,True,False,8424542,5908795,,,,,,,,,,,,,,,825.398,713,0.63,False,4,8.4375,0,65a9f5b84d8268d548dd,7273f2fc4d35197a2170,
nangate45,gcd,gauss_wide,gauss_wide,10,0.25,2911.52,368,4,False,5,8e-08,True,False,8454837,5889409,,,,,,,,,,,,,,,832.048,716,0.65,False,4,8.4375,0,eafa3a1c17c8a061f58a,3d927eefb239da7b214d,
nangate45,gcd,gauss_wide,gauss_wide,11,0.25,2908.619,370,4,False,5,1e-07,True,False,8441634,5868950,,,,,,,,,,,,,,,828.058,709,0.61,False,4,8.4375,0,9753030d744861d96b06,fd3d85b42fdbee493789,
nangate45,gcd,gauss_wide,gauss_wide,12,0.25,2945.364,371,4,False,5,1.1e-07,True,False,8432558,5892351,,,,,,,,,,,,,,,826.196,709,0.66,False,4,8.4375,0,8c98a8c9781d0ec6ed39,75b1f9bed50432c9265b,
nangate45,gcd,gauss_wide,gauss_wide,13,0.25,2957.907,365,4,False,5,9e-08,True,False,8424259,5914260,,,,,,,,,,,,,,,827.792,710,0.56,False,4,8.48291015625,0,55881e76348ddfa8620a,3cf19a6815df1ef1bac8,
nangate45,gcd,gauss_wide,gauss_wide,14,0.25,2890.311,370,4,False,5,9e-08,True,False,8302782,5966629,,,,,,,,,,,,,,,820.078,705,0.85,False,4,8.48291015625,0,63f5d1d8fa636c3327c1,ac76cf8ef9abeb752bf8,
nangate45,gcd,gauss_wide,gauss_wide,15,0.25,2900.88,366,4,False,5,1.2e-07,True,False,8423990,5895964,,,,,,,,,,,,,,,817.418,705,0.61,False,4,8.48291015625,0,b98a5b57405c4ebeef00,7aaffd3a8e1fa163bce3,
nangate45,gcd,gauss_wide,gauss_wide,16,0.25,2953.235,373,4,False,5,7e-08,True,False,8333332,5923791,,,,,,,,,,,,,,,830.186,714,0.65,False,4,8.48291015625,0,7a1ccd33c2aaae9fee2d,d6e94723446444cece3c,
nangate45,gcd,gauss_wide,gauss_wide,17,0.25,2925.338,363,4,False,5,1e-07,True,False,8442386,5910496,,,,,,,,,,,,,,,826.728,711,0.66,False,4,8.48291015625,0,216f7f3a0a72e2141fae,51710b9520fb1164dc89,
nangate45,gcd,gauss_wide,gauss_wide,18,0.25,2894.052,369,4,False,5,7e-08,True,False,8317097,5938310,,,,,,,,,,,,,,,821.94,708,0.65,False,4,8.48291015625,0,f5b529ec4ffbda88b92d,e60254cf227554d86344,
nangate45,gcd,gauss_wide,gauss_wide,19,0.25,2963.557,366,4,False,5,9e-08,True,False,8446781,5913620,,,,,,,,,,,,,,,828.856,711,0.57,False,4,8.48291015625,0,1e3e86a429634f63cd9c,588eb34271daef75ea24,
nangate45,gcd,gauss_wide,gauss_wide,20,0.25,2819.12,361,4,False,5,1.1e-07,True,False,8445754,5903376,,,,,,,,,,,,,,,824.6,714,0.6,False,4,8.48291015625,0,1bd30d2fe6cae9350258,c8182b1e9198516e0537,
nangate45,gcd,gauss_wide,gauss_wide,21,0.25,2915.532,370,4,False,5,1.1e-07,True,False,8461289,5889645,,,,,,,,,,,,,,,819.812,701,0.66,False,4,8.48291015625,0,b636596c2c9acdb1fb53,8fbfb28cc5bab776c514,
nangate45,gcd,gauss_wide,gauss_wide,22,0.25,2903.43,367,4,False,5,7e-08,True,False,8445505,5911574,,,,,,,,,,,,,,,820.078,706,0.61,False,4,8.48291015625,0,08a09bfc66f7ba407673,430f7217226eaefac3bd,
nangate45,gcd,gauss_wide,gauss_wide,23,0.25,2907.743,368,4,False,5,8e-08,True,False,8425764,5944594,,,,,,,,,,,,,,,824.068,712,0.64,False,4,8.48291015625,0,569b2ed182474ede53ef,95cacc344b71d4264374,
nangate45,gcd,gauss_wide,gauss_wide,24,0.25,2971.577,375,4,False,5,1.1e-07,True,False,8289367,5937494,,,,,,,,,,,,,,,830.452,713,0.65,False,4,8.48291015625,0,ac6152bf50fe6b5fd8b8,f09399883986c454a3ba,
nangate45,gcd,gauss_wide,gauss_wide,25,0.25,2918.135,369,4,False,5,1e-07,True,False,8412740,5941640,,,,,,,,,,,,,,,823.004,710,0.57,False,4,8.5244140625,0,477e7e95f0a62ede6484,9d99591d9e55bbc951a1,
nangate45,gcd,gauss_wide,gauss_wide,26,0.25,2911.872,363,4,False,5,1.1e-07,True,False,8452898,5880434,,,,,,,,,,,,,,,832.58,717,0.61,False,4,8.5244140625,0,0906fd5d5ec268fd87ba,adff5507bacfe29ec671,
nangate45,gcd,gauss_wide,gauss_wide,27,0.25,2913.294,367,4,False,5,9e-08,True,False,8429503,5908934,,,,,,,,,,,,,,,827.526,713,0.65,False,4,8.5244140625,0,fb71827572743e96a909,0c80c732efa7d082ba16,
nangate45,gcd,gauss_wide,gauss_wide,28,0.25,2883.198,369,4,False,5,1.2e-07,True,False,8423439,5931789,,,,,,,,,,,,,,,825.132,707,0.63,False,4,8.5244140625,0,168912877b13ef61326d,d109269d3667dcf9b18b,
nangate45,gcd,gauss_wide,gauss_wide,29,0.25,2861.742,368,4,False,5,1.1e-07,True,False,8419821,5934739,,,,,,,,,,,,,,,824.6,713,0.64,False,4,8.5244140625,0,66efacd671f04b81a9f4,cfac9d21a9bf0d694cdf,
nangate45,gcd,gauss_wide,gauss_wide,30,0.25,2870.217,367,4,False,5,8e-08,True,False,8426839,5890745,,,,,,,,,,,,,,,824.6,710,0.6,False,4,8.5244140625,0,7c34a97cc752c63e1cd6,5e067a4c72f51d86773a,
nangate45,gcd,gauss_wide,gauss_wide,31,0.25,2971.03,367,4,False,5,1.2e-07,True,False,8481770,5871624,,,,,,,,,,,,,,,821.674,705,0.57,False,4,8.5244140625,0,c0e7ab62ea226ce6bc5e,06d1b7cc2bd3ade7777d,
nangate45,gcd,gauss_wide,gauss_wide,32,0.25,2876.069,367,4,False,5,9e-08,True,False,8433922,5891374,,,,,,,,,,,,,,,823.802,708,0.62,False,4,8.32177734375,0,ed6d8f5b139ddf6c1ff3,3dd88e1d1ec326066cc0,
nangate45,gcd,odb,odb,1,0.25,2908.332,359,4,False,5,1.1e-07,True,False,8439532,5942509,,,,,0.418574,-0.168574,-7.47543,0.0888654,8065,25.69,0,69.3,False,0,827.526,711,0.62,False,4,7.18798828125,0,5df5beebf2f988f4a7ce,dd403245eefcb32cb31b,eca1ea9b4613cb0b8647
nangate45,gcd,odb,odb,2,0.25,2874.688,357,4,False,5,1.2e-07,True,False,8441684,5937189,,,,,0.424626,-0.174626,-7.6602,0.0926177,8293,25.38,0,68.56,False,0,830.718,713,0.64,False,4,7.18798828125,0,d6c985bd996fa8e7464b,d896fedcdf28d9802e92,2e3051cf5185d70b0d0f
nangate45,gcd,odb,odb,3,0.25,2885.862,354,4,False,5,1.1e-07,True,False,8447304,5952515,,,,,0.424066,-0.174066,-7.62644,0.0921457,8692,26.3,0,68.56,False,0,831.25,715,0.79,False,4,7.18798828125,0,a7ea9116eb032d20c93c,883450936b315415d57a,b4b946a6bb1d41203ce2
nangate45,gcd,odb,odb,4,0.25,2869.193,356,4,False,5,1e-07,True,False,8443852,5937435,,,,,0.425224,-0.175224,-7.84061,0.0912176,9211,26.67,0,73.05,False,0,830.452,713,0.74,False,4,7.18798828125,0,efa658c2617cac9d9c58,f218be8cf2965032c115,01e099334613234bdc61
nangate45,gcd,odb,odb,5,0.25,2908.097,359,4,False,5,1.2e-07,True,False,8437906,5942399,,,,,0.42301500000000003,-0.173015,-7.65802,0.0913054,9319,27.54,0,69.73,False,0,826.728,710,0.66,False,4,7.0927734375,0,7bac2fc5d8778a16e9cd,f5f65252854eafc5e693,2a7b3fd66222beec6cd8
nangate45,gcd,odb,odb,6,0.25,2909.502,359,4,False,5,7e-08,True,False,8439243,5939919,,,,,0.419306,-0.169306,-7.6796,0.0914751,8282,24.77,0,67.38,False,0,826.728,710,0.69,False,4,7.0927734375,0,15345fe4bc312ecee5be,98e279e9bf9a78936f70,a869f0f1114f09e6c7a2
nangate45,gcd,odb,odb,7,0.25,2870.024,358,4,False,5,1.2e-07,True,False,8441426,5940816,,,,,0.423865,-0.173865,-7.57423,0.0912765,8464,25.59,0,67.81,False,0,830.718,713,0.67,False,4,7.0927734375,0,94071d3180353ba71d2c,c93a0b048e9ae74836b8,0a3a3e721854f8827fb2
nangate45,gcd,odb,odb,8,0.25,2907.849,359,4,False,5,1.1e-07,True,False,8437946,5943396,,,,,0.41681599999999996,-0.166816,-7.39478,0.0908047,7880,24.76,0,66.52,False,0,827.526,711,0.81,False,4,7.0927734375,0,b72b400e241521216e62,ef3dcfdcd57c982cdeba,f4f6dd76b4e433ae5213
nangate45,gcd,odb,odb,9,0.25,2873.586,357,4,False,5,1.2e-07,True,False,8441466,5937218,,,,,,,,,,,,,,,830.718,713,0.66,False,4,7.0927734375,0,9258dfd74d97e0eb31f8,9c53923881677f4de32b,
nangate45,gcd,odb,odb,10,0.25,2907.615,359,4,False,5,1.1e-07,True,False,8443959,5948339,,,,,,,,,,,,,,,826.994,709,0.69,False,4,7.0927734375,0,2c2c4e63615457955cfb,5471f386469610fa9b30,
nangate45,gcd,odb,odb,11,0.25,2908.3,359,4,False,5,1e-07,True,False,8439087,5942595,,,,,,,,,,,,,,,826.728,710,0.64,False,4,7.0927734375,0,a98f1319996c4b9be574,d2013f9a9c47b334de05,
nangate45,gcd,odb,odb,12,0.25,2907.853,359,4,False,5,1.2e-07,True,False,8438388,5945184,,,,,,,,,,,,,,,827.526,711,0.67,False,4,7.0927734375,0,46ab155e0cec415543d4,9683bcf3808a626bba7f,
nangate45,gcd,odb,odb,13,0.25,2907.752,358,4,False,5,1.1e-07,True,False,8440151,5941645,,,,,,,,,,,,,,,826.728,710,0.69,False,4,7.0927734375,0,9f7b4f16dd99aedf625d,b2f06d9d744e43444302,
nangate45,gcd,odb,odb,14,0.25,2903.113,359,4,False,5,8e-08,True,False,8438367,5945065,,,,,,,,,,,,,,,827.792,710,0.68,False,4,7.0927734375,0,b2485bfe2b49d2b64dcd,f55ea8b9ea52b197c212,
nangate45,gcd,odb,odb,15,0.25,2908.722,359,4,False,5,8e-08,True,False,8437811,5941352,,,,,,,,,,,,,,,826.728,710,0.66,False,4,7.0927734375,0,fb5762a61fc3f91ec625,71cb1d69d0e8f3b64406,
nangate45,gcd,odb,odb,16,0.25,2888.821,357,4,False,5,1.2e-07,True,False,8443239,5938399,,,,,,,,,,,,,,,826.994,707,0.67,False,4,7.0927734375,0,77632407e3877fe07163,b0279fbce7c25e4b261d,
nangate45,gcd,shipped,shipped,1,0.25,2909.535,375,4,False,5,8e-08,True,False,8439532,5859028,0,513,0,551,0.419029,-0.169029,-7.57673,0.091965,8056,25.07,0,68.98,False,0,827.526,711,0.74,False,4,7.61376953125,0,3ac9e57ef458028590a5,dd403245eefcb32cb31b,c36a5d008270281ed2fb
nangate45,gcd,shipped,shipped,2,0.25,2875.351,373,4,False,5,1e-07,True,False,8441684,5852796,0,513,0,551,0.427497,-0.177497,-7.75589,0.0915459,9621,29.49,0,75.08,False,0,830.718,713,0.68,False,4,7.61376953125,0,74978b367d34e5e133a7,d896fedcdf28d9802e92,8317128b3330aba98259
nangate45,gcd,shipped,shipped,3,0.25,2900.624,373,4,False,5,1.2e-07,True,False,8447304,5858902,0,513,0,551,0.420922,-0.170922,-7.53932,0.0889034,7675,24.12,0,67.81,False,0,832.58,716,0.72,False,4,7.61376953125,0,8730f7f89f77e1ce1668,883450936b315415d57a,be3895b89276fff5f2dc
nangate45,gcd,shipped,shipped,4,0.25,2875.862,372,4,False,5,1e-07,True,False,8443852,5852796,0,513,0,551,0.422112,-0.172112,-7.50173,0.0918024,8148,25.18,0,69.3,False,0,830.452,713,0.73,False,4,7.61376953125,0,70692af3c7e95d6b0ed8,f218be8cf2965032c115,7a7f338efe87dac77d89
nangate45,gcd,shipped,shipped,5,0.25,2909.511,375,4,False,5,8e-08,True,False,8437906,5859028,0,513,0,551,0.42901500000000004,-0.179015,-7.75385,0.0912016,9276,26.95,0,72.3,False,0,826.728,710,0.73,False,4,7.61376953125,0,f219fb27502371487147,f5f65252854eafc5e693,e7865e6db8856c837823
nangate45,gcd,shipped,shipped,6,0.25,2910.309,375,4,False,5,1.1e-07,True,False,8439243,5856799,0,513,0,551,0.42738,-0.17738,-7.7818,0.0914452,9151,25.74,0,69.52,False,0,826.728,710,0.73,False,4,7.61376953125,0,11546750a810de749865,98e279e9bf9a78936f70,cf81afd8a9bc7e5a04e3
nangate45,gcd,shipped,shipped,7,0.25,2870.823,373,4,False,5,1e-07,True,False,8441426,5852796,0,513,0,551,0.427983,-0.177983,-7.76437,0.0940452,9251,26.71,0,69.84,False,0,830.452,713,0.74,False,4,7.404296875,0,1a0cc42ae9e5cd50fa5a,c93a0b048e9ae74836b8,eeb89cfe15279df6609b
nangate45,gcd,shipped,shipped,8,0.25,2904.704,375,4,False,5,8e-08,True,False,8437946,5859028,0,513,0,551,0.431623,-0.181623,-7.88795,0.0925164,10339,27.67,0,69.73,False,0,827.26,711,0.61,False,4,7.404296875,0,bfefb57b27c4dbd2529f,ef3dcfdcd57c982cdeba,2b90cb32572c74c14a2d
nangate45,gcd,shipped,shipped,9,0.25,2869.925,374,4,False,5,1e-07,True,False,8441466,5852796,0,513,0,551,,,,,,,,,,,830.718,713,0.63,False,4,7.404296875,0,5aee9b717bf779a77ce9,9c53923881677f4de32b,
nangate45,gcd,shipped,shipped,10,0.25,2906.918,376,4,False,5,7e-08,True,False,8443959,5853126,0,513,0,551,,,,,,,,,,,827.526,710,0.69,False,4,7.404296875,0,6e7443fbe19856a228d2,5471f386469610fa9b30,
nangate45,gcd,shipped,shipped,11,0.25,2909.435,375,4,False,5,8e-08,True,False,8439087,5859028,0,513,0,551,,,,,,,,,,,826.728,710,0.69,False,4,7.404296875,0,884f405c23db91c2f04b,d2013f9a9c47b334de05,
nangate45,gcd,shipped,shipped,12,0.25,2904.027,376,4,False,5,1.2e-07,True,False,8438388,5859314,0,513,0,551,,,,,,,,,,,826.462,710,0.68,False,4,7.404296875,0,74684bc87275989cd072,9683bcf3808a626bba7f,
nangate45,gcd,shipped,shipped,13,0.25,2906.298,375,4,False,5,9e-08,True,False,8440151,5857194,0,513,0,551,,,,,,,,,,,826.728,710,0.66,False,4,7.404296875,0,f599a6fed61e56dd1418,b2f06d9d744e43444302,
nangate45,gcd,shipped,shipped,14,0.25,2905.803,375,4,False,5,7e-08,True,False,8438367,5858491,0,513,0,551,,,,,,,,,,,827.526,710,0.7,False,4,7.404296875,0,befd9c2911f94ba07248,f55ea8b9ea52b197c212,
nangate45,gcd,shipped,shipped,15,0.25,2910.07,375,4,False,5,9e-08,True,False,8437811,5857194,0,513,0,551,,,,,,,,,,,826.728,710,0.69,False,4,7.404296875,0,3ed4b4dbff97c2e23323,71cb1d69d0e8f3b64406,
nangate45,gcd,shipped,shipped,16,0.25,2926.111,370,4,False,5,9e-08,True,False,8443239,5851895,0,513,0,551,,,,,,,,,,,825.664,707,0.69,False,4,7.404296875,0,2572e5aadfa7459da3ce,b0279fbce7c25e4b261d,
nangate45,gcd,spread,spread,1,0.25,2883.716,373,4,False,5,1.1e-07,True,False,8425439,5923146,,,,,0.423686,-0.173686,-7.60128,0.0874355,8778,25.74,0,70.7,False,0,819.28,707,0.66,False,4,8.32177734375,0,53e6d2b90b212229baf1,6186719c73fd244f54d7,268b8297c821392b8167
nangate45,gcd,spread,spread,2,0.25,2841.28,366,4,False,5,1.1e-07,True,False,8424244,5925042,,,,,0.41816600000000004,-0.168166,-7.39513,0.088109,7954,24.73,0,65.45,False,0,821.94,709,0.77,False,4,8.32177734375,0,95a5054dc0659f90ef47,72190b18b7578c8ff661,a4187b3f803ecccfd87f
nangate45,gcd,spread,spread,3,0.25,2893.786,373,4,False,5,1.1e-07,True,False,8431910,5924291,,,,,0.426861,-0.176861,-7.6432,0.0898179,8031,24.07,0,65.67,False,0,822.472,710,0.74,False,4,8.32177734375,0,913d9ade06b847d82459,5e8007934bdf4fd35620,f4f8ab5e7a5bee3c27bd
nangate45,gcd,spread,spread,4,0.25,2891.919,372,4,False,5,1.1e-07,True,False,8424707,5923001,,,,,0.42381199999999997,-0.173812,-7.46295,0.0879651,7364,22.97,0,64.39,False,0,821.674,709,0.75,False,4,8.32177734375,0,b07cb6a869afb88cf1d5,a73562efab4645c35093,095009dd935b792c5356
nangate45,gcd,spread,spread,5,0.25,2935.503,363,4,False,5,1.1e-07,True,False,8443946,5924555,,,,,0.42305499999999996,-0.173055,-7.47629,0.0882618,8299,25.99,0,68.98,False,0,823.27,708,0.73,False,4,8.32177734375,0,2edb46cd8ab6fd14c88f,d9a9f8e4dbf41e8eef6a,5578e9d08ca24878d620
nangate45,gcd,spread,spread,6,0.25,2823.974,369,4,False,5,1.2e-07,True,False,8441660,5925069,,,,,0.422392,-0.172392,-7.58457,0.0909079,7458,22.73,0,59.57,False,0,823.004,712,0.65,False,4,8.32177734375,0,4ab0f916ba9a6cb4c60b,d59657209d41495e8ecb,8133eb8e34c7b20c4a41
nangate45,gcd,spread,spread,7,0.25,2931.361,364,4,False,5,1.1e-07,True,False,8439343,5931513,,,,,0.432307,-0.182307,-8.00726,0.0921249,10066,28.48,0,71.87,False,0,827.26,709,0.65,False,4,8.32177734375,0,c383d86a51838e64dc45,161a048ac3117728933a,4f33c3bbda0e208ed9ec
nangate45,gcd,spread,spread,8,0.25,2923.936,362,4,False,5,8e-08,True,False,8445460,5923175,,,,,0.423834,-0.173834,-7.59301,0.0912459,8344,24.48,0,65.24,False,0,830.452,712,0.63,False,4,8.32177734375,0,c69454136862728dfce0,d6d56611d03865e82184,681d3876b4195c35d814
nangate45,gcd,spread,spread,9,0.25,2874.532,362,4,False,5,8e-08,True,False,8441419,5920108,,,,,,,,,,,,,,,830.718,713,0.64,False,4,8.32177734375,0,da63d69dd7e9f9ccb827,834adc3b72b64f657cef,
nangate45,gcd,spread,spread,10,0.25,2992.352,368,4,False,5,7e-08,True,False,8439274,5929149,,,,,,,,,,,,,,,826.994,710,0.68,False,4,8.32177734375,0,f00d61ee79591af730ac,fa1a0fca5fa688430297,
nangate45,gcd,spread,spread,11,0.25,2890.356,373,4,False,5,1.1e-07,True,False,8427280,5925169,,,,,,,,,,,,,,,820.876,708,0.58,False,4,8.85693359375,0,324fd0873c8a5070f037,1b21b49acc255de379b6,
nangate45,gcd,spread,spread,12,0.25,2902.732,362,4,False,5,1e-07,True,False,8438439,5923105,,,,,,,,,,,,,,,822.472,707,0.61,False,4,8.85693359375,0,e2dfa0a047775ac52dc9,ed4324e386db800920eb,
nangate45,gcd,spread,spread,13,0.25,2973.2,363,4,False,5,1.1e-07,True,False,8426920,5924328,,,,,,,,,,,,,,,825.93,709,0.6,False,4,8.85693359375,0,be3132fdf633644fae14,6ea59a8331412107d090,
nangate45,gcd,spread,spread,14,0.25,2886.244,364,4,False,5,7e-08,True,False,8416253,5921451,,,,,,,,,,,,,,,824.334,711,0.66,False,4,8.85693359375,0,a428a6fa2f5b24ac9117,90b9faa02a0984ede626,
nangate45,gcd,spread,spread,15,0.25,2977.358,366,4,False,5,1.2e-07,True,False,8450371,5919500,,,,,,,,,,,,,,,825.398,709,0.66,False,4,8.85693359375,0,52abb7c6c1d1e7dee65e,ce69cebd573a5493005c,
nangate45,gcd,spread,spread,16,0.25,2893.09,359,4,False,5,1.2e-07,True,False,8431204,5912727,,,,,,,,,,,,,,,824.068,711,0.66,False,4,8.85693359375,0,f919899425177410a41c,7413ff4efe4641be3980,
nangate45,gcd,uniform,uniform,1,0.25,2918.16,363,4,False,5,1.1e-07,True,False,8428216,5923902,,,,,,,,,,,,,,,825.93,713,0.66,False,4,7.23486328125,0,705e39bc459c55723a5e,6b8543b6958ba0b85e8d,
nangate45,gcd,uniform,uniform,2,0.25,2897.427,366,4,False,5,8e-08,True,False,8403008,5886226,,,,,,,,,,,,,,,824.6,705,0.65,False,4,7.23486328125,0,95f1d3537183f3924d26,ae7a8482c46121173789,
nangate45,gcd,uniform,uniform,3,0.25,2918.865,363,4,False,5,1.1e-07,True,False,8353870,5927616,,,,,,,,,,,,,,,831.516,713,0.64,False,4,7.23486328125,0,bed1065f264d7a0cf755,b8e8cfdb95ebb825481f,
nangate45,gcd,uniform,uniform,4,0.25,2995.751,371,4,False,5,1.1e-07,True,False,8273280,5923516,,,,,,,,,,,,,,,821.674,703,0.66,False,4,7.23486328125,0,5e5ff00a6dd1732ea33e,3f9965d17fbe1a0dc7ec,
nangate45,gcd,uniform,uniform,5,0.25,2839.061,363,4,False,5,1e-07,True,False,8420232,5916362,,,,,,,,,,,,,,,817.418,706,0.57,False,4,7.23486328125,0,f4e08a15b87ecb724840,1d48efe1c389853d05f9,
nangate45,gcd,uniform,uniform,6,0.25,2923.413,363,4,False,5,1e-07,True,False,8442427,5934785,,,,,,,,,,,,,,,820.876,705,0.59,False,4,7.23486328125,0,b53b6c5943403dc9ade2,9f22349e6d132567e514,
nangate45,gcd,uniform,uniform,7,0.25,2872.716,364,4,False,5,1.2e-07,True,False,8354804,6015414,,,,,,,,,,,,,,,820.078,705,0.6,False,4,7.23486328125,0,9c8f9159d6d1af369143,c316b17e82842fee1a0d,
nangate45,gcd,uniform,uniform,8,0.25,2999.548,366,4,False,5,9e-08,True,False,8307364,5902820,,,,,,,,,,,,,,,827.26,714,0.67,False,4,7.23486328125,0,4737cf4a993831a4f84b,ca79887c016c9cf09ceb,
nangate45,gcd,uniform,uniform,9,0.25,2841.17,364,4,False,5,1e-07,True,False,8410385,5934691,,,,,,,,,,,,,,,820.876,709,0.66,False,4,7.23486328125,0,c9916e78275413ad7185,b8491a8f5343826b7e54,
nangate45,gcd,uniform,uniform,10,0.25,2996.602,368,4,False,5,1.1e-07,True,False,8347246,5932030,,,,,,,,,,,,,,,828.856,711,0.62,False,4,7.23486328125,0,f4c7e02095593309ebc1,133df5fb48829e8c29a5,
nangate45,gcd,uniform,uniform,11,0.25,2889.421,372,4,False,5,1.1e-07,True,False,8430272,5917101,,,,,,,,,,,,,,,820.876,708,0.57,False,4,7.61669921875,0,6e5057a0213e837820af,d966e07741a5004d4165,
nangate45,gcd,uniform,uniform,12,0.25,2873.593,364,4,False,5,6e-08,True,False,8426904,5908099,,,,,,,,,,,,,,,821.94,707,0.62,False,4,7.61669921875,0,19672f3a6f595788b473,cf59cbafe16f8c9c75f0,
nangate45,gcd,uniform,uniform,13,0.25,3025.403,366,4,False,5,8e-08,True,False,8333933,5964814,,,,,,,,,,,,,,,828.058,711,0.61,False,4,7.61669921875,0,c0d2fbd869854eebb12a,529291e6dcbe0f3c042a,
nangate45,gcd,uniform,uniform,14,0.25,2839.905,367,4,False,5,1.1e-07,True,False,8438533,5901683,,,,,,,,,,,,,,,825.664,707,0.63,False,4,7.61669921875,0,b92a280f783aa2088222,e7dac73e58e2c47376cc,
nangate45,gcd,uniform,uniform,15,0.25,2858.861,364,4,False,5,1e-07,True,False,8414973,5926700,,,,,,,,,,,,,,,821.408,710,0.64,False,4,7.61669921875,0,9ec12601e84d70bbab5f,081e8408c177936bc3a7,
nangate45,gcd,uniform,uniform,16,0.25,2900.63,369,4,False,5,1e-07,True,False,8415024,5896834,,,,,,,,,,,,,,,819.014,707,0.61,False,4,7.61669921875,0,d0bea74658470ddbea16,fda44624df47b2ff73e1,
nangate45,gcd,uniform,uniform,17,0.25,2884.116,360,4,False,5,1.2e-07,True,False,8423139,5938182,,,,,,,,,,,,,,,822.472,711,0.59,False,4,7.61669921875,0,d539b4a4f8cf9484e860,f6d03dff725ece090e13,
nangate45,gcd,uniform,uniform,18,0.25,2919.245,369,4,False,5,8e-08,True,False,8414346,5918854,,,,,,,,,,,,,,,822.206,706,0.58,False,4,7.61669921875,0,a72f29ea94ff6e3f0205,83d3eed9e871d456c000,
nangate45,gcd,uniform,uniform,19,0.25,2821.88,364,4,False,5,1.1e-07,True,False,8430227,5929809,,,,,,,,,,,,,,,819.014,708,0.61,False,4,7.61669921875,0,528729b09d7eeb74a7ef,58e87b56276ab43a75c6,
nangate45,gcd,uniform,uniform,20,0.25,2978.53,367,4,False,5,1.1e-07,True,False,8249045,5914761,,,,,,,,,,,,,,,824.334,707,0.63,False,4,7.61669921875,0,9702f4379ec15ee4fdf9,b34ef195569b5a592911,
nangate45,gcd,uniform,uniform,21,0.25,2886.144,371,4,False,5,1.2e-07,True,False,8415950,5936804,,,,,,,,,,,,,,,820.344,702,0.61,False,4,7.61669921875,0,5db16f0d66eabee244cb,c17318417763e3df5ef5,
nangate45,gcd,uniform,uniform,22,0.25,2837.881,370,4,False,5,1.2e-07,True,False,8419914,5915200,,,,,,,,,,,,,,,819.28,707,0.64,False,4,7.61669921875,0,342b074b2354cec80123,5841ec8f584dfa5026f7,
nangate45,gcd,uniform,uniform,23,0.25,2907.082,364,4,False,5,9e-08,True,False,8450973,5908063,,,,,,,,,,,,,,,826.994,711,0.57,False,4,7.9677734375,0,a4c43f018befebd96267,99ddc6db17a865c43aa4,
nangate45,gcd,uniform,uniform,24,0.25,2865.305,367,4,False,5,9e-08,True,False,8404815,5920089,,,,,,,,,,,,,,,820.078,709,0.61,False,4,7.9677734375,0,ed612c19a4beeaa855b0,9f924f4b0a6fbe1601f4,
nangate45,gcd,uniform,uniform,25,0.25,2984.411,363,4,False,5,1.1e-07,True,False,8320543,5888760,,,,,,,,,,,,,,,827.26,708,0.61,False,4,7.9677734375,0,1bb5ddf79a5d25bad446,50aac9bcdbc805e6d90c,
nangate45,gcd,uniform,uniform,26,0.25,2920.854,371,4,False,5,1.1e-07,True,False,8421573,5919362,,,,,,,,,,,,,,,824.334,708,0.61,False,4,7.9677734375,0,88572dc103a0b55c3f6b,cd4498eeaa997a6c3dae,
nangate45,gcd,uniform,uniform,27,0.25,2899.324,372,4,False,5,8e-08,True,False,8330217,5932127,,,,,,,,,,,,,,,821.142,706,0.61,False,4,7.9677734375,0,69deaca66f15fa5aae3b,a4e4b4b981b39993d2bc,
nangate45,gcd,uniform,uniform,28,0.25,2941.258,363,4,False,5,1e-07,True,False,8435810,5938036,,,,,,,,,,,,,,,825.398,710,0.64,False,4,7.9677734375,0,61b2bcabf8056f4d58a9,7ddf418c252060a6d79b,
nangate45,gcd,uniform,uniform,29,0.25,2999.535,375,4,False,5,7e-08,True,False,8324780,5949640,,,,,,,,,,,,,,,827.792,709,0.57,False,4,7.9677734375,0,56f5774f8fe8656245ec,0fea1157dde1f00c7aa0,
nangate45,gcd,uniform,uniform,30,0.25,2909.835,372,4,False,5,1.1e-07,True,False,8416929,5905618,,,,,,,,,,,,,,,820.61,709,0.63,False,4,7.9677734375,0,72433a2d9e234a4076dc,417fa24a4231f3eb68fb,
nangate45,gcd,uniform,uniform,31,0.25,2887.599,368,4,False,5,1.2e-07,True,False,8329098,5920648,,,,,,,,,,,,,,,819.812,705,0.62,False,4,7.9677734375,0,1f843a84911f203335d1,9733b65abfee422f89ec,
nangate45,gcd,uniform,uniform,32,0.25,2969.28,367,4,False,5,1e-07,True,False,8421153,5924717,,,,,,,,,,,,,,,831.516,717,0.67,False,4,7.9677734375,0,125016f0aa38369e3c35,f528ea882b0047b157cc,
sky130hd,gcd,anchored,anchored,1,1.1,5201.233,547,6,False,5,7e-08,True,False,6653538,5492696,,,,,2.52675,-1.42675,-65.5444,0.530314,15359,31.09,0,48.38,False,0,4092.68,483,0.72,False,4,7.490234375,0,bd74e76df7e5e866df10,d005af672f3871fe2084,5bda0a720808dbcd491e
sky130hd,gcd,anchored,anchored,2,1.1,5232.524,345,4,False,5,8e-08,True,False,6656131,5503486,,,,,2.58934,-1.48934,-67.347,0.622976,15014,27.97,0,44.62,False,0,4092.68,483,0.52,False,4,7.490234375,0,a77e3dff126f0bc4389d,a96ef57b0a2f83dc8fc5,f1d94e51224085fe0912
sky130hd,gcd,anchored,anchored,3,1.1,5180.812,343,4,False,5,7e-08,True,False,6667319,5505347,,,,,2.61017,-1.51017,-68.9851,0.624756,13882,25.61,0,41.45,False,0,4090.17,481,0.74,False,4,7.490234375,0,9c65e94d773fd5a98029,147a62e1f3a0ca96e626,adc8e5680cf588f49f36
sky130hd,gcd,anchored,anchored,4,1.1,5235.302,448,5,False,5,1e-07,True,False,6677994,5500406,,,,,2.60244,-1.50244,-68.0793,0.635406,15600,28.19,0,44.87,False,0,4117.7,483,0.58,False,4,7.490234375,0,4ac81a92f5e7899cb459,ad7970fdf47769e31d05,251814ee4a9ea2831d63
sky130hd,gcd,anchored,anchored,5,1.1,5063.35,342,4,False,5,1e-07,True,False,6663778,5505720,,,,,2.55484,-1.45484,-66.2209,0.529389,15000,26.62,0,43.33,False,0,4095.18,480,0.58,False,4,7.490234375,0,2bef4e70b5f0bd188a03,697b1bf7b03d1604c2bb,071c72cc3f0aaf116e41
sky130hd,gcd,anchored,anchored,6,1.1,5193.083,345,4,False,5,7e-08,True,False,6662506,5502470,,,,,2.53927,-1.43927,-65.8898,0.614422,14289,27.88,0,43.42,False,0,4072.66,477,0.65,False,4,7.490234375,0,ee20561d7e2a2c741731,5d4b4d1b6257c69ec2e7,3a36fb446743625b1c68
sky130hd,gcd,anchored,anchored,7,1.1,5195.431,344,4,False,5,1.1e-07,True,False,6676107,5503982,,,,,2.52931,-1.42931,-65.9128,0.628207,14172,27.16,0,44.1,False,0,4105.19,483,0.8,False,4,7.37060546875,0,3655e878565374d735b6,97358b48435a49f1d6a8,3fd3607423226f27a822
sky130hd,gcd,anchored,anchored,8,1.1,5198.755,344,4,False,5,1e-07,True,False,6666568,5504333,,,,,2.6529,-1.5529,-67.5162,0.622207,14448,26.9,0,43.93,False,0,4110.19,482,0.61,False,4,7.37060546875,0,1e5da83cb70d77addb95,aebce8af528845a131ab,08e831b6916cd417a6bd
sky130hd,gcd,anchored,anchored,9,1.1,5225.364,448,5,False,5,1.1e-07,True,False,6667470,5500319,,,,,,,,,,,,,,,4117.7,483,0.62,False,4,7.37060546875,0,572b21875d2de5724049,e9deaebb7d27990f63af,
sky130hd,gcd,anchored,anchored,10,1.1,5314.511,1381,14,False,5,7e-08,True,False,6676415,5500094,,,,,,,,,,,,,,,4137.72,489,0.74,False,4,7.37060546875,0,17a88bc0b8c234490f84,86f979d45acbd08b58db,
sky130hd,gcd,anchored,anchored,11,1.1,5173.649,343,4,False,5,1.1e-07,True,False,6663915,5504853,,,,,,,,,,,,,,,4112.69,484,0.6,False,4,7.37060546875,0,40a34d05b73bb5fc4961,3e5d5d0183178e81faf6,
sky130hd,gcd,anchored,anchored,12,1.1,5209.818,344,4,False,5,1.1e-07,True,False,6631949,5545819,,,,,,,,,,,,,,,4112.69,484,0.6,False,4,7.37060546875,0,188eaaaa854607586e26,3b9fc8a28afa9199d272,
sky130hd,gcd,anchored,anchored,13,1.1,5205.169,343,4,False,5,6e-08,True,False,6675603,5503035,,,,,,,,,,,,,,,4112.69,484,0.55,False,4,7.37060546875,0,ff5e319b5a0dcb900d9b,53743f058234577ac9bc,
sky130hd,gcd,anchored,anchored,14,1.1,5232.819,340,4,False,5,8e-08,True,False,6639453,5538572,,,,,,,,,,,,,,,4077.66,481,0.54,False,4,7.37060546875,0,d7ef91193da8fada7998,d1d88320795590f03ed1,
sky130hd,gcd,anchored,anchored,15,1.1,5162.152,344,4,False,5,1.2e-07,True,False,6672236,5505762,,,,,,,,,,,,,,,4102.68,481,0.55,False,4,7.37060546875,0,3b0cd81d90818ec4480c,bd534246f4184ee29abb,
sky130hd,gcd,anchored,anchored,16,1.1,5155.461,342,4,False,5,1.1e-07,True,False,6677720,5501383,,,,,,,,,,,,,,,4117.7,483,0.54,False,4,7.37060546875,0,1b77c3adf65f80b629d1,ae6d0748b21b029aeafc,
sky130hd,gcd,center,center,1,1.1,5194.323,370,4,False,5,1.1e-07,True,False,6653538,5478857,,,,,,,,,,,,,,,4055.14,478,0.64,False,4,8.32275390625,0,04d0914b3c06bd64092d,d005af672f3871fe2084,
sky130hd,gcd,center,center,2,1.1,5214.876,371,4,False,5,1.2e-07,True,False,6656131,5491361,,,,,,,,,,,,,,,4077.66,481,0.65,False,4,8.32275390625,0,4e89836b7891e8baa51e,a96ef57b0a2f83dc8fc5,
sky130hd,gcd,center,center,3,1.1,5188.871,370,4,False,5,1.2e-07,True,False,6667319,5489157,,,,,,,,,,,,,,,4075.16,479,0.57,False,4,8.216796875,0,b688813486698e4d62b0,147a62e1f3a0ca96e626,
sky130hd,gcd,center,center,4,1.1,5194.612,368,4,False,5,9e-08,True,False,6677994,5489654,,,,,,,,,,,,,,,4090.17,481,0.62,False,4,8.216796875,0,a4dbb041263ee5bcd096,ad7970fdf47769e31d05,
sky130hd,gcd,center,center,5,1.1,5156.595,368,4,False,5,1.2e-07,True,False,6663778,5489427,,,,,,,,,,,,,,,4062.65,479,0.64,False,4,8.216796875,0,c855b1b237ef4dd5fa32,697b1bf7b03d1604c2bb,
sky130hd,gcd,center,center,6,1.1,5218.734,370,4,False,5,1.1e-07,True,False,6662506,5486617,,,,,,,,,,,,,,,4075.16,479,0.57,False,4,8.216796875,0,9ea62a879ba47a0c6310,5d4b4d1b6257c69ec2e7,
sky130hd,gcd,center,center,7,1.1,5209.672,370,4,False,5,1.1e-07,True,False,6676107,5491085,,,,,,,,,,,,,,,4080.16,478,0.61,False,4,8.216796875,0,d706884b4e0f36443064,97358b48435a49f1d6a8,
sky130hd,gcd,center,center,8,1.1,5216.141,365,4,False,5,1.1e-07,True,False,6666568,5492994,,,,,,,,,,,,,,,4067.65,478,0.58,False,4,8.216796875,0,ce910c1f546f5cb2f208,aebce8af528845a131ab,
sky130hd,gcd,center,center,9,1.1,5173.86,370,4,False,5,9e-08,True,False,6667470,5488855,,,,,,,,,,,,,,,4077.66,481,0.58,False,4,8.216796875,0,c77f93f4f051eec2702d,e9deaebb7d27990f63af,
sky130hd,gcd,center,center,10,1.1,5203.107,370,4,False,5,1.1e-07,True,False,6676415,5486102,,,,,,,,,,,,,,,4100.18,484,0.57,False,4,8.216796875,0,b810af786473444d5763,86f979d45acbd08b58db,
sky130hd,gcd,center,center,11,1.1,5197.663,367,4,False,5,7e-08,True,False,6663915,5490187,,,,,,,,,,,,,,,4120.2,485,0.58,False,4,8.216796875,0,7d91fb9b2e1a37980242,3e5d5d0183178e81faf6,
sky130hd,gcd,center,center,12,1.1,5189.564,367,4,False,5,1e-07,True,False,6631949,5527619,,,,,,,,,,,,,,,4112.69,484,0.6,False,4,8.216796875,0,cba3cf7a626fc245b9f8,3b9fc8a28afa9199d272,
sky130hd,gcd,center,center,13,1.1,5185.295,368,4,False,5,1.2e-07,True,False,6675603,5492755,,,,,,,,,,,,,,,4105.19,483,0.59,False,4,8.216796875,0,5001b98ee725a3f2bd92,53743f058234577ac9bc,
sky130hd,gcd,center,center,14,1.1,5215.721,370,4,False,5,1.2e-07,True,False,6639453,5529319,,,,,,,,,,,,,,,4070.15,480,0.58,False,4,8.216796875,0,779f11f0c7575f2f492e,d1d88320795590f03ed1,
sky130hd,gcd,center,center,15,1.1,5192.619,367,4,False,5,1e-07,True,False,6672236,5493832,,,,,,,,,,,,,,,4090.17,481,0.57,False,4,8.119140625,0,e0d19b0d0f946393e715,bd534246f4184ee29abb,
sky130hd,gcd,center,center,16,1.1,5185.981,370,4,False,5,1.1e-07,True,False,6677720,5488902,,,,,,,,,,,,,,,4080.16,478,0.6,False,4,8.119140625,0,661c4f75f9cbe4d9a6bf,ae6d0748b21b029aeafc,
sky130hd,gcd,corner_ll,corner_ll,1,1.1,5310.182,676,7,False,5,8e-08,True,False,6596223,5602049,,,,,,,,,,,,,,,4100.18,484,0.57,False,4,8.11376953125,0,7794d321d175b089b093,3b0e89cd5fb0c8268638,
sky130hd,gcd,corner_ll,corner_ll,2,1.1,5321.386,678,7,False,5,8e-08,True,False,6596223,5602049,,,,,,,,,,,,,,,4100.18,484,0.68,False,4,8.11376953125,0,2f63454e37b5b5725eb3,3b0e89cd5fb0c8268638,
sky130hd,gcd,corner_ll,corner_ll,3,1.1,5325.089,679,7,False,5,8e-08,True,False,6596223,5602049,,,,,,,,,,,,,,,4100.18,484,0.64,False,4,8.11376953125,0,b5829f5ee0591bcdb041,3b0e89cd5fb0c8268638,
sky130hd,gcd,corner_ll,corner_ll,4,1.1,5311.756,680,7,False,5,8e-08,True,False,6596223,5602049,,,,,,,,,,,,,,,4085.17,482,0.66,False,4,8.11376953125,0,8c862320e4544a9ec6aa,3b0e89cd5fb0c8268638,
sky130hd,gcd,corner_ll,corner_ll,5,1.1,5297.617,685,7,False,5,8e-08,True,False,6596223,5602049,,,,,,,,,,,,,,,4070.15,480,0.6,False,4,8.11376953125,0,d263b2f19104595ac2af,3b0e89cd5fb0c8268638,
sky130hd,gcd,corner_ll,corner_ll,6,1.1,5300.877,673,7,False,5,8e-08,True,False,6596223,5602049,,,,,,,,,,,,,,,4077.66,481,0.64,False,4,8.11376953125,0,728c1f2f601a250da2cc,3b0e89cd5fb0c8268638,
sky130hd,gcd,corner_ll,corner_ll,7,1.1,5291.877,676,7,False,5,8e-08,True,False,6596223,5602049,,,,,,,,,,,,,,,4085.17,482,0.58,False,4,8.11376953125,0,d6e334532998736829c5,3b0e89cd5fb0c8268638,
sky130hd,gcd,corner_ll,corner_ll,8,1.1,5310.554,675,7,False,5,8e-08,True,False,6596223,5602049,,,,,,,,,,,,,,,4115.2,486,0.59,False,4,8.11376953125,0,dbfba467da4ed3827b9f,3b0e89cd5fb0c8268638,
sky130hd,gcd,corner_ll,corner_ll,9,1.1,5308.519,681,7,False,5,8e-08,True,False,6596223,5602049,,,,,,,,,,,,,,,4085.17,482,0.6,False,4,8.11376953125,0,aa82d354954b8f172ec8,3b0e89cd5fb0c8268638,
sky130hd,gcd,corner_ll,corner_ll,10,1.1,5324.001,685,7,False,5,8e-08,True,False,6596223,5602049,,,,,,,,,,,,,,,4100.18,484,0.63,False,4,8.11376953125,0,c66dbe113b8d02bc2b77,3b0e89cd5fb0c8268638,
sky130hd,gcd,corner_ll,corner_ll,11,1.1,5327.583,678,7,False,5,8e-08,True,False,6596223,5602049,,,,,,,,,,,,,,,4107.69,485,0.6,False,4,8.11376953125,0,373ab98153b424cf445f,3b0e89cd5fb0c8268638,
sky130hd,gcd,corner_ll,corner_ll,12,1.1,5317.76,682,7,False,5,8e-08,True,False,6596223,5602049,,,,,,,,,,,,,,,4092.68,483,0.63,False,4,8.11376953125,0,b600a9e36cd9a6138938,3b0e89cd5fb0c8268638,
sky130hd,gcd,corner_ll,corner_ll,13,1.1,5330.606,791,8,False,5,8e-08,True,False,6596223,5602049,,,,,,,,,,,,,,,4092.68,483,0.63,False,4,7.9443359375,0,006532e8003476275ee8,3b0e89cd5fb0c8268638,
sky130hd,gcd,corner_ll,corner_ll,14,1.1,5281.984,683,7,False,5,8e-08,True,False,6596223,5602049,,,,,,,,,,,,,,,4100.18,484,0.63,False,4,7.9443359375,0,e017271a5bc7f071b6b0,3b0e89cd5fb0c8268638,
sky130hd,gcd,corner_ll,corner_ll,15,1.1,5317.039,682,7,False,5,8e-08,True,False,6596223,5602049,,,,,,,,,,,,,,,4092.68,483,0.58,False,4,7.9443359375,0,1f8c4b9536deed21231e,3b0e89cd5fb0c8268638,
sky130hd,gcd,corner_ll,corner_ll,16,1.1,5325.507,682,7,False,5,8e-08,True,False,6596223,5602049,,,,,,,,,,,,,,,4100.18,484,0.61,False,4,7.9443359375,0,9a1c037107cfd1bd36b3,3b0e89cd5fb0c8268638,
sky130hd,gcd,corner_ur,corner_ur,1,1.1,5210.842,769,8,False,5,1e-07,True,False,6580663,5610982,,,,,,,,,,,,,,,4155.24,488,0.63,False,4,7.9443359375,0,d40c6d68881266d1174b,4238ad761f3445ca84fc,
sky130hd,gcd,corner_ur,corner_ur,2,1.1,5209.34,767,8,False,5,1e-07,True,False,6580663,5610982,,,,,,,,,,,,,,,4162.74,489,0.64,False,4,7.9443359375,0,228d9e8703fe173f3711,4238ad761f3445ca84fc,
sky130hd,gcd,corner_ur,corner_ur,3,1.1,5207.563,768,8,False,5,1e-07,True,False,6580663,5610982,,,,,,,,,,,,,,,4162.74,489,0.54,False,4,7.78857421875,0,a6e0e5c5ed6fe62179ce,4238ad761f3445ca84fc,
sky130hd,gcd,corner_ur,corner_ur,4,1.1,5159.124,770,8,False,5,1e-07,True,False,6580663,5610982,,,,,,,,,,,,,,,4132.71,485,0.66,False,4,7.78857421875,0,f16061ee90d94cb0f676,4238ad761f3445ca84fc,
sky130hd,gcd,corner_ur,corner_ur,5,1.1,5216.094,767,8,False,5,1e-07,True,False,6580663,5610982,,,,,,,,,,,,,,,4162.74,489,0.61,False,4,7.78857421875,0,a398e4d55c6469af41e7,4238ad761f3445ca84fc,
sky130hd,gcd,corner_ur,corner_ur,6,1.1,5207.328,768,8,False,5,1e-07,True,False,6580663,5610982,,,,,,,,,,,,,,,4162.74,489,0.65,False,4,7.78857421875,0,01bfe63c15f2b8908716,4238ad761f3445ca84fc,
sky130hd,gcd,corner_ur,corner_ur,7,1.1,5204.609,768,8,False,5,1e-07,True,False,6580663,5610982,,,,,,,,,,,,,,,4155.24,488,0.64,False,4,7.78857421875,0,e2af58f76f98a87185b4,4238ad761f3445ca84fc,
sky130hd,gcd,corner_ur,corner_ur,8,1.1,5199.343,765,8,False,5,1e-07,True,False,6580663,5610982,,,,,,,,,,,,,,,4162.74,489,0.63,False,4,7.78857421875,0,0dc757d28ea565e401a0,4238ad761f3445ca84fc,
sky130hd,gcd,corner_ur,corner_ur,9,1.1,5181.94,777,8,False,5,1e-07,True,False,6580663,5610982,,,,,,,,,,,,,,,4125.21,484,0.62,False,4,7.78857421875,0,3e53b0fbb2b2ded681dd,4238ad761f3445ca84fc,
sky130hd,gcd,corner_ur,corner_ur,10,1.1,5196.945,765,8,False,5,1e-07,True,False,6580663,5610982,,,,,,,,,,,,,,,4162.74,489,0.61,False,4,7.78857421875,0,3b0bc126fe355fb2ec97,4238ad761f3445ca84fc,
sky130hd,gcd,corner_ur,corner_ur,11,1.1,5201.783,769,8,False,5,1e-07,True,False,6580663,5610982,,,,,,,,,,,,,,,4147.73,487,0.66,False,4,7.78857421875,0,2a8538a601fd6f36d9ee,4238ad761f3445ca84fc,
sky130hd,gcd,corner_ur,corner_ur,12,1.1,5212.698,778,8,False,5,1e-07,True,False,6580663,5610982,,,,,,,,,,,,,,,4135.22,487,0.6,False,4,7.78857421875,0,98c37efdd6c231a0a384,4238ad761f3445ca84fc,
sky130hd,gcd,corner_ur,corner_ur,13,1.1,5213.779,767,8,False,5,1e-07,True,False,6580663,5610982,,,,,,,,,,,,,,,4162.74,489,0.65,False,4,7.78857421875,0,80370cbc7bf7825b30cc,4238ad761f3445ca84fc,
sky130hd,gcd,corner_ur,corner_ur,14,1.1,5216.489,778,8,False,5,1e-07,True,False,6580663,5610982,,,,,,,,,,,,,,,4142.72,488,0.65,False,4,7.78857421875,0,f8fab99180cb69bc4604,4238ad761f3445ca84fc,
sky130hd,gcd,corner_ur,corner_ur,15,1.1,5170.965,773,8,False,5,1e-07,True,False,6580663,5610982,,,,,,,,,,,,,,,4125.21,484,0.62,False,4,8.1259765625,0,5a69383f91c6bed7c2d2,4238ad761f3445ca84fc,
sky130hd,gcd,corner_ur,corner_ur,16,1.1,5205.883,767,8,False,5,1e-07,True,False,6580663,5610982,,,,,,,,,,,,,,,4162.74,489,0.65,False,4,8.1259765625,0,8bc1eb6ebb263d0d8d35,4238ad761f3445ca84fc,
sky130hd,gcd,gauss_tight,gauss_tight,1,1.1,5145.945,572,6,False,5,1.1e-07,True,False,6632425,5518354,,,,,,,,,,,,,,,4110.19,482,0.63,False,4,7.5810546875,0,c8fef4c2492b8db4ffbc,2ec335b9a337769fc1e3,
sky130hd,gcd,gauss_tight,gauss_tight,2,1.1,5200.032,359,4,False,5,1e-07,True,False,6611036,5546932,,,,,,,,,,,,,,,4105.19,483,0.61,False,4,7.5810546875,0,1b5fecf00bc250166efe,37f2255bfd5086af163f,
sky130hd,gcd,gauss_tight,gauss_tight,3,1.1,5177.8,684,7,False,5,9e-08,True,False,6633151,5555152,,,,,,,,,,,,,,,4145.23,490,0.6,False,4,7.5810546875,0,5c13c4b2b0d6a6c86bfb,b2d6c3aea907d12a64e4,
sky130hd,gcd,gauss_tight,gauss_tight,4,1.1,5363.245,968,10,False,5,1.1e-07,True,False,6581327,5485738,,,,,,,,,,,,,,,4080.16,483,0.66,False,4,7.5810546875,0,8cbc03f0456770ebceaf,3ef73f4a3f35f781e8c7,
sky130hd,gcd,gauss_tight,gauss_tight,5,1.1,5240.555,361,4,False,5,9e-08,True,False,6638479,5539766,,,,,,,,,,,,,,,4072.66,482,0.59,False,4,7.5810546875,0,78a7cc694daf17aacfa8,3a9fed2b954061f77d9e,
sky130hd,gcd,gauss_tight,gauss_tight,6,1.1,5179.471,360,4,False,5,6e-08,True,False,6733393,5518035,,,,,,,,,,,,,,,4035.12,472,0.59,False,4,7.5810546875,0,012c0640b918d58f9ba5,d070edf389593d08ea29,
sky130hd,gcd,gauss_tight,gauss_tight,7,1.1,5129.018,357,4,False,5,1.2e-07,True,False,6673713,5508918,,,,,,,,,,,,,,,4050.13,479,0.61,False,4,7.5810546875,0,08d81032ff513aa3453d,5c2c58541f8b7dc55a45,
sky130hd,gcd,gauss_tight,gauss_tight,8,1.1,5281.642,578,6,False,5,9e-08,True,False,6642821,5547885,,,,,,,,,,,,,,,4107.69,485,0.62,False,4,7.5810546875,0,1987d4f70f6fbac8c566,e4737f80b81a686d813a,
sky130hd,gcd,gauss_tight,gauss_tight,9,1.1,5277.206,577,6,False,5,1.2e-07,True,False,6646953,5540659,,,,,,,,,,,,,,,4120.2,485,0.61,False,4,7.61474609375,0,aadf890b3de15464060c,2a7cf1c53ada7da1c30c,
sky130hd,gcd,gauss_tight,gauss_tight,10,1.1,5097.596,365,4,False,5,1.1e-07,True,False,6627885,5519105,,,,,,,,,,,,,,,4040.12,476,0.61,False,4,7.61474609375,0,3f6153d9a82bf848a59b,0b8b66d97c8b184b5d0b,
sky130hd,gcd,gauss_tight,gauss_tight,11,1.1,5219.457,357,4,False,5,1e-07,True,False,6609667,5526352,,,,,,,,,,,,,,,4112.69,484,0.59,False,4,7.61474609375,0,b40f805be1efa79d17e0,5393bde286a920addfb7,
sky130hd,gcd,gauss_tight,gauss_tight,12,1.1,5090.806,362,4,False,5,9e-08,True,False,6660702,5519980,,,,,,,,,,,,,,,4025.11,474,0.61,False,4,7.61474609375,0,59c1c7994158ababa556,6e1c2850c0eae546093a,
sky130hd,gcd,gauss_tight,gauss_tight,13,1.1,5217.629,360,4,False,5,1.1e-07,True,False,6652526,5549275,,,,,,,,,,,,,,,4085.17,482,0.6,False,4,7.61474609375,0,c9cce797916f90448b69,d988fc3e7927e4e85a97,
sky130hd,gcd,gauss_tight,gauss_tight,14,1.1,5258.861,361,4,False,5,1e-07,True,False,6641002,5536691,,,,,,,,,,,,,,,4082.67,480,0.62,False,4,7.61474609375,0,cefefaf3f84395c699d4,ee06d37a57377b7f68a9,
sky130hd,gcd,gauss_tight,gauss_tight,15,1.1,5298.1,358,4,False,5,1.1e-07,True,False,6759165,5520325,,,,,,,,,,,,,,,4077.66,486,0.58,False,4,7.72607421875,0,47c07ac8eb51b2e5460d,8c408c2fec0c1cee2a2e,
sky130hd,gcd,gauss_tight,gauss_tight,16,1.1,5267.191,364,4,False,5,9e-08,True,False,6667408,5519569,,,,,,,,,,,,,,,4077.66,481,0.59,False,4,7.72607421875,0,202503e6336a8283d1ce,6c1bfbb44893398ed75b,
sky130hd,gcd,gauss_tight,gauss_tight,17,1.1,5339.723,1071,11,False,5,1.2e-07,True,False,6549914,5500460,,,,,,,,,,,,,,,4067.65,478,0.71,False,4,7.72607421875,0,bd3c4b0f6278548daef2,17f72337dbebb594d3ef,
sky130hd,gcd,gauss_tight,gauss_tight,18,1.1,5239.541,362,4,False,5,1e-07,True,False,6634080,5537945,,,,,,,,,,,,,,,4090.17,481,0.62,False,4,7.72607421875,0,34a1dc7f21f43b08925e,d5d0cb7a9a96aed25ccf,
sky130hd,gcd,gauss_tight,gauss_tight,19,1.1,5238.019,362,4,False,5,1.1e-07,True,False,6633459,5544876,,,,,,,,,,,,,,,4132.71,485,0.61,False,4,7.72607421875,0,a1aaae6b7ae4909e963d,339643dc93dbd5dc57c3,
sky130hd,gcd,gauss_tight,gauss_tight,20,1.1,5218.215,364,4,False,5,9e-08,True,False,6645433,5548570,,,,,,,,,,,,,,,4080.16,483,0.6,False,4,7.72607421875,0,a8c0a2118c5014db2ba5,a6869924abdc139be935,
sky130hd,gcd,gauss_tight,gauss_tight,21,1.1,5168.153,367,4,False,5,1.2e-07,True,False,6674458,5521203,,,,,,,,,,,,,,,4095.18,485,0.59,False,4,7.72607421875,0,df44e4ef54809f28e9fd,a12f38655bc3c168f9e1,
sky130hd,gcd,gauss_tight,gauss_tight,22,1.1,5169.192,362,4,False,5,1.1e-07,True,False,6665242,5500324,,,,,,,,,,,,,,,4077.66,481,0.58,False,4,7.72607421875,0,b780192f108f68d3b55f,d17dcfff236dde16df4c,
sky130hd,gcd,gauss_tight,gauss_tight,23,1.1,5186.471,362,4,False,5,1.1e-07,True,False,6660857,5516325,,,,,,,,,,,,,,,4120.2,485,0.57,False,4,7.72607421875,0,d42f230f80e0b764b611,5bfbd288d98eb2d1a659,
sky130hd,gcd,gauss_tight,gauss_tight,24,1.1,5275.333,579,6,False,5,1.1e-07,True,False,6633463,5549231,,,,,,,,,,,,,,,4135.22,487,0.65,False,4,7.72607421875,0,3b37c6230c8bd2462487,e6ff369982c5f5faa11b,
sky130hd,gcd,gauss_tight,gauss_tight,25,1.1,5308.505,467,5,False,5,9e-08,True,False,6642700,5526038,,,,,,,,,,,,,,,4112.69,484,0.6,False,4,7.72607421875,0,67d101964f77bd1aa4e9,aae09d9989fae2748b07,
sky130hd,gcd,gauss_tight,gauss_tight,26,1.1,5224.171,354,4,False,5,8e-08,True,False,6635273,5537233,,,,,,,,,,,,,,,4127.71,486,0.56,False,4,7.72607421875,0,7916b4e07e2a4152b039,586671e3a61d7044d752,
sky130hd,gcd,gauss_tight,gauss_tight,27,1.1,5172.875,575,6,False,5,8e-08,True,False,6616531,5559080,,,,,,,,,,,,,,,4112.69,484,0.56,False,4,7.748046875,0,9254b43499a9ab458945,8c1eb8423cc6f798fe28,
sky130hd,gcd,gauss_tight,gauss_tight,28,1.1,5393.282,358,4,False,5,1.1e-07,True,False,6765131,5576970,,,,,,,,,,,,,,,4052.64,481,0.59,False,4,7.748046875,0,f1aeb94d117c66202f9b,546ef7f2772bcb8f9af1,
sky130hd,gcd,gauss_tight,gauss_tight,29,1.1,5171.804,772,8,False,5,1e-07,True,False,6687599,5506028,,,,,,,,,,,,,,,4095.18,485,0.64,False,4,7.748046875,0,fe8907f65d4b5e835d19,47b8330b7113f8b0b7dd,
sky130hd,gcd,gauss_tight,gauss_tight,30,1.1,5252.538,360,4,False,5,1.1e-07,True,False,6632819,5544960,,,,,,,,,,,,,,,4090.17,481,0.61,False,4,7.748046875,0,d5ba4f20788a83b7d993,091b6c5c0edf1cc3c48c,
sky130hd,gcd,gauss_tight,gauss_tight,31,1.1,5196.148,356,4,False,5,1.2e-07,True,False,6610215,5538502,,,,,,,,,,,,,,,4097.68,482,0.59,False,4,7.748046875,0,449a0b923e8d6243d861,73e3f160b090352b423b,
sky130hd,gcd,gauss_tight,gauss_tight,32,1.1,5249.382,361,4,False,5,1e-07,True,False,6636501,5531220,,,,,,,,,,,,,,,4097.68,482,0.64,False,4,7.748046875,0,30b8603623cdf9a95594,a1285878ee7e89acd3a3,
sky130hd,gcd,gauss_wide,gauss_wide,1,1.1,5319.915,734,8,False,5,1.1e-07,True,False,6620506,5534854,,,,,,,,,,,,,,,4087.67,479,0.64,False,4,7.748046875,0,0b7524b4acb3bcf7a67d,3d9044bc0adffa5c838e,
sky130hd,gcd,gauss_wide,gauss_wide,2,1.1,5207.881,832,9,False,5,7e-08,True,False,6617866,5542461,,,,,,,,,,,,,,,4142.72,488,0.58,False,4,7.748046875,0,22b15a9c4e835cd9acc3,dfea6573a813236c371b,
sky130hd,gcd,gauss_wide,gauss_wide,3,1.1,5265.22,941,10,False,5,5e-08,True,False,6640413,5561149,,,,,,,,,,,,,,,4075.16,479,0.62,False,4,7.748046875,0,0f653c3427ab67cb0a8d,613a64b8b3420cb83673,
sky130hd,gcd,gauss_wide,gauss_wide,4,1.1,5134.794,349,4,False,5,1.1e-07,True,False,6598440,5544115,,,,,,,,,,,,,,,4120.2,485,0.62,False,4,7.748046875,0,fe6b1cf00d6ecc12dc39,1ca06e22d6859250f0ab,
sky130hd,gcd,gauss_wide,gauss_wide,5,1.1,5089.998,761,8,False,5,1.2e-07,True,False,6606740,5581004,,,,,,,,,,,,,,,4042.63,478,0.65,False,4,7.748046875,0,a5d483c4ea42e353d3b9,d9752ef483b8226f4f7c,
sky130hd,gcd,gauss_wide,gauss_wide,6,1.1,5215.566,353,4,False,5,1.2e-07,True,False,6617763,5559239,,,,,,,,,,,,,,,4077.66,481,0.6,False,4,7.748046875,0,6046345c2791be49a985,7b8fef6d39abdcd6e353,
sky130hd,gcd,gauss_wide,gauss_wide,7,1.1,5518.413,682,7,False,5,1.1e-07,True,False,6703941,5508767,,,,,,,,,,,,,,,4192.77,498,0.61,False,4,7.60791015625,0,f290393ee39ca9e277ea,a3e7c2423ac832f65c9f,
sky130hd,gcd,gauss_wide,gauss_wide,8,1.1,5064.692,351,4,False,5,8e-08,True,False,6678302,5529311,,,,,,,,,,,,,,,4045.13,475,0.57,False,4,7.60791015625,0,e682dcfaa62509a60192,a8f6c9a52c15946bdbfd,
sky130hd,gcd,gauss_wide,gauss_wide,9,1.1,5329.999,444,5,False,5,1.1e-07,True,False,6690663,5543640,,,,,,,,,,,,,,,3995.08,470,0.61,False,4,7.60791015625,0,a55593bd7e19f54a9af9,2a65e533274f22605c37,
sky130hd,gcd,gauss_wide,gauss_wide,10,1.1,5269.21,668,7,False,5,1e-07,True,False,6666231,5537715,,,,,,,,,,,,,,,4092.68,483,0.62,False,4,7.60791015625,0,5037986128ffed98e8d2,8cffc9e01dc62738633c,
sky130hd,gcd,gauss_wide,gauss_wide,11,1.1,5174.675,451,5,False,5,1.1e-07,True,False,6615674,5552044,,,,,,,,,,,,,,,4082.67,480,0.58,False,4,7.60791015625,0,2c7d02f6b1f86e7d36d5,e51dad161c0a789dd488,
sky130hd,gcd,gauss_wide,gauss_wide,12,1.1,5226.719,847,9,False,5,1.1e-07,True,False,6607025,5562930,,,,,,,,,,,,,,,4105.19,483,0.66,False,4,7.60791015625,0,dcdcaae90d5a102678e0,2508fdd8f568dcb667d2,
sky130hd,gcd,gauss_wide,gauss_wide,13,1.1,5298.169,860,9,False,5,1.1e-07,True,False,6599856,5585675,,,,,,,,,,,,,,,4147.73,487,0.62,False,4,7.47900390625,0,98b6ce66d2ea7c1fb450,6dfebccaf472440dbb05,
sky130hd,gcd,gauss_wide,gauss_wide,14,1.1,5260.726,544,6,False,5,9e-08,True,False,6634614,5533695,,,,,,,,,,,,,,,4087.67,484,0.59,False,4,7.47900390625,0,7cdbdda98729baca9670,f7e70d86f3376c683165,
sky130hd,gcd,gauss_wide,gauss_wide,15,1.1,5201.944,837,9,False,5,1e-07,True,False,6602378,5568837,,,,,,,,,,,,,,,4135.22,487,0.67,False,4,7.47900390625,0,00504855014da7cc8f16,67c77f483c1bf4de7fb8,
sky130hd,gcd,gauss_wide,gauss_wide,16,1.1,5042.851,350,4,False,5,6e-08,True,False,6612049,5572406,,,,,,,,,,,,,,,4042.63,478,0.57,False,4,7.47900390625,0,37186fddd5476056d6cf,ab07c0dfd62f0fa9597d,
sky130hd,gcd,gauss_wide,gauss_wide,17,1.1,5367.838,862,9,False,5,7e-08,True,False,6665642,5526915,,,,,,,,,,,,,,,4075.16,484,0.63,False,4,7.47900390625,0,b52fd515941f37a498f8,f001b02154a6069cf955,
sky130hd,gcd,gauss_wide,gauss_wide,18,1.1,5267.221,648,7,False,5,1e-07,True,False,6666466,5554283,,,,,,,,,,,,,,,4087.67,484,0.6,False,4,7.47900390625,0,1f238e8dd7d46708a312,0ea6298fa39cbd77d9d4,
sky130hd,gcd,gauss_wide,gauss_wide,19,1.1,5266.274,548,6,False,5,1.2e-07,True,False,6659606,5544981,,,,,,,,,,,,,,,4035.12,477,0.61,False,4,7.47900390625,0,5c9cdd7d0e1e58c75dfe,11b9c4a6d57ba138c5e1,
sky130hd,gcd,gauss_wide,gauss_wide,20,1.1,5215.676,856,9,False,5,1.2e-07,True,False,6606781,5579061,,,,,,,,,,,,,,,4090.17,481,0.64,False,4,7.47900390625,0,4224def062d673bc1317,7224abdb4ca8cd2dcd37,
sky130hd,gcd,gauss_wide,gauss_wide,21,1.1,5284.136,849,9,False,5,1e-07,True,False,6652198,5509390,,,,,,,,,,,,,,,4085.17,477,0.63,False,4,7.47900390625,0,0cc3e1bc8c6ef9e03f94,2721dd555f648ce450e8,
sky130hd,gcd,gauss_wide,gauss_wide,22,1.1,5307.222,856,9,False,5,1.1e-07,True,False,6612081,5585017,,,,,,,,,,,,,,,4097.68,482,0.66,False,4,7.47900390625,0,e88a76edba8f200f9ab4,0926a1594ea2c603729f,
sky130hd,gcd,gauss_wide,gauss_wide,23,1.1,5281.747,856,9,False,5,1e-07,True,False,6614468,5576582,,,,,,,,,,,,,,,4132.71,485,0.67,False,4,7.47900390625,0,1cd49874129b0f6b758a,f0e0c593cc0564a810f9,
sky130hd,gcd,gauss_wide,gauss_wide,24,1.1,5177.745,954,10,False,5,1.1e-07,True,False,6664647,5562629,,,,,,,,,,,,,,,4090.17,486,0.62,False,4,7.47900390625,0,de70cd1de2758e8f13f1,652baca4448242270c2c,
sky130hd,gcd,gauss_wide,gauss_wide,25,1.1,5408.988,980,10,False,5,9e-08,True,False,6594853,5559127,,,,,,,,,,,,,,,4065.15,481,0.64,False,4,7.76123046875,0,12fed5cff325e1abd755,44456592389d6f3398f5,
sky130hd,gcd,gauss_wide,gauss_wide,26,1.1,5197.824,559,6,False,5,1.2e-07,True,False,6603029,5537292,,,,,,,,,,,,,,,4097.68,482,0.59,False,4,7.76123046875,0,2db7a01d9add03c80045,f9303329639e08bac3bb,
sky130hd,gcd,gauss_wide,gauss_wide,27,1.1,5185.336,851,9,False,5,1.1e-07,True,False,6600095,5570698,,,,,,,,,,,,,,,4075.16,479,0.61,False,4,7.76123046875,0,045b220ca6799a6e2dfc,f2f7344d460941d9f083,
sky130hd,gcd,gauss_wide,gauss_wide,28,1.1,5131.491,353,4,False,5,1.1e-07,True,False,6619711,5538016,,,,,,,,,,,,,,,4110.19,482,0.56,False,4,7.76123046875,0,b4b18f2fbea9bd26ecf3,60d45ba36534ac3300bd,
sky130hd,gcd,gauss_wide,gauss_wide,29,1.1,5299.889,1053,11,False,5,9e-08,True,False,6606209,5582291,,,,,,,,,,,,,,,4087.67,479,0.67,False,4,7.76123046875,0,cf6f8a42cc729f0fc555,f4bfedc3a7b46f7d51c1,
sky130hd,gcd,gauss_wide,gauss_wide,30,1.1,5125.346,352,4,False,5,1.1e-07,True,False,6624576,5549320,,,,,,,,,,,,,,,4070.15,480,0.59,False,4,7.76123046875,0,7621e0a763aca40f9a89,b41bdb966b163ec99010,
sky130hd,gcd,gauss_wide,gauss_wide,31,1.1,5201.521,849,9,False,5,1.1e-07,True,False,6626105,5572816,,,,,,,,,,,,,,,4090.17,481,0.65,False,4,7.76123046875,0,7659b824bdc134563fdf,8b57fd28b6b9db7ba89d,
sky130hd,gcd,gauss_wide,gauss_wide,32,1.1,5326.922,966,10,False,5,1.1e-07,True,False,6601938,5578420,,,,,,,,,,,,,,,4075.16,479,0.67,False,4,7.76123046875,0,99c01522668380f9ddc7,5a822c5b0e67d22401f7,
sky130hd,gcd,odb,odb,1,1.1,5063.918,317,4,False,5,1e-07,True,False,6653538,5704440,,,,,2.6336700000000004,-1.53367,-70.8804,0.623995,15918,29.32,0,46.84,False,0,4035.12,477,0.59,False,4,8.119140625,0,c25210402cbf3660299e,d005af672f3871fe2084,025b593611e582509711
sky130hd,gcd,odb,odb,2,1.1,5033.072,312,4,False,5,1e-07,True,False,6656131,5709971,,,,,2.5497500000000004,-1.44975,-65.7766,0.643115,13399,25.36,0,41.2,False,0,4075.16,479,0.59,False,4,8.119140625,0,b79173c21dd522b14bef,a96ef57b0a2f83dc8fc5,c9a329152597d523d16e
sky130hd,gcd,odb,odb,3,1.1,5018.811,315,4,False,5,1.2e-07,True,False,6667319,5713250,,,,,2.58758,-1.48758,-69.1769,0.63458,15228,29.59,0,44.44,False,0,4070.15,480,0.57,False,4,8.119140625,0,e059314cd1b55665b144,147a62e1f3a0ca96e626,d89a680f8e9b3e47a618
sky130hd,gcd,odb,odb,4,1.1,5135.015,1135,7,False,5,9e-08,True,False,6677994,5705895,,,,,2.61111,-1.51111,-65.853,0.637083,14034,26.47,0,45.21,False,0,4070.15,480,0.66,False,4,8.119140625,0,4dbce3e598ba3fd8fa81,ad7970fdf47769e31d05,cfbe728ed6bdcbd41d4c
sky130hd,gcd,odb,odb,5,1.1,5041.548,313,4,False,5,1.1e-07,True,False,6663778,5704996,,,,,2.57343,-1.47343,-66.9992,0.634807,14338,26.5,0,41.45,False,0,4055.14,478,0.6,False,4,7.94921875,0,4d625a86e600a00ca439,697b1bf7b03d1604c2bb,18bc9e166f4c65e27d45
sky130hd,gcd,odb,odb,6,1.1,5037.471,861,6,False,5,1.2e-07,True,False,6662506,5695005,,,,,2.62114,-1.52114,-67.6398,0.619263,13944,26.17,0,43.25,False,0,4060.14,477,0.69,False,4,7.94921875,0,7d630257552f42eab391,5d4b4d1b6257c69ec2e7,cad7132d2b7c32c39e46
sky130hd,gcd,odb,odb,7,1.1,5100.914,313,4,False,5,1.2e-07,True,False,6676107,5711057,,,,,2.74793,-1.64793,-70.7616,0.656016,15269,27.12,0,43.76,False,0,4062.65,479,0.65,False,4,7.94921875,0,53dfbd023af91eeb190d,97358b48435a49f1d6a8,5c76fd2d8b6f9fdbcedc
sky130hd,gcd,odb,odb,8,1.1,4984.874,311,4,False,5,1e-07,True,False,6666568,5708158,,,,,2.56428,-1.46428,-65.9286,0.545924,14338,27.39,0,42.56,False,0,4097.68,482,0.6,False,4,7.94921875,0,54fe57d8f6037418fd9e,aebce8af528845a131ab,875431d3d067d6a3089b
sky130hd,gcd,odb,odb,9,1.1,5092.95,314,4,False,5,1.1e-07,True,False,6667470,5703607,,,,,,,,,,,,,,,4065.15,476,0.57,False,4,7.94921875,0,4812593eab9d839cd549,e9deaebb7d27990f63af,
sky130hd,gcd,odb,odb,10,1.1,5086.036,1140,7,False,5,9e-08,True,False,6676415,5700163,,,,,,,,,,,,,,,4087.67,484,0.67,False,4,7.94921875,0,9ba5bec95054ce3d04b8,86f979d45acbd08b58db,
sky130hd,gcd,odb,odb,11,1.1,5086.678,315,4,False,5,8e-08,True,False,6663915,5710430,,,,,,,,,,,,,,,4075.16,479,0.53,False,4,7.94921875,0,515076e9d451281d5779,3e5d5d0183178e81faf6,
sky130hd,gcd,odb,odb,12,1.1,5230.79,309,4,False,5,9e-08,True,False,6631949,5700916,,,,,,,,,,,,,,,4072.66,482,0.59,False,4,7.94921875,0,125024d36a34218e04ee,3b9fc8a28afa9199d272,
sky130hd,gcd,odb,odb,13,1.1,5090.255,315,4,False,5,1e-07,True,False,6675603,5707179,,,,,,,,,,,,,,,4070.15,480,0.58,False,4,7.94921875,0,4dc2792a8703192f36f5,53743f058234577ac9bc,
sky130hd,gcd,odb,odb,14,1.1,5212.967,311,4,False,5,1e-07,True,False,6639453,5707112,,,,,,,,,,,,,,,4042.63,478,0.57,False,4,7.94921875,0,2761429b4f172ad3e6a9,d1d88320795590f03ed1,
sky130hd,gcd,odb,odb,15,1.1,5102.259,313,4,False,5,1.2e-07,True,False,6672236,5706400,,,,,,,,,,,,,,,4060.14,477,0.58,False,4,7.94921875,0,edd45f1a8c3eb84e54e9,bd534246f4184ee29abb,
sky130hd,gcd,odb,odb,16,1.1,5041.819,314,4,False,5,1e-07,True,False,6677720,5705614,,,,,,,,,,,,,,,4047.63,477,0.58,False,4,7.94921875,0,9d80d3907bb43098216b,ae6d0748b21b029aeafc,
sky130hd,gcd,shipped,shipped,1,1.1,5194.323,370,4,False,5,1.1e-07,True,False,6653538,5478857,0,266,0,319,2.65914,-1.55914,-69.4339,0.52086,18119,31.01,0,47.86,False,0,4055.14,478,0.6,False,4,8.263671875,0,04d0914b3c06bd64092d,d005af672f3871fe2084,1ae37a0d44d0e1654db4
sky130hd,gcd,shipped,shipped,2,1.1,5214.876,371,4,False,5,1.2e-07,True,False,6656131,5491361,0,266,0,319,2.63375,-1.53375,-68.7236,0.625366,14062,26.66,0,41.79,False,0,4077.66,481,0.64,False,4,8.263671875,0,4e89836b7891e8baa51e,a96ef57b0a2f83dc8fc5,6c55f601f6b008e61d69
sky130hd,gcd,shipped,shipped,3,1.1,5188.871,370,4,False,5,1.2e-07,True,False,6667319,5489157,0,266,0,319,2.62982,-1.52982,-69.4952,0.632853,15055,29.07,0,46.5,False,0,4075.16,479,0.65,False,4,8.263671875,0,b688813486698e4d62b0,147a62e1f3a0ca96e626,cdae2216a3b664139292
sky130hd,gcd,shipped,shipped,4,1.1,5194.612,368,4,False,5,9e-08,True,False,6677994,5489654,0,266,0,319,2.6267,-1.5267,-67.7713,0.60201,16546,27.02,0,46.15,False,0,4090.17,481,0.63,False,4,8.263671875,0,a4dbb041263ee5bcd096,ad7970fdf47769e31d05,f771f3304453f73427b0
sky130hd,gcd,shipped,shipped,5,1.1,5156.595,368,4,False,5,1.2e-07,True,False,6663778,5489427,0,266,0,319,2.60116,-1.50116,-69.0678,0.627169,16014,29.89,0,47.78,False,0,4062.65,479,0.64,False,4,8.263671875,0,c855b1b237ef4dd5fa32,697b1bf7b03d1604c2bb,d103354d10d60d78d0c0
sky130hd,gcd,shipped,shipped,6,1.1,5218.734,370,4,False,5,1.1e-07,True,False,6662506,5486617,0,266,0,319,2.5673700000000004,-1.46737,-66.2488,0.631639,14324,27.03,0,43.5,False,0,4075.16,479,0.6,False,4,8.263671875,0,9ea62a879ba47a0c6310,5d4b4d1b6257c69ec2e7,98fe6bc3d11cfb90a03b
sky130hd,gcd,shipped,shipped,7,1.1,5209.672,370,4,False,5,1.1e-07,True,False,6676107,5491085,0,266,0,319,2.6033600000000003,-1.50336,-68.9476,0.628156,15318,27.63,0,45.9,False,0,4080.16,478,0.77,False,4,8.32275390625,0,d706884b4e0f36443064,97358b48435a49f1d6a8,3303f0f258164433169c
sky130hd,gcd,shipped,shipped,8,1.1,5216.141,365,4,False,5,1.1e-07,True,False,6666568,5492994,0,266,0,319,2.57226,-1.47226,-68.5305,0.558821,14959,27.26,0,43.42,False,0,4067.65,478,0.56,False,4,8.32275390625,0,ce910c1f546f5cb2f208,aebce8af528845a131ab,1d69af7f21d69b64d6a5
sky130hd,gcd,shipped,shipped,9,1.1,5173.86,370,4,False,5,9e-08,True,False,6667470,5488855,0,266,0,319,,,,,,,,,,,4077.66,481,0.65,False,4,8.32275390625,0,c77f93f4f051eec2702d,e9deaebb7d27990f63af,
sky130hd,gcd,shipped,shipped,10,1.1,5203.107,370,4,False,5,1.1e-07,True,False,6676415,5486102,0,266,0,319,,,,,,,,,,,4100.18,484,0.62,False,4,8.32275390625,0,b810af786473444d5763,86f979d45acbd08b58db,
sky130hd,gcd,shipped,shipped,11,1.1,5197.663,367,4,False,5,7e-08,True,False,6663915,5490187,0,266,0,319,,,,,,,,,,,4120.2,485,0.59,False,4,8.32275390625,0,7d91fb9b2e1a37980242,3e5d5d0183178e81faf6,
sky130hd,gcd,shipped,shipped,12,1.1,5189.564,367,4,False,5,1e-07,True,False,6631949,5527619,0,266,0,319,,,,,,,,,,,4112.69,484,0.64,False,4,8.32275390625,0,cba3cf7a626fc245b9f8,3b9fc8a28afa9199d272,
sky130hd,gcd,shipped,shipped,13,1.1,5185.295,368,4,False,5,1.2e-07,True,False,6675603,5492755,0,266,0,319,,,,,,,,,,,4105.19,483,0.59,False,4,8.32275390625,0,5001b98ee725a3f2bd92,53743f058234577ac9bc,
sky130hd,gcd,shipped,shipped,14,1.1,5215.721,370,4,False,5,1.2e-07,True,False,6639453,5529319,0,266,0,319,,,,,,,,,,,4070.15,480,0.61,False,4,8.32275390625,0,779f11f0c7575f2f492e,d1d88320795590f03ed1,
sky130hd,gcd,shipped,shipped,15,1.1,5192.619,367,4,False,5,1e-07,True,False,6672236,5493832,0,266,0,319,,,,,,,,,,,4090.17,481,0.62,False,4,8.32275390625,0,e0d19b0d0f946393e715,bd534246f4184ee29abb,
sky130hd,gcd,shipped,shipped,16,1.1,5185.981,370,4,False,5,1.1e-07,True,False,6677720,5488902,0,266,0,319,,,,,,,,,,,4080.16,478,0.59,False,4,8.32275390625,0,661c4f75f9cbe4d9a6bf,ae6d0748b21b029aeafc,
sky130hd,gcd,spread,spread,1,1.1,5199.577,349,4,False,5,1e-07,True,False,6676956,5574165,,,,,2.5730399999999998,-1.47304,-67.9368,0.627145,16842,30.85,0,48.12,False,0,4040.12,476,0.61,False,4,7.76123046875,0,719b2685675721a23d2f,e844d65a21822c9f7d5a,a8e2fb2ec7494e7ef52e
sky130hd,gcd,spread,spread,2,1.1,5181.39,351,4,False,5,1e-07,True,False,6651721,5580996,,,,,2.64788,-1.54788,-68.2046,0.622678,15214,27.52,0,43.85,False,0,4047.63,477,0.64,False,4,7.76123046875,0,0d1bfd8d127ec58456e2,d333b3633a016c599ffe,1d07e0fad6307eeff4db
sky130hd,gcd,spread,spread,3,1.1,5125.654,353,4,False,5,1.2e-07,True,False,6662377,5577701,,,,,2.73456,-1.63456,-71.7224,0.621732,17829,31.2,0,47.86,False,0,4032.62,475,0.65,False,4,7.76123046875,0,77289489e0b2460aa1a8,17ad57499ecc80b091a2,edaf0c61a5d2fa041d99
sky130hd,gcd,spread,spread,4,1.1,5091.04,353,4,False,5,1.2e-07,True,False,6664117,5599402,,,,,2.6103300000000003,-1.51033,-67.9886,0.625283,16484,29.58,0,46.84,False,0,4057.64,475,0.62,False,4,7.76123046875,0,1c88f99a671c6202151d,d50cd80a4d61fd34fc30,661d6d4857266b366632
sky130hd,gcd,spread,spread,5,1.1,5129.68,351,4,False,5,1.1e-07,True,False,6663800,5568160,,,,,2.64923,-1.54923,-70.8098,0.634148,15828,26.67,0,42.99,False,0,4022.61,472,0.77,False,4,7.6201171875,0,e3f6adeed4e814fa7cdc,b9e9421e0f009e61ad93,7f7fdeb00def83ecc4c9
sky130hd,gcd,spread,spread,6,1.1,5202.209,353,4,False,5,1.1e-07,True,False,6676095,5584787,,,,,2.63215,-1.53215,-70.5107,0.549272,16663,29.75,0,46.92,False,0,4040.12,476,0.59,False,4,7.6201171875,0,a4ea2e78f16f00673cea,6c1062515d410c2f7b79,8e674ea473df11b4edf0
sky130hd,gcd,spread,spread,7,1.1,5152.103,351,4,False,5,1e-07,True,False,6663448,5577429,,,,,2.58357,-1.48357,-67.9632,0.539052,15152,28.58,0,44.1,False,0,4025.11,474,0.61,False,4,7.6201171875,0,2f999e77c575441c6fc8,1ee63e1f64affdbd6cde,209b7a4c2535b4fd69f3
sky130hd,gcd,spread,spread,8,1.1,5140.169,353,4,False,5,9e-08,True,False,6651798,5576821,,,,,2.63832,-1.53832,-70.6913,0.639254,14938,27.33,0,42.82,False,0,4002.59,471,0.71,False,4,7.6201171875,0,c41799c8daf28893aacb,05b22c87bb4f7cf6f3a9,e1e15d882f640de52726
sky130hd,gcd,spread,spread,9,1.1,5149.432,354,4,False,5,1.2e-07,True,False,6667132,5570296,,,,,,,,,,,,,,,4032.62,475,0.56,False,4,7.6201171875,0,20abd8146d3e3c0a8bfa,7afe2c6af9f00cd8378a,
sky130hd,gcd,spread,spread,10,1.1,5167.809,351,4,False,5,1.1e-07,True,False,6677653,5585365,,,,,,,,,,,,,,,4017.6,473,0.61,False,4,7.6201171875,0,5cc10d33d000d64a813d,ae1747f94b688c435173,
sky130hd,gcd,spread,spread,11,1.1,5126.151,349,4,False,5,1.1e-07,True,False,6672897,5576278,,,,,,,,,,,,,,,4037.62,474,0.62,False,4,7.490234375,0,8134c36a8e968157a305,b64d0ea5330d53b8ef1a,
sky130hd,gcd,spread,spread,12,1.1,5196.684,353,4,False,5,1.2e-07,True,False,6660868,5575498,,,,,,,,,,,,,,,4032.62,475,0.62,False,4,7.490234375,0,98b8930dbde00efd64a7,05049c682d3eb6a50956,
sky130hd,gcd,spread,spread,13,1.1,5145.736,351,4,False,5,1.1e-07,True,False,6660818,5573379,,,,,,,,,,,,,,,4032.62,475,0.62,False,4,7.490234375,0,86d20654eccd7f2eca5b,70ee0b8fd13e260ed9ac,
sky130hd,gcd,spread,spread,14,1.1,5202.568,349,4,False,5,1.2e-07,True,False,6654500,5582957,,,,,,,,,,,,,,,4047.63,477,0.61,False,4,7.490234375,0,4994bb8a68c291b34e88,0d1362c44ffe0cc190c1,
sky130hd,gcd,spread,spread,15,1.1,5284.273,351,4,False,5,1.1e-07,True,False,6656234,5587723,,,,,,,,,,,,,,,4040.12,476,0.62,False,4,7.490234375,0,1d1d13fca93a3423eaa4,71f1e7d15325af5e4f90,
sky130hd,gcd,spread,spread,16,1.1,5165.659,354,4,False,5,1.1e-07,True,False,6661129,5568809,,,,,,,,,,,,,,,4002.59,471,0.62,False,4,7.490234375,0,0b409a79dd113ff3c032,a3d7bab4395e385da3a5,
sky130hd,gcd,uniform,uniform,1,1.1,5231.909,350,4,False,5,8e-08,True,False,6666172,5541647,,,,,,,,,,,,,,,4032.62,475,0.57,False,4,8.1259765625,0,9158305275992b5d89f3,978636e39db45329235f,
sky130hd,gcd,uniform,uniform,2,1.1,5141.252,651,7,False,5,1.1e-07,True,False,6605574,5540372,,,,,,,,,,,,,,,4090.17,481,0.63,False,4,8.1259765625,0,710f5c56caebc7254c33,861c1039192ef0d61602,
sky130hd,gcd,uniform,uniform,3,1.1,5364.375,1068,11,False,5,9e-08,True,False,6600498,5555246,,,,,,,,,,,,,,,4125.21,484,0.67,False,4,8.1259765625,0,15d17f40f7eafe947399,9b99e6540654e33e09af,
sky130hd,gcd,uniform,uniform,4,1.1,5216.078,962,10,False,5,1e-07,True,False,6653567,5532626,,,,,,,,,,,,,,,4040.12,476,0.65,False,4,8.1259765625,0,4c14c1ac505384d80b47,d3eea23eb2a08e755383,
sky130hd,gcd,uniform,uniform,5,1.1,5359.119,1173,12,False,5,1e-07,True,False,6566754,5562352,,,,,,,,,,,,,,,4052.64,476,0.69,False,4,8.1259765625,0,5255347144f5352a85c6,e0100f9c82c605286b03,
sky130hd,gcd,uniform,uniform,6,1.1,5109.615,355,4,False,5,9e-08,True,False,6604799,5587606,,,,,,,,,,,,,,,4067.65,478,0.58,False,4,8.1259765625,0,49a8deeddb4ae4d17644,23c29a3f96fe515ddf76,
sky130hd,gcd,uniform,uniform,7,1.1,5090.864,662,7,False,5,1.1e-07,True,False,6618141,5540151,,,,,,,,,,,,,,,4047.63,477,0.61,False,4,8.1259765625,0,fad497ca71018cb0287b,244b70d09bfece6482d1,
sky130hd,gcd,uniform,uniform,8,1.1,5222.217,344,4,False,5,1.1e-07,True,False,6628642,5551507,,,,,,,,,,,,,,,4042.63,478,0.59,False,4,8.1259765625,0,7d27414c83ac2e923a53,b4ef98dae8e8e3ae5adc,
sky130hd,gcd,uniform,uniform,9,1.1,5080.014,757,7,False,5,1e-07,True,False,6627354,5620309,,,,,,,,,,,,,,,4122.7,482,0.61,False,4,8.1259765625,0,3ec9f957bf5d04f36410,9b1c540dafa9cc38118c,
sky130hd,gcd,uniform,uniform,10,1.1,5360.895,986,10,False,5,9e-08,True,False,6607847,5570979,,,,,,,,,,,,,,,4092.68,483,0.65,False,4,8.1259765625,0,6167d1f91e06223cd724,309fec8aa95f37afe45e,
sky130hd,gcd,uniform,uniform,11,1.1,5214.495,861,9,False,5,1.1e-07,True,False,6621631,5577721,,,,,,,,,,,,,,,4060.14,477,0.63,False,4,7.95556640625,0,aa31f365e0ae918de8ec,e880b4fd732dcbf1669d,
sky130hd,gcd,uniform,uniform,12,1.1,5382.888,756,8,False,5,1.2e-07,True,False,6587732,5535289,,,,,,,,,,,,,,,4047.63,477,0.6,False,4,7.95556640625,0,952eba9cbec5909bb539,40d9ef8f6c183f27e7a6,
sky130hd,gcd,uniform,uniform,13,1.1,5133.026,841,8,False,5,1e-07,True,False,6607609,5574087,,,,,,,,,,,,,,,4077.66,481,0.66,False,4,7.95556640625,0,27a0fd03ee17b27ed4e9,13c80182e44acaaddca2,
sky130hd,gcd,uniform,uniform,14,1.1,5370.616,951,10,False,5,1.1e-07,True,False,6670260,5532874,,,,,,,,,,,,,,,4102.68,481,0.6,False,4,7.95556640625,0,d5af8a264ae8f44a01bd,714b7b52733b46737a15,
sky130hd,gcd,uniform,uniform,15,1.1,5452.692,858,9,False,5,1.1e-07,True,False,6631301,5542378,,,,,,,,,,,,,,,4117.7,483,0.66,False,4,7.95556640625,0,f223509f62c84b26aab1,d42ebe9c98e02f648226,
sky130hd,gcd,uniform,uniform,16,1.1,5097.202,549,6,False,5,7e-08,True,False,6619878,5598436,,,,,,,,,,,,,,,4052.64,481,0.59,False,4,7.95556640625,0,7fea1353ba35e2088a73,ad4d1cc3e1b306b7492f,
sky130hd,gcd,uniform,uniform,17,1.1,5180.888,815,9,False,5,1e-07,True,False,6627783,5556193,,,,,,,,,,,,,,,4082.67,480,0.64,False,4,7.71875,0,e837d0bbcb99434a2a78,9cc88a26fd770b180d05,
sky130hd,gcd,uniform,uniform,18,1.1,5412.135,918,10,False,5,3e-08,True,False,6620772,5576547,,,,,,,,,,,,,,,4122.7,487,0.6,False,4,7.71875,0,5b7d26ec8ef98132d65a,5b6101e259bd03f7d846,
sky130hd,gcd,uniform,uniform,19,1.1,5226.795,867,9,False,5,1.2e-07,True,False,6566472,5517158,,,,,,,,,,,,,,,4067.65,483,0.63,False,4,7.71875,0,2aac7c57c8e8bd0f96bc,4c6cdab1895b3d8526b7,
sky130hd,gcd,uniform,uniform,20,1.1,5157.836,755,8,False,5,9e-08,True,False,6621926,5559357,,,,,,,,,,,,,,,4105.19,483,0.61,False,4,7.71875,0,2a99f596617e49bf82bf,4bf978ece35b5396f8b5,
sky130hd,gcd,uniform,uniform,21,1.1,5287.24,352,4,False,5,9e-08,True,False,6640801,5545515,,,,,,,,,,,,,,,4047.63,477,0.62,False,4,7.71875,0,1271942b1ea6b40f4e3b,9e100099eef1ea1d9ecc,
sky130hd,gcd,uniform,uniform,22,1.1,5383.562,942,10,False,5,8e-08,True,False,6568255,5546093,,,,,,,,,,,,,,,4050.13,479,0.63,False,4,7.71875,0,45e5fea03aed135fb481,6419944125a1b2a3c7ba,
sky130hd,gcd,uniform,uniform,23,1.1,5199.526,558,6,False,5,1.2e-07,True,False,6634751,5491678,,,,,,,,,,,,,,,4062.65,479,0.61,False,4,7.71875,0,a807779929b9aebe374a,e4ccf85534ac4494e5b8,
sky130hd,gcd,uniform,uniform,24,1.1,5211.774,542,6,False,5,1.1e-07,True,False,6583506,5577701,,,,,,,,,,,,,,,4067.65,478,0.6,False,4,7.71875,0,48c0e46049b43d39fbd8,e9a92a903f5f28b6b667,
sky130hd,gcd,uniform,uniform,25,1.1,5115.019,346,4,False,5,1.1e-07,True,False,6596543,5571158,,,,,,,,,,,,,,,4060.14,477,0.6,False,4,7.71875,0,85eec4e3ad3e45b26c7a,4e6a8371a8a64c756c9f,
sky130hd,gcd,uniform,uniform,26,1.1,5217.541,349,4,False,5,7e-08,True,False,6731171,5551938,,,,,,,,,,,,,,,4102.68,481,0.6,False,4,7.71875,0,c4d060525fdaad018467,4bbc0367f38e533dbf58,
sky130hd,gcd,uniform,uniform,27,1.1,5196.312,834,9,False,5,1.1e-07,True,False,6633799,5581888,,,,,,,,,,,,,,,4060.14,477,0.64,False,4,7.71875,0,203d5985d2784e7b37ac,793204b62a5a8b01190c,
sky130hd,gcd,uniform,uniform,28,1.1,5255.429,751,8,False,5,1.1e-07,True,False,6606826,5538088,,,,,,,,,,,,,,,4087.67,479,0.58,False,4,7.71875,0,e58a5a6de308cbdb5edd,a4b3e632fa5a12cadbbc,
sky130hd,gcd,uniform,uniform,29,1.1,5390.547,564,6,False,5,1e-07,True,False,6620031,5531245,,,,,,,,,,,,,,,4055.14,483,0.59,False,4,7.5810546875,0,d36c9c91a68c9fe06e7f,aefa680f228d96d64da4,
sky130hd,gcd,uniform,uniform,30,1.1,5214.054,747,8,False,5,1.2e-07,True,False,6614153,5536712,,,,,,,,,,,,,,,4055.14,478,0.63,False,4,7.5810546875,0,522be52b5d0a0a5846e1,d93e7aec511e5250eaa2,
sky130hd,gcd,uniform,uniform,31,1.1,5158.593,748,7,False,5,8e-08,True,False,6583707,5553560,,,,,,,,,,,,,,,4080.16,478,0.67,False,4,7.5810546875,0,7917d8e296f7cde94184,8ba8936cc5a9a13570e3,
sky130hd,gcd,uniform,uniform,32,1.1,5055.554,349,4,False,5,1.1e-07,True,False,6599777,5595645,,,,,,,,,,,,,,,4057.64,480,0.57,False,4,7.5810546875,0,303ab49b941b653b057f,eaa5e1fad8159e5d2d53,
sky130hs,gcd,anchored,anchored,1,1.4,7335.765,848,10,False,5,1e-07,True,False,9786463,6461436,,,,,1.8353099999999998,-0.43531,-14.4238,0.228581,16646,26.06,0,39.37,False,0,5516.08,629,1.27,False,4,7.7236328125,0,8ce3899b281a4e5ca240,d389ed19c22147c2de0f,e4eb6e0bf6d57d9042af
sky130hs,gcd,anchored,anchored,2,1.4,7286.644,681,8,False,5,1.2e-07,True,False,9788792,6462511,,,,,1.7386599999999999,-0.33866,-11.7537,0.209171,17251,27.1,0,40.24,False,0,5517.68,630,1.23,False,4,7.7236328125,0,72e48e2245a38e2c8c19,d9c750fd61b9a5194223,eec123c01c76537f650a
sky130hs,gcd,anchored,anchored,3,1.4,7637.049,749,9,False,5,6e-08,True,False,9793360,6461661,,,,,1.8179219999999998,-0.417922,-13.526,0.157558,18122,28.75,0,43.32,False,0,5464.93,631,1.32,False,4,7.7236328125,0,e50b92f122f04ba60422,4b4432838d9b7d4b2827,97795ce4554991a08aa9
sky130hs,gcd,anchored,anchored,4,1.4,7547.702,761,9,False,5,9e-08,True,False,9794229,6462772,,,,,1.7382009999999999,-0.338201,-11.1304,0.186178,16927,26.82,0,40.95,False,0,5456.94,630,1.26,False,4,7.7236328125,0,43d523328b11310c6fc7,7fa2771abfa483f9b85f,1dfb6de91cebee7edf4f
sky130hs,gcd,anchored,anchored,5,1.4,7290.114,597,7,False,5,1e-07,True,False,9792405,6459918,,,,,1.7521689999999999,-0.352169,-12.6572,0.277224,18057,27.58,0,41.85,False,0,5436.16,628,1.25,False,4,7.7236328125,0,36f6b3f573c32072238b,69c2a0a9db58bfdb3376,b4b988df0518310e1ceb
sky130hs,gcd,anchored,anchored,6,1.4,7507.467,743,9,False,5,6e-08,True,False,9796268,6459761,,,,,1.748038,-0.348038,-12.978,0.213225,16329,26.62,0,39.66,False,0,5520.87,634,1.3,False,4,7.7236328125,0,30120918e2146323a50c,1f1ed204a931a805dec3,5acfa1cd1ee8337ee148
sky130hs,gcd,anchored,anchored,7,1.4,7628.159,672,8,False,5,8e-08,True,False,9778652,6444889,,,,,1.770876,-0.370876,-11.387,0.180711,17942,27.73,0,40.94,False,0,5424.97,629,1.26,False,4,8.306640625,0,6d9e88d163d305c6bff6,1a8563e59b2f2e0648b0,e3d475e322c4ae35f963
sky130hs,gcd,anchored,anchored,8,1.4,7339.303,680,8,False,5,1.2e-07,True,False,9792788,6460600,,,,,1.7568009999999998,-0.356801,-12.138,0.258352,17431,27.46,0,41.03,False,0,5492.1,634,1.25,False,4,8.306640625,0,8d180b36a8504d9b7717,bfd80ed1694fb8eb65d9,914541902ed7d3c954e3
sky130hs,gcd,anchored,anchored,9,1.4,7683.859,763,9,False,5,6e-08,True,False,9788970,6460485,,,,,,,,,,,,,,,5522.47,634,1.24,False,4,8.306640625,0,1044d311114bb09676f7,8380765c70e1cc465e1f,
sky130hs,gcd,anchored,anchored,10,1.4,7375.87,848,10,False,5,1.1e-07,True,False,9789889,6460830,,,,,,,,,,,,,,,5516.08,629,1.3,False,4,8.306640625,0,336ba93be708cec7bdf0,bb730a9b1475aba30599,
sky130hs,gcd,anchored,anchored,11,1.4,7248.178,686,8,False,5,1.1e-07,True,False,9785332,6458210,,,,,,,,,,,,,,,5468.13,627,1.23,False,4,8.306640625,0,ce1ab3609f0c83d24a21,a4044da25467cbb0ca18,
sky130hs,gcd,anchored,anchored,12,1.4,7382.902,852,10,False,5,8e-08,True,False,9784255,6466087,,,,,,,,,,,,,,,5522.47,630,1.29,False,4,8.306640625,0,a0a81e7093ead44ff1a5,5295fd393cbe3460e656,
sky130hs,gcd,anchored,anchored,13,1.4,7769.518,750,9,False,5,1.1e-07,True,False,9775541,6446081,,,,,,,,,,,,,,,5431.36,631,1.17,False,4,8.3623046875,0,d514c9298dd15800c0b6,033f30f605ec4b15a9e6,
sky130hs,gcd,anchored,anchored,14,1.4,7315.292,765,9,False,5,1.2e-07,True,False,9788839,6456826,,,,,,,,,,,,,,,5500.09,632,1.22,False,4,8.3623046875,0,69fb1fe3eec362a49bb1,6d9e8127df2e1f15e0a1,
sky130hs,gcd,anchored,anchored,15,1.4,7602.814,808,10,False,5,8e-08,True,False,9782191,6440376,,,,,,,,,,,,,,,5490.5,635,1.2,False,4,8.3623046875,0,e4f0cd08274c45ba7d2e,c41c5d8be81d41c54670,
sky130hs,gcd,anchored,anchored,16,1.4,7332.304,683,8,False,5,1.1e-07,True,False,9784508,6463202,,,,,,,,,,,,,,,5504.89,630,1.2,False,4,8.3623046875,0,9ba03512163c6ce1a162,9040c5fd7d6b4455418f,
sky130hs,gcd,center,center,1,1.4,7411.29,860,10,False,5,1.2e-07,True,False,9786463,6488409,,,,,,,,,,,,,,,5472.92,625,1.31,False,4,6.85595703125,0,dbb0cccff10f5dc7eadf,d389ed19c22147c2de0f,
sky130hs,gcd,center,center,2,1.4,7321.751,610,7,False,5,1.1e-07,True,False,9788792,6489239,,,,,,,,,,,,,,,5524.07,628,1.33,False,4,6.85595703125,0,a277de7eb2542d306712,d9c750fd61b9a5194223,
sky130hs,gcd,center,center,3,1.4,7341.591,901,10,False,5,1.2e-07,True,False,9793360,6488108,,,,,,,,,,,,,,,5463.33,634,1.32,False,4,6.94775390625,0,4e89d03d5636f4dd8120,4b4432838d9b7d4b2827,
sky130hs,gcd,center,center,4,1.4,7401.528,766,9,False,5,1.1e-07,True,False,9794229,6489858,,,,,,,,,,,,,,,5455.34,628,1.32,False,4,6.94775390625,0,d01d313d953e1aa0c113,7fa2771abfa483f9b85f,
sky130hs,gcd,center,center,5,1.4,7332.664,691,8,False,5,7e-08,True,False,9792405,6486821,,,,,,,,,,,,,,,5508.09,636,1.3,False,4,6.94775390625,0,74182c8d905e5e35e6e8,69c2a0a9db58bfdb3376,
sky130hs,gcd,center,center,6,1.4,7515.674,675,8,False,5,1e-07,True,False,9796268,6488269,,,,,,,,,,,,,,,5485.71,632,1.35,False,4,6.94775390625,0,07020ff103eefa6ee2d2,1f1ed204a931a805dec3,
sky130hs,gcd,center,center,7,1.4,7612.446,688,8,False,5,1.1e-07,True,False,9778652,6470406,,,,,,,,,,,,,,,5424.97,630,1.34,False,4,6.94775390625,0,073291395ae603f48b94,1a8563e59b2f2e0648b0,
sky130hs,gcd,center,center,8,1.4,7363.553,693,8,False,5,9e-08,True,False,9792788,6487356,,,,,,,,,,,,,,,5492.1,634,1.31,False,4,6.94775390625,0,75917b8732d73f228e53,bfd80ed1694fb8eb65d9,
sky130hs,gcd,center,center,9,1.4,7472.652,686,8,False,5,1.2e-07,True,False,9788970,6487290,,,,,,,,,,,,,,,5490.5,635,1.31,False,4,7.3525390625,0,a02254f29aa2f9a3b24f,8380765c70e1cc465e1f,
sky130hs,gcd,center,center,10,1.4,7340.827,692,8,False,5,9e-08,True,False,9789889,6486133,,,,,,,,,,,,,,,5493.7,631,1.3,False,4,7.3525390625,0,3a707e64de2301889c10,bb730a9b1475aba30599,
sky130hs,gcd,center,center,11,1.4,7267.667,698,8,False,5,1.2e-07,True,False,9785332,6484170,,,,,,,,,,,,,,,5479.32,626,1.32,False,4,7.3525390625,0,c7fe95cd6612c303e8df,a4044da25467cbb0ca18,
sky130hs,gcd,center,center,12,1.4,7352.161,948,11,False,5,1e-07,True,False,9784255,6491908,,,,,,,,,,,,,,,5525.67,633,1.37,False,4,7.3525390625,0,0fc6b45583efa19efa1e,5295fd393cbe3460e656,
sky130hs,gcd,center,center,13,1.4,7619.203,682,8,False,5,8e-08,True,False,9775541,6472449,,,,,,,,,,,,,,,5432.96,632,1.29,False,4,7.3525390625,0,635c6e0b771a3c093507,033f30f605ec4b15a9e6,
sky130hs,gcd,center,center,14,1.4,7342.427,692,8,False,5,1e-07,True,False,9788839,6484374,,,,,,,,,,,,,,,5493.7,631,1.32,False,4,7.3525390625,0,fd676def1db590b787fa,6d9e8127df2e1f15e0a1,
sky130hs,gcd,center,center,15,1.4,7441.274,976,11,False,5,1.1e-07,True,False,9782191,6467047,,,,,,,,,,,,,,,5415.38,629,1.32,False,4,7.244140625,0,2a3c580bb68d16c1a08d,c41c5d8be81d41c54670,
sky130hs,gcd,center,center,16,1.4,7385.151,866,10,False,5,9e-08,True,False,9784508,6488995,,,,,,,,,,,,,,,5522.47,630,1.26,False,4,7.244140625,0,665e7585f96b34aab59e,9040c5fd7d6b4455418f,
sky130hs,gcd,corner_ll,corner_ll,1,1.4,7594.392,828,10,False,5,1.2e-07,True,False,9698523,6472561,,,,,,,,,,,,,,,5487.31,635,1.27,False,4,6.89013671875,0,51cbac2c8773d92bea20,c463a2b4e205755d0ccd,
sky130hs,gcd,corner_ll,corner_ll,2,1.4,7486.592,604,7,False,5,1.2e-07,True,False,9698523,6472561,,,,,,,,,,,,,,,5519.28,633,1.3,False,4,6.89013671875,0,c32bff221838b981eb06,c463a2b4e205755d0ccd,
sky130hs,gcd,corner_ll,corner_ll,3,1.4,7481.323,604,7,False,5,1.2e-07,True,False,9698523,6472561,,,,,,,,,,,,,,,5519.28,633,1.32,False,4,6.89013671875,0,ffc6251420fe7761b384,c463a2b4e205755d0ccd,
sky130hs,gcd,corner_ll,corner_ll,4,1.4,7595.663,828,10,False,5,1.2e-07,True,False,9698523,6472561,,,,,,,,,,,,,,,5487.31,635,1.29,False,4,6.89013671875,0,e97a4f2ba2028a3108d5,c463a2b4e205755d0ccd,
sky130hs,gcd,corner_ll,corner_ll,5,1.4,7483.341,604,7,False,5,1.2e-07,True,False,9698523,6472561,,,,,,,,,,,,,,,5519.28,633,1.32,False,4,6.89013671875,0,838998fa51dd98f0d8b7,c463a2b4e205755d0ccd,
sky130hs,gcd,corner_ll,corner_ll,6,1.4,7483.826,604,7,False,5,1.2e-07,True,False,9698523,6472561,,,,,,,,,,,,,,,5519.28,633,1.35,False,4,6.89013671875,0,72229b5d278a742f54b4,c463a2b4e205755d0ccd,
sky130hs,gcd,corner_ll,corner_ll,7,1.4,7592.079,828,10,False,5,1.2e-07,True,False,9698523,6472561,,,,,,,,,,,,,,,5487.31,635,1.22,False,4,7.7802734375,0,45eb66ee347f517fb9d3,c463a2b4e205755d0ccd,
sky130hs,gcd,corner_ll,corner_ll,8,1.4,7590.824,828,10,False,5,1.2e-07,True,False,9698523,6472561,,,,,,,,,,,,,,,5487.31,635,1.35,False,4,7.7802734375,0,99fda2587aae2f1da6d0,c463a2b4e205755d0ccd,
sky130hs,gcd,corner_ll,corner_ll,9,1.4,7253.527,671,8,False,5,1.2e-07,True,False,9698523,6472561,,,,,,,,,,,,,,,5466.53,635,1.31,False,4,7.7802734375,0,f73f6aea27e9ce12570a,c463a2b4e205755d0ccd,
sky130hs,gcd,corner_ll,corner_ll,10,1.4,7487.183,604,7,False,5,1.2e-07,True,False,9698523,6472561,,,,,,,,,,,,,,,5519.28,633,1.3,False,4,7.7802734375,0,eac040551441c2d1cb69,c463a2b4e205755d0ccd,
sky130hs,gcd,corner_ll,corner_ll,11,1.4,7594.842,828,10,False,5,1.2e-07,True,False,9698523,6472561,,,,,,,,,,,,,,,5487.31,635,1.3,False,4,7.7802734375,0,1137fe699641ad37ab83,c463a2b4e205755d0ccd,
sky130hs,gcd,corner_ll,corner_ll,12,1.4,7457.092,901,11,False,5,1.2e-07,True,False,9698523,6472561,,,,,,,,,,,,,,,5490.5,634,1.33,False,4,7.7802734375,0,fa94b9d855e394cd327b,c463a2b4e205755d0ccd,
sky130hs,gcd,corner_ll,corner_ll,13,1.4,7484.232,604,7,False,5,1.2e-07,True,False,9698523,6472561,,,,,,,,,,,,,,,5519.28,633,1.23,False,4,7.6376953125,0,f8a7a186361f1c454ef1,c463a2b4e205755d0ccd,
sky130hs,gcd,corner_ll,corner_ll,14,1.4,7592.406,828,10,False,5,1.2e-07,True,False,9698523,6472561,,,,,,,,,,,,,,,5487.31,635,1.34,False,4,7.6376953125,0,3476c881f928f5406570,c463a2b4e205755d0ccd,
sky130hs,gcd,corner_ll,corner_ll,15,1.4,7458.677,904,11,False,5,1.2e-07,True,False,9698523,6472561,,,,,,,,,,,,,,,5490.5,634,1.39,False,4,7.6376953125,0,f7730c202532b5bcea83,c463a2b4e205755d0ccd,
sky130hs,gcd,corner_ll,corner_ll,16,1.4,7438.194,901,11,False,5,1.2e-07,True,False,9698523,6472561,,,,,,,,,,,,,,,5496.9,635,1.33,False,4,7.6376953125,0,d0a43cc717cc77663631,c463a2b4e205755d0ccd,
sky130hs,gcd,corner_ur,corner_ur,1,1.4,7514.339,700,8,False,5,1.2e-07,True,False,9757270,6707716,,,,,,,,,,,,,,,5480.91,639,1.32,False,4,7.6376953125,0,52f11ca24166e26458f9,594848edd9b6217c3446,
sky130hs,gcd,corner_ur,corner_ur,2,1.4,7565.706,776,9,False,5,1.2e-07,True,False,9757270,6707716,,,,,,,,,,,,,,,5514.48,636,1.29,False,4,7.6376953125,0,3ddd86443248096c3c21,594848edd9b6217c3446,
sky130hs,gcd,corner_ur,corner_ur,3,1.4,7561.164,776,9,False,5,1.2e-07,True,False,9757270,6707716,,,,,,,,,,,,,,,5514.48,636,1.24,False,4,7.50634765625,0,82d3ea9ff1745bc7eb52,594848edd9b6217c3446,
sky130hs,gcd,corner_ur,corner_ur,4,1.4,7579.933,692,8,False,5,1.2e-07,True,False,9757270,6707716,,,,,,,,,,,,,,,5477.72,636,1.34,False,4,7.50634765625,0,33c957dbbca9cef4bed8,594848edd9b6217c3446,
sky130hs,gcd,corner_ur,corner_ur,5,1.4,7421.94,687,8,False,5,1.2e-07,True,False,9757270,6707716,,,,,,,,,,,,,,,5495.3,632,1.32,False,4,7.50634765625,0,4d6292600aad8edb7128,594848edd9b6217c3446,
sky130hs,gcd,corner_ur,corner_ur,6,1.4,7423.44,698,8,False,5,1.2e-07,True,False,9757270,6707716,,,,,,,,,,,,,,,5498.5,639,1.3,False,4,7.50634765625,0,53845769550d24aa31cd,594848edd9b6217c3446,
sky130hs,gcd,corner_ur,corner_ur,7,1.4,7480.483,788,9,False,5,1.2e-07,True,False,9757270,6707716,,,,,,,,,,,,,,,5565.63,641,1.32,False,4,7.46533203125,0,c6cf2fa81256962d5b48,594848edd9b6217c3446,
sky130hs,gcd,corner_ur,corner_ur,8,1.4,7416.867,687,8,False,5,1.2e-07,True,False,9757270,6707716,,,,,,,,,,,,,,,5504.89,633,1.25,False,4,7.46533203125,0,5fb4fae87c0384c98c5f,594848edd9b6217c3446,
sky130hs,gcd,corner_ur,corner_ur,9,1.4,7584.99,692,8,False,5,1.2e-07,True,False,9757270,6707716,,,,,,,,,,,,,,,5477.72,636,1.24,False,4,7.34765625,0,02afd2d2b09332f67c94,594848edd9b6217c3446,
sky130hs,gcd,corner_ur,corner_ur,10,1.4,7423.382,688,8,False,5,1.2e-07,True,False,9757270,6707716,,,,,,,,,,,,,,,5503.29,633,1.29,False,4,7.34765625,0,65d3e24b7f38bcbc4ec4,594848edd9b6217c3446,
sky130hs,gcd,corner_ur,corner_ur,11,1.4,7534.762,698,8,False,5,1.2e-07,True,False,9757270,6707716,,,,,,,,,,,,,,,5490.5,638,1.33,False,4,7.34765625,0,b7018a0b5914e483c68f,594848edd9b6217c3446,
sky130hs,gcd,corner_ur,corner_ur,12,1.4,7439.817,697,8,False,5,1.2e-07,True,False,9757270,6707716,,,,,,,,,,,,,,,5471.32,635,1.29,False,4,7.34765625,0,9735cafbfa5bdae0ab80,594848edd9b6217c3446,
sky130hs,gcd,corner_ur,corner_ur,13,1.4,7416.943,697,8,False,5,1.2e-07,True,False,9757270,6707716,,,,,,,,,,,,,,,5474.52,636,1.29,False,4,7.34765625,0,dcc54496fdd0032555c2,594848edd9b6217c3446,
sky130hs,gcd,corner_ur,corner_ur,14,1.4,7415.293,697,8,False,5,1.2e-07,True,False,9757270,6707716,,,,,,,,,,,,,,,5479.32,636,1.3,False,4,7.34765625,0,35d57ba8afc914fd0f2c,594848edd9b6217c3446,
sky130hs,gcd,corner_ur,corner_ur,15,1.4,7502.642,698,8,False,5,1.2e-07,True,False,9757270,6707716,,,,,,,,,,,,,,,5456.94,633,1.22,False,4,7.2392578125,0,041a0aa5dc493413034f,594848edd9b6217c3446,
sky130hs,gcd,corner_ur,corner_ur,16,1.4,7450.188,696,8,False,5,1.2e-07,True,False,9757270,6707716,,,,,,,,,,,,,,,5480.91,637,1.27,False,4,7.2392578125,0,a206857abfe6151a8c05,594848edd9b6217c3446,
sky130hs,gcd,gauss_tight,gauss_tight,1,1.4,7518.828,682,8,False,5,1e-07,True,False,9774737,6522394,,,,,,,,,,,,,,,5418.58,631,1.24,False,4,7.564453125,0,6dd9c030071d701d913e,f97cd0438a7ee007e7b4,
sky130hs,gcd,gauss_tight,gauss_tight,2,1.4,7535.333,682,8,False,5,1e-07,True,False,9796253,6548999,,,,,,,,,,,,,,,5456.94,633,1.26,False,4,7.564453125,0,3684e64ff6eda68cd67f,dac4be720e47fa80a03b,
sky130hs,gcd,gauss_tight,gauss_tight,3,1.4,7408.319,678,8,False,5,9e-08,True,False,9791427,6563282,,,,,,,,,,,,,,,5519.28,628,1.2,False,4,7.599609375,0,38e39d749cc910a3a3cd,1ada6e219f20fe208e60,
sky130hs,gcd,gauss_tight,gauss_tight,4,1.4,7547.527,764,9,False,5,1.1e-07,True,False,9797121,6568539,,,,,,,,,,,,,,,5431.36,632,1.24,False,4,7.599609375,0,f447dec8175dde2e54b5,8ecbdfe2e9565b23fa38,
sky130hs,gcd,gauss_tight,gauss_tight,5,1.4,7426.094,683,8,False,5,1.1e-07,True,False,9796819,6576848,,,,,,,,,,,,,,,5455.34,629,1.25,False,4,7.599609375,0,eed07530e7d17f38aba8,7e25096777767a81cbfb,
sky130hs,gcd,gauss_tight,gauss_tight,6,1.4,7619.061,682,8,False,5,1.1e-07,True,False,9798085,6579033,,,,,,,,,,,,,,,5456.94,633,1.27,False,4,7.599609375,0,301623bac038400450a3,35b68af16d8e2f1beb44,
sky130hs,gcd,gauss_tight,gauss_tight,7,1.4,7426.073,608,7,False,5,1.1e-07,True,False,9794396,6543858,,,,,,,,,,,,,,,5581.61,640,1.28,False,4,7.599609375,0,f30aee659e0727d5cb5e,708436d6efd655783a61,
sky130hs,gcd,gauss_tight,gauss_tight,8,1.4,7397.424,687,8,False,5,9e-08,True,False,9798404,6562823,,,,,,,,,,,,,,,5530.46,635,1.27,False,4,7.599609375,0,5bb99f88aa883ec961d6,014300d8df9203938c7c,
sky130hs,gcd,gauss_tight,gauss_tight,9,1.4,7563.434,688,8,False,5,1.1e-07,True,False,9795208,6539192,,,,,,,,,,,,,,,5516.08,637,1.2,False,4,7.47119140625,0,19d4cb1605fd87d5f0ae,a449da678fbf746ce4d3,
sky130hs,gcd,gauss_tight,gauss_tight,10,1.4,7351.268,617,7,False,5,5e-08,True,False,9786082,6523523,,,,,,,,,,,,,,,5485.71,632,1.23,False,4,7.47119140625,0,72823ec1b03fb28f95e7,0f92cdd5825ab473b48e,
sky130hs,gcd,gauss_tight,gauss_tight,11,1.4,7438.567,687,8,False,5,1e-07,True,False,9804054,6548080,,,,,,,,,,,,,,,5567.23,638,1.29,False,4,7.47119140625,0,1147f1cf3f1338b1a109,98ddd7abe82e567b8c4c,
sky130hs,gcd,gauss_tight,gauss_tight,12,1.4,7384.304,610,7,False,5,8e-08,True,False,9797681,6536032,,,,,,,,,,,,,,,5540.05,632,1.25,False,4,7.47119140625,0,928a547249398b93c77c,ebca8415a3bc661c3a92,
sky130hs,gcd,gauss_tight,gauss_tight,13,1.4,7427.476,600,7,False,5,1.1e-07,True,False,9792943,6567524,,,,,,,,,,,,,,,5532.06,632,1.22,False,4,7.47119140625,0,1286e4fb3832687feef6,ac06416bca3621e4ab4c,
sky130hs,gcd,gauss_tight,gauss_tight,14,1.4,7526.091,688,8,False,5,9e-08,True,False,9795854,6541846,,,,,,,,,,,,,,,5544.85,638,1.27,False,4,7.47119140625,0,321e45c45f231fce75f7,775be4a04ad00a77670d,
sky130hs,gcd,gauss_tight,gauss_tight,15,1.4,7419.433,682,8,False,5,1e-07,True,False,9798967,6569752,,,,,,,,,,,,,,,5421.77,628,1.23,False,4,7.35302734375,0,7a060e8e5cc3624aedd7,35d58386bb9355f1031b,
sky130hs,gcd,gauss_tight,gauss_tight,16,1.4,7581.478,683,8,False,5,8e-08,True,False,9773810,6512142,,,,,,,,,,,,,,,5404.19,629,1.24,False,4,7.35302734375,0,7de1ff882776bc02e43e,67e08c40c99473cf7a73,
sky130hs,gcd,gauss_tight,gauss_tight,17,1.4,7657.196,761,9,False,5,1e-07,True,False,9798050,6558806,,,,,,,,,,,,,,,5540.05,635,1.3,False,4,7.32470703125,0,92cffcff133c118696d7,4f0265ae91e32e69178b,
sky130hs,gcd,gauss_tight,gauss_tight,18,1.4,7512.229,692,8,False,5,1e-07,True,False,9798839,6542954,,,,,,,,,,,,,,,5540.05,640,1.24,False,4,7.32470703125,0,b53b52f40f6ee3c0e625,161803ff6fe2f8f096ff,
sky130hs,gcd,gauss_tight,gauss_tight,19,1.4,7334.879,608,7,False,5,1.2e-07,True,False,9795673,6541749,,,,,,,,,,,,,,,5503.29,630,1.28,False,4,7.32470703125,0,6a976fb1bdd48dcd8dba,b00f77b73472d5857c3b,
sky130hs,gcd,gauss_tight,gauss_tight,20,1.4,7321.375,611,7,False,5,6e-08,True,False,9794190,6563202,,,,,,,,,,,,,,,5525.67,631,1.25,False,4,7.32470703125,0,5067249b008defc37eed,bb2b836c1430d0a7f636,
sky130hs,gcd,gauss_tight,gauss_tight,21,1.4,7553.014,690,8,False,5,9e-08,True,False,9796006,6544437,,,,,,,,,,,,,,,5506.49,633,1.22,False,4,7.29833984375,0,77d13356d2778edfbcc2,641a5f490dfa68225901,
sky130hs,gcd,gauss_tight,gauss_tight,22,1.4,7684.735,680,8,False,5,1e-07,True,False,9792966,6561983,,,,,,,,,,,,,,,5548.05,634,1.22,False,4,7.29833984375,0,4c08ff244a4e817d288c,22701a41b36dc71bf9fa,
sky130hs,gcd,gauss_tight,gauss_tight,23,1.4,7640.555,839,10,False,5,1.1e-07,True,False,9773187,6518408,,,,,,,,,,,,,,,5416.98,632,1.3,False,4,7.29833984375,0,c43f2f9acf9a43183e41,f2b73cdb8b8e9a4d22ea,
sky130hs,gcd,gauss_tight,gauss_tight,24,1.4,7535.305,684,8,False,5,9e-08,True,False,9776963,6537500,,,,,,,,,,,,,,,5431.36,631,1.3,False,4,7.29833984375,0,09e51ec9e69610e559b0,ad007b6215cde20bd502,
sky130hs,gcd,gauss_tight,gauss_tight,25,1.4,7305.027,690,8,False,5,9e-08,True,False,9793697,6586096,,,,,,,,,,,,,,,5440.95,629,1.29,False,4,7.29833984375,0,4a293a7abddf70e12fc4,480c8e7705246c35ed63,
sky130hs,gcd,gauss_tight,gauss_tight,26,1.4,7520.011,692,8,False,5,9e-08,True,False,9772123,6533858,,,,,,,,,,,,,,,5389.8,628,1.28,False,4,7.29833984375,0,41fec910e4b75d8a2746,6478dbf2f5aa48708c0a,
sky130hs,gcd,gauss_tight,gauss_tight,27,1.4,7708.46,1021,12,False,5,1.2e-07,True,False,9788530,6581860,,,,,,,,,,,,,,,5445.75,629,1.24,False,4,7.67529296875,0,a07cff3657a398717b9d,348c8ed22ae4c38f6538,
sky130hs,gcd,gauss_tight,gauss_tight,28,1.4,7383.342,851,10,False,5,1e-07,True,False,9788105,6576712,,,,,,,,,,,,,,,5479.32,629,1.24,False,4,7.67529296875,0,79778a5dae2767bee685,f914c354bcb32dfc9720,
sky130hs,gcd,gauss_tight,gauss_tight,29,1.4,7517.521,688,8,False,5,1e-07,True,False,9774439,6523391,,,,,,,,,,,,,,,5442.55,630,1.28,False,4,7.67529296875,0,f93e47610e5a1bc29090,b13cef295680109cf0f2,
sky130hs,gcd,gauss_tight,gauss_tight,30,1.4,7288.521,605,7,False,5,1.1e-07,True,False,9792028,6545327,,,,,,,,,,,,,,,5514.48,632,1.25,False,4,7.67529296875,0,64e5941ed02d4718b9c8,e7b29b1ebc25018bcc4f,
sky130hs,gcd,gauss_tight,gauss_tight,31,1.4,7514.196,922,11,False,5,1e-07,True,False,9790200,6562347,,,,,,,,,,,,,,,5472.92,633,1.28,False,4,7.67529296875,0,1fba3c6206a16f84335b,d3a743483bf6a97e5799,
sky130hs,gcd,gauss_tight,gauss_tight,32,1.4,7540.523,602,7,False,5,9e-08,True,False,9774424,6537136,,,,,,,,,,,,,,,5458.54,633,1.25,False,4,7.67529296875,0,c14f51c6793063c5124a,7f90b154564f6ce80fac,
sky130hs,gcd,gauss_wide,gauss_wide,1,1.4,7498.189,839,10,False,5,1.1e-07,True,False,9752603,6542471,,,,,,,,,,,,,,,5533.66,637,1.21,False,4,7.541015625,0,2e50ec99d2419921ba24,b99d9b4695592a3430e1,
sky130hs,gcd,gauss_wide,gauss_wide,2,1.4,7225.254,678,8,False,5,1.2e-07,True,False,9764802,6547600,,,,,,,,,,,,,,,5393,627,1.22,False,4,7.541015625,0,ee6a9c487381c440ae74,c9c84201cbc7bf836f0b,
sky130hs,gcd,gauss_wide,gauss_wide,3,1.4,7324.018,686,8,False,5,7e-08,True,False,9774636,6629848,,,,,,,,,,,,,,,5484.11,638,1.24,False,4,7.541015625,0,7fbed00b7fe98e5c4885,7f64e722cb2868ebb86c,
sky130hs,gcd,gauss_wide,gauss_wide,4,1.4,7583.324,767,9,False,5,1e-07,True,False,9776104,6637182,,,,,,,,,,,,,,,5458.54,632,1.27,False,4,7.541015625,0,dc509bc616311af24058,4570c8eaee3ac1a69f96,
sky130hs,gcd,gauss_wide,gauss_wide,5,1.4,7579.221,682,8,False,5,1e-07,True,False,9773739,6627450,,,,,,,,,,,,,,,5471.32,631,1.24,False,4,7.541015625,0,6acf19f08e83d00abfa9,c99a834027074f00b8f6,
sky130hs,gcd,gauss_wide,gauss_wide,6,1.4,7580.059,605,7,False,5,1.1e-07,True,False,9776685,6627731,,,,,,,,,,,,,,,5448.95,629,1.26,False,4,7.541015625,0,63c98e7da3cb7f7074ad,2ceff6258fe88ebba167,
sky130hs,gcd,gauss_wide,gauss_wide,7,1.4,7550.536,846,10,False,5,9e-08,True,False,9767522,6612372,,,,,,,,,,,,,,,5448.95,628,1.2,False,4,7.41748046875,0,58e25c2f15524730e5c2,0bd09cbcf4e07c13b71c,
sky130hs,gcd,gauss_wide,gauss_wide,8,1.4,7190.516,682,8,False,5,9e-08,True,False,9756066,6566119,,,,,,,,,,,,,,,5464.93,627,1.21,False,4,7.41748046875,0,9dd12c547890dfb73eb8,ca4990c6dbb15c741f1f,
sky130hs,gcd,gauss_wide,gauss_wide,9,1.4,7542.044,848,10,False,5,1.1e-07,True,False,9755998,6535260,,,,,,,,,,,,,,,5500.09,634,1.28,False,4,7.41748046875,0,62f4ba0837db2d86bdc3,77846b2bd8c3cd1c8d78,
sky130hs,gcd,gauss_wide,gauss_wide,10,1.4,7629.592,762,9,False,5,1.1e-07,True,False,9745609,6545767,,,,,,,,,,,,,,,5420.17,630,1.28,False,4,7.41748046875,0,c5b46ab72abe4c36e7f3,030423b0b8abac5655cd,
sky130hs,gcd,gauss_wide,gauss_wide,11,1.4,7431.798,598,7,False,5,9e-08,True,False,9743402,6563924,,,,,,,,,,,,,,,5452.14,633,1.26,False,4,7.41748046875,0,2168251f379a5795ba0a,6fa1742bbadc30ae7669,
sky130hs,gcd,gauss_wide,gauss_wide,12,1.4,7448.465,683,8,False,5,1e-07,True,False,9758519,6576897,,,,,,,,,,,,,,,5480.91,630,1.28,False,4,7.41748046875,0,53840d852f36da477b9e,3a5f6f7d30662c9af35e,
sky130hs,gcd,gauss_wide,gauss_wide,13,1.4,7546.318,685,8,False,5,1.2e-07,True,False,9764479,6628852,,,,,,,,,,,,,,,5415.38,632,1.23,False,4,7.3037109375,0,a5629b4b8a968c88d454,642b761472f3e48a2eb6,
sky130hs,gcd,gauss_wide,gauss_wide,14,1.4,7411.862,681,8,False,5,1.2e-07,True,False,9736947,6517653,,,,,,,,,,,,,,,5429.76,624,1.22,False,4,7.3037109375,0,bec9a45e3dc4debd14df,971f08c83d723fc76142,
sky130hs,gcd,gauss_wide,gauss_wide,15,1.4,7405.119,690,8,False,5,1.1e-07,True,False,9770313,6614982,,,,,,,,,,,,,,,5453.74,626,1.22,False,4,7.19921875,0,686a069878e8a75034e0,b8bb0a530699f3ef3c8a,
sky130hs,gcd,gauss_wide,gauss_wide,16,1.4,7349.561,851,10,False,5,7e-08,True,False,9771919,6580997,,,,,,,,,,,,,,,5428.17,627,1.28,False,4,7.19921875,0,0c4ed2fbce9da7304990,6c4210035319e0a8f799,
sky130hs,gcd,gauss_wide,gauss_wide,17,1.4,7304.526,770,9,False,5,8e-08,True,False,9774468,6598195,,,,,,,,,,,,,,,5404.19,623,1.27,False,4,7.19921875,0,e928513838927cabd4d7,b5218a47b97e8781976c,
sky130hs,gcd,gauss_wide,gauss_wide,18,1.4,7403.513,600,7,False,5,7e-08,True,False,9752804,6486786,,,,,,,,,,,,,,,5471.32,628,1.25,False,4,7.19921875,0,0b41618e4216a25d0384,c6492730a8243bcf641f,
sky130hs,gcd,gauss_wide,gauss_wide,19,1.4,7456.235,932,10,False,5,1e-07,True,False,9741432,6523357,,,,,,,,,,,,,,,5476.12,631,1.27,False,4,7.10302734375,0,2c8a29f5546e27d7ee1b,4da664eb459b95172cbb,
sky130hs,gcd,gauss_wide,gauss_wide,20,1.4,7510.51,696,8,False,5,9e-08,True,False,9760903,6596280,,,,,,,,,,,,,,,5501.69,638,1.23,False,4,7.10302734375,0,84aefedf6b7b940fcda4,721de15ac2f144e780bb,
sky130hs,gcd,gauss_wide,gauss_wide,21,1.4,7437.904,844,10,False,5,1.1e-07,True,False,9760002,6525344,,,,,,,,,,,,,,,5560.83,636,1.37,False,4,7.10302734375,0,d3bad14f537bf813093d,2a366f7c3f3d7c8b2429,
sky130hs,gcd,gauss_wide,gauss_wide,22,1.4,7350.258,751,9,False,5,1.1e-07,True,False,9759564,6551041,,,,,,,,,,,,,,,5469.72,633,1.27,False,4,7.10302734375,0,6ba9c2bba10f17f80b89,73101c13a16d001ba2ba,
sky130hs,gcd,gauss_wide,gauss_wide,23,1.4,7192.022,684,8,False,5,1e-07,True,False,9784777,6571327,,,,,,,,,,,,,,,5476.12,631,1.26,False,4,7.10302734375,0,a4aeb8ef39bcb5a887e0,5cdcc993e7c3a3f88175,
sky130hs,gcd,gauss_wide,gauss_wide,24,1.4,7312.269,608,7,False,5,1.2e-07,True,False,9756108,6569257,,,,,,,,,,,,,,,5519.28,635,1.28,False,4,7.10302734375,0,35d21035e77f0b16c608,9ae26409445ed5f10762,
sky130hs,gcd,gauss_wide,gauss_wide,25,1.4,7494.525,755,9,False,5,1.1e-07,True,False,9772054,6628743,,,,,,,,,,,,,,,5453.74,634,1.21,False,4,8.05615234375,0,d3e32d1acdc2f25c57dc,1d99dd40849335a4567e,
sky130hs,gcd,gauss_wide,gauss_wide,26,1.4,7419.381,780,9,False,5,9e-08,True,False,9764591,6571187,,,,,,,,,,,,,,,5396.2,625,1.24,False,4,8.05615234375,0,63775c81d916191e7e03,ff3f6d16d88ccea8a34b,
sky130hs,gcd,gauss_wide,gauss_wide,27,1.4,7515.307,604,7,False,5,1e-07,True,False,9772301,6572169,,,,,,,,,,,,,,,5466.53,629,1.23,False,4,8.05615234375,0,493b8816babc3ece2654,7f7862aeb389bdcd5716,
sky130hs,gcd,gauss_wide,gauss_wide,28,1.4,7628.699,934,11,False,5,9e-08,True,False,9779045,6627443,,,,,,,,,,,,,,,5496.9,630,1.3,False,4,8.05615234375,0,d4842a2fc776b2b0427d,09f0d512d97a0e198e30,
sky130hs,gcd,gauss_wide,gauss_wide,29,1.4,7301.714,671,8,False,5,1.1e-07,True,False,9745258,6541917,,,,,,,,,,,,,,,5407.39,629,1.24,False,4,8.05615234375,0,985a6b6ad41851e64352,9d669be6a3359177509d,
sky130hs,gcd,gauss_wide,gauss_wide,30,1.4,7496.109,605,7,False,5,1e-07,True,False,9743980,6557445,,,,,,,,,,,,,,,5416.98,633,1.27,False,4,8.05615234375,0,1d6a1c2e07ac096ee08b,a4ec4daa460154c3cd22,
sky130hs,gcd,gauss_wide,gauss_wide,31,1.4,7585.217,686,8,False,5,9e-08,True,False,9775034,6594661,,,,,,,,,,,,,,,5557.64,635,1.22,False,4,8.1318359375,0,9a460472a9faac1f5df8,ff8ea4b4195587ccba53,
sky130hs,gcd,gauss_wide,gauss_wide,32,1.4,7468.81,849,10,False,5,5e-08,True,False,9757894,6556839,,,,,,,,,,,,,,,5560.83,636,1.25,False,4,8.1318359375,0,540ac63a5ca6c8ad1e52,b748e7bc579b94b03066,
sky130hs,gcd,odb,odb,1,1.4,7215.865,674,8,False,5,1e-07,True,False,9786463,6770618,,,,,1.71532,-0.31532,-10.4763,0.228907,16984,26.2,0,40.16,False,0,5488.91,631,1.25,False,4,7.244140625,0,dedfea02947305c01710,d389ed19c22147c2de0f,5253756c622448fc14ec
sky130hs,gcd,odb,odb,2,1.4,7363.637,592,7,False,5,1.1e-07,True,False,9788792,6765345,,,,,1.7537779999999998,-0.353778,-12.3703,0.258221,19288,30.5,0,47.96,False,0,5508.09,628,1.27,False,4,7.244140625,0,025a7083b6ec87c25cfb,d9c750fd61b9a5194223,31e00965cb824541697f
sky130hs,gcd,odb,odb,3,1.4,7320.325,824,10,False,5,1e-07,True,False,9793360,6762421,,,,,1.738365,-0.338365,-11.5143,0.192866,17107,27.69,0,41.52,False,0,5453.74,625,1.28,False,4,7.244140625,0,413edb9e8dd9a2c20808,4b4432838d9b7d4b2827,de32ce1384c1c9068bcc
sky130hs,gcd,odb,odb,4,1.4,7490.541,747,9,False,5,7e-08,True,False,9794229,6764575,,,,,1.771391,-0.371391,-12.6269,0.158523,17006,27.82,0,41.66,False,0,5434.56,629,1.37,False,4,7.244140625,0,c79e1436b14b6815e0a7,7fa2771abfa483f9b85f,251727ccfbbf8ec576cf
sky130hs,gcd,odb,odb,5,1.4,7317.127,672,8,False,5,1e-07,True,False,9792405,6768290,,,,,1.723555,-0.323555,-11.0512,0.252142,16992,26.78,0,41.16,False,0,5495.3,634,1.28,False,4,7.14404296875,0,38762f61f262a64ec51d,69c2a0a9db58bfdb3376,954c3d781db3f59d4f46
sky130hs,gcd,odb,odb,6,1.4,7524.873,809,10,False,5,1.2e-07,True,False,9796268,6763156,,,,,1.7489849999999998,-0.348985,-10.7276,0.129083,16581,26.92,0,41.42,False,0,5469.72,632,1.3,False,4,7.14404296875,0,be4a213924636ca752e2,1f1ed204a931a805dec3,36d6bd9913e4a5ff727a
sky130hs,gcd,odb,odb,7,1.4,7659.208,665,8,False,5,1.1e-07,True,False,9778652,6746442,,,,,1.776878,-0.376878,-12.402,0.1875,17215,27.24,0,41.91,False,0,5424.97,629,1.26,False,4,7.14404296875,0,211fdaf36af36f827199,1a8563e59b2f2e0648b0,18945bf04ceaf44d35eb
sky130hs,gcd,odb,odb,8,1.4,7270.384,591,7,False,5,1.2e-07,True,False,9792788,6763339,,,,,1.767178,-0.367178,-13.3354,0.252511,17870,28.75,0,42.57,False,0,5471.32,631,1.21,False,4,7.14404296875,0,35562cc4ee6fad718ad6,bfd80ed1694fb8eb65d9,1c4f0520f474839e9e56
sky130hs,gcd,odb,odb,9,1.4,7518.346,762,9,False,5,1.2e-07,True,False,9788970,6762763,,,,,,,,,,,,,,,5471.32,631,1.26,False,4,7.14404296875,0,3a0393a81d58f2c3de07,8380765c70e1cc465e1f,
sky130hs,gcd,odb,odb,10,1.4,7260.4,675,8,False,5,1e-07,True,False,9789889,6766253,,,,,,,,,,,,,,,5493.7,631,1.31,False,4,7.14404296875,0,6526e55cceb6105d6ded,bb730a9b1475aba30599,
sky130hs,gcd,odb,odb,11,1.4,7405.19,764,9,False,5,1.1e-07,True,False,9785332,6769208,,,,,,,,,,,,,,,5560.83,636,1.26,False,4,6.9677734375,0,55b78e7f8c0fcb2bf5fb,a4044da25467cbb0ca18,
sky130hs,gcd,odb,odb,12,1.4,7335.061,846,10,False,5,9e-08,True,False,9784255,6778333,,,,,,,,,,,,,,,5524.07,633,1.35,False,4,6.9677734375,0,ef033935d20c6e6d0e08,5295fd393cbe3460e656,
sky130hs,gcd,odb,odb,13,1.4,7644.603,821,10,False,5,1e-07,True,False,9775541,6747776,,,,,,,,,,,,,,,5431.36,629,1.32,False,4,6.9677734375,0,c63509fdd36b0c97961a,033f30f605ec4b15a9e6,
sky130hs,gcd,odb,odb,14,1.4,7377.62,758,9,False,5,9e-08,True,False,9788839,6764406,,,,,,,,,,,,,,,5512.88,634,1.31,False,4,6.9677734375,0,e7190bc08258a46cdc9b,6d9e8127df2e1f15e0a1,
sky130hs,gcd,odb,odb,15,1.4,7631.255,804,10,False,5,1.1e-07,True,False,9782191,6752884,,,,,,,,,,,,,,,5533.66,639,1.33,False,4,6.9677734375,0,0def723f1d60fd2a59d8,c41c5d8be81d41c54670,
sky130hs,gcd,odb,odb,16,1.4,7289.305,846,10,False,5,8e-08,True,False,9784508,6777424,,,,,,,,,,,,,,,5524.07,633,1.3,False,4,6.9677734375,0,8a1e5c0fa5c7696f90b2,9040c5fd7d6b4455418f,
sky130hs,gcd,shipped,shipped,1,1.4,7411.29,860,10,False,5,1.2e-07,True,False,9786463,6488409,0,385,0,430,1.74173,-0.34173,-11.7697,0.210778,16689,26.88,0,40.23,False,0,5472.92,625,1.38,False,4,7.1005859375,0,dbb0cccff10f5dc7eadf,d389ed19c22147c2de0f,197f51a890feb51aa1f6
sky130hs,gcd,shipped,shipped,2,1.4,7321.751,610,7,False,5,1.1e-07,True,False,9788792,6489239,0,385,0,430,1.7372709999999998,-0.337271,-11.6317,0.230745,17467,28.25,0,42.02,False,0,5524.07,628,1.27,False,4,7.1005859375,0,a277de7eb2542d306712,d9c750fd61b9a5194223,8e590dbc6d3e92c37f8a
sky130hs,gcd,shipped,shipped,3,1.4,7341.591,901,10,False,5,1.2e-07,True,False,9793360,6488108,0,385,0,430,1.774924,-0.374924,-12.5501,0.170905,17186,27.82,0,42.13,False,0,5463.33,634,1.4,False,4,7.1005859375,0,4e89d03d5636f4dd8120,4b4432838d9b7d4b2827,7cc08f769997ad580cb7
sky130hs,gcd,shipped,shipped,4,1.4,7401.528,766,9,False,5,1.1e-07,True,False,9794229,6489858,0,385,0,430,1.840315,-0.440315,-14.8301,0.187226,17395,27.41,0,40.59,False,0,5455.34,628,1.32,False,4,7.1005859375,0,d01d313d953e1aa0c113,7fa2771abfa483f9b85f,01238826ac471b1a3548
sky130hs,gcd,shipped,shipped,5,1.4,7332.664,691,8,False,5,7e-08,True,False,9792405,6486821,0,385,0,430,1.800541,-0.400541,-13.1152,0.239495,17280,27.39,0,41.74,False,0,5508.09,636,1.35,False,4,7.1005859375,0,74182c8d905e5e35e6e8,69c2a0a9db58bfdb3376,dc78f9301bc91a987dae
sky130hs,gcd,shipped,shipped,6,1.4,7515.674,675,8,False,5,1e-07,True,False,9796268,6488269,0,385,0,430,1.7331459999999999,-0.333146,-11.491,0.190453,18266,28.81,0,42.88,False,0,5485.71,632,1.33,False,4,7.1005859375,0,07020ff103eefa6ee2d2,1f1ed204a931a805dec3,7c66cbf12f01f67e472d
sky130hs,gcd,shipped,shipped,7,1.4,7612.446,688,8,False,5,1.1e-07,True,False,9778652,6470406,0,385,0,430,1.725454,-0.325454,-10.0402,0.204726,16185,26.66,0,40.57,False,0,5424.97,630,1.41,False,4,7.01220703125,0,073291395ae603f48b94,1a8563e59b2f2e0648b0,0f50d91f6b8c5ac2d012
sky130hs,gcd,shipped,shipped,8,1.4,7363.553,693,8,False,5,9e-08,True,False,9792788,6487356,0,385,0,430,1.748669,-0.348669,-11.8717,0.248608,16488,26.62,0,39.76,False,0,5492.1,634,1.29,False,4,7.01220703125,0,75917b8732d73f228e53,bfd80ed1694fb8eb65d9,bc22a743d1814a7bd15c
sky130hs,gcd,shipped,shipped,9,1.4,7472.652,686,8,False,5,1.2e-07,True,False,9788970,6487290,0,385,0,430,,,,,,,,,,,5490.5,635,1.32,False,4,7.01220703125,0,a02254f29aa2f9a3b24f,8380765c70e1cc465e1f,
sky130hs,gcd,shipped,shipped,10,1.4,7340.827,692,8,False,5,9e-08,True,False,9789889,6486133,0,385,0,430,,,,,,,,,,,5493.7,631,1.29,False,4,7.01220703125,0,3a707e64de2301889c10,bb730a9b1475aba30599,
sky130hs,gcd,shipped,shipped,11,1.4,7267.667,698,8,False,5,1.2e-07,True,False,9785332,6484170,0,385,0,430,,,,,,,,,,,5479.32,626,1.38,False,4,7.01220703125,0,c7fe95cd6612c303e8df,a4044da25467cbb0ca18,
sky130hs,gcd,shipped,shipped,12,1.4,7352.161,948,11,False,5,1e-07,True,False,9784255,6491908,0,385,0,430,,,,,,,,,,,5525.67,633,1.35,False,4,7.01220703125,0,0fc6b45583efa19efa1e,5295fd393cbe3460e656,
sky130hs,gcd,shipped,shipped,13,1.4,7619.203,682,8,False,5,8e-08,True,False,9775541,6472449,0,385,0,430,,,,,,,,,,,5432.96,632,1.29,False,4,6.9306640625,0,635c6e0b771a3c093507,033f30f605ec4b15a9e6,
sky130hs,gcd,shipped,shipped,14,1.4,7342.427,692,8,False,5,1e-07,True,False,9788839,6484374,0,385,0,430,,,,,,,,,,,5493.7,631,1.32,False,4,6.9306640625,0,fd676def1db590b787fa,6d9e8127df2e1f15e0a1,
sky130hs,gcd,shipped,shipped,15,1.4,7441.274,976,11,False,5,1.1e-07,True,False,9782191,6467047,0,385,0,430,,,,,,,,,,,5415.38,629,1.37,False,4,6.9306640625,0,2a3c580bb68d16c1a08d,c41c5d8be81d41c54670,
sky130hs,gcd,shipped,shipped,16,1.4,7385.151,866,10,False,5,9e-08,True,False,9784508,6488995,0,385,0,430,,,,,,,,,,,5522.47,630,1.31,False,4,6.85595703125,0,665e7585f96b34aab59e,9040c5fd7d6b4455418f,
sky130hs,gcd,spread,spread,1,1.4,7181.681,595,7,False,5,8e-08,True,False,9744750,6567711,,,,,1.7267899999999998,-0.32679,-10.631,0.196568,15688,25.61,0,38.37,False,0,5432.96,629,1.38,False,4,8.1318359375,0,461a5452bfda571fe52b,d2b7cae8578dc0066784,42f1bbd7ee4c09fb7851
sky130hs,gcd,spread,spread,2,1.4,7427.092,682,8,False,5,7e-08,True,False,9747479,6568715,,,,,1.7486629999999999,-0.348663,-11.2231,0.19987,16732,26.71,0,39.88,False,0,5399.4,630,1.35,False,4,8.1318359375,0,097696b5e5d0da3e5dc7,f0170be5b8a93a729bef,76d15c2ef260667d3939
sky130hs,gcd,spread,spread,3,1.4,7337.246,676,8,False,5,1.2e-07,True,False,9744101,6574417,,,,,1.756634,-0.356634,-11.0886,0.162144,15933,25.96,0,39.87,False,0,5365.83,628,1.31,False,4,8.1318359375,0,e71e90bc41a774afd6af,0bf213fe0faffd69c0a3,f2207e30cf87088ed761
sky130hs,gcd,spread,spread,4,1.4,7439.152,773,9,False,5,7e-08,True,False,9765758,6604442,,,,,1.740889,-0.340889,-11.8107,0.263662,17013,27.4,0,41.16,False,0,5460.13,629,1.47,False,4,8.1318359375,0,f6860aa2597720ac8c93,4b22c6f55f8c1d5ef869,84b6c2ed397785d29e5d
sky130hs,gcd,spread,spread,5,1.4,7280.303,599,7,False,5,9e-08,True,False,9744611,6572912,,,,,1.7723149999999999,-0.372315,-13.1433,0.183485,15861,25.29,0,38.69,False,0,5428.17,630,1.36,False,4,8.041015625,0,a9a040f4930ab8fcab95,0af7b8df75dceed5fa8f,c43fdfd0548f65e5526b
sky130hs,gcd,spread,spread,6,1.4,7290.806,600,7,False,5,7e-08,True,False,9745426,6571317,,,,,1.7839969999999998,-0.383997,-12.1569,0.184815,16632,26.17,0,39.21,False,0,5421.77,629,1.4,False,4,8.041015625,0,4eceb346b1f245316ff3,5f84c131a36d71a8782b,7645c1024430c02e6b7d
sky130hs,gcd,spread,spread,7,1.4,7285.995,912,10,False,5,1e-07,True,False,9747272,6572414,,,,,1.741816,-0.341816,-12.2032,0.19844,15681,25.6,0,38.8,False,0,5415.38,630,1.27,False,4,8.041015625,0,df994753d6a6885d0157,3c8e00d5ef02df7bbd47,1451048cc0819c5b0084
sky130hs,gcd,spread,spread,8,1.4,7300.099,602,7,False,5,8e-08,True,False,9745739,6571598,,,,,1.716399,-0.316399,-11.3478,0.254337,16754,27.62,0,42.7,False,0,5445.75,632,1.29,False,4,8.041015625,0,e599b85edf24c6aa0661,e8df6a7a69cfd887288b,1db14e2ee9cdd2b54aaf
sky130hs,gcd,spread,spread,9,1.4,7326.978,598,7,False,5,7e-08,True,False,9747070,6568715,,,,,,,,,,,,,,,5375.42,629,1.26,False,4,8.041015625,0,7dc415ae02aa6a696b9a,9a443c1023f0391969dd,
sky130hs,gcd,spread,spread,10,1.4,7407.346,686,8,False,5,1.2e-07,True,False,9743357,6568660,,,,,,,,,,,,,,,5399.4,630,1.26,False,4,8.041015625,0,77d610dc0c51113d615e,fa447de923823b66f561,
sky130hs,gcd,spread,spread,11,1.4,7187.845,595,7,False,5,8e-08,True,False,9744812,6567711,,,,,,,,,,,,,,,5432.96,629,1.2,False,4,8.03759765625,0,33ac20364b2379aa9650,9e6be1234336642152c5,
sky130hs,gcd,spread,spread,12,1.4,7326.771,599,7,False,5,7e-08,True,False,9744839,6568715,,,,,,,,,,,,,,,5375.42,629,1.23,False,4,8.03759765625,0,6e5e8db1a70188f63895,f75a3ad5c3217561025d,
sky130hs,gcd,spread,spread,13,1.4,7426.033,686,8,False,5,8e-08,True,False,9745760,6566791,,,,,,,,,,,,,,,5399.4,630,1.26,False,4,7.8740234375,0,424499f7c9a5da46321b,b4a98f3f2a0819984c66,
sky130hs,gcd,spread,spread,14,1.4,7394.925,598,7,False,5,1e-07,True,False,9743810,6574306,,,,,,,,,,,,,,,5396.2,630,1.24,False,4,7.8740234375,0,37fa5074ed7ece5ad69c,2efac8f858dcf5455a0e,
sky130hs,gcd,spread,spread,15,1.4,7281.378,600,7,False,5,1.1e-07,True,False,9746406,6572775,,,,,,,,,,,,,,,5426.57,628,1.27,False,4,7.8740234375,0,a0fa67b8f25f10816a27,53ec8e4920250c744d00,
sky130hs,gcd,spread,spread,16,1.4,7286.231,597,7,False,5,7e-08,True,False,9746716,6571306,,,,,,,,,,,,,,,5428.17,630,1.27,False,4,7.8740234375,0,a62650023ee56c7f39fd,f6a8205928a9889c311b,
sky130hs,gcd,uniform,uniform,1,1.4,7293.499,601,7,False,5,7e-08,True,False,9743312,6530463,,,,,,,,,,,,,,,5410.58,624,1.31,False,4,7.2392578125,0,b69faa15bbd0502b9dca,72d38387b28fa76e8ba5,
sky130hs,gcd,uniform,uniform,2,1.4,7403.486,678,8,False,5,9e-08,True,False,9780580,6577492,,,,,,,,,,,,,,,5432.96,632,1.28,False,4,7.2392578125,0,0436ba834289310d7dc1,06dae2685b8ba775fece,
sky130hs,gcd,uniform,uniform,3,1.4,7320.865,913,10,False,5,1.1e-07,True,False,9750432,6573970,,,,,,,,,,,,,,,5448.95,632,1.33,False,4,7.2392578125,0,b39f08ede661684feec9,898637887d56baebce27,
sky130hs,gcd,uniform,uniform,4,1.4,7421.975,941,11,False,5,1.2e-07,True,False,9758007,6610792,,,,,,,,,,,,,,,5460.13,632,1.37,False,4,7.2392578125,0,836d41f52212cc29a4d1,cad80fcfd8573ba7905a,
sky130hs,gcd,uniform,uniform,5,1.4,7384.245,590,7,False,5,1e-07,True,False,9745728,6573432,,,,,,,,,,,,,,,5461.73,627,1.21,False,4,7.30029296875,0,ec980377ff60cfb232be,17ee6785b4c9048061d2,
sky130hs,gcd,uniform,uniform,6,1.4,7338.217,679,8,False,5,8e-08,True,False,9744998,6599192,,,,,,,,,,,,,,,5412.18,627,1.26,False,4,7.30029296875,0,686bd5b87fb088d69305,392b80c7d92712fa9184,
sky130hs,gcd,uniform,uniform,7,1.4,7418.79,602,7,False,5,1.1e-07,True,False,9750374,6559180,,,,,,,,,,,,,,,5460.13,629,1.26,False,4,7.30029296875,0,ab187c96a6b797d6d144,66965d29ba0e184b5ba5,
sky130hs,gcd,uniform,uniform,8,1.4,7368.341,598,7,False,5,1.1e-07,True,False,9753241,6565604,,,,,,,,,,,,,,,5450.54,630,1.26,False,4,7.30029296875,0,87aa8fd0c45aff90fce3,ce6e3783341efb61f06f,
sky130hs,gcd,uniform,uniform,9,1.4,7342.626,684,8,False,5,7e-08,True,False,9741233,6543789,,,,,,,,,,,,,,,5428.17,624,1.32,False,4,7.30029296875,0,6d4c0c9385b08b3c7ff1,9d3ed1398f10b14f8a66,
sky130hs,gcd,uniform,uniform,10,1.4,7427.83,762,9,False,5,1.1e-07,True,False,9764709,6525295,,,,,,,,,,,,,,,5549.64,637,1.31,False,4,7.30029296875,0,acde1e85686992051669,a274fe810f0ed2a3254d,
sky130hs,gcd,uniform,uniform,11,1.4,7570.239,688,8,False,5,1e-07,True,False,9758284,6578412,,,,,,,,,,,,,,,5525.67,636,1.22,False,4,7.19580078125,0,6e71777600d7ea15e4cf,760bb78ca8e55cf20ec4,
sky130hs,gcd,uniform,uniform,12,1.4,7379.586,769,9,False,5,9e-08,True,False,9763131,6565903,,,,,,,,,,,,,,,5439.36,633,1.25,False,4,7.19580078125,0,7c8728fe2fb5b1938ae2,636c8f722fb819e0bf84,
sky130hs,gcd,uniform,uniform,13,1.4,7292.868,605,7,False,5,1.1e-07,True,False,9772981,6575245,,,,,,,,,,,,,,,5429.76,628,1.28,False,4,7.19580078125,0,d45572ffde87e074e558,39f906ab17f4d80e5495,
sky130hs,gcd,uniform,uniform,14,1.4,7550.939,689,8,False,5,1e-07,True,False,9766514,6565824,,,,,,,,,,,,,,,5424.97,627,1.3,False,4,7.19580078125,0,047d89728a4db3e139e3,1cd34a8e0e8a642a4e55,
sky130hs,gcd,uniform,uniform,15,1.4,7047.281,693,7,False,5,1.1e-07,True,False,9766223,6556131,,,,,,,,,,,,,,,5423.37,631,1.29,False,4,7.19580078125,0,699507d99b2043c296b9,4d68c98b2d9a89f820a5,
sky130hs,gcd,uniform,uniform,16,1.4,7367.675,688,8,False,5,1.1e-07,True,False,9744983,6509777,,,,,,,,,,,,,,,5474.52,631,1.29,False,4,7.19580078125,0,d915fbda877a59890ba2,59d59c35fd672ac1b255,
sky130hs,gcd,uniform,uniform,17,1.4,7357.479,682,8,False,5,8e-08,True,False,9734601,6573245,,,,,,,,,,,,,,,5490.5,634,1.22,False,4,7.099609375,0,013ceddba288914de423,3b8d79a2c758031e5ba0,
sky130hs,gcd,uniform,uniform,18,1.4,7385.627,604,7,False,5,1e-07,True,False,9743082,6529013,,,,,,,,,,,,,,,5460.13,629,1.23,False,4,7.09130859375,0,e3ab2db14a5c71618f23,8ffa333a82450d44517e,
sky130hs,gcd,uniform,uniform,19,1.4,7406.892,595,7,False,5,1.1e-07,True,False,9759075,6549363,,,,,,,,,,,,,,,5464.93,629,1.24,False,4,7.09130859375,0,8f894f13d1c2a9e2d6a5,ea4d51bbba393dcf9d06,
sky130hs,gcd,uniform,uniform,20,1.4,7278.498,595,7,False,5,9e-08,True,False,9743773,6533825,,,,,,,,,,,,,,,5428.17,627,1.3,False,4,7.09130859375,0,34e42df0bfef16c14a0b,5b58c34cd56b7e67f9a2,
sky130hs,gcd,uniform,uniform,21,1.4,7274.739,595,7,False,5,1.1e-07,True,False,9747232,6538721,,,,,,,,,,,,,,,5420.17,628,1.28,False,4,7.09130859375,0,0a1cc1d953c942792617,6d19768097baef36cb06,
sky130hs,gcd,uniform,uniform,22,1.4,7641.463,934,11,False,5,1.1e-07,True,False,9765656,6602825,,,,,,,,,,,,,,,5479.32,636,1.32,False,4,7.09130859375,0,de13f2aedd2cd43a24e6,faa9483434827a421a8d,
sky130hs,gcd,uniform,uniform,23,1.4,7499.122,688,8,False,5,7e-08,True,False,9762685,6540282,,,,,,,,,,,,,,,5434.56,629,1.22,False,4,7.00390625,0,9945cc4679875b58330e,1b8b41ba545b6ba64a33,
sky130hs,gcd,uniform,uniform,24,1.4,7603.865,358,4,False,5,1.1e-07,True,False,9569724,6778271,,,,,,,,,,,,,,,5439.36,631,1.2,False,4,7.00390625,0,45daf5acecfc95af1909,06b497db9f3310dd970d,
sky130hs,gcd,uniform,uniform,25,1.4,7469.825,768,9,False,5,9e-08,True,False,9774302,6598079,,,,,,,,,,,,,,,5496.9,637,1.27,False,4,7.00390625,0,e9d2f1d5e36fe8f0e215,6ac4ed34874401a45be6,
sky130hs,gcd,uniform,uniform,26,1.4,7309.859,678,8,False,5,4e-08,True,False,9750624,6545749,,,,,,,,,,,,,,,5431.36,627,1.27,False,4,7.00390625,0,30ecadcb34ae3c5d8e69,60308cf3c31c494c6836,
sky130hs,gcd,uniform,uniform,27,1.4,7328.528,680,8,False,5,1.1e-07,True,False,9751841,6564038,,,,,,,,,,,,,,,5399.4,630,1.27,False,4,7.00390625,0,c2a6b50ae1ba890ae8b2,608adf4a315e1c9e6027,
sky130hs,gcd,uniform,uniform,28,1.4,7293.444,685,8,False,5,1.1e-07,True,False,9741707,6527633,,,,,,,,,,,,,,,5404.19,623,1.28,False,4,7.00390625,0,d99e3ff433db31588daa,20831325a63dbe1e141e,
sky130hs,gcd,uniform,uniform,29,1.4,7144.807,598,7,False,5,8e-08,True,False,9762896,6546632,,,,,,,,,,,,,,,5377.02,627,1.2,False,4,7.564453125,0,2a34db4a5da98ee73bb5,e9be5c4f054dc66cfb83,
sky130hs,gcd,uniform,uniform,30,1.4,7332.578,770,9,False,5,1.2e-07,True,False,9752743,6524606,,,,,,,,,,,,,,,5468.13,625,1.22,False,4,7.564453125,0,f90424e299a54159ff44,084532fea93197fddecd,
sky130hs,gcd,uniform,uniform,31,1.4,7246.808,674,8,False,5,1.1e-07,True,False,9759449,6567183,,,,,,,,,,,,,,,5448.95,633,1.28,False,4,7.564453125,0,9657105a439e98df4fe9,34edfc066d6fc252b664,
sky130hs,gcd,uniform,uniform,32,1.4,7313.95,684,8,False,5,1.2e-07,True,False,9756193,6558340,,,,,,,,,,,,,,,5442.55,626,1.26,False,4,7.564453125,0,494055e7ad032aa22bb9,533cc7d4126d5b90fe94,
