platform,design,arm,arm_witnessed,seed,clk_period,gp_hpwl_final,gp_iterations,gp_segments,diverge_revert,ip_iterations,ip_residual,ip_converged,ip_hit_cap,ip_hpwl_first,ip_hpwl_last,src_odb_3_1,src_core_3_1,src_odb_3_3,src_core_3_3,min_period_wns,setup_ws,setup_tns,hold_ws,wirelength,grt_usage_pct,grt_overflow,grt_max_layer_usage_pct,grt_congested,drc,place_area,place_instances,gp_wall_s,serial,cores,loadavg_at_start,status,place_gp_sha1,skip_io_sha1,grt_sha1
asap7,aes,anchored,anchored,1,380.0,39438.15,381,4,False,5,3.19e-06,True,False,43214009,20396827,,,,,389.33109,-9.33109,-152.297,37.1573,688611,23.48,0,36.01,False,0,1399.05,12532,9.56,False,4,20.29248046875,0,d03f75e63a7a36095b04,58b625cc36bc7d6872cc,4f339cccf67ff48bd668
asap7,aes,anchored,anchored,2,380.0,40375.3,382,4,False,5,4.1e-06,True,False,43091393,20362744,,,,,393.6527,-13.6527,-160.502,37.1984,699863,23.84,0,36.69,False,0,1405.19,12622,9.65,False,4,19.38818359375,0,617dfa859c3f93f8f170,ef81d7026354dbba9b8d,556b6ea60c06027cff69
asap7,aes,anchored,anchored,3,380.0,40650.41,382,4,False,5,3.37e-06,True,False,43081869,20423354,,,,,395.795,-15.795,-278.507,36.8231,704189,24.09,0,36.43,False,0,1407.29,12644,12.1,False,4,19.623046875,0,f9448357bc80f43474e9,1a6c6124751598a89f32,d314f187e191444c835f
asap7,aes,anchored,anchored,4,380.0,39108.56,378,4,False,5,7.2e-07,True,False,43110391,20552725,,,,,393.1199,-13.1199,-219.618,35.806,684678,23.26,0,36.18,False,0,1407.32,12639,9.81,False,4,20.6298828125,0,e6fcf51c5d23a31b34dd,ddc34ba129d400a8a3d0,5aae16b1b8510ddbe155
asap7,aes,anchored,anchored,5,380.0,40019.4,381,4,False,5,2.9e-06,True,False,43037377,20495467,,,,,394.6314,-14.6314,-194.696,37.7019,695006,23.64,0,35.17,False,0,1406.3,12628,9.86,False,4,20.6298828125,0,af59f734c437b53ab1b5,5968f8b95a043699abd0,f15c0128ffc9d4f3c067
asap7,aes,anchored,anchored,6,380.0,40164.99,380,4,False,5,1.43e-06,True,False,43000052,20677159,,,,,390.8258,-10.8258,-74.5296,37.2925,693963,23.69,0,37.61,False,0,1403.69,12605,9.85,False,4,20.4189453125,0,c0ebbed1547c36db3310,292824eb355a81946efc,4d4ab2ff5168285434a6
asap7,aes,anchored,anchored,7,380.0,40472.2,383,4,False,5,1.03e-06,True,False,42968113,20602682,,,,,387.75294,-7.75294,-72.0637,36.9738,696842,23.85,0,38.11,False,0,1406.71,12618,9.48,False,4,19.0439453125,0,9b090d32a27a23446437,686015f949922040ab0d,1f29b83d8fd3eccfb8cc
asap7,aes,anchored,anchored,8,380.0,40055.55,380,4,False,5,1.81e-06,True,False,43080481,20687343,,,,,395.1814,-15.1814,-248.789,37.1316,694824,23.71,0,36.01,False,0,1419.6,12762,9.61,False,4,18.6396484375,0,5e14896be3296efe2136,9bb124e303c6ba6dbe8e,bef23143d009e0b1899e
asap7,aes,odb,odb,1,380.0,39385.13,366,4,False,5,1.37e-06,True,False,42785389,20681020,,,,,387.07509,-7.07509,-45.2668,37.3892,684461,23.39,0,36.76,False,0,1394.17,12492,9.62,False,4,19.37548828125,0,3073423760d1a1a568ea,eb1c7da44d1c908cec05,5aaaf723612f427a54a1
asap7,aes,odb,odb,2,380.0,39254.77,369,4,False,5,3.67e-06,True,False,42802712,20732417,,,,,398.1629,-18.1629,-361.713,37.0556,685094,23.23,0,35.3,False,0,1393.54,12495,9.78,False,4,19.37548828125,0,dcd712953657ee19b2ac,0705e1834b2f1579947a,bf9417dad4b5cc46e8d5
asap7,aes,odb,odb,3,380.0,38920.64,368,4,False,5,1.39e-06,True,False,42880984,20778616,,,,,391.8233,-11.8233,-134.045,37.5533,679303,23.1,0,35.74,False,0,1389.04,12452,9.35,False,4,19.37548828125,0,95efdd6ad8472edeaa19,ee5b6cd2843ef43ead07,ff02c0a6fbe5ff425a46
asap7,aes,odb,odb,4,380.0,38963.91,367,4,False,5,2.19e-06,True,False,42839486,20712330,,,,,391.4098,-11.4098,-165.625,36.2917,685824,23.26,0,35.01,False,0,1391.43,12454,9.69,False,4,18.78466796875,0,d9a18626c42a1905ffec,2d5276b25dc6f53a6e99,51d9e13b90aac6e3c80b
asap7,aes,odb,odb,5,380.0,39359.08,367,4,False,5,3.34e-06,True,False,42798099,20783567,,,,,391.23199999999997,-11.232,-107.671,36.9263,683110,23.32,0,36.91,False,0,1395.98,12506,10.55,False,4,21.40625,0,df605a28f9d99c35cbf0,aca4565f80af8677e3ff,79d9d67ad669430414cd
asap7,aes,odb,odb,6,380.0,39022.23,368,4,False,5,7.76e-06,True,False,42888242,20631632,,,,,389.5097,-9.5097,-109.203,36.9939,679536,23.09,0,36.63,False,0,1405.57,12607,10.39,False,4,21.37353515625,0,123e54637c431d4da2ac,0ff6cf62ad301a87121a,742b21744af901bb5df9
asap7,aes,odb,odb,7,380.0,39192.6,370,4,False,5,1.04e-06,True,False,42672115,20671879,,,,,393.8394,-13.8394,-137.562,35.4843,685761,23.35,0,36.14,False,0,1397.35,12543,10.08,False,4,21.10302734375,0,0ced39a4cc2c57f9e1ef,f597cc7165b300d2e23b,711a7f2a10fabd6238e2
asap7,aes,odb,odb,8,380.0,39509.66,369,4,False,5,3.96e-06,True,False,42946307,20692776,,,,,391.0604,-11.0604,-197.943,36.1864,689637,23.43,0,38.44,False,0,1392.83,12488,9.78,False,4,21.0146484375,0,06d4a7345341ebe4b5af,cf7846ff94f689cc148f,118b2a8eedd58b27f1d6
asap7,aes,shipped,shipped,1,380.0,39372.46,386,4,False,5,5.45e-06,True,False,42785389,20531625,1059,10027,0,10414,384.77962,-4.77962,-34.4994,36.4898,686337,23.38,0,37.5,False,0,1394.26,12493,10.02,False,4,11.029296875,0,79cff97d14b966d4c78c,eb1c7da44d1c908cec05,de5b7477dac8c0b96048
asap7,aes,shipped,shipped,2,380.0,39251.25,387,4,False,5,1.92e-06,True,False,42802712,20545180,1059,10027,0,10414,395.4764,-15.4764,-412.318,37.0242,685727,23.23,0,35.46,False,0,1404.27,12591,9.75,False,4,11.029296875,0,6ba55e2091790d50a74a,0705e1834b2f1579947a,bd8581c37baa4797432d
asap7,aes,shipped,shipped,3,380.0,39243.02,388,4,False,5,5.79e-06,True,False,42880984,20533968,1059,10027,0,10414,398.6252,-18.6252,-293.388,37.1379,681731,23.19,0,35.75,False,0,1393.53,12488,9.96,False,4,11.029296875,0,5ed82cf4bb61fe195091,ee5b6cd2843ef43ead07,cdd3ac6a097166fc2ca0
asap7,aes,shipped,shipped,4,380.0,39235.42,387,4,False,5,5.66e-06,True,False,42839486,20479677,1059,10027,0,10414,392.2469,-12.2469,-179.273,36.6965,685715,23.3,0,35.96,False,0,1400.15,12553,10.14,False,4,11.029296875,0,7e29dfbe0b3cf6718f64,2d5276b25dc6f53a6e99,9c32f232c4e463d32c77
asap7,aes,shipped,shipped,5,380.0,39030.67,386,4,False,5,2.2e-06,True,False,42798099,20603649,1059,10027,0,10414,395.6634,-15.6634,-147.827,37.1115,681805,23.25,0,36.14,False,0,1394.46,12504,10.17,False,4,11.029296875,0,2f0f0ae793f3eed87b57,aca4565f80af8677e3ff,36cae5008acdf44c0710
asap7,aes,shipped,shipped,6,380.0,38512.79,386,4,False,5,2.39e-06,True,False,42888242,20371140,1059,10027,0,10414,387.5728,-7.5728,-75.6201,36.3722,677741,23.05,0,37.33,False,0,1400.23,12552,10.17,False,4,11.029296875,0,e597c6ead5f8d711268a,0ff6cf62ad301a87121a,7632458ac39c7956aa44
asap7,aes,shipped,shipped,7,380.0,39128.81,386,4,False,5,4.75e-06,True,False,42672115,20486255,1059,10027,0,10414,388.80321,-8.80321,-130.009,36.2695,687471,23.39,0,36.69,False,0,1397.17,12531,10.15,False,4,19.19775390625,0,3aeecb1846e149c03d41,f597cc7165b300d2e23b,0425eb7fe83c3d3b1373
asap7,aes,shipped,shipped,8,380.0,39063.19,387,4,False,5,1.81e-06,True,False,42946307,20498882,1059,10027,0,10414,392.1586,-12.1586,-114.494,36.3744,682797,23.29,0,37.63,False,0,1380.49,12343,9.55,False,4,19.58251953125,0,a76e504b071be8e01a62,cf7846ff94f689cc148f,d746579da3c34f41a90c
asap7,aes,spread,spread,1,380.0,39857.89,376,4,False,5,4.4e-06,True,False,42810864,20762110,,,,,392.1408,-12.1408,-148.992,36.4531,693097,23.73,0,35.83,False,0,1395.47,12501,11.98,False,4,19.50927734375,0,503a82b239368b86f6a1,1fe84e7a46613681b480,3f070aefa3890d1345f1
asap7,aes,spread,spread,2,380.0,40873.3,375,4,False,5,2.14e-06,True,False,43027398,20775913,,,,,400.153,-20.153,-271.653,37.4458,708378,24.25,0,36.21,False,0,1412.19,12676,9.92,False,4,19.537109375,0,ec848b0b27f7131d67e7,04eaa43269862906ca97,c1c149dd462c69d81de7
asap7,aes,spread,spread,3,380.0,39182.14,374,4,False,5,3.04e-06,True,False,42981714,20699811,,,,,392.7044,-12.7044,-261.184,36.534,686576,23.27,0,35.77,False,0,1393.37,12473,9.86,False,4,19.41357421875,0,7290297a9f4447acb522,4b64835f13cd59da34d5,b8b36396289cef790795
asap7,aes,spread,spread,4,380.0,40436.67,377,4,False,5,2.62e-06,True,False,42915978,20815622,,,,,399.7958,-19.7958,-282.135,35.7563,704269,24.03,0,35.59,False,0,1408.11,12642,9.97,False,4,18.81982421875,0,b21a6ead3eb1547991f6,47ee09185e9d9f0b33db,c18ac43240491c79ef36
asap7,aes,spread,spread,5,380.0,39644.39,375,4,False,5,2.52e-06,True,False,42918764,20795596,,,,,388.88831,-8.88831,-77.4126,37.1962,687511,23.52,0,35.57,False,0,1387.55,12423,9.5,False,4,18.2734375,0,655d8d5d96c95a7e5940,ed27d291c37b8d449568,649983fcd3dbccf20366
asap7,aes,spread,spread,6,380.0,39420.24,374,4,False,5,4.23e-06,True,False,42957792,20701234,,,,,389.95176,-9.95176,-151.245,36.983,689107,23.5,0,35.63,False,0,1394.96,12489,10.61,False,4,17.77099609375,0,d181f2fc468aad015d59,92f9d5fea36ecb8bb2bb,3fd2d139bf61ea49e375
asap7,aes,spread,spread,7,380.0,40064.89,377,4,False,5,3.42e-06,True,False,43010407,20766239,,,,,396.7118,-16.7118,-163.429,36.8743,699156,23.83,0,36.05,False,0,1391.98,12477,12.06,False,4,19.02880859375,0,55ea91efce9632dbb3f9,e0e1747fa42ebc3b6e76,a24baf682a133890d98a
asap7,aes,spread,spread,8,380.0,39412.09,374,4,False,5,5.84e-06,True,False,42953641,20709589,,,,,407.7687,-27.7687,-389.86,37.1493,690338,23.43,0,34.51,False,0,1391.85,12465,9.91,False,4,20.3349609375,0,6bc311061f8e1f5fc55f,93d4e7658808da5e32af,409a40384c70b5d6db7b
asap7,ethmac,anchored,anchored,1,1000.0,144411.8,498,4,False,20,6.086e-05,False,True,160254382,64163930,,,,,1092.0317,-92.0317,-1778.95,24.3745,286558,20.41,0,43.69,False,0,7574.19,59735,44.86,False,4,16.96240234375,0,42e42e5af8c33beb2738,720ccbc91b3b554b2f8f,21499dfe33eb1562fe5a
asap7,ethmac,anchored,anchored,2,1000.0,144604.9,499,4,False,20,5.67e-05,False,True,160091497,64041305,,,,,1093.4195,-93.4195,-1708.68,20.7187,287481,20.54,0,43.63,False,0,7573.81,59730,43.95,False,4,15.1123046875,0,c6805dd6acb30038fbaa,66c4de12ce5405d5aa45,fa15e460c43115b51475
asap7,ethmac,anchored,anchored,3,1000.0,145799.6,498,4,False,20,4.337e-05,False,True,160333508,64357134,,,,,1090.2476,-90.2476,-1846.83,20.7177,289504,20.64,0,45.57,False,0,7572.12,59712,46.49,False,4,19.28076171875,0,e360b008ef68900542de,d89457bb286dc538db39,42c891cf1b7c37882349
asap7,ethmac,anchored,anchored,4,1000.0,146125.7,498,4,False,20,4.774e-05,False,True,160503947,64325896,,,,,1088.9852,-88.9852,-1587.52,21.0983,288911,20.65,0,44.49,False,0,7574.34,59736,46.24,False,4,18.8623046875,0,24514fdb6b8702ad9483,e79dc20adbc5d06a8858,9d3c9e1106df3de21c8d
asap7,ethmac,anchored,anchored,5,1000.0,147114.5,499,4,False,20,4.803e-05,False,True,160363587,64394907,,,,,1090.7035,-90.7035,-1898.09,25.0179,290063,20.77,0,44.64,False,0,7577.14,59768,46.54,False,4,17.97802734375,0,06d18965c58d79a9aaa4,99138dd0325cac8c973e,7551f6da9f5f5eef5cb8
asap7,ethmac,anchored,anchored,6,1000.0,145028.9,499,4,False,20,5.28e-05,False,True,160302164,64242026,,,,,1094.6105,-94.6105,-2005.01,20.7091,287585,20.55,0,43.69,False,0,7574.05,59730,45.39,False,4,17.4990234375,0,50d8c7434d9d9c1774ea,44bab075765a3d20f312,9e2e7b01ef4d925709c1
asap7,ethmac,anchored,anchored,7,1000.0,145172.3,498,4,False,20,4.272e-05,False,True,160319319,64221285,,,,,1093.8921,-93.8921,-1978.05,25.5527,288184,20.55,0,43.34,False,0,7575.16,59746,44.62,False,4,15.8837890625,0,82383b8059887eb1a019,ca712fe4a641158f0ae9,d7a7dbed1cefc7e3a44f
asap7,ethmac,anchored,anchored,8,1000.0,142919.4,499,4,False,20,4.167e-05,False,True,160229625,64404963,,,,,1094.3138,-94.3138,-1789.83,25.3655,284765,20.24,0,44.21,False,0,7575.88,59751,43.85,False,4,13.1123046875,0,b72f5b99d9569d1546b8,8356d577df18e93dd6e4,5d96e9f433e4c3f4ca4c
asap7,ethmac,odb,odb,1,1000.0,143755.9,499,4,False,20,5.826e-05,False,True,160254382,64348215,,,,,1093.0643,-93.0643,-1736.34,26.1496,285957,20.36,0,43.75,False,0,7575.88,59755,46.17,False,4,17.25634765625,0,fcbcba980f683e22e0c8,720ccbc91b3b554b2f8f,0833b54e8f0bf79d576c
asap7,ethmac,odb,odb,2,1000.0,143295.4,500,4,False,20,4.794e-05,False,True,160091497,64164229,,,,,1093.1979000000001,-93.1979,-1743.54,28.2764,286659,20.41,0,43.71,False,0,7577.43,59772,46.14,False,4,17.25634765625,0,84d1fbc02df5fc358f7e,66c4de12ce5405d5aa45,18384c3466dd48168085
asap7,ethmac,odb,odb,3,1000.0,144049.8,499,4,False,20,4.45e-05,False,True,160333508,64531536,,,,,1095.2105,-95.2105,-1721.09,23.1561,287010,20.38,0,45.46,False,0,7577.26,59772,46.15,False,4,16.68798828125,0,7bac560987c84a49ffe6,d89457bb286dc538db39,d0eaa655f7686a4942a6
asap7,ethmac,odb,odb,4,1000.0,145239.6,499,4,False,20,5.591e-05,False,True,160503947,64515610,,,,,1103.944,-103.944,-2009.4,27.6525,288201,20.6,0,43.71,False,0,7574.63,59740,44.62,False,4,16.3125,0,cfa9c3294ac0d2d06758,e79dc20adbc5d06a8858,1d3e3deb47bb37715c9c
asap7,ethmac,odb,odb,5,1000.0,144447.1,499,4,False,20,4.431e-05,False,True,160363587,64563148,,,,,1097.1273,-97.1273,-1744,20.9333,288254,20.55,0,44.44,False,0,7578.68,59785,46.87,False,4,19.2421875,0,155147db2735f301bad6,99138dd0325cac8c973e,f390fcf7adead2524dee
asap7,ethmac,odb,odb,6,1000.0,145174.6,499,4,False,20,4.958e-05,False,True,160302164,64417535,,,,,1093.4135,-93.4135,-1616.81,26.528,287655,20.53,0,44.03,False,0,7576,59755,48.67,False,4,19.2421875,0,0b01f59baaab2aa97430,44bab075765a3d20f312,017a51ee195a2ea969fb
asap7,ethmac,odb,odb,7,1000.0,145906.0,500,4,False,20,4.736e-05,False,True,160319319,64458287,,,,,1094.9174,-94.9174,-1615.67,26.1504,288799,20.64,0,44.04,False,0,7577.61,59770,46.35,False,4,17.34765625,0,3999bf492c425eb1c067,ca712fe4a641158f0ae9,c2dc7815fea15586aa27
asap7,ethmac,odb,odb,8,1000.0,143445.3,499,4,False,20,4.481e-05,False,True,160229625,64611825,,,,,1102.575,-102.575,-1837.46,25.4286,285715,20.31,0,44.23,False,0,7573.93,59730,46.17,False,4,17.34765625,0,f809c3abdadeec032422,8356d577df18e93dd6e4,5d1bf052c17e0fc97410
asap7,ethmac,shipped,shipped,1,1000.0,144366.0,499,4,False,20,5.478e-05,False,True,160254382,64165157,0,57242,0,52745,1098.8246,-98.8246,-1829.71,26.2593,287372,20.52,0,43.49,False,0,7575.97,59756,53.47,False,4,6.6591796875,0,426a23122b71d1c414f5,720ccbc91b3b554b2f8f,475c744da884c861d1f7
asap7,ethmac,shipped,shipped,2,1000.0,144697.9,499,4,False,20,6.235e-05,False,True,160091497,64044474,0,57242,0,52745,1093.5834,-93.5834,-1770.89,28.1976,287258,20.51,0,43.85,False,0,7573.41,59726,52.25,False,4,6.6591796875,0,21c1876a7d4d27b1a072,66c4de12ce5405d5aa45,6393e9e568a50c77a073
asap7,ethmac,shipped,shipped,3,1000.0,144756.1,498,4,False,20,4.809e-05,False,True,160333508,64348010,0,57242,0,52745,1089.7172,-89.7172,-1840.79,21.5662,288035,20.55,0,43.88,False,0,7578.1,59779,52.79,False,4,6.6591796875,0,16aa07e4ebbafcc1ef51,d89457bb286dc538db39,6408f1ce6f3a5409bd32
asap7,ethmac,shipped,shipped,4,1000.0,144877.4,498,4,False,20,4.134e-05,False,True,160503947,64244260,0,57242,0,52745,1094.3952,-94.3952,-1865.51,28.4509,287115,20.48,0,43.82,False,0,7574.16,59736,53.29,False,4,6.6591796875,0,75cdd3750c9da40a376f,e79dc20adbc5d06a8858,ebfb78931eee41382569
asap7,ethmac,shipped,shipped,5,1000.0,145658.6,498,4,False,20,4.697e-05,False,True,160363587,64387158,0,57242,0,52745,1095.3433,-95.3433,-1885.28,25.9025,289756,20.66,0,45.99,False,0,7574.22,59734,49.18,False,4,6.6591796875,0,21e96fac41f526d69538,99138dd0325cac8c973e,4ef75097c227149e65f0
asap7,ethmac,shipped,shipped,6,1000.0,145365.1,498,4,False,20,4.993e-05,False,True,160302164,64234745,0,57242,0,52745,1089.4094,-89.4094,-1594.76,26.8164,288195,20.59,0,44.17,False,0,7574.31,59733,52.33,False,4,6.6591796875,0,3cbadf7ce1f503a47a03,44bab075765a3d20f312,ba6ff701fa7720a0f17a
asap7,ethmac,shipped,shipped,7,1000.0,145261.0,498,4,False,20,5.089e-05,False,True,160319319,64279861,0,57242,0,52745,1089.616,-89.616,-1680.21,22.0828,288323,20.59,0,43.85,False,0,7574.69,59740,48.56,False,4,18.7568359375,0,eb047da9f26f1d1d3194,ca712fe4a641158f0ae9,4442615f8b2a24af6913
asap7,ethmac,shipped,shipped,8,1000.0,142967.5,498,4,False,20,4.395e-05,False,True,160229625,64411403,0,57242,0,52745,1094.9270999999999,-94.9271,-1817.78,20.2651,284917,20.24,0,44.16,False,0,7575.51,59750,48.43,False,4,17.97509765625,0,f9043d495845f8faea69,8356d577df18e93dd6e4,cdfcd30eb40cc798c785
asap7,ethmac,spread,spread,1,1000.0,150426.3,464,4,False,20,4.602e-05,False,True,176597372,71579874,,,,,1087.1834,-87.1834,-1867.98,25.6626,291415,20.93,0,44.7,False,0,7576.23,59757,46.74,False,4,20.5869140625,0,bfc05aea9f50abbcca50,c3f9b9f30ecad64c1e7c,195e7116af681d1d16fe
asap7,ethmac,spread,spread,2,1000.0,153080.3,466,4,False,20,0.00019364,False,True,175370452,71100902,,,,,1089.3406,-89.3406,-1754.6,26.8416,295252,21.38,0,43.37,False,0,7577.46,59769,46.39,False,4,18.67822265625,0,5bacdbe60058a738d049,dc2f4a3626b0f1b39c74,10d2fb0ee4167390b7ac
asap7,ethmac,spread,spread,3,1000.0,150805.7,465,4,False,20,7.459e-05,False,True,176489357,71373211,,,,,1086.6887,-86.6887,-1823.95,28.3401,293390,21.13,0,44.55,False,0,7573.73,59727,45.29,False,4,18.083984375,0,1bc7b7c4a38501bc7f71,18c14894027e435238c1,d986ccd9aa32bfe24a8e
asap7,ethmac,spread,spread,4,1000.0,151022.4,477,4,False,20,3.258e-05,False,True,177350035,69888394,,,,,1082.4074,-82.4074,-1499.28,27.3593,294153,21.22,0,44.3,False,0,7576.35,59759,45.23,False,4,18.083984375,0,090db0a5c023f4969278,3b2890d809fb030069c8,68d73479f863d9b8ec74
asap7,ethmac,spread,spread,5,1000.0,150804.7,466,4,False,20,0.00011214,False,True,176162369,71583378,,,,,1088.8189,-88.8189,-1620.85,26.2097,292256,21.01,0,44.37,False,0,7576.5,59764,42.92,False,4,15.3037109375,0,de5a952fde4fb378fd3f,d260f595ac93c070edeb,98aa21190628a6e8594b
asap7,ethmac,spread,spread,6,1000.0,149280.2,465,4,False,20,0.00011368,False,True,176627604,71581921,,,,,1086.5117,-86.5117,-1671.45,25.8222,291117,20.9,0,43.73,False,0,7575.62,59750,43.78,False,4,12.3857421875,0,5e02b36c8c5006f6481d,6d79218a3afddfe63e39,1e80145e9c34d84c5b30
asap7,ethmac,spread,spread,7,1000.0,152275.7,467,4,False,20,0.00017024,False,True,176187891,71412038,,,,,1087.7829,-87.7829,-1908.72,19.685,295326,21.33,0,44.56,False,0,7576.76,59761,46.66,False,4,20.05517578125,0,1f19f13c3e31a832a6b4,24d3529f60962189a976,c08ad4e79908ca4a62d0
asap7,ethmac,spread,spread,8,1000.0,152113.5,466,4,False,20,0.00017312,False,True,176562122,71527076,,,,,1084.624,-84.624,-1562.72,25.9561,294311,21.23,0,44.78,False,0,7578.95,59786,44.97,False,4,19.58154296875,0,51e8aec036fd5105646b,04c0eee3918230b46fa8,929f4cb84503fd3d9035
asap7,gcd,anchored,anchored,1,310.0,522.617,325,4,False,5,1.1e-07,True,False,732217,647084,,,,,359.8101,-49.8101,-168.523,44.0397,12123,12.18,0,23.56,False,0,43.9004,410,1.24,False,4,5.09716796875,0,f96b393f448bec4cc947,44c347fa8ca23e8e8614,6e9875888227d20f97c7
asap7,gcd,anchored,anchored,2,310.0,527.169,322,4,False,5,9e-08,True,False,730342,644744,,,,,358.1478,-48.1478,-157.848,43.9259,12448,12.49,0,20.74,False,0,44.2211,413,1.22,False,4,5.09716796875,0,6e98444a602515730d65,c1afea4a45a88a9c3f9f,b4140998cd0975e6b4b0
asap7,gcd,anchored,anchored,3,310.0,517.922,319,4,False,5,1.1e-07,True,False,732614,646235,,,,,359.8644,-49.8644,-148.421,43.5947,12072,12.2,0,21.92,False,0,43.9004,410,1.21,False,4,6.73974609375,0,ca7ff7631ac4503c2256,060dc47391467c8797ec,dda915c8f48588a15f6b
asap7,gcd,anchored,anchored,4,310.0,508.432,321,4,False,5,1.1e-07,True,False,729222,642437,,,,,359.8609,-49.8609,-144.19,43.9298,11992,12.14,0,21.97,False,0,43.9587,410,1.21,False,4,6.73974609375,0,626d9802226438a20de9,0527371f65d46d0a0144,f3212a73cc94b3b14c06
asap7,gcd,anchored,anchored,5,310.0,526.34,324,4,False,5,1.1e-07,True,False,728416,642502,,,,,359.7972,-49.7972,-168.783,44.0898,11833,12.05,0,21.84,False,0,43.9587,410,1.23,False,4,6.73974609375,0,95b212c662d50cde6de6,1a222c1edaa1b43e8a1f,0f1408e65875902a2893
asap7,gcd,anchored,anchored,6,310.0,507.472,325,4,False,5,1.2e-07,True,False,728526,644780,,,,,357.8091,-47.8091,-139.741,44.199,11873,11.92,0,20.96,False,0,43.9587,410,1.22,False,4,6.73974609375,0,5fbb735803bd6cf8c0ea,a45419c5944b81fad1af,ea18e0fa07a43455cac8
asap7,gcd,anchored,anchored,7,310.0,521.095,322,4,False,5,1e-07,True,False,728765,646312,,,,,357.6531,-47.6531,-165.719,44.769,12260,12.29,0,21.52,False,0,43.8129,409,1.24,False,4,6.73974609375,0,be1de3052bece6e156e2,7eccc6b8730b0b733029,dd941d2169556a53de98
asap7,gcd,anchored,anchored,8,310.0,521.369,327,4,False,5,1.1e-07,True,False,728985,642873,,,,,361.9059,-51.9059,-159.24,44.873,12078,12.11,0,21.68,False,0,44.0753,412,1.24,False,4,6.73974609375,0,b08612f1f26cd7b79b51,8747fc157d9dc227eac1,895e284323a7bc2a7b9c
asap7,gcd,odb,odb,1,310.0,519.731,316,4,False,5,8e-08,True,False,721133,641464,,,,,358.4616,-48.4616,-153.359,43.5249,12038,12.1,0,22.88,False,0,43.9004,410,1.22,False,4,4.0625,0,8d9e80a85a3464894b8f,2d554c1abd4dad0ef796,103841ab4cfdb25c2b0f
asap7,gcd,odb,odb,2,310.0,523.557,323,4,False,5,9e-08,True,False,725246,639533,,,,,359.8738,-49.8738,-148.203,42.7084,12192,12.41,0,22.48,False,0,43.8129,409,1.22,False,4,4.0625,0,8896b3916003685400f7,2ba908cfb053bbf1b045,a4a678799f2eb5b12a9a
asap7,gcd,odb,odb,3,310.0,518.341,321,4,False,5,1.1e-07,True,False,722082,642567,,,,,362.4005,-52.4005,-181.296,43.983,12289,12.53,0,25.37,False,0,43.7837,408,1.23,False,4,4.0625,0,d80d3e18eeee40760e2d,15a95570da0f4622207a,23b0e98e1c428c02f66d
asap7,gcd,odb,odb,4,310.0,530.909,321,4,False,5,1e-07,True,False,723834,641506,,,,,356.5787,-46.5787,-131.512,43.6273,11981,12.13,0,24.29,False,0,43.8129,409,1.24,False,4,4.0625,0,0889357d15848d3f16dc,b8f9ae9b3a408ae5f066,bee2f14377337fdda0f1
asap7,gcd,odb,odb,5,310.0,531.972,323,4,False,5,1e-07,True,False,723243,646594,,,,,358.3005,-48.3005,-155.864,43.7944,12984,12.64,0,22.91,False,0,44.1337,412,1.23,False,4,5.09716796875,0,d1e75a6d3ad7d3884aff,0fe09ca997f806499c41,a7e5b5b5b08a88cc9307
asap7,gcd,odb,odb,6,310.0,516.892,317,4,False,5,1e-07,True,False,722727,640888,,,,,359.9602,-49.9602,-168.272,43.0284,12175,12.29,0,22.09,False,0,43.7837,408,1.21,False,4,5.09716796875,0,7562a37e1ad8f3126a6a,605cb056170d96b38adb,14a2801bef2d025d8e63
asap7,gcd,odb,odb,7,310.0,521.22,320,4,False,5,1e-07,True,False,723368,644595,,,,,358.1216,-48.1216,-164.689,43.9721,12602,12.5,0,20.74,False,0,43.8712,409,1.24,False,4,5.09716796875,0,61e3d7fef31b37b10290,63f3539ed50eec3af17b,53b03f7395fc4761927d
asap7,gcd,odb,odb,8,310.0,523.982,326,4,False,5,1.2e-07,True,False,725371,644456,,,,,356.9369,-46.9369,-135.836,44.2007,12220,12.38,0,24.6,False,0,43.7254,408,1.24,False,4,5.09716796875,0,2361d04aba43c72f8e48,db5b450928d34daefdd1,e1b036208ff01fe8eeb9
asap7,gcd,shipped,shipped,1,310.0,528.717,317,4,False,5,1.1e-07,True,False,721133,637513,43,261,0,314,360.325,-50.325,-168.151,43.4907,12220,12.48,0,24.34,False,0,43.9879,411,1.3,False,4,1.47705078125,0,734947984bd3fee97b5f,2d554c1abd4dad0ef796,4fec93236c1b8fd225c5
asap7,gcd,shipped,shipped,2,310.0,527.358,320,4,False,5,1e-07,True,False,725246,636629,43,261,0,314,357.8239,-47.8239,-137.242,42.4241,12585,12.74,0,28.39,False,0,44.2503,414,1.27,False,4,1.47705078125,0,c285857f21f59105bd33,2ba908cfb053bbf1b045,8a5fbcec1842496b178d
asap7,gcd,shipped,shipped,3,310.0,518.253,321,4,False,5,1.2e-07,True,False,722082,638240,43,261,0,314,360.1032,-50.1032,-147.968,43.2192,12152,12.2,0,21.66,False,0,43.7837,408,1.28,False,4,1.47705078125,0,884fa81ba3ef1f49c761,15a95570da0f4622207a,721bd70f4d7baa9c7d38
asap7,gcd,shipped,shipped,4,310.0,519.543,320,4,False,5,1e-07,True,False,723834,637872,43,261,0,314,359.3727,-49.3727,-160.058,43.1503,12448,12.56,0,23.79,False,0,43.7254,408,1.27,False,4,1.47705078125,0,461601694cb39ef5e44d,b8f9ae9b3a408ae5f066,d3e09a818bf89c52ba85
asap7,gcd,shipped,shipped,5,310.0,519.641,320,4,False,5,1.1e-07,True,False,723243,641345,43,261,0,314,360.3061,-50.3061,-162.964,43.2373,12084,12.32,0,24.71,False,0,43.9587,410,1.26,False,4,1.47705078125,0,0ea320d86a012750a368,0fe09ca997f806499c41,bf985c3fe4a31a06aa9e
asap7,gcd,shipped,shipped,6,310.0,520.885,322,4,False,5,1e-07,True,False,722727,635939,43,261,0,314,358.8277,-48.8277,-159.872,43.3452,12232,12.34,0,22.19,False,0,43.9587,410,1.25,False,4,1.47705078125,0,955defa08cbfe0508c71,605cb056170d96b38adb,156425d680cd985cb988
asap7,gcd,shipped,shipped,7,310.0,512.908,319,4,False,5,1.1e-07,True,False,723368,638688,43,261,0,314,359.3086,-49.3086,-162.196,43.8073,12072,12.25,0,24.23,False,0,43.9004,410,1.21,False,4,4.0625,0,4190ad315c53591dde91,63f3539ed50eec3af17b,18dc3527b38af46a865f
asap7,gcd,shipped,shipped,8,310.0,543.254,325,4,False,5,1.1e-07,True,False,725371,639567,43,261,0,314,362.324,-52.324,-170.744,43.658,12118,12.19,0,21.85,False,0,44.1337,412,1.2,False,4,4.0625,0,02b0ce6f412e51d7556d,db5b450928d34daefdd1,11dd0c9f9c333bd70c21
asap7,gcd,spread,spread,1,310.0,528.348,331,4,False,5,1e-07,True,False,740212,644918,,,,,360.7723,-50.7723,-175.183,43.857,12540,12.77,0,22.87,False,0,43.9004,410,1.22,False,4,6.8466796875,0,a9509d6835400ed8c199,1719115dfdf41de1a49b,e7e43be78f0dfc59e312
asap7,gcd,spread,spread,2,310.0,537.264,333,4,False,5,5e-08,True,False,738976,648051,,,,,360.2994,-50.2994,-171.498,43.2364,12397,12.52,0,25.42,False,0,44.0753,412,1.23,False,4,6.8466796875,0,4adb7000fa9ef6b61dfc,8d911036f52edebed31e,7d2f9bc5693c5a546307
asap7,gcd,spread,spread,3,310.0,526.936,328,4,False,5,9e-08,True,False,721969,646389,,,,,360.49739999999997,-50.4974,-172.76,43.6056,12334,12.49,0,23.36,False,0,44.3086,414,1.24,False,4,6.8466796875,0,5e504b15231deb6108db,e4a597b63fac8951a4ed,d8a134390022a2af4e9c
asap7,gcd,spread,spread,4,310.0,530.363,325,4,False,5,1.1e-07,True,False,721672,646109,,,,,357.262,-47.262,-160.06,43.5514,12158,12.26,0,21.32,False,0,44.1628,413,1.22,False,4,6.8466796875,0,8183af13d66ea9796628,2e54966f0b02307db007,ec53882cc6dffa883e8d
asap7,gcd,spread,spread,5,310.0,523.027,327,4,False,5,5e-08,True,False,722092,646155,,,,,358.7407,-48.7407,-138.471,43.9085,12038,12.26,0,25.94,False,0,44.2211,413,1.23,False,4,7.259765625,0,847411234f3bb9d01457,3cd52036b3fef8df2bff,8640c7e39e2b295f3a99
asap7,gcd,spread,spread,6,310.0,535.803,326,4,False,5,1.2e-07,True,False,721183,652371,,,,,362.275,-52.275,-160.579,44.6228,11935,12.18,0,23.62,False,0,44.0753,412,1.22,False,4,7.259765625,0,c779469d90338b4f62b0,63e561e29fa666935cc9,c407eeb6b3831519bec5
asap7,gcd,spread,spread,7,310.0,542.171,323,4,False,5,1.2e-07,True,False,736407,648485,,,,,357.8725,-47.8725,-135.353,42.433,12329,12.57,0,23.22,False,0,44.2503,414,1.14,False,4,7.78662109375,0,b37d69c5f4eb0cedf839,a0e16094cb32c3588fdf,7d4074c1e5559a32f186
asap7,gcd,spread,spread,8,310.0,509.589,325,4,False,5,9e-08,True,False,721405,648593,,,,,360.6693,-50.6693,-150.882,44.3139,11964,12.11,0,21.12,False,0,43.9879,411,1.15,False,4,7.78662109375,0,6c71e63da7fe5e3f6f07,b03b276e2e6d214d8eeb,7e2f8fda2e08ea62f1c3
asap7,ibex,anchored,anchored,1,1000.0,61511.98,446,4,False,5,3.51e-06,True,False,69874192,33495268,,,,,1000.398237,-0.398237,-0.398237,37.2262,116230,16.84,0,28.44,False,0,2330.95,20421,22.59,False,4,18.185546875,0,7f4a5447d92eee73a533,002419902f2b9d2395c1,33b5d6bbb8abb254be47
asap7,ibex,anchored,anchored,2,1000.0,61329.06,445,4,False,5,4.61e-06,True,False,69847106,33569899,,,,,1006.13309,-6.13309,-179.115,36.9124,117374,16.84,0,27.93,False,0,2333.08,20428,22.66,False,4,16.85107421875,0,bdbab1a35588ffd2cff3,891bc65aea4b17f13d96,34e78f977eab3ddc9dc9
asap7,ibex,anchored,anchored,3,1000.0,61900.0,445,4,False,5,2.22e-06,True,False,69828848,33452588,,,,,1001.91569,-1.91569,-13.2571,37.0395,116403,16.88,0,28.47,False,0,2331.49,20420,22.86,False,4,18.07373046875,0,e35c4233a7b851b4b4d3,a8503a6f1f4d75628c46,5d8c6593158a0f6f8f8e
asap7,ibex,anchored,anchored,4,1000.0,61378.33,445,4,False,5,9.4e-06,True,False,69876142,33473484,,,,,1003.93141,-3.93141,-48.7104,36.911,116250,16.73,0,28.68,False,0,2329.08,20397,21.34,False,4,18.44873046875,0,6a998436b5195f5dfcc2,e5dbc9815c3f1e9df0ff,d7dddfd9277cc6097331
asap7,ibex,anchored,anchored,5,1000.0,61557.78,446,4,False,5,6.69e-06,True,False,69841194,33484221,,,,,1001.90081,-1.90081,-37.098,36.3553,117511,16.89,0,27.83,False,0,2328.86,20390,22.2,False,4,18.45458984375,0,3d7dfe82b2579506753a,414bcab321f6788f0eb8,3bc059a1379e4190cb1a
asap7,ibex,anchored,anchored,6,1000.0,61103.48,446,4,False,5,5.65e-06,True,False,69795853,33506424,,,,,1002.83829,-2.83829,-22.5248,37.5032,115793,16.68,0,28.65,False,0,2332.86,20410,22.47,False,4,18.177734375,0,d8fda4edd4ef9755e698,ded0db8c952e54d5320a,57ea02caf9f21353dbb8
asap7,ibex,anchored,anchored,7,1000.0,61775.5,445,4,False,5,3.2e-06,True,False,69843911,33586631,,,,,1002.92133,-2.92133,-10.8678,36.4643,116598,16.8,0,27.91,False,0,2333.98,20441,22.4,False,4,16.84375,0,a52e76e8c99bc840f418,8601829093b04df86622,f364f46e3907e09752d1
asap7,ibex,anchored,anchored,8,1000.0,61766.65,444,4,False,5,6.06e-06,True,False,69890372,33512211,,,,,1003.80229,-3.80229,-67.9432,36.0858,116825,16.86,0,27.79,False,0,2331.72,20428,23.4,False,4,17.33251953125,0,c9c331a4ca7b8c9a679c,e52f130c47d6e133c587,eab0e5e363496889cd9e
asap7,ibex,odb,odb,1,1000.0,61698.85,446,4,False,7,4.87e-06,True,False,69874192,33797270,,,,,1001.53355,-1.53355,-9.8056,37.7013,117030,16.92,0,27.37,False,0,2331.14,20414,21.98,False,4,19.82470703125,0,4ebb6f23af70ed686da9,002419902f2b9d2395c1,9e66f2751f244907a9ac
asap7,ibex,odb,odb,2,1000.0,61667.58,445,4,False,5,6.03e-06,True,False,69847106,34157355,,,,,1011.4411,-11.4411,-1540.2,38.1526,116468,16.77,0,28.47,False,0,2335.09,20444,20.52,False,4,19.7841796875,0,41713b5ae317abb220fe,891bc65aea4b17f13d96,1c20c2562b1fef0fea13
asap7,ibex,odb,odb,3,1000.0,61864.62,446,4,False,5,8.76e-06,True,False,69828848,34102804,,,,,1002.17071,-2.17071,-8.04801,33.0411,116984,16.89,0,28.9,False,0,2334.99,20437,20.2,False,4,18.55517578125,0,19b4340cf3ef91122b48,a8503a6f1f4d75628c46,23924c9406d65bc19cbd
asap7,ibex,odb,odb,4,1000.0,61579.66,447,4,False,5,8.48e-06,True,False,69876142,34100112,,,,,1007.0981,-7.0981,-162.245,37.4778,116645,16.83,0,29.69,False,0,2331.2,20410,24.85,False,4,16.92529296875,0,026b25d37b4bd8f5039c,e5dbc9815c3f1e9df0ff,23860b9a82bc61f4af6e
asap7,ibex,odb,odb,5,1000.0,61723.2,446,4,False,5,7.63e-06,True,False,69841194,34114768,,,,,1002.36089,-2.36089,-21.1831,38.2466,116213,16.83,0,29.12,False,0,2331.66,20408,24.29,False,4,19.78173828125,0,bcab63a0670579ad5018,414bcab321f6788f0eb8,532bdcced9746fcf8235
asap7,ibex,odb,odb,6,1000.0,61313.77,446,4,False,5,9.61e-06,True,False,69795853,34133419,,,,,1002.84817,-2.84817,-48.1662,36.0384,116473,16.71,0,28.35,False,0,2334.4,20435,23.06,False,4,20.02392578125,0,5ded9fce22d7a55a4da7,ded0db8c952e54d5320a,d2fd023622fba55ec6c2
asap7,ibex,odb,odb,7,1000.0,61890.32,447,4,False,5,9.04e-06,True,False,69843911,34208799,,,,,1001.05826,-1.05826,-1.44784,32.1673,116344,16.88,0,30.5,False,0,2331.15,20410,22.83,False,4,19.2275390625,0,cd243e8e085864c889e5,8601829093b04df86622,383174c26a37771c5722
asap7,ibex,odb,odb,8,1000.0,61403.42,445,4,False,5,7.03e-06,True,False,69890372,34139152,,,,,1001.76603,-1.76603,-15.9106,37.243,116725,16.78,0,28.3,False,0,2335.6,20448,21.52,False,4,19.09814453125,0,e106f94bd3290fc9efd0,e52f130c47d6e133c587,75455746af63a82eb162
asap7,ibex,shipped,shipped,1,1000.0,61566.76,451,4,False,5,6.91e-06,True,False,69874192,33454445,0,18596,0,18839,1001.61482,-1.61482,-28.8641,36.6577,116834,16.87,0,28.09,False,0,2331.6,20406,20.54,False,4,6.51953125,0,e1802a908308de2c09fb,002419902f2b9d2395c1,65063f3a9aa5fbc81f70
asap7,ibex,shipped,shipped,2,1000.0,61600.36,450,4,False,6,5.31e-06,True,False,69847106,33617273,0,18596,0,18839,1002.74836,-2.74836,-56.4532,37.868,117658,16.87,0,25.63,False,0,2337.9,20465,20.07,False,4,6.51953125,0,50c7ac54bf080cb34c33,891bc65aea4b17f13d96,3188ba9dad5113f07bef
asap7,ibex,shipped,shipped,3,1000.0,61511.72,450,4,False,5,4.6e-06,True,False,69828848,33411071,0,18596,0,18839,1005.75118,-5.75118,-97.4374,35.0143,117319,16.86,0,29.7,False,0,2331.6,20427,20.52,False,4,6.51953125,0,6088f109fe9c9f48fd26,a8503a6f1f4d75628c46,d9998443ab274bc6b1af
asap7,ibex,shipped,shipped,4,1000.0,61435.93,451,4,False,5,5.77e-06,True,False,69876142,33438194,0,18596,0,18839,1005.75684,-5.75684,-115.35,37.7766,117276,16.81,0,27.66,False,0,2331.95,20411,20.19,False,4,6.51953125,0,d563c754e7a388b081ad,e5dbc9815c3f1e9df0ff,1ec1c55898c484e6572c
asap7,ibex,shipped,shipped,5,1000.0,61498.69,450,4,False,5,2.73e-06,True,False,69841194,33449854,0,18596,0,18839,1001.38112,-1.38112,-8.06366,38.0195,116970,16.86,0,28.04,False,0,2332.63,20424,19.8,False,4,6.51953125,0,1731ca940570b1fd4c9c,414bcab321f6788f0eb8,f69dcabc8d10ded5fb24
asap7,ibex,shipped,shipped,6,1000.0,61629.99,450,4,False,5,4.11e-06,True,False,69795853,33458419,0,18596,0,18839,1000.858758,-0.858758,-2.40852,37.2826,117189,16.95,0,28.52,False,0,2332.1,20425,20.43,False,4,6.51953125,0,a4a02475b7160585b8f3,ded0db8c952e54d5320a,fe484342d07c1f7faf4d
asap7,ibex,shipped,shipped,7,1000.0,61740.39,450,4,False,6,5.44e-06,True,False,69843911,33636378,0,18596,0,18839,1002.39764,-2.39764,-6.65779,32.1178,116846,16.88,0,28.71,False,0,2334.29,20430,22.09,False,4,22.1123046875,0,1c181b1f8ad0ebeeb06e,8601829093b04df86622,d6b511df4717e877ea04
asap7,ibex,shipped,shipped,8,1000.0,61150.14,449,4,False,5,3.99e-06,True,False,69890372,33479162,0,18596,0,18839,1003.47633,-3.47633,-56.3167,38.4077,117295,16.74,0,27.47,False,0,2334.9,20448,21.52,False,4,19.82470703125,0,7446e155cea741dfdf00,e52f130c47d6e133c587,8f52be8746473b3a9995
asap7,ibex,spread,spread,1,1000.0,61551.06,451,4,False,10,4.96e-06,True,False,73771536,33833238,,,,,1002.31515,-2.31515,-23.8837,37.6269,116806,16.91,0,31.25,False,0,2332.03,20438,24.8,False,4,17.97412109375,0,78f1b362427ae6ed15c5,b551cf342d4b66620c42,f99c0e41d5092825a46f
asap7,ibex,spread,spread,2,1000.0,61613.71,450,4,False,7,9.46e-06,True,False,72135618,33697194,,,,,1000.161871,-0.161871,-0.161871,32.9169,116458,16.82,0,28.98,False,0,2331.44,20418,22.59,False,4,19.9140625,0,d85557d97459f90cc3d0,412dcda2d4816370b3f3,a33f94866795594de742
asap7,ibex,spread,spread,3,1000.0,61367.72,451,4,False,9,7.7e-06,True,False,72886409,33759708,,,,,1001.15563,-1.15563,-4.75842,38.2673,116219,16.73,0,29.22,False,0,2329.72,20395,22.53,False,4,19.0224609375,0,18ca46714a7142e7466f,680a7b069d4884cb2bf9,ce06f9177c4af29a2d8f
asap7,ibex,spread,spread,4,1000.0,61240.78,451,4,False,9,6.82e-06,True,False,73743493,33964677,,,,,1000.960232,-0.960232,-2.32181,37.5333,116132,16.79,0,29.19,False,0,2327.73,20380,22.85,False,4,18.9404296875,0,b497656d789b13d1f554,143689a29e45453058cd,39ff05ea07e88b156e91
asap7,ibex,spread,spread,5,1000.0,61450.14,450,4,False,8,8.92e-06,True,False,72786862,33656204,,,,,1001.4786,-1.4786,-4.48741,37.8594,116409,16.87,0,30.21,False,0,2331.3,20402,23.22,False,4,17.19970703125,0,7513e9e7bdcabb6f4e66,f9e1c2dfd2eb16ddc5bb,8967f3c42dbfe84e4780
asap7,ibex,spread,spread,6,1000.0,61386.26,450,4,False,7,8.42e-06,True,False,73299071,33746223,,,,,1002.01283,-2.01283,-6.10167,38.1056,116973,16.86,0,29.06,False,0,2332.28,20415,22.39,False,4,17.19970703125,0,702e2164c0bdc4b0ca19,7b921716c8fba2fdd978,4641f67c7e73c370fa64
asap7,ibex,spread,spread,7,1000.0,61143.77,451,4,False,7,5.42e-06,True,False,73592167,34194592,,,,,999.438005,0.561995,0,37.8253,116223,16.82,0,29.65,False,0,2327.01,20363,22.04,False,4,16.03857421875,0,9e12faf054b1c465a692,58f06187d37cfff5ba32,04707e149b904d649616
asap7,ibex,spread,spread,8,1000.0,61397.97,449,4,False,9,7.98e-06,True,False,72058024,33715873,,,,,1002.41873,-2.41873,-25.5733,37.2089,116077,16.79,0,28.62,False,0,2328.66,20377,21.61,False,4,18.94921875,0,33e51e069596b5d9d256,9a94cd054b95d5319eca,3b61553fa611eb0e346f
asap7,jpeg,anchored,anchored,1,545.0,124264.1,469,4,False,20,0.00012808,False,True,151634359,49282174,,,,,644.9011,-99.9011,-29093.6,29.2381,2451364,18.55,0,30.49,False,0,7024.99,58172,46.86,False,4,17.69384765625,0,3cfd9b604475ec92ae72,037350fc102a12dd5588,11f586744cbedc231d4f
asap7,jpeg,anchored,anchored,2,545.0,126261.4,470,4,False,20,0.00014526,False,True,151607252,49332151,,,,,646.095,-101.095,-29606,25.3179,2466783,18.78,0,30.8,False,0,7013.24,58029,45.58,False,4,16.818359375,0,63a08c770d29053bb25a,1d947ea466a59ca488da,404d6c848f4e5cc80759
asap7,jpeg,anchored,anchored,3,545.0,125266.0,470,4,False,20,0.00013499,False,True,151533583,49425671,,,,,641.4828,-96.4828,-27577,29.6994,2450943,18.64,0,30.88,False,0,7002.13,57929,50.19,False,4,22.478515625,0,14cec4f9220e12069d51,a5e0afcaab2c8dbdfd81,bf0e7a1dbb098c20667a
asap7,jpeg,anchored,anchored,4,545.0,125224.7,468,4,False,20,0.00012731,False,True,151544408,49399786,,,,,642.0842,-97.0842,-27839.5,26.7182,2457076,18.64,0,30.53,False,0,7020.75,58096,53.65,False,4,20.4443359375,0,6ef0fee4aba301e78783,703b2173b7f09c6f38d4,4e744f54e8cfc6b2e31a
asap7,jpeg,anchored,anchored,5,545.0,125356.1,469,4,False,20,0.00012869,False,True,151516330,49388829,,,,,639.6784,-94.6784,-28213.2,29.1915,2460872,18.71,0,31.51,False,0,7028.07,58182,52.63,False,4,20.65673828125,0,87b4052ef8a216bc9859,404546fd813d8fdf7793,e11fcb1b72e7f6d1e5e4
asap7,jpeg,anchored,anchored,6,545.0,124982.7,470,4,False,20,0.00014345,False,True,151227409,49238266,,,,,645.721,-100.721,-28974.6,26.9737,2453348,18.6,0,30.45,False,0,7010.53,57991,49.79,False,4,18.79345703125,0,4e2b44efc41b0e80e096,49aa8ed529e22759d971,7512a104b093cb38a80e
asap7,jpeg,anchored,anchored,7,545.0,121291.8,466,4,False,20,0.00029095,False,True,151565457,49806176,,,,,631.9437,-86.9437,-24031.5,27.1544,2404208,18.15,0,29.85,False,0,6991.07,57802,45.07,False,4,15.91455078125,0,595b4b24ca3334fc490a,65a092e6986a46b16eda,2430a9fc5278d47582a0
asap7,jpeg,anchored,anchored,8,545.0,125118.4,469,4,False,20,0.00014301,False,True,151513220,49272704,,,,,639.6659999999999,-94.666,-26833.3,28.3098,2441988,18.55,0,30.64,False,0,7018.97,58095,47.4,False,4,13.087890625,0,501884922b46ec6bf3cc,ebb8ff02680f774e6315,61e149eecf5b3a1da7d5
asap7,jpeg,odb,odb,1,545.0,125848.9,469,4,False,20,0.00016598,False,True,152188086,49804013,,,,,646.622,-101.622,-29447.9,27.8816,2457879,18.62,0,31.29,False,0,7021.01,58111,49.27,False,4,22.74169921875,0,487f317268d6a567edc5,bfd482df5d8244f4309f,5ea9c9ad1d1b56a24ce2
asap7,jpeg,odb,odb,2,545.0,126347.3,470,4,False,20,0.00014516,False,True,152151771,49836092,,,,,636.9,-91.9,-27141.4,27.9483,2460547,18.78,0,31.12,False,0,7026,58180,47.09,False,4,19.24072265625,0,64f0662f9c0ba65e4bdf,3bdba2b3a3fb6c044dfd,53bebb3e5850f7c82f1e
asap7,jpeg,odb,odb,3,545.0,123044.6,467,4,False,20,0.00095129,False,True,152236914,49855657,,,,,646.725,-101.725,-28589.8,29.3757,2412051,18.27,0,30.64,False,0,6997.36,57856,48.54,False,4,15.078125,0,9ccc5973f30d6794cd0e,4553cd4a8cca6d34ce66,47e7701a916c1712ac5d
asap7,jpeg,odb,odb,4,545.0,126107.4,469,4,False,20,0.00019355,False,True,152422503,49858842,,,,,645.76,-100.76,-28276.8,27.0232,2464434,18.71,0,30.82,False,0,7012.22,58032,48.35,False,4,14.59130859375,0,00bab07b6be225bf04ba,0216cdcd0ca033a3d642,1ebf037620ddc5bb7595
asap7,jpeg,odb,odb,5,545.0,126267.8,469,4,False,20,0.00017873,False,True,152411459,49920072,,,,,636.9241,-91.9241,-27390.4,27.1102,2465745,18.74,0,30.95,False,0,7015.37,58080,54.88,False,4,22.22216796875,0,87999ea0e851e4e72bb6,912a5589bf6a48a3569e,79d8ab2b3c3db2746f03
asap7,jpeg,odb,odb,6,545.0,127687.2,470,4,False,20,0.00017629,False,True,152020394,49818987,,,,,646.774,-101.774,-30010.8,28.3885,2487109,18.97,0,31.17,False,0,7034.66,58260,55.64,False,4,21.55712890625,0,1458f23023513950e2ee,d18b24a43a253dc6d1df,c6118d7fa382b1a46351
asap7,jpeg,odb,odb,7,545.0,126919.2,469,4,False,20,0.00017857,False,True,152487323,49978418,,,,,645.645,-100.645,-28612.7,28.3565,2479368,18.85,0,30.68,False,0,7038.63,58304,48.41,False,4,19.9072265625,0,52d8ccfc91009554a7e5,508a7d10352430d3ddf0,7b8b4c7cc3f23836f274
asap7,jpeg,odb,odb,8,545.0,127403.1,470,4,False,20,0.00018762,False,True,151800492,49884265,,,,,650.116,-105.116,-28892.2,26.768,2490768,19.02,0,31.56,False,0,7031.76,58241,48.26,False,4,19.2138671875,0,8538129d57416e1d8674,c4ca0ae7cb148f6481a6,869f82b5087aa388d5e2
asap7,jpeg,shipped,shipped,1,545.0,124968.9,469,4,False,20,0.00018915,False,True,152188086,49176393,6038,45663,0,45708,649.071,-104.071,-30107.9,28.7481,2450789,18.57,0,31.24,False,0,7051.37,58441,52.82,False,4,5.36962890625,0,ca1d555faf2892c9aac9,bfd482df5d8244f4309f,bf18ad0bd58d52295185
asap7,jpeg,shipped,shipped,2,545.0,126553.7,469,4,False,20,0.0001845,False,True,152151771,49214804,6038,45663,0,45708,637.3056,-92.3056,-27197.5,26.5337,2477784,18.85,0,31.37,False,0,7037.46,58297,53.15,False,4,5.36962890625,0,df433245d4bd7dda495e,3bdba2b3a3fb6c044dfd,f48ad10bc99f6949d321
asap7,jpeg,shipped,shipped,3,545.0,125576.4,471,4,False,20,0.00016883,False,True,152236914,49172534,6038,45663,0,45708,643.4653,-98.4653,-29136.3,28.8113,2453160,18.63,0,30.93,False,0,7020.21,58141,53.27,False,4,5.36962890625,0,4b45327114bc5fd979a9,4553cd4a8cca6d34ce66,3e26bf0f001c3ef9ad1d
asap7,jpeg,shipped,shipped,4,545.0,125786.0,470,4,False,20,0.00016803,False,True,152422503,49204529,6038,45663,0,45708,639.2787,-94.2787,-27670.1,27.6436,2471007,18.75,0,31.21,False,0,7019.61,58108,52.21,False,4,5.36962890625,0,ed06e5048623bce96046,0216cdcd0ca033a3d642,2ed76efd939b494bb204
asap7,jpeg,shipped,shipped,5,545.0,125806.9,470,4,False,20,0.00021882,False,True,152411459,49219014,6038,45663,0,45708,655.075,-110.075,-32931.9,27.6339,2462177,18.72,0,30.94,False,0,7031.26,58238,53.23,False,4,5.36962890625,0,03ece52152c5382967bc,912a5589bf6a48a3569e,e59833c51ee7d855cd9f
asap7,jpeg,shipped,shipped,6,545.0,126368.1,472,4,False,20,0.00016898,False,True,152020394,49165720,6038,45663,0,45708,641.9426,-96.9426,-27544.5,26.901,2465728,18.73,0,30.78,False,0,7025.04,58163,52.16,False,4,5.36962890625,0,57ea712899d69b4f6222,d18b24a43a253dc6d1df,d250b264b392e18e8b37
asap7,jpeg,shipped,shipped,7,545.0,126329.5,470,4,False,20,0.00015337,False,True,152487323,49213187,6038,45663,0,45708,639.1554,-94.1554,-27727.9,27.9439,2466840,18.81,0,31.14,False,0,7026.38,58167,52.26,False,4,24.6416015625,0,e049a30c320885a5a133,508a7d10352430d3ddf0,8ebecbf3a0337698192c
asap7,jpeg,shipped,shipped,8,545.0,127150.9,472,4,False,20,0.00018537,False,True,151800492,49180606,6038,45663,0,45708,640.4699,-95.4699,-26737.2,25.735,2484869,18.84,0,31.12,False,0,7023.75,58156,51.0,False,4,24.1005859375,0,e15ede97c88e18e35e45,c4ca0ae7cb148f6481a6,2b21902b36cab6b947d9
asap7,jpeg,spread,spread,1,545.0,128827.1,469,4,False,20,0.00010239,False,True,184795999,50035728,,,,,641.6326,-96.6326,-28302,29.4218,2498817,19.09,0,32.03,False,0,7046.76,58386,56.43,False,4,21.208984375,0,9fa2963bb9b7ea897eb1,7877115674de8cb52152,2f4c8cf07aeb45c30ceb
asap7,jpeg,spread,spread,2,545.0,127115.1,471,4,False,20,0.00010353,False,True,184697839,49968703,,,,,638.3439,-93.3439,-26894.5,26.0203,2480064,18.86,0,31.73,False,0,7027.08,58198,51.68,False,4,20.51513671875,0,e6d02c5c3c506269f799,e9be16c071d8c408e088,1b793e6a3042d048e60f
asap7,jpeg,spread,spread,3,545.0,130655.7,470,4,False,20,0.00010285,False,True,185109104,50094266,,,,,642.2731,-97.2731,-29267.8,25.9075,2516293,19.26,0,32.1,False,0,7030.14,58241,53.0,False,4,18.92431640625,0,3d59a2338adda88ce43c,e3df283d159ce0d454eb,6af3660ab91eb9e1f07e
asap7,jpeg,spread,spread,4,545.0,129439.3,471,4,False,20,8.726e-05,False,True,184199808,50109750,,,,,645.571,-100.571,-28607.4,28.5858,2502414,19.08,0,31.96,False,0,7025.26,58168,50.11,False,4,16.58642578125,0,89a327e47693629f04a8,28a9bf327011b342678f,7730abcf041d80eac5a6
asap7,jpeg,spread,spread,5,545.0,128561.8,470,4,False,20,9.163e-05,False,True,184214497,50107463,,,,,643.2529,-98.2529,-28061.1,29.4011,2492484,19.02,0,31.45,False,0,7037.4,58279,48.11,False,4,15.8583984375,0,cb05907c1a8e1249d660,3963083f50993c97ad34,89382b2fad026bdc2400
asap7,jpeg,spread,spread,6,545.0,128624.0,471,4,False,20,0.00011324,False,True,185443010,49970583,,,,,644.5168,-99.5168,-29402.9,29.5279,2507886,19.07,0,31.36,False,0,7045.9,58375,47.61,False,4,15.66259765625,0,e1f30727cb1b03577a89,f89be5a1dcf8f3a5b4e7,adc04815d27dcdcf8398
asap7,jpeg,spread,spread,7,545.0,128829.4,470,4,False,20,9.779e-05,False,True,183995495,50039363,,,,,636.3816,-91.3816,-26548.3,28.2308,2483524,18.97,0,31.11,False,0,7014.88,58045,57.34,False,4,20.7724609375,0,505cd006ca3d5862f2c3,c040c8615f976c8ae5ff,560476be1795d681ff71
asap7,jpeg,spread,spread,8,545.0,127025.2,469,4,False,20,0.0001475,False,True,185754150,49965692,,,,,649.588,-104.588,-29888,26.6674,2475749,18.87,0,31.73,False,0,7044.21,58394,54.84,False,4,19.029296875,0,2e530d153bae4c089771,952e5d6574d0c050c6c3,41bccd4f0d8fab792654
asap7,riscv32i,anchored,anchored,1,950.0,41322.3,441,4,False,5,6e-07,True,False,49151032,27918757,,,,,1006.3294,-56.3294,-45197.7,35.3633,71357,13.98,0,28.34,False,0,2620.58,10491,12.71,False,4,23.56005859375,0,a8623b70cd3d4e854db1,d56628f6efb7e363bea4,1bc1b5cdda5f36f795de
asap7,riscv32i,anchored,anchored,2,950.0,41567.18,444,4,False,5,1.15e-06,True,False,48984409,27900506,,,,,1012.9882,-62.9882,-46932.7,35.3231,71328,14.14,0,29.11,False,0,2614.58,10425,14.04,False,4,21.578125,0,c9a69f5011d6d599f815,367fecc1a4fa75281b41,8af026194bb30379830b
asap7,riscv32i,anchored,anchored,3,950.0,41316.08,444,4,False,5,1.04e-06,True,False,48956365,27911398,,,,,1025.2935,-75.2935,-62773.7,35.1591,71299,14.1,0,28.4,False,0,2614.96,10428,14.78,False,4,23.85986328125,0,e8a15084463654fe9085,d68124054b1d6a6594f6,1baa77fc43961c028996
asap7,riscv32i,anchored,anchored,4,950.0,41244.23,443,4,False,5,9.3e-07,True,False,49018039,27896075,,,,,1018.5394,-68.5394,-54976.2,35.3046,70621,13.94,0,29.31,False,0,2612.74,10414,12.8,False,4,24.771484375,0,d2a708c53f1e45b02b80,c92bc6e13902fcb1da82,03e126084ba7ba366f7d
asap7,riscv32i,anchored,anchored,5,950.0,41488.48,443,4,False,5,1.06e-06,True,False,49023261,27900560,,,,,1010.9565,-60.9565,-48056,35.5675,71572,14.17,0,28.33,False,0,2608.39,10361,13.24,False,4,23.2685546875,0,07cda153a8a1dd5e739a,9da69a01f7d3504bf781,ed62ae8a7fed10a481e7
asap7,riscv32i,anchored,anchored,6,950.0,41799.95,442,4,False,5,1.18e-06,True,False,49350312,27926837,,,,,1015.5063,-65.5063,-52380.9,35.6778,71667,14.12,0,28.54,False,0,2615.63,10441,13.45,False,4,21.05078125,0,b8fd6b95faeda38b7637,2f5ba62f7d9950ebfc86,5082f386926468e05c31
asap7,riscv32i,anchored,anchored,7,950.0,41142.43,442,4,False,5,7.2e-07,True,False,49423503,27899292,,,,,1007.5889,-57.5889,-46745.3,35.7863,71543,14.04,0,27.17,False,0,2620.61,10488,13.09,False,4,21.35595703125,0,323bc6724c712af424c9,e41b076cc08e61e6fc62,cf088f38f9ffafe29ee8
asap7,riscv32i,anchored,anchored,8,950.0,41658.28,442,4,False,5,5.46e-06,True,False,49100531,27913632,,,,,1019.0579,-69.0579,-53942.3,35.6316,71424,14.16,0,27.73,False,0,2619.59,10483,15.0,False,4,26.24658203125,0,690e226ca9d3a44d36c9,9cf962abc64eb2c3e750,2215c4e289d8a4c362b2
asap7,riscv32i,odb,odb,1,950.0,39767.65,438,4,False,5,1.51e-06,True,False,50270821,28809575,,,,,974.1878,-24.1878,-10981.2,35.395,69296,13.68,0,23.07,False,0,2585.07,10135,15.15,False,4,26.41357421875,0,b6531b3687a06560382d,8cd6493ceb12902e1732,fb3d5cded4fa00598300
asap7,riscv32i,odb,odb,2,950.0,40160.7,437,4,False,5,1.4e-06,True,False,50368880,28759787,,,,,962.3227,-12.3227,-2485.51,35.3109,69847,13.82,0,21.66,False,0,2586.41,10145,12.84,False,4,25.3994140625,0,097962ea1da7dc733908,734704338de9876b549c,6dc6ea625bff2b47c404
asap7,riscv32i,odb,odb,3,950.0,40341.67,438,4,False,5,4.2e-07,True,False,50342105,28755088,,,,,968.9110000000001,-18.911,-5354.17,35.2063,70359,13.98,0,22.31,False,0,2583.17,10122,12.57,False,4,25.14990234375,0,2aeff02fec26d05b40da,34d1dec797d65bc583b4,df0076159882b2921d61
asap7,riscv32i,odb,odb,4,950.0,40601.47,436,4,False,5,8.1e-07,True,False,50169932,28779571,,,,,962.9364,-12.9364,-2334.91,35.3583,70698,14.03,0,23.5,False,0,2591.69,10206,12.08,False,4,23.4287109375,0,104a4210aa32cb18725a,ddef75cbdf4a7e20dde6,a087a400a29cd9ae3549
asap7,riscv32i,odb,odb,5,950.0,40348.54,436,4,False,5,1.85e-06,True,False,50391869,28777189,,,,,976.9654,-26.9654,-12738.4,35.3454,70171,13.91,0,23.71,False,0,2585.42,10153,13.43,False,4,19.6474609375,0,2e4885131f30c38b2310,ceaa79614d8c515b7033,fb3999d4e0aa24e07044
asap7,riscv32i,odb,odb,6,950.0,40409.71,438,4,False,5,2.9e-07,True,False,50264751,28859384,,,,,969.993,-19.993,-7322.61,35.1187,69660,13.7,0,22.1,False,0,2591.36,10221,16.28,False,4,25.669921875,0,2c48256caf2379e7c08c,380bbce6fdc36419e0e4,1891490f6215f694c7d4
asap7,riscv32i,odb,odb,7,950.0,40635.71,437,4,False,5,1.68e-06,True,False,50366450,28791416,,,,,969.7653,-19.7653,-6748.06,35.4244,70076,13.85,0,22.69,False,0,2587.54,10168,15.45,False,4,25.6162109375,0,c97756fc45f66976e611,9452ff76e2a2179ea701,b315fcde7a3007ec405f
asap7,riscv32i,odb,odb,8,950.0,40383.87,438,4,False,5,6.9e-07,True,False,50353780,28724595,,,,,967.3733,-17.3733,-5409.08,35.4385,69861,13.77,0,21.06,False,0,2589.32,10187,14.61,False,4,25.08642578125,0,810eabe75a9733d99a74,086c3fee80f7cf66ec17,16e18f8e69be113d2746
asap7,riscv32i,shipped,shipped,1,950.0,40690.65,434,4,False,5,3.64e-06,True,False,50270821,28782926,8783,0,0,8913,968.9185,-18.9185,-3907.57,35.397,70190,13.92,0,21.08,False,0,2589.53,10196,10.99,False,4,10.330078125,0,979f16dd4ade670a0b66,8cd6493ceb12902e1732,1c5d6e21c3c383f54542
asap7,riscv32i,shipped,shipped,2,950.0,40274.47,436,4,False,5,2.58e-06,True,False,50368880,28757981,8783,0,0,8913,960.7787,-10.7787,-2845.93,35.031,70006,13.74,0,21.44,False,0,2585.85,10152,11.49,False,4,10.330078125,0,13924c7f630166a3c6e9,734704338de9876b549c,4aba7a99fd942744591a
asap7,riscv32i,shipped,shipped,3,950.0,40067.07,434,4,False,5,2.03e-06,True,False,50342105,28775534,8783,0,0,8913,978.7292,-28.7292,-14609.1,35.4832,69908,13.72,0,24.35,False,0,2586.06,10155,10.82,False,4,10.330078125,0,c86aff320400ab625020,34d1dec797d65bc583b4,aa4dfa9127b54aa9a7a5
asap7,riscv32i,shipped,shipped,4,950.0,40197.62,435,4,False,5,3.81e-06,True,False,50169932,28784098,8783,0,0,8913,966.1217,-16.1217,-3847.43,35.3866,69267,13.75,0,22.92,False,0,2588.83,10178,11.36,False,4,10.330078125,0,0b29f44fdfd3a0824400,ddef75cbdf4a7e20dde6,d3838a6471cadf987eee
asap7,riscv32i,shipped,shipped,5,950.0,40887.0,436,4,False,5,2.58e-06,True,False,50391869,28780898,8783,0,0,8913,965.8671,-15.8671,-3384.77,35.2871,70278,13.97,0,21.74,False,0,2585.62,10136,11.56,False,4,10.330078125,0,801e06641357cba36282,ceaa79614d8c515b7033,7918b207864d35ac9024
asap7,riscv32i,shipped,shipped,6,950.0,41171.93,436,4,False,5,1.76e-06,True,False,50264751,28786998,8783,0,0,8913,963.923,-13.923,-2390.65,34.7714,70487,14.0,0,22.03,False,0,2584.48,10135,11.17,False,4,10.330078125,0,8009c80e0863d6edbf34,380bbce6fdc36419e0e4,ec86fb81acf31ec93032
asap7,riscv32i,shipped,shipped,7,950.0,40569.83,435,4,False,5,4e-07,True,False,50366450,28763249,8783,0,0,8913,977.5953,-27.5953,-14376.6,35.3498,70180,13.84,0,22.52,False,0,2590.14,10187,15.2,False,4,22.5068359375,0,4fd2cc8b127862379b72,9452ff76e2a2179ea701,b33b7e79854f21ae61cd
asap7,riscv32i,shipped,shipped,8,950.0,40743.21,435,4,False,5,4.37e-06,True,False,50353780,28756744,8783,0,0,8913,964.7583,-14.7583,-3498.17,35.6679,70371,13.99,0,22.45,False,0,2586.06,10167,15.35,False,4,23.26318359375,0,af220bb7717e2f739ab9,086c3fee80f7cf66ec17,9b17ab9b4f59190c01ab
asap7,riscv32i,spread,spread,1,950.0,40703.89,440,4,False,5,8.1e-07,True,False,48283156,27683443,,,,,950.42899,-0.42899,-0.632272,35.4172,70272,14.01,0,20.6,False,0,2590.36,10186,13.71,False,4,22.9384765625,0,f1e5be59c941bae78be7,5d0fad7aaca85e89b14b,6ab461c75207f23a8340
asap7,riscv32i,spread,spread,2,950.0,40046.05,440,4,False,5,8.1e-07,True,False,48294968,27709634,,,,,951.33316,-1.33316,-16.7009,35.2453,70031,13.94,0,20.45,False,0,2581.12,10117,14.1,False,4,23.61669921875,0,e99eb3f86d6de1a8cb6a,8996b97266ca1b07a1b8,0ac61d5fdfd6beb121b3
asap7,riscv32i,spread,spread,3,950.0,41071.47,440,4,False,5,8.1e-07,True,False,48348827,27675311,,,,,958.76621,-8.76621,-355.707,35.5773,70265,13.98,0,21.34,False,0,2594.12,10243,13.84,False,4,23.0283203125,0,2664030b3d9d543acd59,d91734523cbbb3db0b26,fb51291de7f286e717ea
asap7,riscv32i,spread,spread,4,950.0,40827.17,440,4,False,5,8.1e-07,True,False,48373343,27713890,,,,,953.99691,-3.99691,-115.787,35.2152,70347,14.05,0,21.51,False,0,2588.16,10183,12.78,False,4,22.4990234375,0,d51240475ee1580fcadf,c8f444f240288d081ea0,02b913a1c0747145847c
asap7,riscv32i,spread,spread,5,950.0,40984.04,438,4,False,5,8.1e-07,True,False,48227704,27728364,,,,,954.3604,-4.3604,-219.917,35.4751,70493,14.05,0,21.82,False,0,2587.79,10176,13.86,False,4,25.49267578125,0,718c67af9c7f78e01569,85bae523b47f7d433242,16bea40afa4429fe4868
asap7,riscv32i,spread,spread,6,950.0,40588.66,440,4,False,5,1.02e-06,True,False,48378002,27721203,,,,,967.9821,-17.9821,-5806.58,35.3267,70754,14.05,0,20.9,False,0,2587.69,10171,12.49,False,4,23.37646484375,0,de96d6024008a2990cf3,cb067f498c673246691d,e1a85819388afcbae7cb
asap7,riscv32i,spread,spread,7,950.0,40795.13,440,4,False,5,8.1e-07,True,False,48279049,27689850,,,,,955.10536,-5.10536,-203.659,35.153,69937,13.89,0,20.35,False,0,2589,10194,12.43,False,4,22.46533203125,0,9b6dae4ae3cb1145f248,6735b98b35d3dd610aac,66e6c16f113cf2388257
asap7,riscv32i,spread,spread,8,950.0,41040.57,438,4,False,5,1.43e-06,True,False,48264237,27722734,,,,,958.55527,-8.55527,-878.86,34.9686,70556,14.03,0,22.0,False,0,2589.21,10189,12.8,False,4,21.38818359375,0,7c9ce4f4f5d67d8f2a7d,fe8271626ca6539af509,2617611618ca2d17c3bb
asap7,uart,anchored,anchored,1,270.0,1296.657,368,4,False,5,1.1e-07,True,False,1661098,1149427,,,,,308.734,-38.734,-1331.07,60.2964,2849,7.43,0,11.92,False,0,93.8515,858,1.61,False,4,9.8681640625,0,43fc09394bfe042f1675,06ba46787ff279da2344,8e6d99c58d2e40e352e1
asap7,uart,anchored,anchored,2,270.0,1281.823,366,4,False,5,6e-08,True,False,1664017,1149590,,,,,305.5572,-35.5572,-1534.69,66.4141,2867,7.51,0,12.27,False,0,93.6765,856,1.51,False,4,9.8681640625,0,811f8d0d515f1d646509,0b60cdf52ac5ca068c34,258dd6586da94cc2c6d8
asap7,uart,anchored,anchored,3,270.0,1292.87,366,4,False,5,1e-07,True,False,1658134,1147855,,,,,301.5936,-31.5936,-1247.68,61.6279,2803,7.35,0,12.1,False,0,93.4432,854,1.52,False,4,10.42822265625,0,4b12e7f3906c8c7cb93a,aa476899b81b851c2d57,4ccbba0879db6603dc21
asap7,uart,anchored,anchored,4,270.0,1257.832,373,4,False,5,1e-07,True,False,1662258,1119237,,,,,306.8249,-36.8249,-1310.92,67.2292,2782,7.22,0,11.59,False,0,93.2974,853,1.53,False,4,10.42822265625,0,24fd957aaf7b11a77f8a,04a66c6344cdef1af193,0d6fa4a1c72b00e5dafc
asap7,uart,anchored,anchored,5,270.0,1273.49,365,4,False,5,1.1e-07,True,False,1662349,1154518,,,,,300.916,-30.916,-1405.79,64.4789,2926,7.53,0,12.3,False,0,92.9475,851,1.51,False,4,10.42822265625,0,24be363870184380e713,68a63528a54a814c3a43,9950556e4d3c330ce9eb
asap7,uart,anchored,anchored,6,270.0,1267.399,376,4,False,5,1.1e-07,True,False,1666211,1115481,,,,,306.6656,-36.6656,-1699.86,68.3836,2765,7.17,0,12.36,False,0,93.5599,856,1.52,False,4,10.42822265625,0,63f8a9ca655984f7f9b9,5926bb457d5cd340179e,8e792c205c7b60736178
asap7,uart,anchored,anchored,7,270.0,1293.089,364,4,False,5,1.1e-07,True,False,1663994,1149608,,,,,304.0318,-34.0318,-1419.56,64.3448,2895,7.49,0,12.25,False,0,94.2014,862,1.49,False,4,10.71435546875,0,aa3f29269cf00ce8b67e,6527c802269a735201cf,08149684e25ba1790d9f
asap7,uart,anchored,anchored,8,270.0,1293.09,367,4,False,5,1.1e-07,True,False,1661998,1155346,,,,,301.4305,-31.4305,-1348.63,65.9656,2860,7.4,0,12.21,False,0,93.2391,855,1.53,False,4,10.71435546875,0,e6fd04e3169843e4469e,9ebf8592ed824c639a03,4ff8eee078807d0f85a8
asap7,uart,odb,odb,1,270.0,1297.286,368,4,False,5,9e-08,True,False,1661098,1153685,,,,,304.0577,-34.0577,-1170.4,60.3248,2877,7.53,0,11.95,False,0,93.9389,859,1.58,False,4,8.451171875,0,66b2649a6475ad110fd1,06ba46787ff279da2344,457998d4201622c4d585
asap7,uart,odb,odb,2,270.0,1282.96,366,4,False,5,7e-08,True,False,1664017,1151260,,,,,302.51,-32.51,-1445.68,64.8063,2840,7.35,0,12.08,False,0,93.3266,854,1.54,False,4,8.451171875,0,71ab3dc5c872161c2457,0b60cdf52ac5ca068c34,8f7a05a9ecfa5b04e514
asap7,uart,odb,odb,3,270.0,1285.126,368,4,False,5,8e-08,True,False,1658134,1153700,,,,,305.404,-35.404,-1460.06,68.4747,2808,7.31,0,12.85,False,0,93.6765,856,1.53,False,4,8.73583984375,0,1d859d421caf17b13f2d,aa476899b81b851c2d57,f6a80e74344f9db65c36
asap7,uart,odb,odb,4,270.0,1255.467,376,4,False,5,1.1e-07,True,False,1662258,1122359,,,,,304.5038,-34.5038,-1305.73,65.892,2807,7.34,0,12.54,False,0,93.4432,852,1.53,False,4,8.73583984375,0,f74a9817ca97604c905a,04a66c6344cdef1af193,39f5cb6cdba98fd3d587
asap7,uart,odb,odb,5,270.0,1274.628,365,4,False,5,1e-07,True,False,1662349,1154677,,,,,296.7193,-26.7193,-1076.7,64.2429,2812,7.4,0,11.35,False,0,92.7142,849,1.56,False,4,9.68212890625,0,eb7aed8129421fa7050c,68a63528a54a814c3a43,2ac8d08cd99ee6ddb033
asap7,uart,odb,odb,6,270.0,1262.041,379,4,False,5,1e-07,True,False,1666211,1114809,,,,,305.0695,-35.0695,-1488.33,68.8901,2836,7.37,0,11.42,False,0,93.7348,858,1.66,False,4,9.68212890625,0,bfa74ce3530b36e84704,5926bb457d5cd340179e,e38b2556897ea1a478eb
asap7,uart,odb,odb,7,270.0,1290.416,365,4,False,5,1.1e-07,True,False,1663994,1152581,,,,,303.9972,-33.9972,-1545.8,68.994,2914,7.55,0,13.13,False,0,94.0556,859,1.68,False,4,9.68212890625,0,9cdc4c22d4e06df66f74,6527c802269a735201cf,58a6ac28563659f2ac06
asap7,uart,odb,odb,8,270.0,1279.132,367,4,False,5,1.2e-07,True,False,1661998,1159848,,,,,308.4368,-38.4368,-1542.45,67.0468,2926,7.51,0,12.45,False,0,92.8892,851,1.63,False,4,9.68212890625,0,cf5bfe29a5721c5b383d,9ebf8592ed824c639a03,fbe33d6d2e19a3be5b27
asap7,uart,shipped,shipped,1,270.0,1287.57,367,4,False,5,9e-08,True,False,1661098,1146117,0,619,0,624,302.1228,-32.1228,-1398.31,68.0683,2839,7.45,0,11.81,False,0,93.764,857,1.64,False,4,6.896484375,0,faeab207370954a03e55,06ba46787ff279da2344,4a0a341aef7de37b7230
asap7,uart,shipped,shipped,2,270.0,1298.865,368,4,False,5,7e-08,True,False,1664017,1146311,0,619,0,624,302.7328,-32.7328,-1487.46,62.0538,2887,7.58,0,12.67,False,0,93.9973,861,1.67,False,4,6.896484375,0,1e9afe10e41983ca97a3,0b60cdf52ac5ca068c34,da5bd69fd5cd99d103d6
asap7,uart,shipped,shipped,3,270.0,1287.521,367,4,False,5,7e-08,True,False,1658134,1144023,0,619,0,624,303.3017,-33.3017,-1262.41,68.3722,2820,7.39,0,11.44,False,0,93.589,855,1.64,False,4,6.896484375,0,bb8f1a8a297b4db1a80c,aa476899b81b851c2d57,35bd38e5fcfb3d5c630f
asap7,uart,shipped,shipped,4,270.0,1251.16,373,4,False,5,1e-07,True,False,1662258,1114754,0,619,0,624,308.3157,-38.3157,-1444.02,67.8166,2871,7.37,0,12.52,False,0,93.4141,853,1.63,False,4,6.896484375,0,f0a172a4f6cb7cf9dcfe,04a66c6344cdef1af193,07a82b6e1addb8166f34
asap7,uart,shipped,shipped,5,270.0,1272.618,364,4,False,5,7e-08,True,False,1662349,1151325,0,619,0,624,302.3118,-32.3118,-1324.56,62.5493,2852,7.47,0,11.53,False,0,92.7142,849,1.67,False,4,6.896484375,0,cd74651650c64c30e533,68a63528a54a814c3a43,719983b5a9cb421ec6a1
asap7,uart,shipped,shipped,6,270.0,1262.053,375,4,False,5,9e-08,True,False,1666211,1111855,0,619,0,624,302.3275,-32.3275,-1225.65,68.3386,2740,7.22,0,11.7,False,0,93.6473,857,1.7,False,4,6.896484375,0,071c07d79b43ba8039c1,5926bb457d5cd340179e,98a53162277b03dae97d
asap7,uart,shipped,shipped,7,270.0,1255.029,365,4,False,5,1.1e-07,True,False,1663994,1146624,0,619,0,624,302.4054,-32.4054,-1184.07,65.115,2786,7.28,0,11.25,False,0,93.2391,851,1.51,False,4,8.451171875,0,1f56af0701e76f441f3d,6527c802269a735201cf,30755a77fc4cfe00a569
asap7,uart,shipped,shipped,8,270.0,1257.302,369,4,False,5,1e-07,True,False,1661998,1151126,0,619,0,624,306.2524,-36.2524,-1355.06,68.6007,2853,7.37,0,12.71,False,0,92.8892,849,1.52,False,4,8.451171875,0,913f1be4f6ab7d186b54,9ebf8592ed824c639a03,795ed5f45813b7e0a2a2
asap7,uart,spread,spread,1,270.0,1276.018,375,4,False,5,1.1e-07,True,False,1682132,1106271,,,,,303.18240000000003,-33.1824,-1425.52,67.5009,2824,7.4,0,12.87,False,0,93.2391,855,1.57,False,4,11.37548828125,0,9c670d3bcde1619943ef,612e4c456215c13275a0,e2ec2a89ea615e0f04b4
asap7,uart,spread,spread,2,270.0,1283.232,378,4,False,5,1e-07,True,False,1681898,1110962,,,,,305.9975,-35.9975,-1397.03,67.8881,2806,7.35,0,14.03,False,0,93.2099,854,1.64,False,4,11.37548828125,0,adebed888b6f96741e67,2b0368067e4d596d74e5,68f18e14314babdf57d5
asap7,uart,spread,spread,3,270.0,1296.891,377,4,False,5,1.1e-07,True,False,1680460,1111483,,,,,304.9419,-34.9419,-1247.1,67.5713,2798,7.44,0,13.18,False,0,93.5015,856,1.59,False,4,11.37548828125,0,81768e927d0232679a78,60ef7008fe0c824d27ad,9a83e96655025b0089bb
asap7,uart,spread,spread,4,270.0,1270.293,374,4,False,5,9e-08,True,False,1683869,1110671,,,,,305.7935,-35.7935,-1444.42,67.83,2814,7.42,0,13.59,False,0,92.8892,849,1.57,False,4,11.37548828125,0,15a09c0eb850c1cdcfc0,7002bfdc878f951158ff,706f1485d7e2d056c61d
asap7,uart,spread,spread,5,270.0,1288.977,374,4,False,5,1e-07,True,False,1676888,1111295,,,,,303.5636,-33.5636,-1138.94,67.797,2868,7.52,0,12.78,False,0,93.9098,862,1.45,False,4,11.34521484375,0,578ffb106c6acc53c658,99703f55dbefb8cba867,873b54e7b5fb3495e7b7
asap7,uart,spread,spread,6,270.0,1280.574,375,4,False,5,1e-07,True,False,1680151,1109629,,,,,310.2418,-40.2418,-1302.28,69.029,2826,7.41,0,12.3,False,0,93.2099,852,1.51,False,4,11.34521484375,0,d3f41285d4cf16ff002d,0bec50ab5a0ed337833c,9fe89ec6c0729f006497
asap7,uart,spread,spread,7,270.0,1273.705,376,4,False,5,1.2e-07,True,False,1682436,1108900,,,,,300.9654,-30.9654,-1140.58,68.6242,2802,7.3,0,12.32,False,0,93.589,857,1.63,False,4,11.6025390625,0,ee020003abc6641f3ede,6db70249fc4170482dd4,c7fbbe439bc798afa626
asap7,uart,spread,spread,8,270.0,1289.987,378,4,False,5,1.1e-07,True,False,1678423,1112529,,,,,308.0198,-38.0198,-1432.91,65.8213,2814,7.43,0,12.32,False,0,94.2597,862,1.53,False,4,11.6025390625,0,a6d9ac5bf06a92fe6546,ab5e9b8514f9d51068bf,ac3486292732c5fbd741
gf180,riscv32i,anchored,anchored,1,9.0,388228.9,452,4,False,5,4.24e-06,True,False,885982894,345932913,,,,,9.299961,-0.299961,-2.12339,0.312358,776806,25.04,0,45.25,False,0,362125,7995,7.85,False,4,18.69921875,0,57535caad7febc7001b0,27280343ef2f6b58500b,7fd2339cf7e430b6f271
gf180,riscv32i,anchored,anchored,2,9.0,386831.2,451,4,False,5,6.59e-06,True,False,884232823,343554163,,,,,9.0548201,-0.0548201,-0.10077,0.308948,775950,25.16,0,45.25,False,0,360974,7977,7.88,False,4,18.00244140625,0,c47d78a79ed5a75318ee,abd41f3f7f560d839176,eaf26a56656e52ce828a
gf180,riscv32i,anchored,anchored,3,9.0,388477.0,451,4,False,5,4.24e-06,True,False,885390439,345998844,,,,,9.379638,-0.379638,-4.04864,0.310042,782888,25.07,0,44.9,False,0,361775,7993,10.24,False,4,17.05859375,0,15a64195117859fb7372,8ad840426a76826906b8,afd230552e319a37fdeb
gf180,riscv32i,anchored,anchored,4,9.0,388768.1,451,4,False,5,4.24e-06,True,False,886094222,345890238,,,,,9.239112,-0.239112,-0.699317,0.312939,778537,25.2,0,45.13,False,0,362306,7997,8.98,False,4,18.4404296875,0,b8faec7b17ef58195405,ee1faf8835bb1408a27d,38cf9226432c30aa687b
gf180,riscv32i,anchored,anchored,5,9.0,379662.7,452,4,False,5,4.24e-06,True,False,886182634,345951531,,,,,9.302278,-0.302278,-1.40428,0.309486,773018,24.95,0,44.86,False,0,358524,7933,8.78,False,4,18.08447265625,0,5448a6d4a7d41eee21e6,412cf742503ead74776e,01860b5687d4562c936b
gf180,riscv32i,anchored,anchored,6,9.0,385014.4,453,4,False,5,6.99e-06,True,False,887335386,345326527,,,,,9.160712,-0.160712,-0.359876,0.30995,778386,25.23,0,45.31,False,0,363536,7999,8.23,False,4,18.07763671875,0,bfa5be4b46b67f9e788e,37fddcb4b7f1ee5775d7,09bbb2428efcfe308dd5
gf180,riscv32i,anchored,anchored,7,9.0,382871.3,450,4,False,5,6.99e-06,True,False,887353107,345342071,,,,,9.308374,-0.308374,-3.18345,0.311726,784576,25.07,0,45.16,False,0,360308,7973,8.18,False,4,17.5302734375,0,82c0603ab1d55c180422,8b67dc54b09387ec4b8b,84cadfbb300adadd06e7
gf180,riscv32i,anchored,anchored,8,9.0,384312.1,452,4,False,5,4.24e-06,True,False,885567869,345914256,,,,,9.247279,-0.247279,-0.687875,0.309728,772934,24.99,0,44.65,False,0,360500,7971,8.52,False,4,17.5302734375,0,e20de57eb1e1a4c4486f,a277eb8ae373fe39b5dc,f78659200d732a71fdce
gf180,riscv32i,odb,odb,1,9.0,388057.2,452,4,False,8,8.81e-06,True,False,885982894,355879155,,,,,9.231949,-0.231949,-2.75216,0.307243,789927,25.39,0,45.31,False,0,361606,7987,8.01,False,4,20.50048828125,0,561338b461b34ba1418c,27280343ef2f6b58500b,2ab7bb2d68a06ad3e591
gf180,riscv32i,odb,odb,2,9.0,385078.7,539,5,False,10,7.65e-06,True,False,884232823,347719172,,,,,9.370516,-0.370516,-2.44119,0.314277,778142,24.93,0,44.82,False,0,361617,7989,8.05,False,4,20.50048828125,0,b8232f681a2a327daa72,abd41f3f7f560d839176,0cab1f0088ae70ef9275
gf180,riscv32i,odb,odb,3,9.0,386310.4,455,4,False,10,9.34e-06,True,False,885390439,352298692,,,,,9.187492,-0.187492,-1.48887,0.308326,779671,25.17,0,45.13,False,0,359816,7946,7.87,False,4,20.50048828125,0,790f95afd03daa552185,8ad840426a76826906b8,8f96be0ec28ed741deb4
gf180,riscv32i,odb,odb,4,9.0,389093.5,453,4,False,11,5.98e-06,True,False,886094222,346819204,,,,,9.355752,-0.355752,-1.95259,0.309276,783795,25.28,0,45.81,False,0,361787,7989,7.84,False,4,19.34033203125,0,590919b88f7a9acd62a1,ee1faf8835bb1408a27d,90541f72838665fe66ab
gf180,riscv32i,odb,odb,5,9.0,387156.7,454,4,False,10,7.38e-06,True,False,886182634,348393345,,,,,9.241517,-0.241517,-1.76724,0.309259,781720,25.19,0,45.5,False,0,360923,7974,10.11,False,4,19.2158203125,0,aa59645c561230cab373,412cf742503ead74776e,c6faee8aa2de329629d9
gf180,riscv32i,odb,odb,6,9.0,386988.0,453,4,False,8,7.47e-06,True,False,887335386,354277617,,,,,9.301636,-0.301636,-2.21438,0.309384,786945,25.31,0,46.03,False,0,363271,8000,8.32,False,4,19.91943359375,0,390e4a35047f1452fe54,37fddcb4b7f1ee5775d7,772762371819c17744d6
gf180,riscv32i,odb,odb,7,9.0,386546.8,452,4,False,9,8.21e-06,True,False,887353107,350957243,,,,,9.294449,-0.294449,-2.06075,0.310228,780628,25.19,0,45.53,False,0,360567,7965,8.26,False,4,19.91943359375,0,ba2813cf9024a73b6e04,8b67dc54b09387ec4b8b,26ed2c3134c4caceb4c0
gf180,riscv32i,odb,odb,8,9.0,387706.4,540,5,False,9,6.82e-06,True,False,885567869,349627211,,,,,9.204385,-0.204385,-0.433897,0.309141,775723,25.25,0,45.72,False,0,362633,8001,8.51,False,4,19.5439453125,0,556b7e5f3307bb239347,a277eb8ae373fe39b5dc,72fe4a8381e8c261c40f
gf180,riscv32i,shipped,shipped,1,9.0,383792.2,458,4,False,7,9.62e-06,True,False,885982894,344717211,0,6214,0,6378,9.381132000000001,-0.381132,-2.24702,0.309912,768742,24.79,0,43.88,False,0,361137,7964,8.52,False,4,17.13916015625,0,d286222c324625f291ef,27280343ef2f6b58500b,462a1fc915b9bc5c543d
gf180,riscv32i,shipped,shipped,2,9.0,385400.7,460,4,False,5,8.34e-06,True,False,884232823,347636918,0,6214,0,6378,9.431257,-0.431257,-5.87137,0.310406,800713,25.3,0,44.99,False,0,361691,7972,8.56,False,4,17.13916015625,0,c0a9cbb6607aaf3de5e0,abd41f3f7f560d839176,54db8e56fc1585b1a67c
gf180,riscv32i,shipped,shipped,3,9.0,390176.7,459,4,False,7,9.62e-06,True,False,885390439,344756903,0,6214,0,6378,9.259565,-0.259565,-2.48578,0.309941,780729,25.18,0,44.78,False,0,362012,7969,8.36,False,4,17.13916015625,0,95324b8e93d1419fb8d6,8ad840426a76826906b8,85a9aa40ecdd8afd449c
gf180,riscv32i,shipped,shipped,4,9.0,386597.5,459,4,False,7,9.62e-06,True,False,886094222,344662426,0,6214,0,6378,9.256402,-0.256402,-2.39257,0.310098,788323,25.47,0,45.58,False,0,362424,7970,8.49,False,4,17.13916015625,0,abb7aed80036aad1faab,ee1faf8835bb1408a27d,d8e58245a34d752b2729
gf180,riscv32i,shipped,shipped,5,9.0,385279.8,460,4,False,7,9.62e-06,True,False,886182634,344724030,0,6214,0,6378,9.243145,-0.243145,-1.59545,0.312469,789138,25.29,0,44.92,False,0,361024,7956,8.6,False,4,17.13916015625,0,995fa71f2f635cf623b2,412cf742503ead74776e,e342c579b17be5b9e0e0
gf180,riscv32i,shipped,shipped,6,9.0,383330.3,460,4,False,8,6.42e-06,True,False,887335386,343623802,0,6214,0,6378,9.191022,-0.191022,-1.54883,0.308518,786332,25.36,0,45.33,False,0,360703,7971,8.69,False,4,17.13916015625,0,7441bc034feee6a92967,37fddcb4b7f1ee5775d7,f1cbfb659016a5bcd901
gf180,riscv32i,shipped,shipped,7,9.0,389400.5,458,4,False,8,6.42e-06,True,False,887353107,343612076,0,6214,0,6378,9.284002,-0.284002,-2.04032,0.312114,787794,25.43,0,45.95,False,0,363288,7997,9.75,False,4,21.00048828125,0,803c04e15f4da45623d9,8b67dc54b09387ec4b8b,0e11723e27f051d40745
gf180,riscv32i,shipped,shipped,8,9.0,385294.0,460,4,False,7,9.62e-06,True,False,885567869,344696714,0,6214,0,6378,9.239781,-0.239781,-5.7796,0.309887,787130,25.21,0,45.14,False,0,361058,7974,8.01,False,4,21.24072265625,0,f36e61185e822a4d2592,a277eb8ae373fe39b5dc,211c6fe471b76e4e5c6b
gf180,riscv32i,spread,spread,1,9.0,380518.6,444,4,False,20,5.93e-06,True,False,886890169,404766556,,,,,9.288036,-0.288036,-2.18198,0.310284,771464,24.76,0,41.55,False,0,359675,7949,9.48,False,4,16.48876953125,0,42ae0ee0e9e1019b6351,196d5aa46e68cc7ddb4c,643d31a6d2c61ae8e763
gf180,riscv32i,spread,spread,2,9.0,385297.2,430,4,False,20,0.00112174,False,True,888870872,442649291,,,,,9.147669,-0.147669,-0.645207,0.311493,777260,25.1,0,42.66,False,0,360567,7971,9.13,False,4,19.607421875,0,b21bcf936fa17ca76f01,45196e69744f0d9b4251,5d25030109422c4c7400
gf180,riscv32i,spread,spread,3,9.0,379920.6,446,4,False,14,4.86e-06,True,False,888550529,401499439,,,,,9.167875,-0.167875,-1.31565,0.308751,764022,24.63,0,41.62,False,0,359867,7959,8.74,False,4,19.23828125,0,a57ff8e7f8cd70b29c72,2b91b164d723c9ec5ff2,8a5861590060c02a5343
gf180,riscv32i,spread,spread,4,9.0,384053.7,445,4,False,17,6.32e-06,True,False,886242393,405284533,,,,,9.186284,-0.186284,-1.29258,0.311949,775504,25.04,0,42.37,False,0,359534,7944,8.26,False,4,18.7880859375,0,2592512e0443dda80f6e,10cd4a32766bca3c1873,ec1d945a5f54e342eb84
gf180,riscv32i,spread,spread,5,9.0,379751.3,446,4,False,16,6.21e-06,True,False,891129567,398142396,,,,,9.221618,-0.221618,-0.70073,0.314103,769582,24.85,0,41.9,False,0,357954,7920,8.78,False,4,18.1923828125,0,dd39d5bc60ebcdc80c16,76e82ce80d095d4c80ef,0aee5ba3325717f5062f
gf180,riscv32i,spread,spread,6,9.0,382813.4,447,4,False,13,8.21e-06,True,False,893038355,391855210,,,,,9.343552,-0.343552,-1.91172,0.308755,769230,24.64,0,42.36,False,0,358823,7936,8.59,False,4,16.89306640625,0,f82999c76ea691100fdc,c5dd4451b3122a4e3fa0,485223ae09edd1c9fe5d
gf180,riscv32i,spread,spread,7,9.0,378736.0,447,4,False,15,4.55e-06,True,False,893448725,395263415,,,,,9.144285,-0.144285,-0.691381,0.312489,762140,24.54,0,41.15,False,0,357084,7904,9.66,False,4,17.64990234375,0,ca7bf7fae4664a9a0d6b,5f6fe1ea9089676c4341,1bd144cb2b5e0399f5eb
gf180,riscv32i,spread,spread,8,9.0,381455.1,446,4,False,13,9.74e-06,True,False,891780337,396778496,,,,,9.399831,-0.399831,-2.27909,0.308948,770120,24.9,0,41.53,False,0,360110,7960,8.48,False,4,17.91845703125,0,3c1a5f7b7a71f4aa1a2c,876463da818c9b54ac25,b3f15f585909b1266112
ihp-sg13g2,gcd,anchored,anchored,1,2.8,7893.576,356,4,False,5,9e-08,True,False,10906829,9405757,,,,,2.573746,0.226254,0,0.318274,148320,3.96,0,8.75,False,0,4946.05,400,0.48,False,4,19.2578125,0,b2466e5e6e42c5f108b5,2bf760771019ac9dc15b,d1a394ec825c2ed6cfd3
ihp-sg13g2,gcd,anchored,anchored,2,2.8,7796.757,352,4,False,5,9e-08,True,False,10926914,9396595,,,,,2.519857,0.280143,0,0.30878,147888,3.96,0,8.39,False,0,4944.24,400,0.46,False,4,19.2578125,0,766b7305529e186e61ae,37cdf26d9a56f059c84d,8d98ade3fd2d2fd250c2
ihp-sg13g2,gcd,anchored,anchored,3,2.8,7849.649,356,4,False,5,8e-08,True,False,10912153,9416352,,,,,2.556891,0.243109,0,0.304508,148536,4.0,0,9.22,False,0,4958.76,402,0.47,False,4,18.35595703125,0,c6717fa588e7b0e06ec9,3069d218441753be957c,5ddb7af756504a7ed41c
ihp-sg13g2,gcd,anchored,anchored,4,2.8,7781.418,352,4,False,5,1.2e-07,True,False,10909775,9403270,,,,,2.5822979999999998,0.217702,0,0.317251,145512,3.93,0,9.05,False,0,4958.76,402,0.47,False,4,18.35595703125,0,9ec529c3da959f295e3f,5f6f0760f770cbecfab7,186e145875b9f77b9fb8
ihp-sg13g2,gcd,anchored,anchored,5,2.8,7771.529,353,4,False,5,1e-07,True,False,10908320,9408197,,,,,2.5386849999999996,0.261315,0,0.310323,148176,3.96,0,8.96,False,0,4944.24,400,0.48,False,4,18.35595703125,0,73ea6f7bcd651dbfc750,1b574b828d44f0f1881e,1ce45146260f2d7d8019
ihp-sg13g2,gcd,anchored,anchored,6,2.8,7797.604,352,4,False,5,1.2e-07,True,False,10919329,9420926,,,,,2.571694,0.228306,0,0.314463,147744,3.97,0,9.31,False,0,4936.98,399,0.45,False,4,18.0869140625,0,e5b999bf7040e65b34b6,53514736295541b0dbbb,1b2dfd708e0fb75e211f
ihp-sg13g2,gcd,anchored,anchored,7,2.8,7725.783,353,4,False,5,1e-07,True,False,10896012,9409330,,,,,2.589083,0.210917,0,0.312141,150480,3.99,0,9.28,False,0,4951.5,401,0.48,False,4,18.0869140625,0,9640a6e10d495bbe7aa5,eae7497d02ec5c3d4b72,a965caf830019d7f1f9b
ihp-sg13g2,gcd,anchored,anchored,8,2.8,7761.304,353,4,False,5,1e-07,True,False,10903169,9405440,,,,,2.534972,0.265028,0,0.312039,149040,3.97,0,8.74,False,0,4944.24,400,0.43,False,4,18.0869140625,0,fa19a418b8ca07ce9353,11d72e204a329d1db3b2,089679b4800b06306a7b
ihp-sg13g2,gcd,odb,odb,1,2.8,7722.649,338,4,False,5,8e-08,True,False,10886894,9402873,,,,,2.539352,0.260648,0,0.310775,148824,3.96,0,8.59,False,0,4951.5,401,0.51,False,4,14.84033203125,0,85dc81eb64646af05e2a,dc837a1e45ac9041718d,8158ce311a5f8efa9796
ihp-sg13g2,gcd,odb,odb,2,2.8,7691.221,341,4,False,5,1.1e-07,True,False,10892357,9408563,,,,,2.5874439999999996,0.212556,0,0.31751,149184,3.92,0,8.54,False,0,4951.5,401,0.48,False,4,14.84033203125,0,c2614a82632440229cb7,f116034a94f80500c21e,3019d5b336190afe066f
ihp-sg13g2,gcd,odb,odb,3,2.8,7874.062,340,4,False,5,1.1e-07,True,False,10905214,9416926,,,,,2.58987,0.21013,0,0.317526,151128,4.02,0,8.63,False,0,4944.24,400,0.47,False,4,14.84033203125,0,1dc11ace893a851a92be,8429ceb02dc6ca9c0714,cab036a85aeda58b4cb0
ihp-sg13g2,gcd,odb,odb,4,2.8,7672.218,340,4,False,5,9e-08,True,False,10881875,9406796,,,,,2.604367,0.195633,0,0.31745,149472,3.95,0,8.87,False,0,4944.24,400,0.51,False,4,14.84033203125,0,615ef42514092b7dc9d4,b518d518030f51850243,53a45d8516ab76702299
ihp-sg13g2,gcd,odb,odb,5,2.8,7790.899,344,4,False,5,1.1e-07,True,False,10905413,9413893,,,,,2.5822,0.2178,0,0.316629,151704,4.01,0,8.71,False,0,4951.5,401,0.46,False,4,19.2578125,0,b2d8e93c7c1879447ed2,d1880fcc85db94730c3e,75e217982ad5fb036284
ihp-sg13g2,gcd,odb,odb,6,2.8,7728.609,342,4,False,5,1.1e-07,True,False,10891727,9397981,,,,,2.547418,0.252582,0,0.318409,149400,3.99,0,8.26,False,0,4946.05,400,0.48,False,4,19.2578125,0,9e28f0c52fd270dced4c,37e04b42816bf23d463a,f49d9550ad5930a9a364
ihp-sg13g2,gcd,odb,odb,7,2.8,7867.779,348,4,False,5,1e-07,True,False,10885688,9414719,,,,,2.558932,0.241068,0,0.317204,148752,3.95,0,8.75,False,0,4951.5,401,0.42,False,4,19.2578125,0,8ff8a0839086dbfbd558,35359a21f56d4f4f1268,37ceb93964d5fe98d57e
ihp-sg13g2,gcd,odb,odb,8,2.8,7734.632,341,4,False,5,9e-08,True,False,10892206,9403913,,,,,2.555938,0.244062,0,0.322385,148608,3.97,0,8.77,False,0,4946.05,400,0.49,False,4,19.2578125,0,4d4fece56e62ea3e2bb1,a4cc5ad923cc3f6e2776,e591ff8381a8c0082837
ihp-sg13g2,gcd,shipped,shipped,1,2.8,7751.158,366,4,False,5,7e-08,True,False,10886894,9351240,34,329,0,382,2.579072,0.220928,0,0.317633,148968,3.95,0,8.31,False,0,4944.24,400,0.49,False,4,14.6484375,0,61d8297d24731a9828dc,dc837a1e45ac9041718d,066c68f59be79f7d5a6d
ihp-sg13g2,gcd,shipped,shipped,2,2.8,7738.399,370,4,False,5,1.2e-07,True,False,10892357,9357609,34,329,0,382,2.5189429999999997,0.281057,0,0.314164,149040,3.91,0,8.32,False,0,4944.24,400,0.5,False,4,14.6484375,0,69172590ce618ab39ad7,f116034a94f80500c21e,25227e70e6d2521aab5c
ihp-sg13g2,gcd,shipped,shipped,3,2.8,7794.937,365,4,False,5,7e-08,True,False,10905214,9371230,34,329,0,382,2.5711069999999996,0.228893,0,0.308467,149472,3.99,0,8.55,False,0,4936.98,399,0.5,False,4,14.6484375,0,a8552015ce54a1fe7f78,8429ceb02dc6ca9c0714,cd485b7aacd1883ff05d
ihp-sg13g2,gcd,shipped,shipped,4,2.8,7777.565,372,4,False,5,9e-08,True,False,10881875,9355400,34,329,0,382,2.5369509999999997,0.263049,0,0.317753,152208,4.04,0,8.59,False,0,4944.24,400,0.49,False,4,14.6484375,0,debf9577fe03b583010f,b518d518030f51850243,3e68a7be93d6fb37c708
ihp-sg13g2,gcd,shipped,shipped,5,2.8,7877.703,368,4,False,5,9e-08,True,False,10905413,9368470,34,329,0,382,2.563639,0.236361,0,0.311118,148608,3.96,0,8.5,False,0,4951.5,401,0.54,False,4,14.6484375,0,0e4ce2b1493279107f70,d1880fcc85db94730c3e,5a242e774260ff11ab59
ihp-sg13g2,gcd,shipped,shipped,6,2.8,7728.719,362,4,False,5,1.1e-07,True,False,10891727,9354907,34,329,0,382,2.540622,0.259378,0,0.309489,149328,3.97,0,8.59,False,0,4944.24,400,0.54,False,4,14.6484375,0,5cc1b190143a39b488f4,37e04b42816bf23d463a,8a4f29717580599591e2
ihp-sg13g2,gcd,shipped,shipped,7,2.8,7846.676,367,4,False,5,1.1e-07,True,False,10885688,9369989,34,329,0,382,2.572119,0.227881,0,0.326637,149256,3.98,0,8.48,False,0,4944.24,400,0.42,False,4,14.84033203125,0,23ebc1d12dd91fe76055,35359a21f56d4f4f1268,4f59aab63e99937ae646
ihp-sg13g2,gcd,shipped,shipped,8,2.8,7868.198,369,4,False,5,6e-08,True,False,10892206,9352110,34,329,0,382,2.587281,0.212719,0,0.316921,149832,3.99,0,8.74,False,0,4944.24,400,0.5,False,4,14.84033203125,0,8ce4f3e2c260025ce4d7,a4cc5ad923cc3f6e2776,0d419cf25c9dff1178ad
ihp-sg13g2,gcd,spread,spread,1,2.8,9440.258,364,4,False,5,7e-08,True,False,30615472,10040147,,,,,2.448193,0.351807,0,0.30998,168912,4.58,0,11.02,False,0,4944.24,400,0.49,False,4,20.482421875,0,0399274fea92b3bee2bc,38ca9d5ae71b137202bd,2c43cb5b5dc443fafd31
ihp-sg13g2,gcd,spread,spread,2,2.8,9441.856,362,4,False,5,1.2e-07,True,False,30669450,10014951,,,,,2.51346,0.28654,0,0.317492,167760,4.57,0,10.93,False,0,4953.31,401,0.5,False,4,20.482421875,0,b899b6a01d5bcc988cc7,cdd8d264b964dcd010bf,a93a51456b3d13d13af0
ihp-sg13g2,gcd,spread,spread,3,2.8,9364.025,365,4,False,5,1.1e-07,True,False,30483835,10028944,,,,,2.4981649999999997,0.301835,0,0.317,168120,4.54,0,11.05,False,0,4944.24,400,0.51,False,4,20.482421875,0,9978da08846ce1524406,db009659cac770ef4bc4,d098b071710373537fc8
ihp-sg13g2,gcd,spread,spread,4,2.8,9466.882,370,4,False,5,1e-07,True,False,30916990,10044952,,,,,2.5037279999999997,0.296272,0,0.308995,170136,4.56,0,10.83,False,0,4944.24,400,0.5,False,4,20.482421875,0,c1b334228b4dce80b428,8a8a4b6db445b493b032,fb75de777c2d7bb34eed
ihp-sg13g2,gcd,spread,spread,5,2.8,9475.849,365,4,False,5,1.2e-07,True,False,32751539,10127127,,,,,2.411138,0.388862,0,0.319611,173016,4.65,0,11.15,False,0,4958.76,402,0.47,False,4,20.482421875,0,eb872cb9850b1e3d775d,06ceae8e1d3a82d91427,90b851551d35131cfa61
ihp-sg13g2,gcd,spread,spread,6,2.8,9496.166,365,4,False,5,9e-08,True,False,30863972,10043549,,,,,2.4835849999999997,0.316415,0,0.316996,169416,4.61,0,11.12,False,0,4951.5,401,0.45,False,4,20.482421875,0,a665b31a545ea69b025e,29d61fabd6d913e6b07a,4ffec52e12826925c37f
ihp-sg13g2,gcd,spread,spread,7,2.8,9433.844,363,4,False,5,1.2e-07,True,False,30849422,10047434,,,,,2.464574,0.335426,0,0.321394,167544,4.54,0,11.07,False,0,4958.76,402,0.41,False,4,19.322265625,0,11a30bf032f23d8db29a,c0ba674f86a78d17bea1,4645a59249c294d10618
ihp-sg13g2,gcd,spread,spread,8,2.8,9687.836,365,4,False,5,1.1e-07,True,False,33303802,10140590,,,,,2.5146759999999997,0.285324,0,0.318456,174960,4.72,0,11.24,False,0,4951.5,401,0.41,False,4,19.322265625,0,3c768991d4534d3585f2,8d430f201317a94a3cbb,444c2b68ea67e1f02f5c
ihp-sg13g2,spi,anchored,anchored,1,1.0,2440.435,326,4,False,5,1e-07,True,False,3960205,3632272,,,,,0.9775319,0.0224681,0,0.268969,5414,2.66,0,6.02,False,0,2589.15,174,0.29,False,4,6.2783203125,0,bc75d55a3144c8364a42,2d19e293f45d673ec399,19ff58b74e51166b4d7c
ihp-sg13g2,spi,anchored,anchored,2,1.0,2419.946,326,4,False,5,1e-07,True,False,3962669,3634809,,,,,0.9736715,0.0263285,0,0.269851,5608,2.7,0,6.26,False,0,2576.45,170,0.26,False,4,6.2783203125,0,af8d906421c306099a41,1328888f4d968765eba3,162276e1eeed3d107418
ihp-sg13g2,spi,anchored,anchored,3,1.0,2440.26,321,4,False,5,7e-08,True,False,3963893,3634004,,,,,0.986692,0.013308,0,0.267834,5716,2.69,0,5.87,False,0,2581.89,173,0.3,False,4,6.97705078125,0,9e342034271a573f05d9,9e41770f36df704a9536,a85dacc515850a2b75a6
ihp-sg13g2,spi,anchored,anchored,4,1.0,2417.639,325,4,False,5,1.1e-07,True,False,3965113,3631589,,,,,0.9818671,0.0181329,0,0.269143,5565,2.7,0,5.67,False,0,2569.19,171,0.27,False,4,6.97705078125,0,18bc9344dab6bb5e37e6,e0d9a41fbeb147fb4c97,34338f48358630a5e933
ihp-sg13g2,spi,anchored,anchored,5,1.0,2422.948,326,4,False,5,8e-08,True,False,3963348,3632233,,,,,0.9886096,0.0113904,0,0.268161,5745,2.77,0,6.23,False,0,2569.19,171,0.3,False,4,6.97705078125,0,419383144e5267a1957d,2dbb7d128e94ac90fc23,00a817314022433c830e
ihp-sg13g2,spi,anchored,anchored,6,1.0,2410.991,325,4,False,5,1.2e-07,True,False,3965240,3633729,,,,,0.9775161,0.0224839,0,0.268724,5716,2.77,0,6.19,False,0,2589.15,174,0.29,False,4,6.97705078125,0,228fe10be7c679c95086,8c4164fcd126cb72566f,3ce7a5c56cdee97caeae
ihp-sg13g2,spi,anchored,anchored,7,1.0,2418.812,325,4,False,5,1.2e-07,True,False,3963952,3635969,,,,,0.99718869,0.00281131,0,0.258831,5572,2.68,0,6.16,False,0,2561.93,170,0.27,False,4,6.97705078125,0,02a785cf2e22ffe448af,4e45a763c818d7e39502,2001a292c0cb24c5d80d
ihp-sg13g2,spi,anchored,anchored,8,1.0,2408.936,324,4,False,5,1.1e-07,True,False,3967411,3634655,,,,,0.9643226,0.0356774,0,0.268109,5695,2.78,0,6.26,False,0,2572.82,171,0.28,False,4,6.97705078125,0,0b1ec16808726e737916,550eb9b6d5b2d188fcdf,fcc5119e6ac24c1e3ee3
ihp-sg13g2,spi,odb,odb,1,1.0,2450.321,316,4,False,5,9e-08,True,False,3960205,3657055,,,,,0.9745889,0.0254111,0,0.2675,5673,2.72,0,6.06,False,0,2581.89,173,0.29,False,4,4.37109375,0,d075f56564a557c5b198,2d19e293f45d673ec399,414c923176791e0bd7ee
ihp-sg13g2,spi,odb,odb,2,1.0,2466.119,317,4,False,5,8e-08,True,False,3962669,3657361,,,,,0.9815994,0.0184006,0,0.264431,5558,2.7,0,5.89,False,0,2585.52,171,0.3,False,4,4.37109375,0,dd59de1286ddea9b2dcc,1328888f4d968765eba3,d0256b40e14c772519e5
ihp-sg13g2,spi,odb,odb,3,1.0,2494.934,310,4,False,5,8e-08,True,False,3963893,3660210,,,,,0.9748151,0.0251849,0,0.268689,5508,2.67,0,6.09,False,0,2581.89,173,0.29,False,4,4.37109375,0,2ff3ed4101d9f818a9a2,9e41770f36df704a9536,71ebb13e895d7ea4e3d1
ihp-sg13g2,spi,odb,odb,4,1.0,2492.959,323,4,False,5,1.1e-07,True,False,3965113,3660376,,,,,0.9672451,0.0327549,0,0.266157,5508,2.61,0,5.99,False,0,2576.45,172,0.29,False,4,4.37109375,0,e4b12887cbf31b90c033,e0d9a41fbeb147fb4c97,3be77837eeb8e890694b
ihp-sg13g2,spi,odb,odb,5,1.0,2454.767,310,4,False,5,7e-08,True,False,3963348,3656051,,,,,0.9770017,0.0229983,0,0.272983,5695,2.78,0,6.48,False,0,2598.22,173,0.29,False,4,6.2783203125,0,c59f5c626caf8f003697,2dbb7d128e94ac90fc23,fcb4cbff13677744a9c8
ihp-sg13g2,spi,odb,odb,6,1.0,2489.674,318,4,False,5,1e-07,True,False,3965240,3655637,,,,,0.99015032,0.00984968,0,0.266393,5824,2.82,0,6.36,False,0,2590.96,172,0.29,False,4,6.2783203125,0,cf838ee02243c4cdddde,8c4164fcd126cb72566f,cb00d90e41a02b9c2928
ihp-sg13g2,spi,odb,odb,7,1.0,2487.65,312,4,False,5,1e-07,True,False,3963952,3654889,,,,,0.99612932,0.00387068,0,0.264066,5529,2.67,0,5.97,False,0,2576.45,172,0.29,False,4,6.2783203125,0,5a66b70b1aa40ee1e641,4e45a763c818d7e39502,31b0372dd2dc9f268399
ihp-sg13g2,spi,odb,odb,8,1.0,2448.063,318,4,False,5,1.1e-07,True,False,3967411,3660733,,,,,0.99171518,0.00828482,0,0.264201,5436,2.68,0,5.63,False,0,2574.63,172,0.28,False,4,6.2783203125,0,9f3fbbf2420f460ffd9d,550eb9b6d5b2d188fcdf,a486d5efb963261abf14
ihp-sg13g2,spi,shipped,shipped,1,1.0,2486.867,336,4,False,5,1.1e-07,True,False,3960205,3618501,0,137,0,159,0.9875602,0.0124398,0,0.261057,5666,2.77,0,5.72,False,0,2574.63,172,0.32,False,4,4.14208984375,0,19e81ffe32caf78d8e38,2d19e293f45d673ec399,e60f0c3305be841b630f
ihp-sg13g2,spi,shipped,shipped,2,1.0,2434.877,325,4,False,5,1.1e-07,True,False,3962669,3619167,0,137,0,159,0.999573341,0.000426659,0,0.261968,5839,2.8,0,6.33,False,0,2581.89,173,0.3,False,4,4.14208984375,0,7cb6045dd1eacd20b568,1328888f4d968765eba3,009881ea441cbd0b9d44
ihp-sg13g2,spi,shipped,shipped,3,1.0,2528.182,333,4,False,5,6e-08,True,False,3963893,3620699,0,137,0,159,0.9689193,0.0310807,0,0.270541,5817,2.77,0,5.97,False,0,2567.38,171,0.33,False,4,4.14208984375,0,d24b9c9830bcea34c416,9e41770f36df704a9536,61e6b8143ed564dd0975
ihp-sg13g2,spi,shipped,shipped,4,1.0,2436.24,322,4,False,5,8e-08,True,False,3965113,3618263,0,137,0,159,0.9608522,0.0391478,0,0.272467,5508,2.65,0,5.77,False,0,2567.38,171,0.32,False,4,4.14208984375,0,21f94901f5507b6f013d,e0d9a41fbeb147fb4c97,e5dc4d4a06eaa30ef4cb
ihp-sg13g2,spi,shipped,shipped,5,1.0,2418.501,328,4,False,5,1.2e-07,True,False,3963348,3618459,0,137,0,159,0.9875419,0.0124581,0,0.270635,5580,2.67,0,6.02,False,0,2561.93,170,0.33,False,4,4.14208984375,0,00c767489cc4e97f64ab,2dbb7d128e94ac90fc23,845757f4f7b2e0c8e8dd
ihp-sg13g2,spi,shipped,shipped,6,1.0,2494.962,327,4,False,5,8e-08,True,False,3965240,3619735,0,137,0,159,0.999424571,0.000575429,0,0.275056,5680,2.73,0,6.45,False,0,2567.38,171,0.31,False,4,4.14208984375,0,d84758448589c7535a80,8c4164fcd126cb72566f,386ac99fdbda41ea52c2
ihp-sg13g2,spi,shipped,shipped,7,1.0,2457.005,332,4,False,5,1e-07,True,False,3963952,3623153,0,137,0,159,0.99873357,0.00126643,0,0.264115,5724,2.75,0,6.16,False,0,2574.63,172,0.28,False,4,4.37109375,0,d6b2e9fc9cbad56ac037,4e45a763c818d7e39502,f42bf2a94e699aa2f52d
ihp-sg13g2,spi,shipped,shipped,8,1.0,2425.428,326,4,False,5,1.2e-07,True,False,3967411,3621529,0,137,0,159,0.9830187,0.0169813,0,0.269792,5443,2.62,0,5.82,False,0,2574.63,172,0.29,False,4,4.37109375,0,334f953433b4f185834f,550eb9b6d5b2d188fcdf,c2097c8bb54a2202871d
ihp-sg13g2,spi,spread,spread,1,1.0,2940.824,327,4,False,5,8e-08,True,False,9914915,3839374,,,,,0.99563038,0.00436962,0,0.275409,6278,3.0,0,7.36,False,0,2590.96,173,0.29,False,4,6.8984375,0,0b65976736ca5d5f7bac,a9709aadf53bc7d08f5b,f9747cf11a3968e6e461
ihp-sg13g2,spi,spread,spread,2,1.0,2900.74,320,4,False,5,8e-08,True,False,9922745,3845134,,,,,0.9619892,0.0380108,0,0.26038,6192,2.95,0,7.38,False,0,2580.08,172,0.29,False,4,6.8984375,0,e9312d3594d506539c0d,fcdd8f1c3799b470abf8,9d0407832dda93803a1a
ihp-sg13g2,spi,spread,spread,3,1.0,2994.459,318,4,False,5,1.2e-07,True,False,9924614,3859999,,,,,0.99299582,0.00700418,0,0.272878,6357,3.08,0,7.72,False,0,2583.71,174,0.29,False,4,6.8984375,0,f1c16b044617e1ecd7ef,d38ec9eb326fe63cb3cc,0e9678b205faf796d4aa
ihp-sg13g2,spi,spread,spread,4,1.0,2948.331,322,4,False,5,9e-08,True,False,9929053,3860551,,,,,0.99271216,0.00728784,0,0.270365,6285,3.01,0,7.23,False,0,2598.22,174,0.28,False,4,6.8984375,0,e527536c15e3a3832cd9,e48e0d65deab1f860cb8,cf5b1b21182f430a0845
ihp-sg13g2,spi,spread,spread,5,1.0,2917.301,322,4,False,5,9e-08,True,False,9907033,3843089,,,,,0.9840066,0.0159934,0,0.26448,6393,3.05,0,7.5,False,0,2574.63,172,0.28,False,4,6.8984375,0,5e11718d401ff603f087,8bfb8bf06e60beb95c56,13eb0340cb44e6ef1e0b
ihp-sg13g2,spi,spread,spread,6,1.0,2942.643,327,4,False,5,1e-07,True,False,9904055,3842929,,,,,0.9810859,0.0189141,0,0.267743,6271,2.98,0,7.11,False,0,2598.22,174,0.29,False,4,6.8984375,0,0108a0e8cce9efce13c9,b8e19af141ebadf90e97,56bdd0795e48ae84df15
ihp-sg13g2,spi,spread,spread,7,1.0,2921.661,324,4,False,5,9e-08,True,False,9913100,3841338,,,,,0.99361167,0.00638833,0,0.268534,6357,2.99,0,7.28,False,0,2596.41,175,0.26,False,4,6.826171875,0,92539471529d705b3383,34d07f1babf710c85f58,b6e26715edfde0f6363b
ihp-sg13g2,spi,spread,spread,8,1.0,3028.965,315,4,False,5,1e-07,True,False,9918686,3866347,,,,,0.99608802,0.00391198,0,0.269284,6544,3.14,0,7.14,False,0,2614.55,175,0.25,False,4,6.826171875,0,02aa4b85dff1fd9c71a6,02087d177e8c0d3877e2,e537e4f25f2637f08ea4
nangate45,gcd,anchored,anchored,1,0.25,2908.023,364,4,False,5,1.1e-07,True,False,8439532,5857055,,,,,0.422408,-0.172408,-7.61516,0.0915974,8501,25.54,0,66.63,False,0,826.728,710,0.6,False,4,16.09765625,0,071fc5b5ade79999bfd2,dd403245eefcb32cb31b,7bfce81b76f7d0ab5525
nangate45,gcd,anchored,anchored,2,0.25,2874.149,361,4,False,5,1.2e-07,True,False,8441684,5852300,,,,,0.427991,-0.177991,-7.86927,0.0914605,9339,26.23,0,69.63,False,0,830.718,713,0.72,False,4,16.73583984375,0,a66457dbc04e80ab64e5,d896fedcdf28d9802e92,29d921e7aa53b063820f
nangate45,gcd,anchored,anchored,3,0.25,2882.541,358,4,False,5,1.1e-07,True,False,8447304,5858729,,,,,0.432515,-0.182515,-8.16349,0.0920869,9530,27.9,0,72.73,False,0,831.25,715,0.72,False,4,16.73583984375,0,06d7b448b3966edbd55f,883450936b315415d57a,d129cede3d7d0830827e
nangate45,gcd,anchored,anchored,4,0.25,2869.514,360,4,False,5,1.2e-07,True,False,8443852,5852300,,,,,0.419618,-0.169618,-7.44863,0.0877593,7911,25.12,0,67.17,False,0,830.452,713,0.9,False,4,17.29931640625,0,cab0ef14ad4fbce34f70,f218be8cf2965032c115,2a24320abeebc238200a
nangate45,gcd,anchored,anchored,5,0.25,2906.949,363,4,False,5,1.1e-07,True,False,8437906,5857055,,,,,0.41964599999999996,-0.169646,-7.51942,0.0904836,8028,24.1,0,64.17,False,0,827.526,711,0.72,False,4,17.29931640625,0,4017c2807f2671ca0e35,f5f65252854eafc5e693,b04c342f63fa11536115
nangate45,gcd,anchored,anchored,6,0.25,2907.456,364,4,False,5,1.1e-07,True,False,8439243,5854695,,,,,0.42159599999999997,-0.171596,-7.4455,0.0883823,8028,24.55,0,67.17,False,0,826.462,710,0.64,False,4,17.19482421875,0,55e7962b4df294dada17,98e279e9bf9a78936f70,7f0aa360016581fd9728
nangate45,gcd,anchored,anchored,7,0.25,2869.662,362,4,False,5,1.2e-07,True,False,8441426,5852300,,,,,0.42128299999999996,-0.171283,-7.62278,0.08917,7846,23.56,0,66.1,False,0,830.718,713,0.79,False,4,17.01904296875,0,edbfe019356f951401ba,c93a0b048e9ae74836b8,e2bcccf74d2d41f96c02
nangate45,gcd,anchored,anchored,8,0.25,2908.463,364,4,False,5,1.1e-07,True,False,8437946,5857055,,,,,0.41515199999999997,-0.165152,-7.33803,0.0896022,7980,25.41,0,66.1,False,0,826.728,710,0.75,False,4,16.85693359375,0,817cb2f68a68f20c912e,ef3dcfdcd57c982cdeba,b5dd720623a340d79d7f
nangate45,gcd,odb,odb,1,0.25,2908.332,359,4,False,5,1.1e-07,True,False,8439532,5942509,,,,,0.418574,-0.168574,-7.47543,0.0888654,8065,25.69,0,69.3,False,0,827.526,711,0.62,False,4,16.076171875,0,5df5beebf2f988f4a7ce,dd403245eefcb32cb31b,eca1ea9b4613cb0b8647
nangate45,gcd,odb,odb,2,0.25,2874.688,357,4,False,5,1.2e-07,True,False,8441684,5937189,,,,,0.424626,-0.174626,-7.6602,0.0926177,8293,25.38,0,68.56,False,0,830.718,713,0.64,False,4,16.076171875,0,d6c985bd996fa8e7464b,d896fedcdf28d9802e92,2e3051cf5185d70b0d0f
nangate45,gcd,odb,odb,3,0.25,2885.862,354,4,False,5,1.1e-07,True,False,8447304,5952515,,,,,0.424066,-0.174066,-7.62644,0.0921457,8692,26.3,0,68.56,False,0,831.25,715,0.79,False,4,15.74951171875,0,a7ea9116eb032d20c93c,883450936b315415d57a,b4b946a6bb1d41203ce2
nangate45,gcd,odb,odb,4,0.25,2869.193,356,4,False,5,1e-07,True,False,8443852,5937435,,,,,0.425224,-0.175224,-7.84061,0.0912176,9211,26.67,0,73.05,False,0,830.452,713,0.74,False,4,16.353515625,0,efa658c2617cac9d9c58,f218be8cf2965032c115,01e099334613234bdc61
nangate45,gcd,odb,odb,5,0.25,2908.097,359,4,False,5,1.2e-07,True,False,8437906,5942399,,,,,0.42301500000000003,-0.173015,-7.65802,0.0913054,9319,27.54,0,69.73,False,0,826.728,710,0.66,False,4,16.353515625,0,7bac2fc5d8778a16e9cd,f5f65252854eafc5e693,2a7b3fd66222beec6cd8
nangate45,gcd,odb,odb,6,0.25,2909.502,359,4,False,5,7e-08,True,False,8439243,5939919,,,,,0.419306,-0.169306,-7.6796,0.0914751,8282,24.77,0,67.38,False,0,826.728,710,0.69,False,4,16.56591796875,0,15345fe4bc312ecee5be,98e279e9bf9a78936f70,a869f0f1114f09e6c7a2
nangate45,gcd,odb,odb,7,0.25,2870.024,358,4,False,5,1.2e-07,True,False,8441426,5940816,,,,,0.423865,-0.173865,-7.57423,0.0912765,8464,25.59,0,67.81,False,0,830.718,713,0.67,False,4,16.56591796875,0,94071d3180353ba71d2c,c93a0b048e9ae74836b8,0a3a3e721854f8827fb2
nangate45,gcd,odb,odb,8,0.25,2907.849,359,4,False,5,1.1e-07,True,False,8437946,5943396,,,,,0.41681599999999996,-0.166816,-7.39478,0.0908047,7880,24.76,0,66.52,False,0,827.526,711,0.81,False,4,16.2802734375,0,b72b400e241521216e62,ef3dcfdcd57c982cdeba,f4f6dd76b4e433ae5213
nangate45,gcd,shipped,shipped,1,0.25,2909.535,375,4,False,5,8e-08,True,False,8439532,5859028,0,513,0,551,0.419029,-0.169029,-7.57673,0.091965,8056,25.07,0,68.98,False,0,827.526,711,0.74,False,4,10.68359375,0,3ac9e57ef458028590a5,dd403245eefcb32cb31b,c36a5d008270281ed2fb
nangate45,gcd,shipped,shipped,2,0.25,2875.351,373,4,False,5,1e-07,True,False,8441684,5852796,0,513,0,551,0.427497,-0.177497,-7.75589,0.0915459,9621,29.49,0,75.08,False,0,830.718,713,0.68,False,4,10.68359375,0,74978b367d34e5e133a7,d896fedcdf28d9802e92,8317128b3330aba98259
nangate45,gcd,shipped,shipped,3,0.25,2900.624,373,4,False,5,1.2e-07,True,False,8447304,5858902,0,513,0,551,0.420922,-0.170922,-7.53932,0.0889034,7675,24.12,0,67.81,False,0,832.58,716,0.72,False,4,10.68359375,0,8730f7f89f77e1ce1668,883450936b315415d57a,be3895b89276fff5f2dc
nangate45,gcd,shipped,shipped,4,0.25,2875.862,372,4,False,5,1e-07,True,False,8443852,5852796,0,513,0,551,0.422112,-0.172112,-7.50173,0.0918024,8148,25.18,0,69.3,False,0,830.452,713,0.73,False,4,10.68359375,0,70692af3c7e95d6b0ed8,f218be8cf2965032c115,7a7f338efe87dac77d89
nangate45,gcd,shipped,shipped,5,0.25,2909.511,375,4,False,5,8e-08,True,False,8437906,5859028,0,513,0,551,0.42901500000000004,-0.179015,-7.75385,0.0912016,9276,26.95,0,72.3,False,0,826.728,710,0.73,False,4,10.68359375,0,f219fb27502371487147,f5f65252854eafc5e693,e7865e6db8856c837823
nangate45,gcd,shipped,shipped,6,0.25,2910.309,375,4,False,5,1.1e-07,True,False,8439243,5856799,0,513,0,551,0.42738,-0.17738,-7.7818,0.0914452,9151,25.74,0,69.52,False,0,826.728,710,0.73,False,4,10.68359375,0,11546750a810de749865,98e279e9bf9a78936f70,cf81afd8a9bc7e5a04e3
nangate45,gcd,shipped,shipped,7,0.25,2870.823,373,4,False,5,1e-07,True,False,8441426,5852796,0,513,0,551,0.427983,-0.177983,-7.76437,0.0940452,9251,26.71,0,69.84,False,0,830.452,713,0.74,False,4,15.56005859375,0,1a0cc42ae9e5cd50fa5a,c93a0b048e9ae74836b8,eeb89cfe15279df6609b
nangate45,gcd,shipped,shipped,8,0.25,2904.704,375,4,False,5,8e-08,True,False,8437946,5859028,0,513,0,551,0.431623,-0.181623,-7.88795,0.0925164,10339,27.67,0,69.73,False,0,827.26,711,0.61,False,4,16.076171875,0,bfefb57b27c4dbd2529f,ef3dcfdcd57c982cdeba,2b90cb32572c74c14a2d
nangate45,gcd,spread,spread,1,0.25,2883.716,373,4,False,5,1.1e-07,True,False,8425439,5923146,,,,,0.423686,-0.173686,-7.60128,0.0874355,8778,25.74,0,70.7,False,0,819.28,707,0.66,False,4,16.85693359375,0,53e6d2b90b212229baf1,6186719c73fd244f54d7,268b8297c821392b8167
nangate45,gcd,spread,spread,2,0.25,2841.28,366,4,False,5,1.1e-07,True,False,8424244,5925042,,,,,0.41816600000000004,-0.168166,-7.39513,0.088109,7954,24.73,0,65.45,False,0,821.94,709,0.77,False,4,16.7080078125,0,95a5054dc0659f90ef47,72190b18b7578c8ff661,a4187b3f803ecccfd87f
nangate45,gcd,spread,spread,3,0.25,2893.786,373,4,False,5,1.1e-07,True,False,8431910,5924291,,,,,0.426861,-0.176861,-7.6432,0.0898179,8031,24.07,0,65.67,False,0,822.472,710,0.74,False,4,16.57080078125,0,913d9ade06b847d82459,5e8007934bdf4fd35620,f4f8ab5e7a5bee3c27bd
nangate45,gcd,spread,spread,4,0.25,2891.919,372,4,False,5,1.1e-07,True,False,8424707,5923001,,,,,0.42381199999999997,-0.173812,-7.46295,0.0879651,7364,22.97,0,64.39,False,0,821.674,709,0.75,False,4,16.765625,0,b07cb6a869afb88cf1d5,a73562efab4645c35093,095009dd935b792c5356
nangate45,gcd,spread,spread,5,0.25,2935.503,363,4,False,5,1.1e-07,True,False,8443946,5924555,,,,,0.42305499999999996,-0.173055,-7.47629,0.0882618,8299,25.99,0,68.98,False,0,823.27,708,0.73,False,4,17.1962890625,0,2edb46cd8ab6fd14c88f,d9a9f8e4dbf41e8eef6a,5578e9d08ca24878d620
nangate45,gcd,spread,spread,6,0.25,2823.974,369,4,False,5,1.2e-07,True,False,8441660,5925069,,,,,0.422392,-0.172392,-7.58457,0.0909079,7458,22.73,0,59.57,False,0,823.004,712,0.65,False,4,17.1962890625,0,4ab0f916ba9a6cb4c60b,d59657209d41495e8ecb,8133eb8e34c7b20c4a41
nangate45,gcd,spread,spread,7,0.25,2931.361,364,4,False,5,1.1e-07,True,False,8439343,5931513,,,,,0.432307,-0.182307,-8.00726,0.0921249,10066,28.48,0,71.87,False,0,827.26,709,0.65,False,4,17.1962890625,0,c383d86a51838e64dc45,161a048ac3117728933a,4f33c3bbda0e208ed9ec
nangate45,gcd,spread,spread,8,0.25,2923.936,362,4,False,5,8e-08,True,False,8445460,5923175,,,,,0.423834,-0.173834,-7.59301,0.0912459,8344,24.48,0,65.24,False,0,830.452,712,0.63,False,4,17.5810546875,0,c69454136862728dfce0,d6d56611d03865e82184,681d3876b4195c35d814
sky130hd,gcd,anchored,anchored,1,1.1,5201.233,547,6,False,5,7e-08,True,False,6653538,5492696,,,,,2.52675,-1.42675,-65.5444,0.530314,15359,31.09,0,48.38,False,0,4092.68,483,0.72,False,4,17.0634765625,0,bd74e76df7e5e866df10,d005af672f3871fe2084,5bda0a720808dbcd491e
sky130hd,gcd,anchored,anchored,2,1.1,5232.524,345,4,False,5,8e-08,True,False,6656131,5503486,,,,,2.58934,-1.48934,-67.347,0.622976,15014,27.97,0,44.62,False,0,4092.68,483,0.52,False,4,17.69921875,0,a77e3dff126f0bc4389d,a96ef57b0a2f83dc8fc5,f1d94e51224085fe0912
sky130hd,gcd,anchored,anchored,3,1.1,5180.812,343,4,False,5,7e-08,True,False,6667319,5505347,,,,,2.61017,-1.51017,-68.9851,0.624756,13882,25.61,0,41.45,False,0,4090.17,481,0.74,False,4,17.48291015625,0,9c65e94d773fd5a98029,147a62e1f3a0ca96e626,adc8e5680cf588f49f36
sky130hd,gcd,anchored,anchored,4,1.1,5235.302,448,5,False,5,1e-07,True,False,6677994,5500406,,,,,2.60244,-1.50244,-68.0793,0.635406,15600,28.19,0,44.87,False,0,4117.7,483,0.58,False,4,17.48291015625,0,4ac81a92f5e7899cb459,ad7970fdf47769e31d05,251814ee4a9ea2831d63
sky130hd,gcd,anchored,anchored,5,1.1,5063.35,342,4,False,5,1e-07,True,False,6663778,5505720,,,,,2.55484,-1.45484,-66.2209,0.529389,15000,26.62,0,43.33,False,0,4095.18,480,0.58,False,4,17.12353515625,0,2bef4e70b5f0bd188a03,697b1bf7b03d1604c2bb,071c72cc3f0aaf116e41
sky130hd,gcd,anchored,anchored,6,1.1,5193.083,345,4,False,5,7e-08,True,False,6662506,5502470,,,,,2.53927,-1.43927,-65.8898,0.614422,14289,27.88,0,43.42,False,0,4072.66,477,0.65,False,4,17.11328125,0,ee20561d7e2a2c741731,5d4b4d1b6257c69ec2e7,3a36fb446743625b1c68
sky130hd,gcd,anchored,anchored,7,1.1,5195.431,344,4,False,5,1.1e-07,True,False,6676107,5503982,,,,,2.52931,-1.42931,-65.9128,0.628207,14172,27.16,0,44.1,False,0,4105.19,483,0.8,False,4,19.533203125,0,3655e878565374d735b6,97358b48435a49f1d6a8,3fd3607423226f27a822
sky130hd,gcd,anchored,anchored,8,1.1,5198.755,344,4,False,5,1e-07,True,False,6666568,5504333,,,,,2.6529,-1.5529,-67.5162,0.622207,14448,26.9,0,43.93,False,0,4110.19,482,0.61,False,4,19.89111328125,0,1e5da83cb70d77addb95,aebce8af528845a131ab,08e831b6916cd417a6bd
sky130hd,gcd,odb,odb,1,1.1,5063.918,317,4,False,5,1e-07,True,False,6653538,5704440,,,,,2.6336700000000004,-1.53367,-70.8804,0.623995,15918,29.32,0,46.84,False,0,4035.12,477,0.59,False,4,15.8974609375,0,c25210402cbf3660299e,d005af672f3871fe2084,025b593611e582509711
sky130hd,gcd,odb,odb,2,1.1,5033.072,312,4,False,5,1e-07,True,False,6656131,5709971,,,,,2.5497500000000004,-1.44975,-65.7766,0.643115,13399,25.36,0,41.2,False,0,4075.16,479,0.59,False,4,15.8974609375,0,b79173c21dd522b14bef,a96ef57b0a2f83dc8fc5,c9a329152597d523d16e
sky130hd,gcd,odb,odb,3,1.1,5018.811,315,4,False,5,1.2e-07,True,False,6667319,5713250,,,,,2.58758,-1.48758,-69.1769,0.63458,15228,29.59,0,44.44,False,0,4070.15,480,0.57,False,4,15.8974609375,0,e059314cd1b55665b144,147a62e1f3a0ca96e626,d89a680f8e9b3e47a618
sky130hd,gcd,odb,odb,4,1.1,5135.015,1135,7,False,5,9e-08,True,False,6677994,5705895,,,,,2.61111,-1.51111,-65.853,0.637083,14034,26.47,0,45.21,False,0,4070.15,480,0.66,False,4,15.8974609375,0,4dbce3e598ba3fd8fa81,ad7970fdf47769e31d05,cfbe728ed6bdcbd41d4c
sky130hd,gcd,odb,odb,5,1.1,5041.548,313,4,False,5,1.1e-07,True,False,6663778,5704996,,,,,2.57343,-1.47343,-66.9992,0.634807,14338,26.5,0,41.45,False,0,4055.14,478,0.6,False,4,15.56884765625,0,4d625a86e600a00ca439,697b1bf7b03d1604c2bb,18bc9e166f4c65e27d45
sky130hd,gcd,odb,odb,6,1.1,5037.471,861,6,False,5,1.2e-07,True,False,6662506,5695005,,,,,2.62114,-1.52114,-67.6398,0.619263,13944,26.17,0,43.25,False,0,4060.14,477,0.69,False,4,15.763671875,0,7d630257552f42eab391,5d4b4d1b6257c69ec2e7,cad7132d2b7c32c39e46
sky130hd,gcd,odb,odb,7,1.1,5100.914,313,4,False,5,1.2e-07,True,False,6676107,5711057,,,,,2.74793,-1.64793,-70.7616,0.656016,15269,27.12,0,43.76,False,0,4062.65,479,0.65,False,4,16.34814453125,0,53dfbd023af91eeb190d,97358b48435a49f1d6a8,5c76fd2d8b6f9fdbcedc
sky130hd,gcd,odb,odb,8,1.1,4984.874,311,4,False,5,1e-07,True,False,6666568,5708158,,,,,2.56428,-1.46428,-65.9286,0.545924,14338,27.39,0,42.56,False,0,4097.68,482,0.6,False,4,17.0634765625,0,54fe57d8f6037418fd9e,aebce8af528845a131ab,875431d3d067d6a3089b
sky130hd,gcd,shipped,shipped,1,1.1,5194.323,370,4,False,5,1.1e-07,True,False,6653538,5478857,0,266,0,319,2.65914,-1.55914,-69.4339,0.52086,18119,31.01,0,47.86,False,0,4055.14,478,0.6,False,4,15.91162109375,0,04d0914b3c06bd64092d,d005af672f3871fe2084,1ae37a0d44d0e1654db4
sky130hd,gcd,shipped,shipped,2,1.1,5214.876,371,4,False,5,1.2e-07,True,False,6656131,5491361,0,266,0,319,2.63375,-1.53375,-68.7236,0.625366,14062,26.66,0,41.79,False,0,4077.66,481,0.64,False,4,15.91162109375,0,4e89836b7891e8baa51e,a96ef57b0a2f83dc8fc5,6c55f601f6b008e61d69
sky130hd,gcd,shipped,shipped,3,1.1,5188.871,370,4,False,5,1.2e-07,True,False,6667319,5489157,0,266,0,319,2.62982,-1.52982,-69.4952,0.632853,15055,29.07,0,46.5,False,0,4075.16,479,0.65,False,4,15.91162109375,0,b688813486698e4d62b0,147a62e1f3a0ca96e626,cdae2216a3b664139292
sky130hd,gcd,shipped,shipped,4,1.1,5194.612,368,4,False,5,9e-08,True,False,6677994,5489654,0,266,0,319,2.6267,-1.5267,-67.7713,0.60201,16546,27.02,0,46.15,False,0,4090.17,481,0.63,False,4,15.91162109375,0,a4dbb041263ee5bcd096,ad7970fdf47769e31d05,f771f3304453f73427b0
sky130hd,gcd,shipped,shipped,5,1.1,5156.595,368,4,False,5,1.2e-07,True,False,6663778,5489427,0,266,0,319,2.60116,-1.50116,-69.0678,0.627169,16014,29.89,0,47.78,False,0,4062.65,479,0.64,False,4,15.91162109375,0,c855b1b237ef4dd5fa32,697b1bf7b03d1604c2bb,d103354d10d60d78d0c0
sky130hd,gcd,shipped,shipped,6,1.1,5218.734,370,4,False,5,1.1e-07,True,False,6662506,5486617,0,266,0,319,2.5673700000000004,-1.46737,-66.2488,0.631639,14324,27.03,0,43.5,False,0,4075.16,479,0.6,False,4,15.91162109375,0,9ea62a879ba47a0c6310,5d4b4d1b6257c69ec2e7,98fe6bc3d11cfb90a03b
sky130hd,gcd,shipped,shipped,7,1.1,5209.672,370,4,False,5,1.1e-07,True,False,6676107,5491085,0,266,0,319,2.6033600000000003,-1.50336,-68.9476,0.628156,15318,27.63,0,45.9,False,0,4080.16,478,0.77,False,4,15.453125,0,d706884b4e0f36443064,97358b48435a49f1d6a8,3303f0f258164433169c
sky130hd,gcd,shipped,shipped,8,1.1,5216.141,365,4,False,5,1.1e-07,True,False,6666568,5492994,0,266,0,319,2.57226,-1.47226,-68.5305,0.558821,14959,27.26,0,43.42,False,0,4067.65,478,0.56,False,4,15.8974609375,0,ce910c1f546f5cb2f208,aebce8af528845a131ab,1d69af7f21d69b64d6a5
sky130hd,gcd,spread,spread,1,1.1,5199.577,349,4,False,5,1e-07,True,False,6676956,5574165,,,,,2.5730399999999998,-1.47304,-67.9368,0.627145,16842,30.85,0,48.12,False,0,4040.12,476,0.61,False,4,19.89111328125,0,719b2685675721a23d2f,e844d65a21822c9f7d5a,a8e2fb2ec7494e7ef52e
sky130hd,gcd,spread,spread,2,1.1,5181.39,351,4,False,5,1e-07,True,False,6651721,5580996,,,,,2.64788,-1.54788,-68.2046,0.622678,15214,27.52,0,43.85,False,0,4047.63,477,0.64,False,4,19.4189453125,0,0d1bfd8d127ec58456e2,d333b3633a016c599ffe,1d07e0fad6307eeff4db
sky130hd,gcd,spread,spread,3,1.1,5125.654,353,4,False,5,1.2e-07,True,False,6662377,5577701,,,,,2.73456,-1.63456,-71.7224,0.621732,17829,31.2,0,47.86,False,0,4032.62,475,0.65,False,4,19.5458984375,0,77289489e0b2460aa1a8,17ad57499ecc80b091a2,edaf0c61a5d2fa041d99
sky130hd,gcd,spread,spread,4,1.1,5091.04,353,4,False,5,1.2e-07,True,False,6664117,5599402,,,,,2.6103300000000003,-1.51033,-67.9886,0.625283,16484,29.58,0,46.84,False,0,4057.64,475,0.62,False,4,19.5458984375,0,1c88f99a671c6202151d,d50cd80a4d61fd34fc30,661d6d4857266b366632
sky130hd,gcd,spread,spread,5,1.1,5129.68,351,4,False,5,1.1e-07,True,False,6663800,5568160,,,,,2.64923,-1.54923,-70.8098,0.634148,15828,26.67,0,42.99,False,0,4022.61,472,0.77,False,4,19.421875,0,e3f6adeed4e814fa7cdc,b9e9421e0f009e61ad93,7f7fdeb00def83ecc4c9
sky130hd,gcd,spread,spread,6,1.1,5202.209,353,4,False,5,1.1e-07,True,False,6676095,5584787,,,,,2.63215,-1.53215,-70.5107,0.549272,16663,29.75,0,46.92,False,0,4040.12,476,0.59,False,4,19.1474609375,0,a4ea2e78f16f00673cea,6c1062515d410c2f7b79,8e674ea473df11b4edf0
sky130hd,gcd,spread,spread,7,1.1,5152.103,351,4,False,5,1e-07,True,False,6663448,5577429,,,,,2.58357,-1.48357,-67.9632,0.539052,15152,28.58,0,44.1,False,0,4025.11,474,0.61,False,4,19.1474609375,0,2f999e77c575441c6fc8,1ee63e1f64affdbd6cde,209b7a4c2535b4fd69f3
sky130hd,gcd,spread,spread,8,1.1,5140.169,353,4,False,5,9e-08,True,False,6651798,5576821,,,,,2.63832,-1.53832,-70.6913,0.639254,14938,27.33,0,42.82,False,0,4002.59,471,0.71,False,4,18.73486328125,0,c41799c8daf28893aacb,05b22c87bb4f7cf6f3a9,e1e15d882f640de52726
sky130hs,gcd,anchored,anchored,1,1.4,7335.765,848,10,False,5,1e-07,True,False,9786463,6461436,,,,,1.8353099999999998,-0.43531,-14.4238,0.228581,16646,26.06,0,39.37,False,0,5516.08,629,1.27,False,4,14.896484375,0,8ce3899b281a4e5ca240,d389ed19c22147c2de0f,e4eb6e0bf6d57d9042af
sky130hs,gcd,anchored,anchored,2,1.4,7286.644,681,8,False,5,1.2e-07,True,False,9788792,6462511,,,,,1.7386599999999999,-0.33866,-11.7537,0.209171,17251,27.1,0,40.24,False,0,5517.68,630,1.23,False,4,14.896484375,0,72e48e2245a38e2c8c19,d9c750fd61b9a5194223,eec123c01c76537f650a
sky130hs,gcd,anchored,anchored,3,1.4,7637.049,749,9,False,5,6e-08,True,False,9793360,6461661,,,,,1.8179219999999998,-0.417922,-13.526,0.157558,18122,28.75,0,43.32,False,0,5464.93,631,1.32,False,4,15.25,0,e50b92f122f04ba60422,4b4432838d9b7d4b2827,97795ce4554991a08aa9
sky130hs,gcd,anchored,anchored,4,1.4,7547.702,761,9,False,5,9e-08,True,False,9794229,6462772,,,,,1.7382009999999999,-0.338201,-11.1304,0.186178,16927,26.82,0,40.95,False,0,5456.94,630,1.26,False,4,15.71044921875,0,43d523328b11310c6fc7,7fa2771abfa483f9b85f,1dfb6de91cebee7edf4f
sky130hs,gcd,anchored,anchored,5,1.4,7290.114,597,7,False,5,1e-07,True,False,9792405,6459918,,,,,1.7521689999999999,-0.352169,-12.6572,0.277224,18057,27.58,0,41.85,False,0,5436.16,628,1.25,False,4,15.71044921875,0,36f6b3f573c32072238b,69c2a0a9db58bfdb3376,b4b988df0518310e1ceb
sky130hs,gcd,anchored,anchored,6,1.4,7507.467,743,9,False,5,6e-08,True,False,9796268,6459761,,,,,1.748038,-0.348038,-12.978,0.213225,16329,26.62,0,39.66,False,0,5520.87,634,1.3,False,4,15.71044921875,0,30120918e2146323a50c,1f1ed204a931a805dec3,5acfa1cd1ee8337ee148
sky130hs,gcd,anchored,anchored,7,1.4,7628.159,672,8,False,5,8e-08,True,False,9778652,6444889,,,,,1.770876,-0.370876,-11.387,0.180711,17942,27.73,0,40.94,False,0,5424.97,629,1.26,False,4,15.71044921875,0,6d9e88d163d305c6bff6,1a8563e59b2f2e0648b0,e3d475e322c4ae35f963
sky130hs,gcd,anchored,anchored,8,1.4,7339.303,680,8,False,5,1.2e-07,True,False,9792788,6460600,,,,,1.7568009999999998,-0.356801,-12.138,0.258352,17431,27.46,0,41.03,False,0,5492.1,634,1.25,False,4,15.1728515625,0,8d180b36a8504d9b7717,bfd80ed1694fb8eb65d9,914541902ed7d3c954e3
sky130hs,gcd,odb,odb,1,1.4,7215.865,674,8,False,5,1e-07,True,False,9786463,6770618,,,,,1.71532,-0.31532,-10.4763,0.228907,16984,26.2,0,40.16,False,0,5488.91,631,1.25,False,4,10.70263671875,0,dedfea02947305c01710,d389ed19c22147c2de0f,5253756c622448fc14ec
sky130hs,gcd,odb,odb,2,1.4,7363.637,592,7,False,5,1.1e-07,True,False,9788792,6765345,,,,,1.7537779999999998,-0.353778,-12.3703,0.258221,19288,30.5,0,47.96,False,0,5508.09,628,1.27,False,4,11.287109375,0,025a7083b6ec87c25cfb,d9c750fd61b9a5194223,31e00965cb824541697f
sky130hs,gcd,odb,odb,3,1.4,7320.325,824,10,False,5,1e-07,True,False,9793360,6762421,,,,,1.738365,-0.338365,-11.5143,0.192866,17107,27.69,0,41.52,False,0,5453.74,625,1.28,False,4,11.287109375,0,413edb9e8dd9a2c20808,4b4432838d9b7d4b2827,de32ce1384c1c9068bcc
sky130hs,gcd,odb,odb,4,1.4,7490.541,747,9,False,5,7e-08,True,False,9794229,6764575,,,,,1.771391,-0.371391,-12.6269,0.158523,17006,27.82,0,41.66,False,0,5434.56,629,1.37,False,4,11.287109375,0,c79e1436b14b6815e0a7,7fa2771abfa483f9b85f,251727ccfbbf8ec576cf
sky130hs,gcd,odb,odb,5,1.4,7317.127,672,8,False,5,1e-07,True,False,9792405,6768290,,,,,1.723555,-0.323555,-11.0512,0.252142,16992,26.78,0,41.16,False,0,5495.3,634,1.28,False,4,14.88720703125,0,38762f61f262a64ec51d,69c2a0a9db58bfdb3376,954c3d781db3f59d4f46
sky130hs,gcd,odb,odb,6,1.4,7524.873,809,10,False,5,1.2e-07,True,False,9796268,6763156,,,,,1.7489849999999998,-0.348985,-10.7276,0.129083,16581,26.92,0,41.42,False,0,5469.72,632,1.3,False,4,14.88720703125,0,be4a213924636ca752e2,1f1ed204a931a805dec3,36d6bd9913e4a5ff727a
sky130hs,gcd,odb,odb,7,1.4,7659.208,665,8,False,5,1.1e-07,True,False,9778652,6746442,,,,,1.776878,-0.376878,-12.402,0.1875,17215,27.24,0,41.91,False,0,5424.97,629,1.26,False,4,14.88720703125,0,211fdaf36af36f827199,1a8563e59b2f2e0648b0,18945bf04ceaf44d35eb
sky130hs,gcd,odb,odb,8,1.4,7270.384,591,7,False,5,1.2e-07,True,False,9792788,6763339,,,,,1.767178,-0.367178,-13.3354,0.252511,17870,28.75,0,42.57,False,0,5471.32,631,1.21,False,4,14.896484375,0,35562cc4ee6fad718ad6,bfd80ed1694fb8eb65d9,1c4f0520f474839e9e56
sky130hs,gcd,shipped,shipped,1,1.4,7411.29,860,10,False,5,1.2e-07,True,False,9786463,6488409,0,385,0,430,1.74173,-0.34173,-11.7697,0.210778,16689,26.88,0,40.23,False,0,5472.92,625,1.38,False,4,5.63037109375,0,dbb0cccff10f5dc7eadf,d389ed19c22147c2de0f,197f51a890feb51aa1f6
sky130hs,gcd,shipped,shipped,2,1.4,7321.751,610,7,False,5,1.1e-07,True,False,9788792,6489239,0,385,0,430,1.7372709999999998,-0.337271,-11.6317,0.230745,17467,28.25,0,42.02,False,0,5524.07,628,1.27,False,4,5.63037109375,0,a277de7eb2542d306712,d9c750fd61b9a5194223,8e590dbc6d3e92c37f8a
sky130hs,gcd,shipped,shipped,3,1.4,7341.591,901,10,False,5,1.2e-07,True,False,9793360,6488108,0,385,0,430,1.774924,-0.374924,-12.5501,0.170905,17186,27.82,0,42.13,False,0,5463.33,634,1.4,False,4,5.63037109375,0,4e89d03d5636f4dd8120,4b4432838d9b7d4b2827,7cc08f769997ad580cb7
sky130hs,gcd,shipped,shipped,4,1.4,7401.528,766,9,False,5,1.1e-07,True,False,9794229,6489858,0,385,0,430,1.840315,-0.440315,-14.8301,0.187226,17395,27.41,0,40.59,False,0,5455.34,628,1.32,False,4,5.63037109375,0,d01d313d953e1aa0c113,7fa2771abfa483f9b85f,01238826ac471b1a3548
sky130hs,gcd,shipped,shipped,5,1.4,7332.664,691,8,False,5,7e-08,True,False,9792405,6486821,0,385,0,430,1.800541,-0.400541,-13.1152,0.239495,17280,27.39,0,41.74,False,0,5508.09,636,1.35,False,4,5.63037109375,0,74182c8d905e5e35e6e8,69c2a0a9db58bfdb3376,dc78f9301bc91a987dae
sky130hs,gcd,shipped,shipped,6,1.4,7515.674,675,8,False,5,1e-07,True,False,9796268,6488269,0,385,0,430,1.7331459999999999,-0.333146,-11.491,0.190453,18266,28.81,0,42.88,False,0,5485.71,632,1.33,False,4,5.63037109375,0,07020ff103eefa6ee2d2,1f1ed204a931a805dec3,7c66cbf12f01f67e472d
sky130hs,gcd,shipped,shipped,7,1.4,7612.446,688,8,False,5,1.1e-07,True,False,9778652,6470406,0,385,0,430,1.725454,-0.325454,-10.0402,0.204726,16185,26.66,0,40.57,False,0,5424.97,630,1.41,False,4,9.80615234375,0,073291395ae603f48b94,1a8563e59b2f2e0648b0,0f50d91f6b8c5ac2d012
sky130hs,gcd,shipped,shipped,8,1.4,7363.553,693,8,False,5,9e-08,True,False,9792788,6487356,0,385,0,430,1.748669,-0.348669,-11.8717,0.248608,16488,26.62,0,39.76,False,0,5492.1,634,1.29,False,4,10.70263671875,0,75917b8732d73f228e53,bfd80ed1694fb8eb65d9,bc22a743d1814a7bd15c
sky130hs,gcd,spread,spread,1,1.4,7181.681,595,7,False,5,8e-08,True,False,9744750,6567711,,,,,1.7267899999999998,-0.32679,-10.631,0.196568,15688,25.61,0,38.37,False,0,5432.96,629,1.38,False,4,14.93798828125,0,461a5452bfda571fe52b,d2b7cae8578dc0066784,42f1bbd7ee4c09fb7851
sky130hs,gcd,spread,spread,2,1.4,7427.092,682,8,False,5,7e-08,True,False,9747479,6568715,,,,,1.7486629999999999,-0.348663,-11.2231,0.19987,16732,26.71,0,39.88,False,0,5399.4,630,1.35,False,4,14.93798828125,0,097696b5e5d0da3e5dc7,f0170be5b8a93a729bef,76d15c2ef260667d3939
sky130hs,gcd,spread,spread,3,1.4,7337.246,676,8,False,5,1.2e-07,True,False,9744101,6574417,,,,,1.756634,-0.356634,-11.0886,0.162144,15933,25.96,0,39.87,False,0,5365.83,628,1.31,False,4,15.263671875,0,e71e90bc41a774afd6af,0bf213fe0faffd69c0a3,f2207e30cf87088ed761
sky130hs,gcd,spread,spread,4,1.4,7439.152,773,9,False,5,7e-08,True,False,9765758,6604442,,,,,1.740889,-0.340889,-11.8107,0.263662,17013,27.4,0,41.16,False,0,5460.13,629,1.47,False,4,15.40283203125,0,f6860aa2597720ac8c93,4b22c6f55f8c1d5ef869,84b6c2ed397785d29e5d
sky130hs,gcd,spread,spread,5,1.4,7280.303,599,7,False,5,9e-08,True,False,9744611,6572912,,,,,1.7723149999999999,-0.372315,-13.1433,0.183485,15861,25.29,0,38.69,False,0,5428.17,630,1.36,False,4,17.77294921875,0,a9a040f4930ab8fcab95,0af7b8df75dceed5fa8f,c43fdfd0548f65e5526b
sky130hs,gcd,spread,spread,6,1.4,7290.806,600,7,False,5,7e-08,True,False,9745426,6571317,,,,,1.7839969999999998,-0.383997,-12.1569,0.184815,16632,26.17,0,39.21,False,0,5421.77,629,1.4,False,4,17.77294921875,0,4eceb346b1f245316ff3,5f84c131a36d71a8782b,7645c1024430c02e6b7d
sky130hs,gcd,spread,spread,7,1.4,7285.995,912,10,False,5,1e-07,True,False,9747272,6572414,,,,,1.741816,-0.341816,-12.2032,0.19844,15681,25.6,0,38.8,False,0,5415.38,630,1.27,False,4,17.42626953125,0,df994753d6a6885d0157,3c8e00d5ef02df7bbd47,1451048cc0819c5b0084
sky130hs,gcd,spread,spread,8,1.4,7300.099,602,7,False,5,8e-08,True,False,9745739,6571598,,,,,1.716399,-0.316399,-11.3478,0.254337,16754,27.62,0,42.7,False,0,5445.75,632,1.29,False,4,17.31201171875,0,e599b85edf24c6aa0661,e8df6a7a69cfd887288b,1db14e2ee9cdd2b54aaf
