design,stage,substep,arm,repeat,call,setup_s,hold_s,passes,last_improving_iter,wns_start_ps,wns_end_ps,endpoints,substep_wall_s,result_sha1,loadavg_at_start,recorded_at
aes,cts,4_1_cts,base,1,setup_hold,1.75,0.01,50,50,-9.24,0.004,26,12.47,388d27212cfe76a19f9c,0.96,2026-09-10T21:27:28
aes,floorplan,2_1_floorplan,base,1,floorplan_setup,14.42,,1077,1057,-59.315,-45.023,150,17.68,6a612011b922a089739e,0.82,2026-09-10T21:27:15
aes,full,2_1_floorplan,base-p00670068,1,floorplan_setup,12.33,,1077,1057,-59.315,-45.023,150,15.58,6a612011b922a089739e,0.99,2026-09-12T19:53:28
aes,full,4_1_cts,base-p00670068,1,setup_hold,1.51,0.01,50,50,-9.24,0.004,26,12.15,388d27212cfe76a19f9c,0.99,2026-09-12T19:53:28
aes,full,5_1_grt,base-p00670068,1,setup_hold,28.04,0.05,596,569,-13.943,-4.195,111,52.11,de5b7477dac8c0b96048,0.99,2026-09-12T19:53:28
aes,full,5_1_grt,base-p00670068,1,post_grt_wns,0.44,,1,0,-4.78,-4.78,24,52.11,de5b7477dac8c0b96048,0.99,2026-09-12T19:53:28
aes,full,2_1_floorplan,base-p0069,1,floorplan_setup,12.36,,1077,1057,-59.315,-45.023,150,15.63,6a612011b922a089739e,0.91,2026-09-13T02:33:59
aes,full,4_1_cts,base-p0069,1,setup_hold,1.5,0.01,50,50,-9.24,0.004,26,12.13,388d27212cfe76a19f9c,0.91,2026-09-13T02:33:59
aes,full,5_1_grt,base-p0069,1,setup_hold,27.24,0.05,596,569,-13.943,-4.195,111,50.92,de5b7477dac8c0b96048,0.91,2026-09-13T02:33:59
aes,full,5_1_grt,base-p0069,1,post_grt_wns,0.44,,1,0,-4.78,-4.78,24,50.92,de5b7477dac8c0b96048,0.91,2026-09-13T02:33:59
aes,full,2_1_floorplan,base-p0074,1,floorplan_setup,12.37,,1077,1057,-59.315,-45.023,150,15.61,6a612011b922a089739e,0.97,2026-09-12T23:15:32
aes,full,4_1_cts,base-p0074,1,setup_hold,1.48,0.01,50,50,-9.24,0.004,26,12.15,388d27212cfe76a19f9c,0.97,2026-09-12T23:15:32
aes,full,5_1_grt,base-p0074,1,setup_hold,28.04,0.05,596,569,-13.943,-4.195,111,51.9,de5b7477dac8c0b96048,0.97,2026-09-12T23:15:32
aes,full,5_1_grt,base-p0074,1,post_grt_wns,0.45,,1,0,-4.78,-4.78,24,51.9,de5b7477dac8c0b96048,0.97,2026-09-12T23:15:32
aes,full,2_1_floorplan,base-p0077,1,floorplan_setup,12.79,,1081,1040,-59.315,-45.023,150,16.01,e9f580fa1e661e811705,0.95,2026-09-13T18:47:43
aes,full,4_1_cts,base-p0077,1,setup_hold,5.58,0.01,245,238,-31.412,-3.298,61,16.37,e1021f8c8b0400add670,0.95,2026-09-13T18:47:43
aes,full,5_1_grt,base-p0077,1,setup_hold,31.41,0.05,848,797,-15.576,-11.897,105,56.1,e99d81b9bd106c40baf3,0.95,2026-09-13T18:47:43
aes,full,5_1_grt,base-p0077,1,post_grt_wns,0.46,,1,0,-11.566,-11.566,62,56.1,e99d81b9bd106c40baf3,0.95,2026-09-13T18:47:43
aes,grt,5_1_grt,base,1,setup_hold,29.73,0.05,596,569,-13.943,-4.195,111,53.53,de5b7477dac8c0b96048,0.97,2026-09-10T21:28:23
aes,grt,5_1_grt,base,1,post_grt_wns,0.47,,1,0,-4.78,-4.78,24,53.53,de5b7477dac8c0b96048,0.97,2026-09-10T21:28:23
aes-mbff,cts,4_1_cts,base,1,setup_hold,1.3,0.01,39,39,-9.009,0.371,18,11.61,7b694d536d2d1022c45e,0.91,2026-09-10T21:34:00
aes-mbff,floorplan,2_1_floorplan,base,1,floorplan_setup,0.11,,0,,,,,2.83,c422fbb68d101a10151a,0.82,2026-09-10T21:33:47
aes-mbff,full,2_1_floorplan,base-p00670068,1,floorplan_setup,0.11,,0,,,,,2.85,c422fbb68d101a10151a,0.79,2026-09-12T20:05:23
aes-mbff,full,4_1_cts,base-p00670068,1,setup_hold,1.23,0.01,39,39,-9.009,0.371,18,11.7,7b694d536d2d1022c45e,0.79,2026-09-12T20:05:23
aes-mbff,full,5_1_grt,base-p00670068,1,setup_hold,10.12,0.06,267,238,-17.947,-1.2,106,34.04,f10f16d2f8ed4cb5ee89,0.79,2026-09-12T20:05:23
aes-mbff,full,5_1_grt,base-p00670068,1,post_grt_wns,0.45,,1,0,-2.004,-2.004,5,34.04,f10f16d2f8ed4cb5ee89,0.79,2026-09-12T20:05:23
aes-mbff,full,2_1_floorplan,base-p0069,1,floorplan_setup,0.1,,0,,,,,2.83,c422fbb68d101a10151a,0.96,2026-09-13T02:46:06
aes-mbff,full,4_1_cts,base-p0069,1,setup_hold,1.17,0.01,39,39,-9.009,0.371,18,11.56,7b694d536d2d1022c45e,0.96,2026-09-13T02:46:06
aes-mbff,full,5_1_grt,base-p0069,1,setup_hold,10.08,0.06,267,238,-17.947,-1.2,106,34.01,f10f16d2f8ed4cb5ee89,0.96,2026-09-13T02:46:06
aes-mbff,full,5_1_grt,base-p0069,1,post_grt_wns,0.46,,1,0,-2.004,-2.004,5,34.01,f10f16d2f8ed4cb5ee89,0.96,2026-09-13T02:46:06
aes-mbff,full,2_1_floorplan,base-p0074,1,floorplan_setup,0.1,,0,,,,,2.79,c422fbb68d101a10151a,0.83,2026-09-12T23:27:56
aes-mbff,full,4_1_cts,base-p0074,1,setup_hold,1.23,0.01,39,39,-9.009,0.371,18,11.54,7b694d536d2d1022c45e,0.83,2026-09-12T23:27:56
aes-mbff,full,5_1_grt,base-p0074,1,setup_hold,10.33,0.06,267,238,-17.947,-1.2,106,34.42,f10f16d2f8ed4cb5ee89,0.83,2026-09-12T23:27:56
aes-mbff,full,5_1_grt,base-p0074,1,post_grt_wns,0.43,,1,0,-2.004,-2.004,5,34.42,f10f16d2f8ed4cb5ee89,0.83,2026-09-12T23:27:56
aes-mbff,full,2_1_floorplan,base-p0077,1,floorplan_setup,0.11,,0,,,,,2.84,c422fbb68d101a10151a,0.82,2026-09-13T18:59:56
aes-mbff,full,4_1_cts,base-p0077,1,setup_hold,1.24,0.01,39,39,-9.009,0.371,18,11.83,7b694d536d2d1022c45e,0.82,2026-09-13T18:59:56
aes-mbff,full,5_1_grt,base-p0077,1,setup_hold,10.98,0.06,279,266,-17.947,-1.2,106,35.17,0a2ad8e8cc5f1489d7fb,0.82,2026-09-13T18:59:56
aes-mbff,full,5_1_grt,base-p0077,1,post_grt_wns,0.46,,1,0,-2.213,-2.213,5,35.17,0a2ad8e8cc5f1489d7fb,0.82,2026-09-13T18:59:56
aes-mbff,grt,5_1_grt,base,1,setup_hold,11.53,0.06,267,238,-17.947,-1.2,106,35.68,f10f16d2f8ed4cb5ee89,0.93,2026-09-10T21:34:37
aes-mbff,grt,5_1_grt,base,1,post_grt_wns,0.47,,1,0,-2.004,-2.004,5,35.68,f10f16d2f8ed4cb5ee89,0.93,2026-09-10T21:34:37
aes_lvt,cts,4_1_cts,base,1,setup_hold,0.42,0.08,0,,,,,10.75,94255454a0e4207922be,0.93,2026-09-10T21:31:16
aes_lvt,floorplan,2_1_floorplan,base,1,floorplan_setup,0.09,,0,,,,,3.44,05fbccf4fa7def676509,0.91,2026-09-10T21:31:04
aes_lvt,full,2_1_floorplan,base-p00670068,1,floorplan_setup,0.09,,0,,,,,3.46,05fbccf4fa7def676509,0.96,2026-09-12T19:59:37
aes_lvt,full,4_1_cts,base-p00670068,1,setup_hold,0.36,0.07,0,,,,,10.69,94255454a0e4207922be,0.96,2026-09-12T19:59:37
aes_lvt,full,5_1_grt,base-p00670068,1,setup_hold,0.33,0.09,0,,,,,20.43,6f020f356230f2a89325,0.96,2026-09-12T19:59:37
aes_lvt,full,5_1_grt,base-p00670068,1,post_grt_wns,0.34,,0,,,,,20.43,6f020f356230f2a89325,0.96,2026-09-12T19:59:37
aes_lvt,full,2_1_floorplan,base-p0069,1,floorplan_setup,0.09,,0,,,,,3.44,05fbccf4fa7def676509,0.85,2026-09-13T02:40:36
aes_lvt,full,4_1_cts,base-p0069,1,setup_hold,0.4,0.08,0,,,,,10.77,94255454a0e4207922be,0.85,2026-09-13T02:40:36
aes_lvt,full,5_1_grt,base-p0069,1,setup_hold,0.35,0.12,0,,,,,20.27,6f020f356230f2a89325,0.85,2026-09-13T02:40:36
aes_lvt,full,5_1_grt,base-p0069,1,post_grt_wns,0.29,,0,,,,,20.27,6f020f356230f2a89325,0.85,2026-09-13T02:40:36
aes_lvt,full,2_1_floorplan,base-p0074,1,floorplan_setup,0.09,,0,,,,,3.43,05fbccf4fa7def676509,0.78,2026-09-12T23:22:10
aes_lvt,full,4_1_cts,base-p0074,1,setup_hold,0.42,0.07,0,,,,,10.47,94255454a0e4207922be,0.78,2026-09-12T23:22:10
aes_lvt,full,5_1_grt,base-p0074,1,setup_hold,0.35,0.1,0,,,,,20.58,6f020f356230f2a89325,0.78,2026-09-12T23:22:10
aes_lvt,full,5_1_grt,base-p0074,1,post_grt_wns,0.32,,0,,,,,20.58,6f020f356230f2a89325,0.78,2026-09-12T23:22:10
aes_lvt,full,2_1_floorplan,base-p0077,1,floorplan_setup,0.09,,0,,,,,3.43,05fbccf4fa7def676509,0.81,2026-09-13T18:54:19
aes_lvt,full,4_1_cts,base-p0077,1,setup_hold,0.41,0.08,0,,,,,10.68,94255454a0e4207922be,0.81,2026-09-13T18:54:19
aes_lvt,full,5_1_grt,base-p0077,1,setup_hold,0.34,0.1,0,,,,,20.49,6f020f356230f2a89325,0.81,2026-09-13T18:54:19
aes_lvt,full,5_1_grt,base-p0077,1,post_grt_wns,0.32,,0,,,,,20.49,6f020f356230f2a89325,0.81,2026-09-13T18:54:19
aes_lvt,grt,5_1_grt,base,1,setup_hold,0.32,0.1,0,,,,,20.43,6f020f356230f2a89325,0.94,2026-09-10T21:31:38
aes_lvt,grt,5_1_grt,base,1,post_grt_wns,0.29,,0,,,,,20.43,6f020f356230f2a89325,0.94,2026-09-10T21:31:38
coralnpu,cts,4_1_cts,base,1,setup_hold,385.37,0.56,1500,1280,-2142.929,-2053.337,16853,530.85,2be3f5b16ac161318a1c,0.98,2026-09-10T23:10:08
coralnpu,cts,4_1_cts,base-p006700680069,1,setup_hold,328.94,0.54,1500,1280,-2142.929,-2053.337,16853,472.4,2be3f5b16ac161318a1c,0.87,2026-09-12T02:44:45
coralnpu,cts,4_1_cts,base-p0073,1,setup_hold,304.33,0.55,1300,1280,-2142.929,-2053.337,16853,449.25,08742768184354bd41c6,0.81,2026-09-12T13:53:19
coralnpu,cts,4_1_cts,base-p0074,1,setup_hold,330.47,0.54,1500,1280,-2142.929,-2053.337,16853,475.22,2be3f5b16ac161318a1c,0.82,2026-09-12T17:06:59
coralnpu,cts,4_1_cts,base-prof,1,setup_hold,384.93,0.55,1500,1280,-2142.929,-2053.337,16853,531.49,2be3f5b16ac161318a1c,0.94,2026-09-11T01:19:28
coralnpu,floorplan,2_1_floorplan,base,1,floorplan_setup,225.27,,1200,23,-13804.944,-2383.044,16853,275.63,07ad1ef643b6055207ce,0.80,2026-09-10T23:00:15
coralnpu,floorplan,2_1_floorplan,base-p006700680069,1,floorplan_setup,48.04,,400,23,-13804.944,-2383.044,16853,99.53,07ad1ef643b6055207ce,0.86,2026-09-12T02:23:02
coralnpu,floorplan,2_1_floorplan,base-p0073,1,floorplan_setup,29.16,,43,23,-13804.944,-2383.044,16853,78.6,07ad1ef643b6055207ce,0.86,2026-09-12T13:32:36
coralnpu,floorplan,2_1_floorplan,base-p0074,1,floorplan_setup,87.89,,1200,23,-13804.944,-2383.044,16853,137.98,07ad1ef643b6055207ce,0.88,2026-09-12T16:44:45
coralnpu,floorplan,2_1_floorplan,base-prof,1,floorplan_setup,221.33,,1200,23,-13804.944,-2383.044,16853,271.77,07ad1ef643b6055207ce,0.97,2026-09-11T00:54:46
coralnpu,grt,5_1_grt,base,1,setup_hold,674.13,1.27,1400,734,-2113.249,-2099.549,16853,1238.01,d7dc7d7019cd109a1d30,0.94,2026-09-10T23:32:32
coralnpu,grt,5_1_grt,base,1,post_grt_wns,8.44,,1,0,-2102.223,-2102.223,16853,1238.01,d7dc7d7019cd109a1d30,0.94,2026-09-10T23:32:32
coralnpu,grt,5_1_grt,base-p006700680069,1,setup_hold,617.74,1.26,1400,734,-2113.249,-2099.549,16853,1183.43,d7dc7d7019cd109a1d30,0.90,2026-09-12T03:15:09
coralnpu,grt,5_1_grt,base-p006700680069,1,post_grt_wns,8.16,,1,0,-2102.223,-2102.223,16853,1183.43,d7dc7d7019cd109a1d30,0.90,2026-09-12T03:15:09
coralnpu,grt,5_1_grt,base-p0073,1,setup_hold,470.87,1.21,1200,730,-2113.468,-2101.813,16853,1036.31,4e443b68c2a70774b95b,0.94,2026-09-12T14:20:25
coralnpu,grt,5_1_grt,base-p0073,1,post_grt_wns,7.99,,1,0,-2104.765,-2104.765,16853,1036.31,4e443b68c2a70774b95b,0.94,2026-09-12T14:20:25
coralnpu,grt,5_1_grt,base-p0074,1,setup_hold,679.47,1.26,1400,734,-2113.249,-2099.549,16853,1297.33,d7dc7d7019cd109a1d30,0.85,2026-09-12T17:40:03
coralnpu,grt,5_1_grt,base-p0074,1,post_grt_wns,8.36,,1,0,-2102.223,-2102.223,16853,1297.33,d7dc7d7019cd109a1d30,0.85,2026-09-12T17:40:03
coralnpu,grt,5_1_grt,base-prof,1,setup_hold,688.86,1.27,1400,734,-2113.249,-2099.549,16853,1263.15,d7dc7d7019cd109a1d30,0.92,2026-09-11T01:54:10
coralnpu,grt,5_1_grt,base-prof,1,post_grt_wns,8.45,,1,0,-2102.223,-2102.223,16853,1263.15,d7dc7d7019cd109a1d30,0.92,2026-09-11T01:54:10
ethmac,cts,4_1_cts,base,1,setup_hold,7.89,0.17,108,60,-86.312,-83.009,20,47.03,b2638a74278d34b25525,0.89,2026-09-10T22:10:10
ethmac,floorplan,2_1_floorplan,base,1,floorplan_setup,33.65,,509,448,-3111.825,-82.332,373,48.16,1675822e33d891cab1fd,0.89,2026-09-10T22:08:37
ethmac,full,2_1_floorplan,base-p00670068,1,floorplan_setup,16.18,,509,448,-3111.825,-82.332,373,30.51,1675822e33d891cab1fd,0.93,2026-09-12T20:41:58
ethmac,full,4_1_cts,base-p00670068,1,setup_hold,5.9,0.16,108,60,-86.312,-83.009,20,44.97,b2638a74278d34b25525,0.93,2026-09-12T20:41:58
ethmac,full,5_1_grt,base-p00670068,1,setup_hold,16.58,0.36,289,233,-102.291,-99.186,67,140.71,475c744da884c861d1f7,0.93,2026-09-12T20:41:58
ethmac,full,5_1_grt,base-p00670068,1,post_grt_wns,2.53,,1,0,-98.825,-98.825,56,140.71,475c744da884c861d1f7,0.93,2026-09-12T20:41:58
ethmac,full,2_1_floorplan,base-p0069,1,floorplan_setup,16.09,,509,448,-3111.825,-82.332,373,30.76,1675822e33d891cab1fd,0.85,2026-09-13T03:22:25
ethmac,full,4_1_cts,base-p0069,1,setup_hold,5.96,0.16,108,60,-86.312,-83.009,20,44.89,b2638a74278d34b25525,0.85,2026-09-13T03:22:25
ethmac,full,5_1_grt,base-p0069,1,setup_hold,16.38,0.36,289,233,-102.291,-99.186,67,140.17000000000002,475c744da884c861d1f7,0.85,2026-09-13T03:22:25
ethmac,full,5_1_grt,base-p0069,1,post_grt_wns,2.52,,1,0,-98.825,-98.825,56,140.17000000000002,475c744da884c861d1f7,0.85,2026-09-13T03:22:25
ethmac,full,2_1_floorplan,base-p0074,1,floorplan_setup,12.59,,300,47,-3111.825,-82.461,373,26.92,6ec2a87a0da17a8c55c0,0.91,2026-09-13T00:03:19
ethmac,full,4_1_cts,base-p0074,1,setup_hold,6.35,0.2,142,123,-88.023,-84.424,22,45.78,802577ca6f524158e514,0.91,2026-09-13T00:03:19
ethmac,full,5_1_grt,base-p0074,1,setup_hold,14.93,0.4,251,170,-97.983,-97.505,73,138.35,04826d3030c4c9011785,0.91,2026-09-13T00:03:19
ethmac,full,5_1_grt,base-p0074,1,post_grt_wns,2.62,,1,0,-99.864,-99.864,59,138.35,04826d3030c4c9011785,0.91,2026-09-13T00:03:19
ethmac,full,2_1_floorplan,base-p0077,1,floorplan_setup,16.19,,510,505,-3111.825,-82.332,373,30.65,911830f91defcc6b4129,0.93,2026-09-13T19:38:22
ethmac,full,4_1_cts,base-p0077,1,setup_hold,7.25,0.17,162,143,-88.508,-83.984,22,46.72,d2fd6486fce0dd29b68a,0.93,2026-09-13T19:38:22
ethmac,full,5_1_grt,base-p0077,1,setup_hold,15.16,0.36,265,227,-102.927,-97.194,59,139.27,f10aff92aa6a34e5c2a7,0.93,2026-09-13T19:38:22
ethmac,full,5_1_grt,base-p0077,1,post_grt_wns,2.45,,1,0,-97.596,-97.596,41,139.27,f10aff92aa6a34e5c2a7,0.93,2026-09-13T19:38:22
ethmac,grt,5_1_grt,base,1,setup_hold,22.41,0.36,289,233,-102.291,-99.186,67,145.94,475c744da884c861d1f7,0.89,2026-09-10T22:13:52
ethmac,grt,5_1_grt,base,1,post_grt_wns,2.64,,1,0,-98.825,-98.825,56,145.94,475c744da884c861d1f7,0.89,2026-09-10T22:13:52
ethmac_lvt,cts,4_1_cts,base,1,setup_hold,8.23,0.19,126,80,-27.833,-19.708,18,45.36,868549d0654ff946398c,0.94,2026-09-10T22:17:59
ethmac_lvt,floorplan,2_1_floorplan,base,1,floorplan_setup,28.11,,397,59,-1420.681,-23.301,308,42.13,e588f86df1febbf0b819,0.85,2026-09-10T22:17:13
ethmac_lvt,full,2_1_floorplan,base-p00670068,1,floorplan_setup,13.24,,397,59,-1420.681,-23.301,308,27.4,e588f86df1febbf0b819,0.85,2026-09-12T20:55:26
ethmac_lvt,full,4_1_cts,base-p00670068,1,setup_hold,6.43,0.19,126,80,-27.833,-19.708,18,43.43,868549d0654ff946398c,0.85,2026-09-12T20:55:26
ethmac_lvt,full,5_1_grt,base-p00670068,1,setup_hold,14.78,0.39,129,111,-31.83,-28.516,19,118.52000000000001,14459a5a830135fb7f5b,0.85,2026-09-12T20:55:26
ethmac_lvt,full,5_1_grt,base-p00670068,1,post_grt_wns,2.61,,1,0,-28.55,-28.55,18,118.52000000000001,14459a5a830135fb7f5b,0.85,2026-09-12T20:55:26
ethmac_lvt,full,2_1_floorplan,base-p0069,1,floorplan_setup,13.25,,397,59,-1420.681,-23.301,308,27.28,e588f86df1febbf0b819,0.82,2026-09-13T03:36:10
ethmac_lvt,full,4_1_cts,base-p0069,1,setup_hold,6.52,0.2,126,80,-27.833,-19.708,18,43.54,868549d0654ff946398c,0.82,2026-09-13T03:36:10
ethmac_lvt,full,5_1_grt,base-p0069,1,setup_hold,14.67,0.39,129,111,-31.83,-28.516,19,118.72,14459a5a830135fb7f5b,0.82,2026-09-13T03:36:10
ethmac_lvt,full,5_1_grt,base-p0069,1,post_grt_wns,2.62,,1,0,-28.55,-28.55,18,118.72,14459a5a830135fb7f5b,0.82,2026-09-13T03:36:10
ethmac_lvt,full,2_1_floorplan,base-p0074,1,floorplan_setup,11.72,,300,59,-1420.681,-23.301,308,26.04,c9a231c3dfd047c1d622,0.86,2026-09-13T00:17:05
ethmac_lvt,full,4_1_cts,base-p0074,1,setup_hold,6.3,0.2,107,47,-25.944,-12.846,17,43.72,a84769ef8501fd1ad6e4,0.86,2026-09-13T00:17:05
ethmac_lvt,full,5_1_grt,base-p0074,1,setup_hold,8.39,0.39,100,70,-27.541,-26.333,18,112.78,3cc8e098baba3d2eeca4,0.86,2026-09-13T00:17:05
ethmac_lvt,full,5_1_grt,base-p0074,1,post_grt_wns,2.55,,1,0,-26.333,-26.333,18,112.78,3cc8e098baba3d2eeca4,0.86,2026-09-13T00:17:05
ethmac_lvt,full,2_1_floorplan,base-p0077,1,floorplan_setup,13.62,,397,59,-1420.681,-23.301,308,27.78,e588f86df1febbf0b819,0.85,2026-09-13T19:52:05
ethmac_lvt,full,4_1_cts,base-p0077,1,setup_hold,6.46,0.2,126,80,-27.833,-19.708,18,43.7,868549d0654ff946398c,0.85,2026-09-13T19:52:05
ethmac_lvt,full,5_1_grt,base-p0077,1,setup_hold,14.73,0.39,129,111,-31.83,-28.516,19,119.22999999999999,14459a5a830135fb7f5b,0.85,2026-09-13T19:52:05
ethmac_lvt,full,5_1_grt,base-p0077,1,post_grt_wns,2.61,,1,0,-28.55,-28.55,18,119.22999999999999,14459a5a830135fb7f5b,0.85,2026-09-13T19:52:05
ethmac_lvt,grt,5_1_grt,base,1,setup_hold,16.71,0.39,129,111,-31.83,-28.516,19,122.44,14459a5a830135fb7f5b,0.86,2026-09-10T22:21:03
ethmac_lvt,grt,5_1_grt,base,1,post_grt_wns,2.67,,1,0,-28.55,-28.55,18,122.44,14459a5a830135fb7f5b,0.86,2026-09-10T22:21:03
gcd,cts,4_1_cts,base,1,setup_hold,0.17,0.0,24,14,-42.428,-41.697,4,4.9,5d6bb9d0640e3eaf2236,0.98,2026-09-10T21:15:34
gcd,floorplan,2_1_floorplan,base,1,floorplan_setup,0.38,,61,32,-66.659,-63.947,21,1.9,d926c1d6588d405ca54b,0.78,2026-09-10T21:13:15
gcd,full,2_1_floorplan,base-p00670068,1,floorplan_setup,0.37,,61,32,-66.659,-63.947,21,1.88,d926c1d6588d405ca54b,0.90,2026-09-12T19:34:44
gcd,full,4_1_cts,base-p00670068,1,setup_hold,0.17,0.0,24,14,-42.428,-41.697,4,4.93,5d6bb9d0640e3eaf2236,0.90,2026-09-12T19:34:44
gcd,full,5_1_grt,base-p00670068,1,setup_hold,0.38,0.0,33,27,-52.651,-50.74,14,3.27,46a29f91d383fe8094f6,0.90,2026-09-12T19:34:44
gcd,full,5_1_grt,base-p00670068,1,post_grt_wns,0.05,,1,0,-50.74,-50.74,7,3.27,46a29f91d383fe8094f6,0.90,2026-09-12T19:34:44
gcd,full,2_1_floorplan,base-p0069,1,floorplan_setup,0.36,,61,32,-66.659,-63.947,21,1.88,d926c1d6588d405ca54b,0.92,2026-09-13T02:14:36
gcd,full,4_1_cts,base-p0069,1,setup_hold,0.17,0.0,24,14,-42.428,-41.697,4,4.89,5d6bb9d0640e3eaf2236,0.92,2026-09-13T02:14:36
gcd,full,5_1_grt,base-p0069,1,setup_hold,0.39,0.0,33,27,-52.651,-50.74,14,3.25,46a29f91d383fe8094f6,0.92,2026-09-13T02:14:36
gcd,full,5_1_grt,base-p0069,1,post_grt_wns,0.05,,1,0,-50.74,-50.74,7,3.25,46a29f91d383fe8094f6,0.92,2026-09-13T02:14:36
gcd,full,2_1_floorplan,base-p0074,1,floorplan_setup,0.36,,61,32,-66.659,-63.947,21,1.87,d926c1d6588d405ca54b,0.79,2026-09-12T22:55:08
gcd,full,4_1_cts,base-p0074,1,setup_hold,0.17,0.0,24,14,-42.428,-41.697,4,4.87,5d6bb9d0640e3eaf2236,0.79,2026-09-12T22:55:08
gcd,full,5_1_grt,base-p0074,1,setup_hold,0.4,0.0,38,30,-52.651,-50.74,14,3.39,6da7f95a688851ed32a9,0.79,2026-09-12T22:55:08
gcd,full,5_1_grt,base-p0074,1,post_grt_wns,0.05,,1,0,-50.74,-50.74,13,3.39,6da7f95a688851ed32a9,0.79,2026-09-12T22:55:08
gcd,full,2_1_floorplan,base-p0077,1,floorplan_setup,0.37,,61,32,-66.659,-63.947,21,1.88,d926c1d6588d405ca54b,0.88,2026-09-13T18:29:03
gcd,full,4_1_cts,base-p0077,1,setup_hold,0.17,0.0,24,14,-42.428,-41.697,4,4.93,5d6bb9d0640e3eaf2236,0.88,2026-09-13T18:29:03
gcd,full,5_1_grt,base-p0077,1,setup_hold,0.38,0.0,33,27,-52.651,-50.74,14,3.3,46a29f91d383fe8094f6,0.88,2026-09-13T18:29:03
gcd,full,5_1_grt,base-p0077,1,post_grt_wns,0.04,,1,0,-50.74,-50.74,7,3.3,46a29f91d383fe8094f6,0.88,2026-09-13T18:29:03
gcd,grt,5_1_grt,base,1,setup_hold,0.4,0.0,33,27,-52.651,-50.74,14,3.33,46a29f91d383fe8094f6,0.98,2026-09-10T21:15:39
gcd,grt,5_1_grt,base,1,post_grt_wns,0.05,,1,0,-50.74,-50.74,7,3.33,46a29f91d383fe8094f6,0.98,2026-09-10T21:15:39
gcd-ccs,cts,4_1_cts,base,1,setup_hold,0.98,0.0,38,28,-49.993,-49.277,16,13.66,61988b2c27a546e66309,0.89,2026-09-10T22:52:34
gcd-ccs,floorplan,2_1_floorplan,base,1,floorplan_setup,0.42,,61,32,-66.659,-63.947,21,9.41,157454ec200f2cbba9f8,0.79,2026-09-10T22:52:19
gcd-ccs,full,2_1_floorplan,base-p00670068,1,floorplan_setup,0.41,,61,32,-66.659,-63.947,21,9.49,157454ec200f2cbba9f8,0.90,2026-09-12T19:38:49
gcd-ccs,full,4_1_cts,base-p00670068,1,setup_hold,0.94,0.0,38,28,-49.993,-49.277,16,13.56,61988b2c27a546e66309,0.90,2026-09-12T19:38:49
gcd-ccs,full,5_1_grt,base-p00670068,1,setup_hold,1.8,0.0,32,12,-55.724,-54.527,7,14.43,06cc0fc278c7e6069965,0.90,2026-09-12T19:38:49
gcd-ccs,full,5_1_grt,base-p00670068,1,post_grt_wns,0.34,,1,0,-54.848,-54.848,7,14.43,06cc0fc278c7e6069965,0.90,2026-09-12T19:38:49
gcd-ccs,full,2_1_floorplan,base-p0069,1,floorplan_setup,0.41,,61,32,-66.659,-63.947,21,9.38,157454ec200f2cbba9f8,0.94,2026-09-13T02:18:04
gcd-ccs,full,4_1_cts,base-p0069,1,setup_hold,0.94,0.0,38,28,-49.993,-49.277,16,13.63,61988b2c27a546e66309,0.94,2026-09-13T02:18:04
gcd-ccs,full,5_1_grt,base-p0069,1,setup_hold,1.79,0.0,32,12,-55.724,-54.527,7,14.26,06cc0fc278c7e6069965,0.94,2026-09-13T02:18:04
gcd-ccs,full,5_1_grt,base-p0069,1,post_grt_wns,0.36,,1,0,-54.848,-54.848,7,14.26,06cc0fc278c7e6069965,0.94,2026-09-13T02:18:04
gcd-ccs,full,2_1_floorplan,base-p0074,1,floorplan_setup,0.42,,61,32,-66.659,-63.947,21,9.49,157454ec200f2cbba9f8,0.95,2026-09-12T22:58:36
gcd-ccs,full,4_1_cts,base-p0074,1,setup_hold,0.92,0.0,38,28,-49.993,-49.277,16,13.47,61988b2c27a546e66309,0.95,2026-09-12T22:58:36
gcd-ccs,full,5_1_grt,base-p0074,1,setup_hold,1.78,0.0,32,12,-55.724,-54.527,7,14.22,06cc0fc278c7e6069965,0.95,2026-09-12T22:58:36
gcd-ccs,full,5_1_grt,base-p0074,1,post_grt_wns,0.34,,1,0,-54.848,-54.848,7,14.22,06cc0fc278c7e6069965,0.95,2026-09-12T22:58:36
gcd-ccs,full,2_1_floorplan,base-p0077,1,floorplan_setup,0.42,,61,32,-66.659,-63.947,21,9.35,157454ec200f2cbba9f8,0.83,2026-09-13T18:32:31
gcd-ccs,full,4_1_cts,base-p0077,1,setup_hold,0.93,0.0,38,28,-49.993,-49.277,16,13.6,61988b2c27a546e66309,0.83,2026-09-13T18:32:31
gcd-ccs,full,5_1_grt,base-p0077,1,setup_hold,1.76,0.0,32,12,-55.724,-54.527,7,14.17,06cc0fc278c7e6069965,0.83,2026-09-13T18:32:31
gcd-ccs,full,5_1_grt,base-p0077,1,post_grt_wns,0.33,,1,0,-54.848,-54.848,7,14.17,06cc0fc278c7e6069965,0.83,2026-09-13T18:32:31
gcd-ccs,grt,5_1_grt,base,1,setup_hold,1.81,0.0,32,12,-55.724,-54.527,7,14.19,06cc0fc278c7e6069965,0.89,2026-09-10T22:53:20
gcd-ccs,grt,5_1_grt,base,1,post_grt_wns,0.34,,1,0,-54.848,-54.848,7,14.19,06cc0fc278c7e6069965,0.89,2026-09-10T22:53:20
ibex,cts,4_1_cts,base,1,setup_hold,41.75,0.11,779,579,-51.223,0.261,645,63.92,56134725468e06aad39d,0.81,2026-09-10T21:40:31
ibex,cts,4_1_cts,base-p0067,1,setup_hold,28.63,0.11,779,579,-51.223,0.261,645,50.46,56134725468e06aad39d,0.95,2026-09-11T17:41:55
ibex,cts,4_1_cts,base-p0067,2,setup_hold,28.7,0.11,779,579,-51.223,0.261,645,50.93,56134725468e06aad39d,0.93,2026-09-11T17:43:01
ibex,cts,4_1_cts,base-p0067,3,setup_hold,28.86,0.11,779,579,-51.223,0.261,645,51.14,56134725468e06aad39d,0.96,2026-09-11T17:45:23
ibex,cts,4_1_cts,base-p00670068,1,setup_hold,28.29,0.11,779,579,-51.223,0.261,645,50.34,56134725468e06aad39d,0.94,2026-09-14T04:49:27
ibex,cts,4_1_cts,base-p00670068,2,setup_hold,27.71,0.11,779,579,-51.223,0.261,645,49.54,56134725468e06aad39d,0.81,2026-09-14T04:51:32
ibex,cts,4_1_cts,base-p00670068,3,setup_hold,28.38,0.11,779,579,-51.223,0.261,645,50.37,56134725468e06aad39d,0.98,2026-09-14T04:53:53
ibex,cts,4_1_cts,base-p006700680069,1,setup_hold,26.77,0.11,468,90,-51.223,0.261,645,48.84,2da0a0e7a5283dde4e7d,0.97,2026-09-12T01:07:13
ibex,cts,4_1_cts,base-p006700680069,2,setup_hold,27.02,0.11,468,90,-51.223,0.261,645,49.18,2da0a0e7a5283dde4e7d,0.84,2026-09-12T01:08:18
ibex,cts,4_1_cts,base-p006700680069,3,setup_hold,26.58,0.11,468,90,-51.223,0.261,645,48.72,2da0a0e7a5283dde4e7d,0.91,2026-09-12T01:09:52
ibex,cts,4_1_cts,base-p0068,1,setup_hold,42.48,0.11,779,579,-51.223,0.261,645,64.73,56134725468e06aad39d,0.85,2026-09-11T20:20:42
ibex,cts,4_1_cts,base-p0068,2,setup_hold,41.49,0.11,779,579,-51.223,0.261,645,63.27,56134725468e06aad39d,1.00,2026-09-11T20:23:45
ibex,cts,4_1_cts,base-p0068,3,setup_hold,42.0,0.11,779,579,-51.223,0.261,645,64.24,56134725468e06aad39d,0.84,2026-09-11T20:25:35
ibex,cts,4_1_cts,base-p0069,1,setup_hold,34.18,0.11,468,90,-51.223,0.261,645,56.23,2da0a0e7a5283dde4e7d,0.84,2026-09-11T22:43:28
ibex,cts,4_1_cts,base-p0069,2,setup_hold,34.25,0.11,468,90,-51.223,0.261,645,56.24,2da0a0e7a5283dde4e7d,0.83,2026-09-11T22:45:55
ibex,cts,4_1_cts,base-p0069,3,setup_hold,33.96,0.11,468,90,-51.223,0.261,645,55.96,2da0a0e7a5283dde4e7d,0.83,2026-09-11T22:48:36
ibex,cts,4_1_cts,base-p0070,1,setup_hold,5.74,0.1,383,243,-23.587,0.192,350,27.63,9fc8c6c2f03a6da28365,0.89,2026-09-12T05:43:24
ibex,cts,4_1_cts,base-p0070,2,setup_hold,5.99,0.11,383,243,-23.587,0.192,350,28.03,9fc8c6c2f03a6da28365,0.79,2026-09-12T05:44:23
ibex,cts,4_1_cts,base-p0070,3,setup_hold,5.89,0.11,383,243,-23.587,0.192,350,27.9,9fc8c6c2f03a6da28365,0.96,2026-09-12T05:46:21
ibex,cts,4_1_cts,base-p0071,1,setup_hold,27.5,0.11,779,579,-51.223,0.261,645,49.69,56134725468e06aad39d,0.84,2026-09-12T08:06:16
ibex,cts,4_1_cts,base-p0071,2,setup_hold,27.89,0.11,779,579,-51.223,0.261,645,50.03,56134725468e06aad39d,0.84,2026-09-12T08:07:36
ibex,cts,4_1_cts,base-p0071,3,setup_hold,28.03,0.11,779,579,-51.223,0.261,645,50.09,56134725468e06aad39d,0.79,2026-09-12T08:09:42
ibex,cts,4_1_cts,base-p0072,1,setup_hold,28.04,0.11,779,579,-51.223,0.261,645,50.05,56134725468e06aad39d,0.84,2026-09-12T10:32:41
ibex,cts,4_1_cts,base-p0072,2,setup_hold,28.46,0.11,779,579,-51.223,0.261,645,50.67,56134725468e06aad39d,0.82,2026-09-12T10:35:02
ibex,cts,4_1_cts,base-p0072,3,setup_hold,28.53,0.11,779,579,-51.223,0.261,645,50.75,56134725468e06aad39d,0.86,2026-09-12T10:36:24
ibex,cts,4_1_cts,base-p0073,1,setup_hold,5.99,0.11,383,243,-23.587,0.192,350,28.15,9fc8c6c2f03a6da28365,0.91,2026-09-12T12:38:55
ibex,cts,4_1_cts,base-p0073,2,setup_hold,6.02,0.11,383,243,-23.587,0.192,350,28.05,9fc8c6c2f03a6da28365,0.85,2026-09-12T12:40:24
ibex,cts,4_1_cts,base-p0073,3,setup_hold,6.03,0.11,383,243,-23.587,0.192,350,28.2,9fc8c6c2f03a6da28365,0.89,2026-09-12T12:41:53
ibex,cts,4_1_cts,base-p0074,1,setup_hold,28.72,0.11,779,579,-51.223,0.261,645,50.93,56134725468e06aad39d,0.86,2026-09-12T15:26:46
ibex,cts,4_1_cts,base-p0074,2,setup_hold,28.2,0.11,779,579,-51.223,0.261,645,50.02,56134725468e06aad39d,0.90,2026-09-12T15:27:52
ibex,cts,4_1_cts,base-p0074,3,setup_hold,28.35,0.11,779,579,-51.223,0.261,645,50.49,56134725468e06aad39d,0.95,2026-09-12T15:29:43
ibex,cts,4_1_cts,base-p0077,1,setup_hold,7.32,0.1,513,443,-43.089,1.098,471,29.51,400d3455681819012a3e,0.89,2026-09-13T18:01:38
ibex,cts,4_1_cts,base-prof,1,setup_hold,41.47,0.11,779,579,-51.223,0.261,645,63.25,56134725468e06aad39d,0.78,2026-09-11T00:40:09
ibex,cts,4_1_cts,base-prof,2,setup_hold,42.23,0.11,779,579,-51.223,0.261,645,64.48,56134725468e06aad39d,0.97,2026-09-11T08:02:22
ibex,cts,4_1_cts,base-prof,3,setup_hold,41.96,0.11,779,579,-51.223,0.261,645,63.93,56134725468e06aad39d,0.98,2026-09-11T08:04:11
ibex,cts,4_1_cts,footprint-prof,1,setup_hold,41.79,0.11,779,579,-51.223,0.261,645,63.79,56134725468e06aad39d,0.92,2026-09-11T08:31:31
ibex,cts,4_1_cts,footprint-prof,2,setup_hold,41.74,0.11,779,579,-51.223,0.261,645,63.96,56134725468e06aad39d,0.88,2026-09-11T08:32:50
ibex,cts,4_1_cts,footprint-prof,3,setup_hold,41.92,0.11,779,579,-51.223,0.261,645,64.02,56134725468e06aad39d,0.87,2026-09-11T08:35:10
ibex,cts,4_1_cts,noclone-prof,1,setup_hold,30.22,0.11,740,155,-51.223,0.373,645,52.27,fba2b7d5d93447d34d7b,0.80,2026-09-11T08:21:42
ibex,cts,4_1_cts,noclone-prof,2,setup_hold,30.6,0.12,740,155,-51.223,0.373,645,52.88,fba2b7d5d93447d34d7b,0.88,2026-09-11T08:22:50
ibex,cts,4_1_cts,noclone-prof,3,setup_hold,29.59,0.11,740,155,-51.223,0.373,645,51.7,fba2b7d5d93447d34d7b,0.93,2026-09-11T08:24:12
ibex,cts,4_1_cts,nogasp-prof,1,setup_hold,40.91,0.11,748,579,-51.223,-2.566,645,62.68,10e2b5ea767da3674656,0.97,2026-09-11T08:16:42
ibex,cts,4_1_cts,nogasp-prof,2,setup_hold,41.12,0.11,748,579,-51.223,-2.566,645,63.18,10e2b5ea767da3674656,0.83,2026-09-11T08:18:30
ibex,cts,4_1_cts,nogasp-prof,3,setup_hold,41.07,0.11,748,579,-51.223,-2.566,645,63.25,10e2b5ea767da3674656,0.96,2026-09-11T08:19:49
ibex,cts,4_1_cts,nounbuf-prof,1,setup_hold,42.2,0.11,779,579,-51.223,0.261,645,64.28,56134725468e06aad39d,0.95,2026-09-11T08:26:17
ibex,cts,4_1_cts,nounbuf-prof,2,setup_hold,42.11,0.11,779,579,-51.223,0.261,645,64.24,56134725468e06aad39d,0.95,2026-09-11T08:28:52
ibex,cts,4_1_cts,nounbuf-prof,3,setup_hold,42.05,0.11,779,579,-51.223,0.261,645,64.11,56134725468e06aad39d,0.85,2026-09-11T08:30:11
ibex,cts,4_1_cts,tns20-prof,1,setup_hold,30.31,0.11,296,90,-51.223,0.261,645,52.55,2da0a0e7a5283dde4e7d,0.91,2026-09-11T08:05:34
ibex,cts,4_1_cts,tns20-prof,2,setup_hold,29.71,0.11,296,90,-51.223,0.261,645,51.66,2da0a0e7a5283dde4e7d,0.86,2026-09-11T08:07:26
ibex,cts,4_1_cts,tns20-prof,3,setup_hold,29.71,0.11,296,90,-51.223,0.261,645,51.82,2da0a0e7a5283dde4e7d,0.82,2026-09-11T08:08:33
ibex,cts,4_1_cts,tns5-prof,1,setup_hold,19.11,0.11,179,90,-51.223,0.261,645,41.22,2da0a0e7a5283dde4e7d,0.80,2026-09-11T08:10:30
ibex,cts,4_1_cts,tns5-prof,2,setup_hold,19.27,0.11,179,90,-51.223,0.261,645,41.38,2da0a0e7a5283dde4e7d,0.96,2026-09-11T08:12:12
ibex,cts,4_1_cts,tns5-prof,3,setup_hold,19.08,0.11,179,90,-51.223,0.261,645,41.05,2da0a0e7a5283dde4e7d,0.90,2026-09-11T08:14:39
ibex,floorplan,2_1_floorplan,base,1,floorplan_setup,77.47,,1200,730,-3476.455,-1344.686,1970,86.52,9167078746a9449efa2d,0.90,2026-09-10T21:38:11
ibex,floorplan,2_1_floorplan,base-p0067,1,floorplan_setup,70.06,,1200,730,-3476.455,-1344.686,1970,79.12,9167078746a9449efa2d,0.94,2026-09-11T17:30:16
ibex,floorplan,2_1_floorplan,base-p0067,2,floorplan_setup,69.75,,1200,730,-3476.455,-1344.686,1970,78.88,9167078746a9449efa2d,0.84,2026-09-11T17:33:11
ibex,floorplan,2_1_floorplan,base-p0067,3,floorplan_setup,69.2,,1200,730,-3476.455,-1344.686,1970,78.21000000000001,9167078746a9449efa2d,0.83,2026-09-11T17:36:21
ibex,floorplan,2_1_floorplan,base-p00670068,1,floorplan_setup,68.82,,1200,730,-3476.455,-1344.686,1970,77.87,9167078746a9449efa2d,0.96,2026-09-14T04:38:36
ibex,floorplan,2_1_floorplan,base-p00670068,2,floorplan_setup,68.91,,1200,730,-3476.455,-1344.686,1970,77.93,9167078746a9449efa2d,0.96,2026-09-14T04:40:45
ibex,floorplan,2_1_floorplan,base-p00670068,3,floorplan_setup,68.46,,1200,730,-3476.455,-1344.686,1970,77.43,9167078746a9449efa2d,0.87,2026-09-14T04:44:09
ibex,floorplan,2_1_floorplan,base-p006700680069,1,floorplan_setup,69.37,,1200,730,-3476.455,-1344.686,1970,78.45,9167078746a9449efa2d,0.80,2026-09-12T00:55:36
ibex,floorplan,2_1_floorplan,base-p006700680069,2,floorplan_setup,69.12,,1200,730,-3476.455,-1344.686,1970,77.98,9167078746a9449efa2d,0.98,2026-09-12T00:58:45
ibex,floorplan,2_1_floorplan,base-p006700680069,3,floorplan_setup,69.8,,1200,730,-3476.455,-1344.686,1970,78.88,9167078746a9449efa2d,0.82,2026-09-12T01:01:55
ibex,floorplan,2_1_floorplan,base-p0068,1,floorplan_setup,79.01,,1200,730,-3476.455,-1344.686,1970,88.18,9167078746a9449efa2d,0.85,2026-09-11T20:09:35
ibex,floorplan,2_1_floorplan,base-p0068,2,floorplan_setup,79.17,,1200,730,-3476.455,-1344.686,1970,88.28999999999999,9167078746a9449efa2d,0.84,2026-09-11T20:12:09
ibex,floorplan,2_1_floorplan,base-p0068,3,floorplan_setup,77.89,,1200,730,-3476.455,-1344.686,1970,87.0,9167078746a9449efa2d,0.82,2026-09-11T20:14:43
ibex,floorplan,2_1_floorplan,base-p0069,1,floorplan_setup,76.95,,1200,730,-3476.455,-1344.686,1970,85.89,9167078746a9449efa2d,0.86,2026-09-11T22:32:21
ibex,floorplan,2_1_floorplan,base-p0069,2,floorplan_setup,77.23,,1200,730,-3476.455,-1344.686,1970,86.15,9167078746a9449efa2d,0.95,2026-09-11T22:34:53
ibex,floorplan,2_1_floorplan,base-p0069,3,floorplan_setup,77.33,,1200,730,-3476.455,-1344.686,1970,86.39,9167078746a9449efa2d,0.98,2026-09-11T22:37:26
ibex,floorplan,2_1_floorplan,base-p0070,1,floorplan_setup,7.07,,108,54,-3476.455,-1345.253,1970,16.14,59b6f77f8f968d9c9336,0.99,2026-09-12T05:38:33
ibex,floorplan,2_1_floorplan,base-p0070,2,floorplan_setup,7.03,,108,54,-3476.455,-1345.253,1970,16.1,59b6f77f8f968d9c9336,1.00,2026-09-12T05:38:56
ibex,floorplan,2_1_floorplan,base-p0070,3,floorplan_setup,6.95,,108,54,-3476.455,-1345.253,1970,15.86,59b6f77f8f968d9c9336,1.00,2026-09-12T05:39:18
ibex,floorplan,2_1_floorplan,base-p0071,1,floorplan_setup,69.55,,1200,730,-3476.455,-1344.686,1970,78.67,9167078746a9449efa2d,0.99,2026-09-12T07:55:37
ibex,floorplan,2_1_floorplan,base-p0071,2,floorplan_setup,69.4,,1200,730,-3476.455,-1344.686,1970,78.51,9167078746a9449efa2d,0.92,2026-09-12T07:58:02
ibex,floorplan,2_1_floorplan,base-p0071,3,floorplan_setup,69.2,,1200,730,-3476.455,-1344.686,1970,78.36,9167078746a9449efa2d,0.87,2026-09-12T08:00:27
ibex,floorplan,2_1_floorplan,base-p0072,1,floorplan_setup,69.66,,1200,730,-3476.455,-1344.686,1970,78.73,9167078746a9449efa2d,0.92,2026-09-12T10:22:02
ibex,floorplan,2_1_floorplan,base-p0072,2,floorplan_setup,69.35,,1200,730,-3476.455,-1344.686,1970,78.32,9167078746a9449efa2d,0.82,2026-09-12T10:24:56
ibex,floorplan,2_1_floorplan,base-p0072,3,floorplan_setup,70.75,,1200,730,-3476.455,-1344.686,1970,79.78999999999999,9167078746a9449efa2d,0.93,2026-09-12T10:27:22
ibex,floorplan,2_1_floorplan,base-p0073,1,floorplan_setup,7.02,,108,54,-3476.455,-1345.253,1970,16.11,59b6f77f8f968d9c9336,0.84,2026-09-12T12:33:35
ibex,floorplan,2_1_floorplan,base-p0073,2,floorplan_setup,7.0,,108,54,-3476.455,-1345.253,1970,16.11,59b6f77f8f968d9c9336,0.90,2026-09-12T12:34:12
ibex,floorplan,2_1_floorplan,base-p0073,3,floorplan_setup,6.94,,108,54,-3476.455,-1345.253,1970,16.01,59b6f77f8f968d9c9336,0.94,2026-09-12T12:34:34
ibex,floorplan,2_1_floorplan,base-p0074,1,floorplan_setup,70.27,,1200,730,-3476.455,-1344.686,1970,79.39,9167078746a9449efa2d,0.88,2026-09-12T15:16:37
ibex,floorplan,2_1_floorplan,base-p0074,2,floorplan_setup,68.33,,1200,730,-3476.455,-1344.686,1970,77.27,9167078746a9449efa2d,0.87,2026-09-12T15:18:46
ibex,floorplan,2_1_floorplan,base-p0074,3,floorplan_setup,69.31,,1200,730,-3476.455,-1344.686,1970,78.45,9167078746a9449efa2d,0.94,2026-09-12T15:21:11
ibex,floorplan,2_1_floorplan,base-prof,1,floorplan_setup,77.25,,1200,730,-3476.455,-1344.686,1970,86.28,9167078746a9449efa2d,0.88,2026-09-11T00:34:14
ibex,floorplan,2_1_floorplan,base-prof,2,floorplan_setup,79.6,,1200,730,-3476.455,-1344.686,1970,88.65,9167078746a9449efa2d,0.97,2026-09-11T16:07:32
ibex,floorplan,2_1_floorplan,base-prof,3,floorplan_setup,79.18,,1200,730,-3476.455,-1344.686,1970,88.17,9167078746a9449efa2d,0.88,2026-09-11T16:09:52
ibex,full,2_1_floorplan,base-p00670068,1,floorplan_setup,68.68,,1200,730,-3476.455,-1344.686,1970,77.6,9167078746a9449efa2d,0.79,2026-09-12T21:56:49
ibex,full,4_1_cts,base-p00670068,1,setup_hold,28.28,0.11,779,579,-51.223,0.261,645,50.42,56134725468e06aad39d,0.79,2026-09-12T21:56:49
ibex,full,5_1_grt,base-p00670068,1,setup_hold,70.21,0.2,1124,593,-35.841,0.079,719,115.7,240ce624c04661cdc1e4,0.79,2026-09-12T21:56:49
ibex,full,5_1_grt,base-p00670068,1,post_grt_wns,1.57,,1,0,-1.615,-1.615,31,115.7,240ce624c04661cdc1e4,0.79,2026-09-12T21:56:49
ibex,full,2_1_floorplan,base-p00670068,2,floorplan_setup,69.04,,1200,730,-3476.455,-1344.686,1970,77.98,9167078746a9449efa2d,0.91,2026-09-14T01:44:20
ibex,full,4_1_cts,base-p00670068,2,setup_hold,28.34,0.11,779,579,-51.223,0.261,645,50.37,56134725468e06aad39d,0.91,2026-09-14T01:44:20
ibex,full,5_1_grt,base-p00670068,2,setup_hold,70.66,0.2,1124,593,-35.841,0.079,719,116.13,240ce624c04661cdc1e4,0.91,2026-09-14T01:44:20
ibex,full,5_1_grt,base-p00670068,2,post_grt_wns,1.55,,1,0,-1.615,-1.615,31,116.13,240ce624c04661cdc1e4,0.91,2026-09-14T01:44:20
ibex,full,2_1_floorplan,base-p00670068,3,floorplan_setup,68.3,,1200,730,-3476.455,-1344.686,1970,77.26,9167078746a9449efa2d,0.87,2026-09-14T01:54:47
ibex,full,4_1_cts,base-p00670068,3,setup_hold,28.04,0.11,779,579,-51.223,0.261,645,49.9,56134725468e06aad39d,0.87,2026-09-14T01:54:47
ibex,full,5_1_grt,base-p00670068,3,setup_hold,70.79,0.2,1124,593,-35.841,0.079,719,115.97999999999999,240ce624c04661cdc1e4,0.87,2026-09-14T01:54:47
ibex,full,5_1_grt,base-p00670068,3,post_grt_wns,1.58,,1,0,-1.615,-1.615,31,115.97999999999999,240ce624c04661cdc1e4,0.87,2026-09-14T01:54:47
ibex,full,2_1_floorplan,base-p0069,1,floorplan_setup,69.52,,1200,730,-3476.455,-1344.686,1970,78.6,9167078746a9449efa2d,0.85,2026-09-13T04:38:07
ibex,full,4_1_cts,base-p0069,1,setup_hold,26.75,0.11,468,90,-51.223,0.261,645,48.96,2da0a0e7a5283dde4e7d,0.85,2026-09-13T04:38:07
ibex,full,5_1_grt,base-p0069,1,setup_hold,61.69,0.2,923,485,-33.204,-0.503,663,106.97,5a5b0b521d3f83ca1453,0.85,2026-09-13T04:38:07
ibex,full,5_1_grt,base-p0069,1,post_grt_wns,1.43,,1,0,-0.933,-0.933,29,106.97,5a5b0b521d3f83ca1453,0.85,2026-09-13T04:38:07
ibex,full,2_1_floorplan,base-p0074,1,floorplan_setup,19.19,,500,396,-3476.455,-1344.686,1970,28.16,44991b597325a5f30a91,0.85,2026-09-13T01:13:50
ibex,full,4_1_cts,base-p0074,1,setup_hold,5.17,0.11,300,42,-30.624,3.096,327,27.21,9aa7ec25728b24400777,0.85,2026-09-13T01:13:50
ibex,full,5_1_grt,base-p0074,1,setup_hold,23.53,0.18,401,164,-31.61,0.136,440,67.86,4fc499632e0d7aaaca8a,0.85,2026-09-13T01:13:50
ibex,full,5_1_grt,base-p0074,1,post_grt_wns,1.17,,0,,,,,67.86,4fc499632e0d7aaaca8a,0.85,2026-09-13T01:13:50
ibex,full,2_1_floorplan,base-p0074,2,floorplan_setup,19.97,,500,396,-3476.455,-1344.686,1970,29.0,44991b597325a5f30a91,0.92,2026-09-13T23:57:23
ibex,full,4_1_cts,base-p0074,2,setup_hold,5.19,0.11,300,42,-30.624,3.096,327,27.07,9aa7ec25728b24400777,0.92,2026-09-13T23:57:23
ibex,full,5_1_grt,base-p0074,2,setup_hold,23.01,0.18,401,164,-31.61,0.136,440,67.3,4fc499632e0d7aaaca8a,0.92,2026-09-13T23:57:23
ibex,full,5_1_grt,base-p0074,2,post_grt_wns,1.17,,0,,,,,67.3,4fc499632e0d7aaaca8a,0.92,2026-09-13T23:57:23
ibex,full,2_1_floorplan,base-p0074,3,floorplan_setup,20.07,,500,396,-3476.455,-1344.686,1970,29.12,44991b597325a5f30a91,0.80,2026-09-14T00:05:56
ibex,full,4_1_cts,base-p0074,3,setup_hold,4.97,0.11,300,42,-30.624,3.096,327,26.47,9aa7ec25728b24400777,0.80,2026-09-14T00:05:56
ibex,full,5_1_grt,base-p0074,3,setup_hold,22.98,0.18,401,164,-31.61,0.136,440,66.17,4fc499632e0d7aaaca8a,0.80,2026-09-14T00:05:56
ibex,full,5_1_grt,base-p0074,3,post_grt_wns,1.06,,0,,,,,66.17,4fc499632e0d7aaaca8a,0.80,2026-09-14T00:05:56
ibex,full,2_1_floorplan,base-p0077,1,floorplan_setup,69.8,,1200,720,-3476.455,-1344.686,1970,78.7,26d26423d91e55e76191,0.92,2026-09-13T20:52:09
ibex,full,4_1_cts,base-p0077,1,setup_hold,7.23,0.1,513,443,-43.089,1.098,471,29.39,400d3455681819012a3e,0.92,2026-09-13T20:52:09
ibex,full,5_1_grt,base-p0077,1,setup_hold,135.18,0.2,1234,838,-32.99,0.07,562,180.17,2b1d272b285f677efeaf,0.92,2026-09-13T20:52:09
ibex,full,5_1_grt,base-p0077,1,post_grt_wns,1.55,,1,0,-1.556,-1.556,11,180.17,2b1d272b285f677efeaf,0.92,2026-09-13T20:52:09
ibex,full,2_1_floorplan,base-p0077,2,floorplan_setup,69.89,,1200,720,-3476.455,-1344.686,1970,78.87,26d26423d91e55e76191,0.97,2026-09-13T22:00:18
ibex,full,4_1_cts,base-p0077,2,setup_hold,7.27,0.1,513,443,-43.089,1.098,471,29.23,400d3455681819012a3e,0.97,2026-09-13T22:00:18
ibex,full,5_1_grt,base-p0077,2,setup_hold,135.7,0.2,1234,838,-32.99,0.07,562,180.72,2b1d272b285f677efeaf,0.97,2026-09-13T22:00:18
ibex,full,5_1_grt,base-p0077,2,post_grt_wns,1.54,,1,0,-1.556,-1.556,11,180.72,2b1d272b285f677efeaf,0.97,2026-09-13T22:00:18
ibex,full,2_1_floorplan,base-p0077,3,floorplan_setup,70.62,,1200,720,-3476.455,-1344.686,1970,79.67,26d26423d91e55e76191,0.99,2026-09-13T22:11:21
ibex,full,4_1_cts,base-p0077,3,setup_hold,7.36,0.1,513,443,-43.089,1.098,471,29.75,400d3455681819012a3e,0.99,2026-09-13T22:11:21
ibex,full,5_1_grt,base-p0077,3,setup_hold,134.89,0.2,1234,838,-32.99,0.07,562,179.82,2b1d272b285f677efeaf,0.99,2026-09-13T22:11:21
ibex,full,5_1_grt,base-p0077,3,post_grt_wns,1.51,,1,0,-1.556,-1.556,11,179.82,2b1d272b285f677efeaf,0.99,2026-09-13T22:11:21
ibex,grt,5_1_grt,base,1,setup_hold,87.47,0.21,1124,593,-35.841,0.079,719,133.06,240ce624c04661cdc1e4,0.86,2026-09-10T21:43:46
ibex,grt,5_1_grt,base,1,post_grt_wns,1.62,,1,0,-1.615,-1.615,31,133.06,240ce624c04661cdc1e4,0.86,2026-09-10T21:43:46
ibex,grt,5_1_grt,base-p0067,1,setup_hold,71.4,0.21,1124,593,-35.841,0.079,719,116.52000000000001,240ce624c04661cdc1e4,0.92,2026-09-11T17:49:00
ibex,grt,5_1_grt,base-p0067,1,post_grt_wns,1.54,,1,0,-1.615,-1.615,31,116.52000000000001,240ce624c04661cdc1e4,0.92,2026-09-11T17:49:00
ibex,grt,5_1_grt,base-p0067,2,setup_hold,72.27,0.2,1124,593,-35.841,0.079,719,117.72,240ce624c04661cdc1e4,0.98,2026-09-11T17:53:43
ibex,grt,5_1_grt,base-p0067,2,post_grt_wns,1.54,,1,0,-1.615,-1.615,31,117.72,240ce624c04661cdc1e4,0.98,2026-09-11T17:53:43
ibex,grt,5_1_grt,base-p0067,3,setup_hold,69.94,0.21,1124,593,-35.841,0.079,719,115.32,240ce624c04661cdc1e4,0.89,2026-09-11T17:58:24
ibex,grt,5_1_grt,base-p0067,3,post_grt_wns,1.57,,1,0,-1.615,-1.615,31,115.32,240ce624c04661cdc1e4,0.89,2026-09-11T17:58:24
ibex,grt,5_1_grt,base-p00670068,1,setup_hold,70.34,0.2,1124,593,-35.841,0.079,719,115.27000000000001,240ce624c04661cdc1e4,0.99,2026-09-14T04:58:28
ibex,grt,5_1_grt,base-p00670068,1,post_grt_wns,1.56,,1,0,-1.615,-1.615,31,115.27000000000001,240ce624c04661cdc1e4,0.99,2026-09-14T04:58:28
ibex,grt,5_1_grt,base-p00670068,2,setup_hold,69.66,0.2,1124,593,-35.841,0.079,719,114.52000000000001,240ce624c04661cdc1e4,0.92,2026-09-14T05:03:38
ibex,grt,5_1_grt,base-p00670068,2,post_grt_wns,1.55,,1,0,-1.615,-1.615,31,114.52000000000001,240ce624c04661cdc1e4,0.92,2026-09-14T05:03:38
ibex,grt,5_1_grt,base-p00670068,3,setup_hold,70.42,0.2,1124,593,-35.841,0.079,719,115.25,240ce624c04661cdc1e4,0.88,2026-09-14T05:08:34
ibex,grt,5_1_grt,base-p00670068,3,post_grt_wns,1.59,,1,0,-1.615,-1.615,31,115.25,240ce624c04661cdc1e4,0.88,2026-09-14T05:08:34
ibex,grt,5_1_grt,base-p006700680069,1,setup_hold,61.35,0.2,923,485,-33.204,-0.503,663,106.47999999999999,5a5b0b521d3f83ca1453,0.98,2026-09-12T01:13:33
ibex,grt,5_1_grt,base-p006700680069,1,post_grt_wns,1.52,,1,0,-0.933,-0.933,29,106.47999999999999,5a5b0b521d3f83ca1453,0.98,2026-09-12T01:13:33
ibex,grt,5_1_grt,base-p006700680069,2,setup_hold,61.64,0.2,923,485,-33.204,-0.503,663,106.61,5a5b0b521d3f83ca1453,0.98,2026-09-12T01:17:50
ibex,grt,5_1_grt,base-p006700680069,2,post_grt_wns,1.51,,1,0,-0.933,-0.933,29,106.61,5a5b0b521d3f83ca1453,0.98,2026-09-12T01:17:50
ibex,grt,5_1_grt,base-p006700680069,3,setup_hold,61.26,0.19,923,485,-33.204,-0.503,663,106.25,5a5b0b521d3f83ca1453,0.81,2026-09-12T01:22:22
ibex,grt,5_1_grt,base-p006700680069,3,post_grt_wns,1.41,,1,0,-0.933,-0.933,29,106.25,5a5b0b521d3f83ca1453,0.81,2026-09-12T01:22:22
ibex,grt,5_1_grt,base-p0068,1,setup_hold,87.17,0.2,1124,593,-35.841,0.079,719,132.9,240ce624c04661cdc1e4,0.80,2026-09-11T20:30:27
ibex,grt,5_1_grt,base-p0068,1,post_grt_wns,1.64,,1,0,-1.615,-1.615,31,132.9,240ce624c04661cdc1e4,0.80,2026-09-11T20:30:27
ibex,grt,5_1_grt,base-p0068,2,setup_hold,87.16,0.2,1124,593,-35.841,0.079,719,132.71,240ce624c04661cdc1e4,0.82,2026-09-11T20:35:10
ibex,grt,5_1_grt,base-p0068,2,post_grt_wns,1.62,,1,0,-1.615,-1.615,31,132.71,240ce624c04661cdc1e4,0.82,2026-09-11T20:35:10
ibex,grt,5_1_grt,base-p0068,3,setup_hold,86.3,0.2,1124,593,-35.841,0.079,719,131.78,240ce624c04661cdc1e4,0.95,2026-09-11T20:39:52
ibex,grt,5_1_grt,base-p0068,3,post_grt_wns,1.62,,1,0,-1.615,-1.615,31,131.78,240ce624c04661cdc1e4,0.95,2026-09-11T20:39:52
ibex,grt,5_1_grt,base-p0069,1,setup_hold,73.85,0.19,923,485,-33.204,-0.503,663,118.87,5a5b0b521d3f83ca1453,0.85,2026-09-11T22:53:21
ibex,grt,5_1_grt,base-p0069,1,post_grt_wns,1.51,,1,0,-0.933,-0.933,29,118.87,5a5b0b521d3f83ca1453,0.85,2026-09-11T22:53:21
ibex,grt,5_1_grt,base-p0069,2,setup_hold,74.66,0.19,923,485,-33.204,-0.503,663,119.86,5a5b0b521d3f83ca1453,0.96,2026-09-11T22:57:51
ibex,grt,5_1_grt,base-p0069,2,post_grt_wns,1.59,,1,0,-0.933,-0.933,29,119.86,5a5b0b521d3f83ca1453,0.96,2026-09-11T22:57:51
ibex,grt,5_1_grt,base-p0069,3,setup_hold,73.6,0.19,923,485,-33.204,-0.503,663,117.87,5a5b0b521d3f83ca1453,0.87,2026-09-11T23:02:34
ibex,grt,5_1_grt,base-p0069,3,post_grt_wns,1.54,,1,0,-0.933,-0.933,29,117.87,5a5b0b521d3f83ca1453,0.87,2026-09-11T23:02:34
ibex,grt,5_1_grt,base-p0070,1,setup_hold,23.79,0.2,736,161,-40.535,0.397,630,68.43,c353968e4eb471242f61,0.90,2026-09-12T05:49:45
ibex,grt,5_1_grt,base-p0070,1,post_grt_wns,1.57,,1,0,-0.131,-0.131,1,68.43,c353968e4eb471242f61,0.90,2026-09-12T05:49:45
ibex,grt,5_1_grt,base-p0070,2,setup_hold,23.56,0.19,736,161,-40.535,0.397,630,68.62,c353968e4eb471242f61,0.87,2026-09-12T05:52:54
ibex,grt,5_1_grt,base-p0070,2,post_grt_wns,1.62,,1,0,-0.131,-0.131,1,68.62,c353968e4eb471242f61,0.87,2026-09-12T05:52:54
ibex,grt,5_1_grt,base-p0070,3,setup_hold,23.85,0.2,736,161,-40.535,0.397,630,68.52,c353968e4eb471242f61,0.99,2026-09-12T05:56:18
ibex,grt,5_1_grt,base-p0070,3,post_grt_wns,1.55,,1,0,-0.131,-0.131,1,68.52,c353968e4eb471242f61,0.99,2026-09-12T05:56:18
ibex,grt,5_1_grt,base-p0071,1,setup_hold,70.04,0.2,1124,593,-35.841,0.079,719,115.69,240ce624c04661cdc1e4,0.87,2026-09-12T08:14:03
ibex,grt,5_1_grt,base-p0071,1,post_grt_wns,1.53,,1,0,-1.615,-1.615,31,115.69,240ce624c04661cdc1e4,0.87,2026-09-12T08:14:03
ibex,grt,5_1_grt,base-p0071,2,setup_hold,70.76,0.21,1124,593,-35.841,0.079,719,116.2,240ce624c04661cdc1e4,0.99,2026-09-12T08:18:45
ibex,grt,5_1_grt,base-p0071,2,post_grt_wns,1.59,,1,0,-1.615,-1.615,31,116.2,240ce624c04661cdc1e4,0.99,2026-09-12T08:18:45
ibex,grt,5_1_grt,base-p0071,3,setup_hold,69.91,0.2,1124,593,-35.841,0.079,719,115.37,240ce624c04661cdc1e4,0.82,2026-09-12T08:23:25
ibex,grt,5_1_grt,base-p0071,3,post_grt_wns,1.59,,1,0,-1.615,-1.615,31,115.37,240ce624c04661cdc1e4,0.82,2026-09-12T08:23:25
ibex,grt,5_1_grt,base-p0072,1,setup_hold,70.69,0.21,1124,593,-35.841,0.079,719,116.22,240ce624c04661cdc1e4,0.87,2026-09-12T10:41:00
ibex,grt,5_1_grt,base-p0072,1,post_grt_wns,1.56,,1,0,-1.615,-1.615,31,116.22,240ce624c04661cdc1e4,0.87,2026-09-12T10:41:00
ibex,grt,5_1_grt,base-p0072,2,setup_hold,70.58,0.21,1124,593,-35.841,0.079,719,116.14,240ce624c04661cdc1e4,0.95,2026-09-12T10:45:42
ibex,grt,5_1_grt,base-p0072,2,post_grt_wns,1.58,,1,0,-1.615,-1.615,31,116.14,240ce624c04661cdc1e4,0.95,2026-09-12T10:45:42
ibex,grt,5_1_grt,base-p0072,3,setup_hold,71.36,0.2,1124,593,-35.841,0.079,719,116.9,240ce624c04661cdc1e4,0.94,2026-09-12T10:50:24
ibex,grt,5_1_grt,base-p0072,3,post_grt_wns,1.55,,1,0,-1.615,-1.615,31,116.9,240ce624c04661cdc1e4,0.94,2026-09-12T10:50:24
ibex,grt,5_1_grt,base-p0073,1,setup_hold,22.66,0.2,500,161,-40.535,0.397,630,67.71,c353968e4eb471242f61,0.96,2026-09-12T12:44:46
ibex,grt,5_1_grt,base-p0073,1,post_grt_wns,1.55,,1,0,-0.131,-0.131,1,67.71,c353968e4eb471242f61,0.96,2026-09-12T12:44:46
ibex,grt,5_1_grt,base-p0073,2,setup_hold,22.39,0.2,500,161,-40.535,0.397,630,67.56,c353968e4eb471242f61,0.89,2026-09-12T12:48:24
ibex,grt,5_1_grt,base-p0073,2,post_grt_wns,1.58,,1,0,-0.131,-0.131,1,67.56,c353968e4eb471242f61,0.89,2026-09-12T12:48:24
ibex,grt,5_1_grt,base-p0073,3,setup_hold,22.15,0.19,500,161,-40.535,0.397,630,66.27,c353968e4eb471242f61,0.98,2026-09-12T12:51:45
ibex,grt,5_1_grt,base-p0073,3,post_grt_wns,1.43,,1,0,-0.131,-0.131,1,66.27,c353968e4eb471242f61,0.98,2026-09-12T12:51:45
ibex,grt,5_1_grt,base-p0074,1,setup_hold,69.28,0.2,903,593,-35.841,0.079,719,114.25999999999999,240ce624c04661cdc1e4,0.81,2026-09-12T15:34:17
ibex,grt,5_1_grt,base-p0074,1,post_grt_wns,1.6,,1,0,-1.615,-1.615,31,114.25999999999999,240ce624c04661cdc1e4,0.81,2026-09-12T15:34:17
ibex,grt,5_1_grt,base-p0074,2,setup_hold,69.86,0.2,903,593,-35.841,0.079,719,115.22999999999999,240ce624c04661cdc1e4,0.94,2026-09-12T15:39:13
ibex,grt,5_1_grt,base-p0074,2,post_grt_wns,1.6,,1,0,-1.615,-1.615,31,115.22999999999999,240ce624c04661cdc1e4,0.94,2026-09-12T15:39:13
ibex,grt,5_1_grt,base-p0074,3,setup_hold,69.36,0.2,903,593,-35.841,0.079,719,114.97,240ce624c04661cdc1e4,0.90,2026-09-12T15:43:54
ibex,grt,5_1_grt,base-p0074,3,post_grt_wns,1.58,,1,0,-1.615,-1.615,31,114.97,240ce624c04661cdc1e4,0.90,2026-09-12T15:43:54
ibex,grt,5_1_grt,base-p0074v2,1,setup_hold,22.91,0.18,401,164,-31.61,0.136,440,66.51,721561f00f53680795bc,0.87,2026-09-12T18:55:06
ibex,grt,5_1_grt,base-p0074v2,1,post_grt_wns,1.11,,0,,,,,66.51,721561f00f53680795bc,0.87,2026-09-12T18:55:06
ibex,grt,5_1_grt,base-prof,1,setup_hold,85.82,0.2,1124,593,-35.841,0.079,719,130.91,240ce624c04661cdc1e4,0.85,2026-09-11T00:44:57
ibex,grt,5_1_grt,base-prof,1,post_grt_wns,1.6,,1,0,-1.615,-1.615,31,130.91,240ce624c04661cdc1e4,0.85,2026-09-11T00:44:57
ibex,grt,5_1_grt,base-prof,2,setup_hold,87.88,0.2,1124,593,-35.841,0.079,719,133.38,240ce624c04661cdc1e4,0.79,2026-09-11T08:41:03
ibex,grt,5_1_grt,base-prof,2,post_grt_wns,1.62,,1,0,-1.615,-1.615,31,133.38,240ce624c04661cdc1e4,0.79,2026-09-11T08:41:03
ibex,grt,5_1_grt,base-prof,3,setup_hold,87.05,0.2,1124,593,-35.841,0.079,719,132.53,240ce624c04661cdc1e4,0.89,2026-09-11T08:45:31
ibex,grt,5_1_grt,base-prof,3,post_grt_wns,1.6,,1,0,-1.615,-1.615,31,132.53,240ce624c04661cdc1e4,0.89,2026-09-11T08:45:31
ibex,grt,5_1_grt,noclone-prof,1,setup_hold,147.55,0.2,1389,1021,-35.841,-7.913,719,192.59,2bd134e69687411dc3a2,0.99,2026-09-11T09:34:42
ibex,grt,5_1_grt,noclone-prof,1,post_grt_wns,1.6,,1,0,-9.054,-9.054,100,192.59,2bd134e69687411dc3a2,0.99,2026-09-11T09:34:42
ibex,grt,5_1_grt,noclone-prof,2,setup_hold,146.02,0.2,1389,1021,-35.841,-7.913,719,191.21,2bd134e69687411dc3a2,0.86,2026-09-11T09:40:54
ibex,grt,5_1_grt,noclone-prof,2,post_grt_wns,1.58,,1,0,-9.054,-9.054,100,191.21,2bd134e69687411dc3a2,0.86,2026-09-11T09:40:54
ibex,grt,5_1_grt,noclone-prof,3,setup_hold,144.85,0.2,1389,1021,-35.841,-7.913,719,190.2,2bd134e69687411dc3a2,0.95,2026-09-11T09:47:04
ibex,grt,5_1_grt,noclone-prof,3,post_grt_wns,1.59,,1,0,-9.054,-9.054,100,190.2,2bd134e69687411dc3a2,0.95,2026-09-11T09:47:04
ibex,grt,5_1_grt,nogasp-prof,1,setup_hold,87.51,0.2,1121,593,-35.841,-0.117,719,133.19,f44f6c1e5c3994291483,0.81,2026-09-11T09:19:17
ibex,grt,5_1_grt,nogasp-prof,1,post_grt_wns,1.62,,1,0,-4.334,-4.334,36,133.19,f44f6c1e5c3994291483,0.81,2026-09-11T09:19:17
ibex,grt,5_1_grt,nogasp-prof,2,setup_hold,87.14,0.2,1121,593,-35.841,-0.117,719,132.62,f44f6c1e5c3994291483,0.84,2026-09-11T09:24:15
ibex,grt,5_1_grt,nogasp-prof,2,post_grt_wns,1.61,,1,0,-4.334,-4.334,36,132.62,f44f6c1e5c3994291483,0.84,2026-09-11T09:24:15
ibex,grt,5_1_grt,nogasp-prof,3,setup_hold,87.55,0.2,1121,593,-35.841,-0.117,719,133.06,f44f6c1e5c3994291483,0.90,2026-09-11T09:28:59
ibex,grt,5_1_grt,nogasp-prof,3,post_grt_wns,1.6,,1,0,-4.334,-4.334,36,133.06,f44f6c1e5c3994291483,0.90,2026-09-11T09:28:59
ibex,grt,5_1_grt,nopostwns-prof,1,setup_hold,86.46,0.2,1124,593,-35.841,0.079,719,130.39,9cab11fda6c6c060f3f8,0.98,2026-09-11T15:21:45
ibex,grt,5_1_grt,nopostwns-prof,2,setup_hold,87.28,0.2,1124,593,-35.841,0.079,719,131.22,9cab11fda6c6c060f3f8,0.91,2026-09-11T15:26:41
ibex,grt,5_1_grt,nopostwns-prof,3,setup_hold,87.21,0.21,1124,593,-35.841,0.079,719,131.17,9cab11fda6c6c060f3f8,0.89,2026-09-11T15:31:23
ibex,grt,5_1_grt,nounbuf-prof,1,setup_hold,86.33,0.2,1124,593,-35.841,0.079,719,131.35,240ce624c04661cdc1e4,0.82,2026-09-11T09:52:16
ibex,grt,5_1_grt,nounbuf-prof,1,post_grt_wns,1.46,,1,0,-1.615,-1.615,31,131.35,240ce624c04661cdc1e4,0.82,2026-09-11T09:52:16
ibex,grt,5_1_grt,nounbuf-prof,2,setup_hold,86.69,0.2,1124,593,-35.841,0.079,719,131.83,240ce624c04661cdc1e4,0.82,2026-09-11T09:57:13
ibex,grt,5_1_grt,nounbuf-prof,2,post_grt_wns,1.58,,1,0,-1.615,-1.615,31,131.83,240ce624c04661cdc1e4,0.82,2026-09-11T09:57:13
ibex,grt,5_1_grt,nounbuf-prof,3,setup_hold,86.91,0.21,1124,593,-35.841,0.079,719,132.41,240ce624c04661cdc1e4,0.85,2026-09-11T10:01:56
ibex,grt,5_1_grt,nounbuf-prof,3,post_grt_wns,1.61,,1,0,-1.615,-1.615,31,132.41,240ce624c04661cdc1e4,0.85,2026-09-11T10:01:56
ibex,grt,5_1_grt,tns20-prof,1,setup_hold,72.02,0.21,556,478,-35.841,0.173,719,117.56,f1368605026baa4617b3,0.83,2026-09-11T08:50:14
ibex,grt,5_1_grt,tns20-prof,1,post_grt_wns,1.63,,1,0,-1.615,-1.615,30,117.56,f1368605026baa4617b3,0.83,2026-09-11T08:50:14
ibex,grt,5_1_grt,tns20-prof,2,setup_hold,72.09,0.21,556,478,-35.841,0.173,719,117.19,f1368605026baa4617b3,0.85,2026-09-11T08:54:57
ibex,grt,5_1_grt,tns20-prof,2,post_grt_wns,1.61,,1,0,-1.615,-1.615,30,117.19,f1368605026baa4617b3,0.85,2026-09-11T08:54:57
ibex,grt,5_1_grt,tns20-prof,3,setup_hold,72.62,0.21,556,478,-35.841,0.173,719,118.49000000000001,f1368605026baa4617b3,0.96,2026-09-11T08:59:41
ibex,grt,5_1_grt,tns20-prof,3,post_grt_wns,1.62,,1,0,-1.615,-1.615,30,118.49000000000001,f1368605026baa4617b3,0.96,2026-09-11T08:59:41
ibex,grt,5_1_grt,tns5-prof,1,setup_hold,70.74,0.2,514,417,-35.841,-0.117,719,116.22,bd3d3c6d7a0a11fa4b28,0.83,2026-09-11T09:04:37
ibex,grt,5_1_grt,tns5-prof,1,post_grt_wns,1.62,,1,0,-4.334,-4.334,36,116.22,bd3d3c6d7a0a11fa4b28,0.83,2026-09-11T09:04:37
ibex,grt,5_1_grt,tns5-prof,2,setup_hold,72.24,0.2,514,417,-35.841,-0.117,719,117.56,bd3d3c6d7a0a11fa4b28,0.83,2026-09-11T09:09:20
ibex,grt,5_1_grt,tns5-prof,2,post_grt_wns,1.62,,1,0,-4.334,-4.334,36,117.56,bd3d3c6d7a0a11fa4b28,0.83,2026-09-11T09:09:20
ibex,grt,5_1_grt,tns5-prof,3,setup_hold,72.05,0.2,514,417,-35.841,-0.117,719,117.47999999999999,bd3d3c6d7a0a11fa4b28,0.94,2026-09-11T09:14:18
ibex,grt,5_1_grt,tns5-prof,3,post_grt_wns,1.61,,1,0,-4.334,-4.334,36,117.47999999999999,bd3d3c6d7a0a11fa4b28,0.94,2026-09-11T09:14:18
jpeg,cts,4_1_cts,base,1,setup_hold,120.38,0.13,1900,1620,-123.072,-95.177,572,155.25,6882293c0dc4223b9175,0.96,2026-09-10T21:51:44
jpeg,cts,4_1_cts,base-p0067,1,setup_hold,109.19,0.13,1900,1620,-123.072,-95.177,572,144.34,6882293c0dc4223b9175,0.89,2026-09-11T18:15:26
jpeg,cts,4_1_cts,base-p0067,2,setup_hold,108.25,0.13,1900,1620,-123.072,-95.177,572,143.03,6882293c0dc4223b9175,1.00,2026-09-11T18:19:20
jpeg,cts,4_1_cts,base-p0067,3,setup_hold,108.71,0.13,1900,1620,-123.072,-95.177,572,143.74,6882293c0dc4223b9175,0.80,2026-09-11T18:23:59
jpeg,cts,4_1_cts,base-p00670068,1,setup_hold,108.28,0.13,1900,1620,-123.072,-95.177,572,143.18,6882293c0dc4223b9175,0.82,2026-09-14T05:25:57
jpeg,cts,4_1_cts,base-p00670068,2,setup_hold,109.59,0.13,1900,1620,-123.072,-95.177,572,144.64,6882293c0dc4223b9175,0.81,2026-09-14T05:30:22
jpeg,cts,4_1_cts,base-p00670068,3,setup_hold,109.81,0.13,1900,1620,-123.072,-95.177,572,144.88,6882293c0dc4223b9175,0.79,2026-09-14T05:34:03
jpeg,cts,4_1_cts,base-p006700680069,1,setup_hold,108.17,0.13,1900,1620,-123.072,-95.177,572,143.34,6882293c0dc4223b9175,0.87,2026-09-12T01:39:35
jpeg,cts,4_1_cts,base-p006700680069,2,setup_hold,108.85,0.13,1900,1620,-123.072,-95.177,572,143.82999999999998,6882293c0dc4223b9175,0.91,2026-09-12T01:44:00
jpeg,cts,4_1_cts,base-p006700680069,3,setup_hold,108.71,0.13,1900,1620,-123.072,-95.177,572,143.68,6882293c0dc4223b9175,0.92,2026-09-12T01:47:54
jpeg,cts,4_1_cts,base-p0068,1,setup_hold,120.76,0.13,1900,1620,-123.072,-95.177,572,155.6,6882293c0dc4223b9175,0.88,2026-09-11T21:00:22
jpeg,cts,4_1_cts,base-p0068,2,setup_hold,122.93,0.13,1900,1620,-123.072,-95.177,572,158.04,6882293c0dc4223b9175,0.94,2026-09-11T21:04:46
jpeg,cts,4_1_cts,base-p0068,3,setup_hold,121.62,0.13,1900,1620,-123.072,-95.177,572,156.32,6882293c0dc4223b9175,0.94,2026-09-11T21:09:07
jpeg,cts,4_1_cts,base-p0069,1,setup_hold,122.06,0.13,1900,1620,-123.072,-95.177,572,157.09,6882293c0dc4223b9175,0.82,2026-09-11T23:21:27
jpeg,cts,4_1_cts,base-p0069,2,setup_hold,122.59,0.13,1900,1620,-123.072,-95.177,572,157.53,6882293c0dc4223b9175,0.95,2026-09-11T23:26:05
jpeg,cts,4_1_cts,base-p0069,3,setup_hold,122.26,0.13,1900,1620,-123.072,-95.177,572,157.35,6882293c0dc4223b9175,0.96,2026-09-11T23:29:43
jpeg,cts,4_1_cts,base-p0070,1,setup_hold,109.66,0.13,1900,1620,-123.072,-95.177,572,144.17000000000002,6882293c0dc4223b9175,0.88,2026-09-12T06:14:18
jpeg,cts,4_1_cts,base-p0070,2,setup_hold,109.78,0.13,1900,1620,-123.072,-95.177,572,144.73,6882293c0dc4223b9175,0.92,2026-09-12T06:18:29
jpeg,cts,4_1_cts,base-p0070,3,setup_hold,110.49,0.13,1900,1620,-123.072,-95.177,572,145.63,6882293c0dc4223b9175,0.90,2026-09-12T06:22:40
jpeg,cts,4_1_cts,base-p0071,1,setup_hold,82.42,0.13,1700,1620,-123.072,-95.315,572,117.49000000000001,2c807d2296aea87ab773,0.98,2026-09-12T08:40:13
jpeg,cts,4_1_cts,base-p0071,2,setup_hold,82.29,0.13,1700,1620,-123.072,-95.315,572,117.38,2c807d2296aea87ab773,0.82,2026-09-12T08:43:56
jpeg,cts,4_1_cts,base-p0071,3,setup_hold,82.75,0.13,1700,1620,-123.072,-95.315,572,117.77000000000001,2c807d2296aea87ab773,0.85,2026-09-12T08:47:24
jpeg,cts,4_1_cts,base-p0072,1,setup_hold,107.89,0.13,1900,1620,-123.072,-95.177,572,142.89,6882293c0dc4223b9175,0.79,2026-09-12T11:07:06
jpeg,cts,4_1_cts,base-p0072,2,setup_hold,109.22,0.13,1900,1620,-123.072,-95.177,572,144.1,6882293c0dc4223b9175,0.94,2026-09-12T11:11:15
jpeg,cts,4_1_cts,base-p0072,3,setup_hold,109.23,0.13,1900,1620,-123.072,-95.177,572,144.38,6882293c0dc4223b9175,0.94,2026-09-12T11:15:40
jpeg,cts,4_1_cts,base-p0073,1,setup_hold,83.97,0.13,1700,1620,-123.072,-95.315,572,118.65,2c807d2296aea87ab773,0.81,2026-09-12T13:02:52
jpeg,cts,4_1_cts,base-p0073,2,setup_hold,82.81,0.13,1700,1620,-123.072,-95.315,572,117.31,2c807d2296aea87ab773,0.95,2026-09-12T13:06:19
jpeg,cts,4_1_cts,base-p0073,3,setup_hold,84.12,0.13,1700,1620,-123.072,-95.315,572,119.1,2c807d2296aea87ab773,0.86,2026-09-12T13:09:34
jpeg,cts,4_1_cts,base-p0073-K10,1,setup_hold,83.85,0.13,1700,1620,-123.072,-95.315,572,118.66,2c807d2296aea87ab773,0.79,2026-09-12T03:32:21
jpeg,cts,4_1_cts,base-p0073-K20,1,setup_hold,83.56,0.13,1700,1620,-123.072,-95.315,572,118.3,2c807d2296aea87ab773,0.96,2026-09-12T03:48:59
jpeg,cts,4_1_cts,base-p0073-K50,1,setup_hold,83.5,0.13,1700,1620,-123.072,-95.315,572,118.4,2c807d2296aea87ab773,0.98,2026-09-12T04:05:20
jpeg,cts,4_1_cts,base-p0073-N100,1,setup_hold,83.23,0.13,1700,1620,-123.072,-95.315,572,117.96000000000001,2c807d2296aea87ab773,0.92,2026-09-12T04:20:38
jpeg,cts,4_1_cts,base-p0073-N500,1,setup_hold,83.62,0.13,1700,1620,-123.072,-95.315,572,118.58,2c807d2296aea87ab773,0.89,2026-09-12T04:34:27
jpeg,cts,4_1_cts,base-p0074,1,setup_hold,109.49,0.13,1900,1620,-123.072,-95.177,572,144.47,6882293c0dc4223b9175,0.89,2026-09-12T16:01:55
jpeg,cts,4_1_cts,base-p0074,2,setup_hold,109.56,0.13,1900,1620,-123.072,-95.177,572,144.54,6882293c0dc4223b9175,0.79,2026-09-12T16:06:05
jpeg,cts,4_1_cts,base-p0074,3,setup_hold,108.71,0.13,1900,1620,-123.072,-95.177,572,143.86,6882293c0dc4223b9175,0.96,2026-09-12T16:09:30
jpeg,cts,4_1_cts,base-p0074v2,1,setup_hold,108.21,0.13,1900,1620,-123.072,-95.177,572,142.65,6882293c0dc4223b9175,0.88,2026-09-12T19:09:19
jpeg,cts,4_1_cts,base-prof,1,setup_hold,121.5,0.12,1900,1620,-123.072,-95.177,572,156.17000000000002,6882293c0dc4223b9175,0.97,2026-09-11T00:06:33
jpeg,cts,4_1_cts,base-prof,2,setup_hold,122.07,0.13,1900,1620,-123.072,-95.177,572,157.19,6882293c0dc4223b9175,0.78,2026-09-11T10:16:15
jpeg,cts,4_1_cts,base-prof,3,setup_hold,122.18,0.13,1900,1620,-123.072,-95.177,572,156.95,6882293c0dc4223b9175,0.99,2026-09-11T10:20:37
jpeg,cts,4_1_cts,footprint-prof,1,setup_hold,124.72,0.13,1900,1620,-123.072,-95.177,572,160.61,6882293c0dc4223b9175,0.92,2026-09-11T11:53:02
jpeg,cts,4_1_cts,footprint-prof,2,setup_hold,124.35,0.13,1900,1620,-123.072,-95.177,572,159.81,6882293c0dc4223b9175,0.99,2026-09-11T11:58:43
jpeg,cts,4_1_cts,footprint-prof,3,setup_hold,122.08,0.13,1900,1620,-123.072,-95.177,572,157.07999999999998,6882293c0dc4223b9175,1.00,2026-09-11T12:02:50
jpeg,cts,4_1_cts,noclone-prof,1,setup_hold,164.01,0.13,2600,2370,-123.072,-95.177,572,199.11,83283bd1d94b741b3ac6,0.93,2026-09-11T11:17:12
jpeg,cts,4_1_cts,noclone-prof,2,setup_hold,163.65,0.13,2600,2370,-123.072,-95.177,572,198.35,83283bd1d94b741b3ac6,0.78,2026-09-11T11:21:46
jpeg,cts,4_1_cts,noclone-prof,3,setup_hold,164.35,0.13,2600,2370,-123.072,-95.177,572,199.11,83283bd1d94b741b3ac6,0.84,2026-09-11T11:26:50
jpeg,cts,4_1_cts,nogasp-prof,1,setup_hold,92.87,0.13,1700,1620,-123.072,-95.315,572,128.55,2c807d2296aea87ab773,0.96,2026-09-11T11:02:41
jpeg,cts,4_1_cts,nogasp-prof,2,setup_hold,89.46,0.13,1700,1620,-123.072,-95.315,572,124.4,2c807d2296aea87ab773,0.85,2026-09-11T11:07:46
jpeg,cts,4_1_cts,nogasp-prof,3,setup_hold,90.69,0.13,1700,1620,-123.072,-95.315,572,125.84,2c807d2296aea87ab773,0.94,2026-09-11T11:12:22
jpeg,cts,4_1_cts,nounbuf-prof,1,setup_hold,109.18,0.13,1600,1360,-123.072,-97.542,572,144.05,0641688b8f3776cb3165,0.98,2026-09-11T11:31:00
jpeg,cts,4_1_cts,nounbuf-prof,2,setup_hold,108.45,0.13,1600,1360,-123.072,-97.542,572,143.91,0641688b8f3776cb3165,0.81,2026-09-11T11:35:39
jpeg,cts,4_1_cts,nounbuf-prof,3,setup_hold,110.78,0.13,1600,1360,-123.072,-97.542,572,146.23,0641688b8f3776cb3165,0.81,2026-09-11T11:44:06
jpeg,cts,4_1_cts,tns20-prof,1,setup_hold,121.93,0.13,1900,1620,-123.072,-95.177,572,156.95,6882293c0dc4223b9175,0.97,2026-09-11T10:24:29
jpeg,cts,4_1_cts,tns20-prof,2,setup_hold,122.02,0.13,1900,1620,-123.072,-95.177,572,157.21,6882293c0dc4223b9175,0.85,2026-09-11T10:28:37
jpeg,cts,4_1_cts,tns20-prof,3,setup_hold,122.4,0.13,1900,1620,-123.072,-95.177,572,157.37,6882293c0dc4223b9175,0.93,2026-09-11T10:33:00
jpeg,cts,4_1_cts,tns5-prof,1,setup_hold,99.09,0.13,1200,690,-123.072,-98.307,572,133.91,c16261d0e069c45f2546,0.94,2026-09-11T10:36:59
jpeg,cts,4_1_cts,tns5-prof,2,setup_hold,98.68,0.13,1200,690,-123.072,-98.307,572,133.81,c16261d0e069c45f2546,0.91,2026-09-11T10:41:14
jpeg,cts,4_1_cts,tns5-prof,3,setup_hold,101.69,0.13,1200,690,-123.072,-98.307,572,137.77,c16261d0e069c45f2546,0.88,2026-09-11T10:57:17
jpeg,floorplan,2_1_floorplan,base,1,floorplan_setup,106.25,,3615,3584,-84.892,-66.716,410,118.17,ec3c632bb48bfd979389,0.88,2026-09-10T21:48:38
jpeg,floorplan,2_1_floorplan,base-p0067,1,floorplan_setup,80.93,,3615,3584,-84.892,-66.716,410,92.97999999999999,ec3c632bb48bfd979389,0.92,2026-09-11T18:03:09
jpeg,floorplan,2_1_floorplan,base-p0067,2,floorplan_setup,82.32,,3615,3584,-84.892,-66.716,410,94.44,ec3c632bb48bfd979389,0.99,2026-09-11T18:04:52
jpeg,floorplan,2_1_floorplan,base-p0067,3,floorplan_setup,81.64,,3615,3584,-84.892,-66.716,410,93.78999999999999,ec3c632bb48bfd979389,0.96,2026-09-11T18:07:19
jpeg,floorplan,2_1_floorplan,base-p00670068,1,floorplan_setup,80.29,,3615,3584,-84.892,-66.716,410,92.33,ec3c632bb48bfd979389,0.88,2026-09-14T05:13:00
jpeg,floorplan,2_1_floorplan,base-p00670068,2,floorplan_setup,80.43,,3615,3584,-84.892,-66.716,410,92.61,ec3c632bb48bfd979389,0.86,2026-09-14T05:15:25
jpeg,floorplan,2_1_floorplan,base-p00670068,3,floorplan_setup,81.02,,3615,3584,-84.892,-66.716,410,93.12,ec3c632bb48bfd979389,0.81,2026-09-14T05:17:36
jpeg,floorplan,2_1_floorplan,base-p006700680069,1,floorplan_setup,79.71,,3615,3584,-84.892,-66.716,410,91.78999999999999,ec3c632bb48bfd979389,1.00,2026-09-12T01:27:06
jpeg,floorplan,2_1_floorplan,base-p006700680069,2,floorplan_setup,80.62,,3615,3584,-84.892,-66.716,410,92.66,ec3c632bb48bfd979389,0.93,2026-09-12T01:29:16
jpeg,floorplan,2_1_floorplan,base-p006700680069,3,floorplan_setup,82.42,,3615,3584,-84.892,-66.716,410,94.5,ec3c632bb48bfd979389,0.98,2026-09-12T01:31:44
jpeg,floorplan,2_1_floorplan,base-p0068,1,floorplan_setup,109.12,,3615,3584,-84.892,-66.716,410,121.42,ec3c632bb48bfd979389,0.80,2026-09-11T20:45:36
jpeg,floorplan,2_1_floorplan,base-p0068,2,floorplan_setup,106.94,,3615,3584,-84.892,-66.716,410,119.14,ec3c632bb48bfd979389,0.98,2026-09-11T20:47:59
jpeg,floorplan,2_1_floorplan,base-p0068,3,floorplan_setup,106.99,,3615,3584,-84.892,-66.716,410,119.22,ec3c632bb48bfd979389,0.81,2026-09-11T20:51:06
jpeg,floorplan,2_1_floorplan,base-p0069,1,floorplan_setup,106.86,,3615,3584,-84.892,-66.716,410,119.0,ec3c632bb48bfd979389,0.99,2026-09-11T23:07:46
jpeg,floorplan,2_1_floorplan,base-p0069,2,floorplan_setup,106.45,,3615,3584,-84.892,-66.716,410,118.5,ec3c632bb48bfd979389,0.99,2026-09-11T23:10:07
jpeg,floorplan,2_1_floorplan,base-p0069,3,floorplan_setup,106.2,,3615,3584,-84.892,-66.716,410,118.16,ec3c632bb48bfd979389,0.88,2026-09-11T23:12:58
jpeg,floorplan,2_1_floorplan,base-p0070,1,floorplan_setup,80.17,,3615,3584,-84.892,-66.716,410,92.08,ec3c632bb48bfd979389,0.84,2026-09-12T06:01:17
jpeg,floorplan,2_1_floorplan,base-p0070,2,floorplan_setup,81.91,,3615,3584,-84.892,-66.716,410,93.97999999999999,ec3c632bb48bfd979389,0.95,2026-09-12T06:03:44
jpeg,floorplan,2_1_floorplan,base-p0070,3,floorplan_setup,82.05,,3615,3584,-84.892,-66.716,410,93.97999999999999,ec3c632bb48bfd979389,0.96,2026-09-12T06:06:11
jpeg,floorplan,2_1_floorplan,base-p0071,1,floorplan_setup,81.04,,3615,3584,-84.892,-66.716,410,93.13,ec3c632bb48bfd979389,0.86,2026-09-12T08:28:27
jpeg,floorplan,2_1_floorplan,base-p0071,2,floorplan_setup,80.52,,3615,3584,-84.892,-66.716,410,92.61,ec3c632bb48bfd979389,0.86,2026-09-12T08:30:52
jpeg,floorplan,2_1_floorplan,base-p0071,3,floorplan_setup,80.66,,3615,3584,-84.892,-66.716,410,92.83,ec3c632bb48bfd979389,1.00,2026-09-12T08:32:33
jpeg,floorplan,2_1_floorplan,base-p0072,1,floorplan_setup,80.88,,3615,3584,-84.892,-66.716,410,92.99000000000001,ec3c632bb48bfd979389,0.98,2026-09-12T10:54:55
jpeg,floorplan,2_1_floorplan,base-p0072,2,floorplan_setup,81.08,,3615,3584,-84.892,-66.716,410,93.25,ec3c632bb48bfd979389,0.85,2026-09-12T10:57:06
jpeg,floorplan,2_1_floorplan,base-p0072,3,floorplan_setup,80.88,,3615,3584,-84.892,-66.716,410,93.02000000000001,ec3c632bb48bfd979389,0.83,2026-09-12T10:59:02
jpeg,floorplan,2_1_floorplan,base-p0073,1,floorplan_setup,81.39,,3615,3584,-84.892,-66.716,410,93.36,ec3c632bb48bfd979389,0.82,2026-09-12T12:55:58
jpeg,floorplan,2_1_floorplan,base-p0073,2,floorplan_setup,81.96,,3615,3584,-84.892,-66.716,410,93.96000000000001,ec3c632bb48bfd979389,0.81,2026-09-12T12:58:09
jpeg,floorplan,2_1_floorplan,base-p0073,3,floorplan_setup,81.85,,3615,3584,-84.892,-66.716,410,93.94,ec3c632bb48bfd979389,0.89,2026-09-12T13:00:21
jpeg,floorplan,2_1_floorplan,base-p0074,1,floorplan_setup,81.35,,3615,3584,-84.892,-66.716,410,93.45,ec3c632bb48bfd979389,0.82,2026-09-12T15:49:10
jpeg,floorplan,2_1_floorplan,base-p0074,2,floorplan_setup,81.97,,3615,3584,-84.892,-66.716,410,94.15,ec3c632bb48bfd979389,0.84,2026-09-12T15:51:22
jpeg,floorplan,2_1_floorplan,base-p0074,3,floorplan_setup,82.36,,3615,3584,-84.892,-66.716,410,94.47999999999999,ec3c632bb48bfd979389,0.80,2026-09-12T15:53:34
jpeg,floorplan,2_1_floorplan,base-prof,1,floorplan_setup,106.9,,3615,3584,-84.892,-66.716,410,118.9,ec3c632bb48bfd979389,0.83,2026-09-10T23:57:51
jpeg,floorplan,2_1_floorplan,base-prof,2,floorplan_setup,107.15,,3615,3584,-84.892,-66.716,410,119.07,ec3c632bb48bfd979389,0.97,2026-09-11T16:12:45
jpeg,floorplan,2_1_floorplan,base-prof,3,floorplan_setup,108.54,,3615,3584,-84.892,-66.716,410,120.63,ec3c632bb48bfd979389,1.00,2026-09-11T16:15:23
jpeg,full,2_1_floorplan,base-p00670068,1,floorplan_setup,80.58,,3615,3584,-84.892,-66.716,410,92.58,ec3c632bb48bfd979389,0.78,2026-09-12T21:46:36
jpeg,full,4_1_cts,base-p00670068,1,setup_hold,109.65,0.13,1900,1620,-123.072,-95.177,572,144.49,6882293c0dc4223b9175,0.78,2026-09-12T21:46:36
jpeg,full,5_1_grt,base-p00670068,1,setup_hold,196.17,0.32,2700,2370,-110.195,-102.732,619,306.22,bf18ad0bd58d52295185,0.78,2026-09-12T21:46:36
jpeg,full,5_1_grt,base-p00670068,1,post_grt_wns,2.12,,1,0,-104.071,-104.071,607,306.22,bf18ad0bd58d52295185,0.78,2026-09-12T21:46:36
jpeg,full,2_1_floorplan,base-p00670068,2,floorplan_setup,80.3,,3615,3584,-84.892,-66.716,410,92.43,ec3c632bb48bfd979389,0.89,2026-09-14T02:13:45
jpeg,full,4_1_cts,base-p00670068,2,setup_hold,109.49,0.13,1900,1620,-123.072,-95.177,572,144.31,6882293c0dc4223b9175,0.89,2026-09-14T02:13:45
jpeg,full,5_1_grt,base-p00670068,2,setup_hold,195.57,0.32,2700,2370,-110.195,-102.732,619,306.76,bf18ad0bd58d52295185,0.89,2026-09-14T02:13:45
jpeg,full,5_1_grt,base-p00670068,2,post_grt_wns,2.09,,1,0,-104.071,-104.071,607,306.76,bf18ad0bd58d52295185,0.89,2026-09-14T02:13:45
jpeg,full,2_1_floorplan,base-p00670068,3,floorplan_setup,80.24,,3615,3584,-84.892,-66.716,410,92.16,ec3c632bb48bfd979389,0.87,2026-09-14T02:32:14
jpeg,full,4_1_cts,base-p00670068,3,setup_hold,108.9,0.13,1900,1620,-123.072,-95.177,572,143.84,6882293c0dc4223b9175,0.87,2026-09-14T02:32:14
jpeg,full,5_1_grt,base-p00670068,3,setup_hold,194.95,0.32,2700,2370,-110.195,-102.732,619,305.62,8afca063f264a7f5b643,0.87,2026-09-14T02:32:14
jpeg,full,5_1_grt,base-p00670068,3,post_grt_wns,2.11,,1,0,-104.071,-104.071,607,305.62,8afca063f264a7f5b643,0.87,2026-09-14T02:32:14
jpeg,full,2_1_floorplan,base-p0069,1,floorplan_setup,80.23,,3615,3584,-84.892,-66.716,410,92.21000000000001,ec3c632bb48bfd979389,0.82,2026-09-13T04:27:55
jpeg,full,4_1_cts,base-p0069,1,setup_hold,108.57,0.13,1900,1620,-123.072,-95.177,572,143.29,6882293c0dc4223b9175,0.82,2026-09-13T04:27:55
jpeg,full,5_1_grt,base-p0069,1,setup_hold,232.07,0.32,3000,2760,-110.195,-102.732,619,342.43,8dfc24a95bd492cfb2b2,0.82,2026-09-13T04:27:55
jpeg,full,5_1_grt,base-p0069,1,post_grt_wns,2.09,,1,0,-104.071,-104.071,606,342.43,8dfc24a95bd492cfb2b2,0.82,2026-09-13T04:27:55
jpeg,full,2_1_floorplan,base-p0074,1,floorplan_setup,81.95,,3615,3584,-84.892,-66.716,410,93.89,ec3c632bb48bfd979389,0.80,2026-09-13T01:05:43
jpeg,full,4_1_cts,base-p0074,1,setup_hold,108.85,0.13,1900,1620,-123.072,-95.177,572,143.2,6882293c0dc4223b9175,0.80,2026-09-13T01:05:43
jpeg,full,5_1_grt,base-p0074,1,setup_hold,106.81,0.32,1200,520,-110.195,-102.733,619,217.36,b99d0952bc84c4d643c9,0.80,2026-09-13T01:05:43
jpeg,full,5_1_grt,base-p0074,1,post_grt_wns,2.11,,1,0,-104.032,-104.032,609,217.36,b99d0952bc84c4d643c9,0.80,2026-09-13T01:05:43
jpeg,full,2_1_floorplan,base-p0074,2,floorplan_setup,79.8,,3615,3584,-84.892,-66.716,410,91.75,ec3c632bb48bfd979389,0.95,2026-09-14T00:23:01
jpeg,full,4_1_cts,base-p0074,2,setup_hold,108.74,0.13,1900,1620,-123.072,-95.177,572,143.09,6882293c0dc4223b9175,0.95,2026-09-14T00:23:01
jpeg,full,5_1_grt,base-p0074,2,setup_hold,106.94,0.32,1200,520,-110.195,-102.733,619,216.5,b99d0952bc84c4d643c9,0.95,2026-09-14T00:23:01
jpeg,full,5_1_grt,base-p0074,2,post_grt_wns,2.07,,1,0,-104.032,-104.032,609,216.5,b99d0952bc84c4d643c9,0.95,2026-09-14T00:23:01
jpeg,full,2_1_floorplan,base-p0074,3,floorplan_setup,82.72,,3615,3584,-84.892,-66.716,410,94.53,ec3c632bb48bfd979389,0.86,2026-09-14T00:39:39
jpeg,full,4_1_cts,base-p0074,3,setup_hold,110.03,0.13,1900,1620,-123.072,-95.177,572,144.97,6882293c0dc4223b9175,0.86,2026-09-14T00:39:39
jpeg,full,5_1_grt,base-p0074,3,setup_hold,106.13,0.32,1200,520,-110.195,-102.733,619,214.36,b99d0952bc84c4d643c9,0.86,2026-09-14T00:39:39
jpeg,full,5_1_grt,base-p0074,3,post_grt_wns,2.07,,1,0,-104.032,-104.032,609,214.36,b99d0952bc84c4d643c9,0.86,2026-09-14T00:39:39
jpeg,full,2_1_floorplan,base-p0077,1,floorplan_setup,81.25,,3614,3614,-84.892,-66.716,410,93.15,6d6ecfe881013dde5a31,0.98,2026-09-13T20:41:20
jpeg,full,4_1_cts,base-p0077,1,setup_hold,228.81,0.13,3600,2770,-116.961,-90.275,562,263.51,e98b36ed319f5bfc2ea0,0.98,2026-09-13T20:41:20
jpeg,full,5_1_grt,base-p0077,1,setup_hold,115.3,0.32,1500,1300,-115.269,-104.327,610,227.09,9be2365c4c40e1c12fa7,0.98,2026-09-13T20:41:20
jpeg,full,5_1_grt,base-p0077,1,post_grt_wns,2.13,,1,0,-104.606,-104.606,598,227.09,9be2365c4c40e1c12fa7,0.98,2026-09-13T20:41:20
jpeg,full,2_1_floorplan,base-p0077,2,floorplan_setup,82.58,,3614,3614,-84.892,-66.716,410,94.66,6d6ecfe881013dde5a31,0.94,2026-09-13T22:31:23
jpeg,full,4_1_cts,base-p0077,2,setup_hold,226.61,0.13,3600,2770,-116.961,-90.275,562,261.16,e98b36ed319f5bfc2ea0,0.94,2026-09-13T22:31:23
jpeg,full,5_1_grt,base-p0077,2,setup_hold,115.83,0.32,1500,1300,-115.269,-104.327,610,227.75,9be2365c4c40e1c12fa7,0.94,2026-09-13T22:31:23
jpeg,full,5_1_grt,base-p0077,2,post_grt_wns,2.14,,1,0,-104.606,-104.606,598,227.75,9be2365c4c40e1c12fa7,0.94,2026-09-13T22:31:23
jpeg,full,2_1_floorplan,base-p0077,3,floorplan_setup,82.72,,3614,3614,-84.892,-66.716,410,94.7,6d6ecfe881013dde5a31,0.90,2026-09-13T22:51:09
jpeg,full,4_1_cts,base-p0077,3,setup_hold,227.28,0.13,3600,2770,-116.961,-90.275,562,261.76,e98b36ed319f5bfc2ea0,0.90,2026-09-13T22:51:09
jpeg,full,5_1_grt,base-p0077,3,setup_hold,116.07,0.32,1500,1300,-115.269,-104.327,610,228.18,9be2365c4c40e1c12fa7,0.90,2026-09-13T22:51:09
jpeg,full,5_1_grt,base-p0077,3,post_grt_wns,2.15,,1,0,-104.606,-104.606,598,228.18,9be2365c4c40e1c12fa7,0.90,2026-09-13T22:51:09
jpeg,grt,5_1_grt,base,1,setup_hold,222.07,0.32,2700,2370,-110.195,-102.732,619,331.77,bf18ad0bd58d52295185,0.94,2026-09-10T21:58:47
jpeg,grt,5_1_grt,base,1,post_grt_wns,2.25,,1,0,-104.071,-104.071,607,331.77,bf18ad0bd58d52295185,0.94,2026-09-10T21:58:47
jpeg,grt,5_1_grt,base-p0067,1,setup_hold,197.2,0.32,2700,2370,-110.195,-102.732,619,307.29,bf18ad0bd58d52295185,0.92,2026-09-11T18:33:41
jpeg,grt,5_1_grt,base-p0067,1,post_grt_wns,2.11,,1,0,-104.071,-104.071,607,307.29,bf18ad0bd58d52295185,0.92,2026-09-11T18:33:41
jpeg,grt,5_1_grt,base-p0067,2,setup_hold,195.65,0.32,2700,2370,-110.195,-102.732,619,307.27,bf18ad0bd58d52295185,0.86,2026-09-11T18:42:04
jpeg,grt,5_1_grt,base-p0067,2,post_grt_wns,2.09,,1,0,-104.071,-104.071,607,307.27,bf18ad0bd58d52295185,0.86,2026-09-11T18:42:04
jpeg,grt,5_1_grt,base-p0067,3,setup_hold,195.02,0.32,2700,2370,-110.195,-102.732,619,305.49,bf18ad0bd58d52295185,0.82,2026-09-11T18:50:10
jpeg,grt,5_1_grt,base-p0067,3,post_grt_wns,2.1,,1,0,-104.071,-104.071,607,305.49,bf18ad0bd58d52295185,0.82,2026-09-11T18:50:10
jpeg,grt,5_1_grt,base-p00670068,1,setup_hold,195.1,0.32,2700,2370,-110.195,-102.732,619,303.28,8afca063f264a7f5b643,0.80,2026-09-14T05:43:42
jpeg,grt,5_1_grt,base-p00670068,1,post_grt_wns,2.12,,1,0,-104.071,-104.071,607,303.28,8afca063f264a7f5b643,0.80,2026-09-14T05:43:42
jpeg,grt,5_1_grt,base-p00670068,2,setup_hold,197.73,0.32,2700,2370,-110.195,-102.732,619,308.28,bf18ad0bd58d52295185,0.92,2026-09-14T05:51:51
jpeg,grt,5_1_grt,base-p00670068,2,post_grt_wns,2.08,,1,0,-104.071,-104.071,607,308.28,bf18ad0bd58d52295185,0.92,2026-09-14T05:51:51
jpeg,grt,5_1_grt,base-p00670068,3,setup_hold,195.0,0.32,2700,2370,-110.195,-102.732,619,306.58,bf18ad0bd58d52295185,0.90,2026-09-14T05:59:58
jpeg,grt,5_1_grt,base-p00670068,3,post_grt_wns,2.13,,1,0,-104.071,-104.071,607,306.58,bf18ad0bd58d52295185,0.90,2026-09-14T05:59:58
jpeg,grt,5_1_grt,base-p006700680069,1,setup_hold,231.64,0.32,3000,2760,-110.195,-102.732,619,342.65,87c2b5c6c912e6400939,0.93,2026-09-12T01:58:57
jpeg,grt,5_1_grt,base-p006700680069,1,post_grt_wns,2.1,,1,0,-104.071,-104.071,606,342.65,87c2b5c6c912e6400939,0.93,2026-09-12T01:58:57
jpeg,grt,5_1_grt,base-p006700680069,2,setup_hold,226.14,0.32,3000,2760,-110.195,-102.732,619,336.11,8dfc24a95bd492cfb2b2,0.80,2026-09-12T02:07:34
jpeg,grt,5_1_grt,base-p006700680069,2,post_grt_wns,2.1,,1,0,-104.071,-104.071,606,336.11,8dfc24a95bd492cfb2b2,0.80,2026-09-12T02:07:34
jpeg,grt,5_1_grt,base-p006700680069,3,setup_hold,230.19,0.32,3000,2760,-110.195,-102.732,619,340.76,8dfc24a95bd492cfb2b2,1.00,2026-09-12T02:16:15
jpeg,grt,5_1_grt,base-p006700680069,3,post_grt_wns,2.11,,1,0,-104.071,-104.071,606,340.76,8dfc24a95bd492cfb2b2,1.00,2026-09-12T02:16:15
jpeg,grt,5_1_grt,base-p0068,1,setup_hold,218.15,0.32,2700,2370,-110.195,-102.732,619,327.41,bf18ad0bd58d52295185,0.82,2026-09-11T21:19:40
jpeg,grt,5_1_grt,base-p0068,1,post_grt_wns,2.19,,1,0,-104.071,-104.071,607,327.41,bf18ad0bd58d52295185,0.82,2026-09-11T21:19:40
jpeg,grt,5_1_grt,base-p0068,2,setup_hold,217.52,0.32,2700,2370,-110.195,-102.732,619,326.76,bf18ad0bd58d52295185,0.91,2026-09-11T21:28:07
jpeg,grt,5_1_grt,base-p0068,2,post_grt_wns,2.18,,1,0,-104.071,-104.071,607,326.76,bf18ad0bd58d52295185,0.91,2026-09-11T21:28:07
jpeg,grt,5_1_grt,base-p0068,3,setup_hold,218.99,0.32,2700,2370,-110.195,-102.732,619,329.73,bf18ad0bd58d52295185,0.99,2026-09-11T21:36:37
jpeg,grt,5_1_grt,base-p0068,3,post_grt_wns,2.2,,1,0,-104.071,-104.071,607,329.73,bf18ad0bd58d52295185,0.99,2026-09-11T21:36:37
jpeg,grt,5_1_grt,base-p0069,1,setup_hold,255.73,0.32,3000,2760,-110.195,-102.732,619,366.48,8dfc24a95bd492cfb2b2,0.83,2026-09-11T23:40:39
jpeg,grt,5_1_grt,base-p0069,1,post_grt_wns,2.18,,1,0,-104.071,-104.071,606,366.48,8dfc24a95bd492cfb2b2,0.83,2026-09-11T23:40:39
jpeg,grt,5_1_grt,base-p0069,2,setup_hold,250.15,0.32,3000,2760,-110.195,-102.732,619,360.74,8dfc24a95bd492cfb2b2,0.84,2026-09-11T23:49:41
jpeg,grt,5_1_grt,base-p0069,2,post_grt_wns,2.17,,1,0,-104.071,-104.071,606,360.74,8dfc24a95bd492cfb2b2,0.84,2026-09-11T23:49:41
jpeg,grt,5_1_grt,base-p0069,3,setup_hold,250.38,0.32,3000,2760,-110.195,-102.732,619,361.86,8dfc24a95bd492cfb2b2,0.89,2026-09-11T23:58:43
jpeg,grt,5_1_grt,base-p0069,3,post_grt_wns,2.25,,1,0,-104.071,-104.071,606,361.86,8dfc24a95bd492cfb2b2,0.89,2026-09-11T23:58:43
jpeg,grt,5_1_grt,base-p0070,1,setup_hold,197.59,0.32,2700,2370,-110.195,-102.732,619,307.24,bf18ad0bd58d52295185,0.89,2026-09-12T06:32:08
jpeg,grt,5_1_grt,base-p0070,1,post_grt_wns,2.12,,1,0,-104.071,-104.071,607,307.24,bf18ad0bd58d52295185,0.89,2026-09-12T06:32:08
jpeg,grt,5_1_grt,base-p0070,2,setup_hold,196.6,0.32,2700,2370,-110.195,-102.732,619,307.4,bf18ad0bd58d52295185,0.95,2026-09-12T06:40:16
jpeg,grt,5_1_grt,base-p0070,2,post_grt_wns,2.12,,1,0,-104.071,-104.071,607,307.4,bf18ad0bd58d52295185,0.95,2026-09-12T06:40:16
jpeg,grt,5_1_grt,base-p0070,3,setup_hold,199.31,0.32,2700,2370,-110.195,-102.732,619,310.48,bf18ad0bd58d52295185,0.86,2026-09-12T06:48:28
jpeg,grt,5_1_grt,base-p0070,3,post_grt_wns,2.11,,1,0,-104.071,-104.071,607,310.48,bf18ad0bd58d52295185,0.86,2026-09-12T06:48:28
jpeg,grt,5_1_grt,base-p0071,1,setup_hold,75.28,0.31,1200,1130,-109.323,-101.902,625,186.57,9f054d1e7df603240f75,0.90,2026-09-12T08:54:53
jpeg,grt,5_1_grt,base-p0071,1,post_grt_wns,2.09,,1,0,-102.59,-102.59,616,186.57,9f054d1e7df603240f75,0.90,2026-09-12T08:54:53
jpeg,grt,5_1_grt,base-p0071,2,setup_hold,75.51,0.32,1200,1130,-109.323,-101.902,625,186.38,9f054d1e7df603240f75,0.89,2026-09-12T09:00:59
jpeg,grt,5_1_grt,base-p0071,2,post_grt_wns,2.11,,1,0,-102.59,-102.59,616,186.38,9f054d1e7df603240f75,0.89,2026-09-12T09:00:59
jpeg,grt,5_1_grt,base-p0071,3,setup_hold,75.68,0.32,1200,1130,-109.323,-101.902,625,187.13,a04ff52913cfdf44985f,0.79,2026-09-12T09:07:07
jpeg,grt,5_1_grt,base-p0071,3,post_grt_wns,2.12,,1,0,-102.59,-102.59,616,187.13,a04ff52913cfdf44985f,0.79,2026-09-12T09:07:07
jpeg,grt,5_1_grt,base-p0072,1,setup_hold,197.78,0.32,2700,2370,-110.195,-102.732,619,306.6,bf18ad0bd58d52295185,0.79,2026-09-12T11:25:07
jpeg,grt,5_1_grt,base-p0072,1,post_grt_wns,2.09,,1,0,-104.071,-104.071,607,306.6,bf18ad0bd58d52295185,0.79,2026-09-12T11:25:07
jpeg,grt,5_1_grt,base-p0072,2,setup_hold,195.94,0.32,2700,2370,-110.195,-102.732,619,305.72,bf18ad0bd58d52295185,0.88,2026-09-12T11:33:13
jpeg,grt,5_1_grt,base-p0072,2,post_grt_wns,2.11,,1,0,-104.071,-104.071,607,305.72,bf18ad0bd58d52295185,0.88,2026-09-12T11:33:13
jpeg,grt,5_1_grt,base-p0072,3,setup_hold,200.02,0.32,2700,2370,-110.195,-102.732,619,310.32,bf18ad0bd58d52295185,0.82,2026-09-12T11:41:24
jpeg,grt,5_1_grt,base-p0072,3,post_grt_wns,2.11,,1,0,-104.071,-104.071,607,310.32,bf18ad0bd58d52295185,0.82,2026-09-12T11:41:24
jpeg,grt,5_1_grt,base-p0073,1,setup_hold,76.33,0.32,1200,1130,-109.323,-101.902,625,187.0,a04ff52913cfdf44985f,0.78,2026-09-12T13:14:27
jpeg,grt,5_1_grt,base-p0073,1,post_grt_wns,2.1,,1,0,-102.59,-102.59,616,187.0,a04ff52913cfdf44985f,0.78,2026-09-12T13:14:27
jpeg,grt,5_1_grt,base-p0073,2,setup_hold,76.29,0.32,1200,1130,-109.323,-101.902,625,187.58,9f054d1e7df603240f75,0.91,2026-09-12T13:20:20
jpeg,grt,5_1_grt,base-p0073,2,post_grt_wns,2.09,,1,0,-102.59,-102.59,616,187.58,9f054d1e7df603240f75,0.91,2026-09-12T13:20:20
jpeg,grt,5_1_grt,base-p0073,3,setup_hold,76.45,0.32,1200,1130,-109.323,-101.902,625,187.03,a04ff52913cfdf44985f,0.96,2026-09-12T13:26:13
jpeg,grt,5_1_grt,base-p0073,3,post_grt_wns,2.09,,1,0,-102.59,-102.59,616,187.03,a04ff52913cfdf44985f,0.96,2026-09-12T13:26:13
jpeg,grt,5_1_grt,base-p0073-K10,1,setup_hold,76.06,0.32,1200,1130,-109.323,-101.902,625,185.86,9f054d1e7df603240f75,0.87,2026-09-12T03:39:19
jpeg,grt,5_1_grt,base-p0073-K10,1,post_grt_wns,2.07,,1,0,-102.59,-102.59,616,185.86,9f054d1e7df603240f75,0.87,2026-09-12T03:39:19
jpeg,grt,5_1_grt,base-p0073-K20,1,setup_hold,75.46,0.32,1200,1130,-109.323,-101.902,625,185.07,a04ff52913cfdf44985f,0.95,2026-09-12T03:53:51
jpeg,grt,5_1_grt,base-p0073-K20,1,post_grt_wns,2.09,,1,0,-102.59,-102.59,616,185.07,a04ff52913cfdf44985f,0.95,2026-09-12T03:53:51
jpeg,grt,5_1_grt,base-p0073-K50,1,setup_hold,76.28,0.32,1200,1130,-109.323,-101.902,625,187.04,a04ff52913cfdf44985f,0.78,2026-09-12T04:10:13
jpeg,grt,5_1_grt,base-p0073-K50,1,post_grt_wns,2.1,,1,0,-102.59,-102.59,616,187.04,a04ff52913cfdf44985f,0.78,2026-09-12T04:10:13
jpeg,grt,5_1_grt,base-p0073-N100,1,setup_hold,76.44,0.32,1200,1130,-109.323,-101.902,625,187.12,a04ff52913cfdf44985f,0.91,2026-09-12T04:24:46
jpeg,grt,5_1_grt,base-p0073-N100,1,post_grt_wns,2.11,,1,0,-102.59,-102.59,616,187.12,a04ff52913cfdf44985f,0.91,2026-09-12T04:24:46
jpeg,grt,5_1_grt,base-p0073-N500,1,setup_hold,75.85,0.32,1200,1130,-109.323,-101.902,625,184.73,9f054d1e7df603240f75,0.86,2026-09-12T04:39:03
jpeg,grt,5_1_grt,base-p0073-N500,1,post_grt_wns,2.08,,1,0,-102.59,-102.59,616,184.73,9f054d1e7df603240f75,0.86,2026-09-12T04:39:03
jpeg,grt,5_1_grt,base-p0074,1,setup_hold,230.38,0.32,3000,2760,-110.195,-102.732,619,340.0,8dfc24a95bd492cfb2b2,0.85,2026-09-12T16:20:01
jpeg,grt,5_1_grt,base-p0074,1,post_grt_wns,2.13,,1,0,-104.071,-104.071,606,340.0,8dfc24a95bd492cfb2b2,0.85,2026-09-12T16:20:01
jpeg,grt,5_1_grt,base-p0074,2,setup_hold,227.98,0.32,3000,2760,-110.195,-102.732,619,338.67,8dfc24a95bd492cfb2b2,0.91,2026-09-12T16:28:40
jpeg,grt,5_1_grt,base-p0074,2,post_grt_wns,2.16,,1,0,-104.071,-104.071,606,338.67,8dfc24a95bd492cfb2b2,0.91,2026-09-12T16:28:40
jpeg,grt,5_1_grt,base-p0074,3,setup_hold,231.21,0.32,3000,2760,-110.195,-102.732,619,340.92,8dfc24a95bd492cfb2b2,0.83,2026-09-12T16:37:21
jpeg,grt,5_1_grt,base-p0074,3,post_grt_wns,2.1,,1,0,-104.071,-104.071,606,340.92,8dfc24a95bd492cfb2b2,0.83,2026-09-12T16:37:21
jpeg,grt,5_1_grt,base-p0074v2,1,setup_hold,107.3,0.32,1200,520,-110.195,-102.733,619,216.19,b99d0952bc84c4d643c9,0.92,2026-09-12T18:48:26
jpeg,grt,5_1_grt,base-p0074v2,1,post_grt_wns,2.08,,1,0,-104.032,-104.032,609,216.19,b99d0952bc84c4d643c9,0.92,2026-09-12T18:48:26
jpeg,grt,5_1_grt,base-p0075,1,setup_hold,198.15,0.32,2700,2370,-110.195,-102.732,619,309.54,bf18ad0bd58d52295185,0.93,2026-09-12T18:06:04
jpeg,grt,5_1_grt,base-p0075,1,post_grt_wns,2.12,,1,0,-104.071,-104.071,607,309.54,bf18ad0bd58d52295185,0.93,2026-09-12T18:06:04
jpeg,grt,5_1_grt,base-p0076,1,setup_hold,228.32,0.31,3000,2760,-110.195,-102.732,619,338.87,8dfc24a95bd492cfb2b2,0.83,2026-09-12T18:28:31
jpeg,grt,5_1_grt,base-p0076,1,post_grt_wns,2.1,,1,0,-104.071,-104.071,606,338.87,8dfc24a95bd492cfb2b2,0.83,2026-09-12T18:28:31
jpeg,grt,5_1_grt,base-p0077,1,setup_hold,116.42,0.32,1500,1300,-115.269,-104.327,610,228.29,e15c009db8d9e87f7489,0.96,2026-09-13T18:25:13
jpeg,grt,5_1_grt,base-p0077,1,post_grt_wns,2.13,,1,0,-104.606,-104.606,598,228.29,e15c009db8d9e87f7489,0.96,2026-09-13T18:25:13
jpeg,grt,5_1_grt,base-prof,1,setup_hold,216.71,0.32,2700,2370,-110.195,-102.732,619,326.1,bf18ad0bd58d52295185,0.92,2026-09-11T00:16:48
jpeg,grt,5_1_grt,base-prof,1,post_grt_wns,2.17,,1,0,-104.071,-104.071,607,326.1,bf18ad0bd58d52295185,0.92,2026-09-11T00:16:48
jpeg,grt,5_1_grt,base-prof,2,setup_hold,226.44,0.32,2700,2370,-110.195,-102.732,619,336.39,bf18ad0bd58d52295185,0.93,2026-09-11T12:13:31
jpeg,grt,5_1_grt,base-prof,2,post_grt_wns,2.25,,1,0,-104.071,-104.071,607,336.39,bf18ad0bd58d52295185,0.93,2026-09-11T12:13:31
jpeg,grt,5_1_grt,base-prof,3,setup_hold,219.79,0.32,2700,2370,-110.195,-102.732,619,332.26,bf18ad0bd58d52295185,0.90,2026-09-11T12:22:19
jpeg,grt,5_1_grt,base-prof,3,post_grt_wns,2.23,,1,0,-104.071,-104.071,607,332.26,bf18ad0bd58d52295185,0.90,2026-09-11T12:22:19
jpeg,grt,5_1_grt,noclone-prof,1,setup_hold,246.38,0.32,2900,2060,-110.195,-101.986,619,356.72,726ea445b4d0ebd66304,0.97,2026-09-11T13:43:38
jpeg,grt,5_1_grt,noclone-prof,1,post_grt_wns,2.2,,1,0,-103.284,-103.284,610,356.72,726ea445b4d0ebd66304,0.97,2026-09-11T13:43:38
jpeg,grt,5_1_grt,noclone-prof,2,setup_hold,248.28,0.32,2900,2060,-110.195,-101.986,619,359.46,c5c85e78c1260c582478,0.90,2026-09-11T13:52:38
jpeg,grt,5_1_grt,noclone-prof,2,post_grt_wns,2.2,,1,0,-103.284,-103.284,610,359.46,c5c85e78c1260c582478,0.90,2026-09-11T13:52:38
jpeg,grt,5_1_grt,noclone-prof,3,setup_hold,252.36,0.32,2900,2060,-110.195,-101.986,619,363.56,c5c85e78c1260c582478,0.94,2026-09-11T14:01:42
jpeg,grt,5_1_grt,noclone-prof,3,post_grt_wns,2.21,,1,0,-103.284,-103.284,610,363.56,c5c85e78c1260c582478,0.94,2026-09-11T14:01:42
jpeg,grt,5_1_grt,nogasp-prof,1,setup_hold,182.76,0.32,2500,2370,-110.195,-102.732,619,293.90999999999997,6ce0f87a6da941d5e488,0.98,2026-09-11T13:19:07
jpeg,grt,5_1_grt,nogasp-prof,1,post_grt_wns,2.19,,1,0,-104.063,-104.063,608,293.90999999999997,6ce0f87a6da941d5e488,0.98,2026-09-11T13:19:07
jpeg,grt,5_1_grt,nogasp-prof,2,setup_hold,182.96,0.31,2500,2370,-110.195,-102.732,619,293.82,6ce0f87a6da941d5e488,0.81,2026-09-11T13:27:02
jpeg,grt,5_1_grt,nogasp-prof,2,post_grt_wns,2.19,,1,0,-104.063,-104.063,608,293.82,6ce0f87a6da941d5e488,0.81,2026-09-11T13:27:02
jpeg,grt,5_1_grt,nogasp-prof,3,setup_hold,182.56,0.31,2500,2370,-110.195,-102.732,619,293.5,6ce0f87a6da941d5e488,0.80,2026-09-11T13:34:56
jpeg,grt,5_1_grt,nogasp-prof,3,post_grt_wns,2.17,,1,0,-104.063,-104.063,608,293.5,6ce0f87a6da941d5e488,0.80,2026-09-11T13:34:56
jpeg,grt,5_1_grt,nopostwns-prof,1,setup_hold,219.78,0.32,2700,2370,-110.195,-102.732,619,328.54,6003ad129983befcd713,0.97,2026-09-11T15:39:23
jpeg,grt,5_1_grt,nopostwns-prof,2,setup_hold,216.29,0.32,2700,2370,-110.195,-102.732,619,324.92,0182b7abff8eea3d3492,0.85,2026-09-11T15:47:48
jpeg,grt,5_1_grt,nopostwns-prof,3,setup_hold,218.9,0.32,2700,2370,-110.195,-102.732,619,328.0,6003ad129983befcd713,0.95,2026-09-11T15:56:02
jpeg,grt,5_1_grt,nounbuf-prof,1,setup_hold,186.54,0.31,2500,2210,-110.195,-102.732,619,296.99,49c3185dba04f5853a15,0.78,2026-09-11T14:09:40
jpeg,grt,5_1_grt,nounbuf-prof,1,post_grt_wns,2.23,,1,0,-104.472,-104.472,610,296.99,49c3185dba04f5853a15,0.78,2026-09-11T14:09:40
jpeg,grt,5_1_grt,nounbuf-prof,2,setup_hold,187.34,0.32,2500,2210,-110.195,-102.732,619,297.56,49c3185dba04f5853a15,0.87,2026-09-11T14:17:38
jpeg,grt,5_1_grt,nounbuf-prof,2,post_grt_wns,2.2,,1,0,-104.472,-104.472,610,297.56,49c3185dba04f5853a15,0.87,2026-09-11T14:17:38
jpeg,grt,5_1_grt,nounbuf-prof,3,setup_hold,187.92,0.32,2500,2210,-110.195,-102.732,619,298.87,49c3185dba04f5853a15,0.98,2026-09-11T14:25:22
jpeg,grt,5_1_grt,nounbuf-prof,3,post_grt_wns,2.2,,1,0,-104.472,-104.472,610,298.87,49c3185dba04f5853a15,0.98,2026-09-11T14:25:22
jpeg,grt,5_1_grt,tns20-prof,1,setup_hold,217.1,0.32,2700,2370,-110.195,-102.732,619,328.44,bf18ad0bd58d52295185,0.89,2026-09-11T12:30:48
jpeg,grt,5_1_grt,tns20-prof,1,post_grt_wns,2.21,,1,0,-104.071,-104.071,607,328.44,bf18ad0bd58d52295185,0.89,2026-09-11T12:30:48
jpeg,grt,5_1_grt,tns20-prof,2,setup_hold,224.91,0.32,2700,2370,-110.195,-102.732,619,336.40999999999997,bf18ad0bd58d52295185,0.97,2026-09-11T12:39:25
jpeg,grt,5_1_grt,tns20-prof,2,post_grt_wns,2.18,,1,0,-104.071,-104.071,607,336.40999999999997,bf18ad0bd58d52295185,0.97,2026-09-11T12:39:25
jpeg,grt,5_1_grt,tns20-prof,3,setup_hold,222.44,0.32,2700,2370,-110.195,-102.732,619,367.86,bf18ad0bd58d52295185,0.85,2026-09-12T17:24:35
jpeg,grt,5_1_grt,tns20-prof,3,post_grt_wns,2.18,,1,0,-104.071,-104.071,607,367.86,bf18ad0bd58d52295185,0.85,2026-09-12T17:24:35
jpeg,grt,5_1_grt,tns5-prof,1,setup_hold,110.15,0.32,1200,950,-110.195,-102.732,619,219.9,6c362e259efa9eaff469,0.80,2026-09-11T12:58:21
jpeg,grt,5_1_grt,tns5-prof,1,post_grt_wns,2.19,,1,0,-103.967,-103.967,612,219.9,6c362e259efa9eaff469,0.80,2026-09-11T12:58:21
jpeg,grt,5_1_grt,tns5-prof,2,setup_hold,110.25,0.32,1200,950,-110.195,-102.732,619,220.6,6c362e259efa9eaff469,0.81,2026-09-11T13:05:03
jpeg,grt,5_1_grt,tns5-prof,2,post_grt_wns,2.18,,1,0,-103.967,-103.967,612,220.6,6c362e259efa9eaff469,0.81,2026-09-11T13:05:03
jpeg,grt,5_1_grt,tns5-prof,3,setup_hold,110.23,0.31,1200,950,-110.195,-102.732,619,219.69,6c362e259efa9eaff469,0.95,2026-09-11T13:11:28
jpeg,grt,5_1_grt,tns5-prof,3,post_grt_wns,2.17,,1,0,-103.967,-103.967,612,219.69,6c362e259efa9eaff469,0.95,2026-09-11T13:11:28
jpeg_lvt,cts,4_1_cts,base,1,setup_hold,1.62,0.31,0,,,,,31.86,e7adc973d7ce821e00c2,0.89,2026-09-10T22:02:42
jpeg_lvt,floorplan,2_1_floorplan,base,1,floorplan_setup,0.36,,0,,,,,12.41,e90ce24809fd3089783b,0.82,2026-09-10T22:02:09
jpeg_lvt,full,2_1_floorplan,base-p00670068,1,floorplan_setup,0.35,,0,,,,,12.63,e90ce24809fd3089783b,0.96,2026-09-12T21:27:48
jpeg_lvt,full,4_1_cts,base-p00670068,1,setup_hold,1.61,0.32,0,,,,,32.15,e7adc973d7ce821e00c2,0.96,2026-09-12T21:27:48
jpeg_lvt,full,5_1_grt,base-p00670068,1,setup_hold,1.29,0.46,0,,,,,87.18,0714b114d977ef39de5c,0.96,2026-09-12T21:27:48
jpeg_lvt,full,5_1_grt,base-p00670068,1,post_grt_wns,1.3,,0,,,,,87.18,0714b114d977ef39de5c,0.96,2026-09-12T21:27:48
jpeg_lvt,full,2_1_floorplan,base-p0069,1,floorplan_setup,0.35,,0,,,,,12.56,e90ce24809fd3089783b,0.82,2026-09-13T04:08:59
jpeg_lvt,full,4_1_cts,base-p0069,1,setup_hold,1.63,0.32,0,,,,,31.96,e7adc973d7ce821e00c2,0.82,2026-09-13T04:08:59
jpeg_lvt,full,5_1_grt,base-p0069,1,setup_hold,1.3,0.47,0,,,,,86.93,0714b114d977ef39de5c,0.82,2026-09-13T04:08:59
jpeg_lvt,full,5_1_grt,base-p0069,1,post_grt_wns,1.32,,0,,,,,86.93,0714b114d977ef39de5c,0.82,2026-09-13T04:08:59
jpeg_lvt,full,2_1_floorplan,base-p0074,1,floorplan_setup,0.34,,0,,,,,12.38,e90ce24809fd3089783b,0.82,2026-09-13T00:48:36
jpeg_lvt,full,4_1_cts,base-p0074,1,setup_hold,1.58,0.32,0,,,,,31.58,e7adc973d7ce821e00c2,0.82,2026-09-13T00:48:36
jpeg_lvt,full,5_1_grt,base-p0074,1,setup_hold,1.29,0.48,0,,,,,85.7,0714b114d977ef39de5c,0.82,2026-09-13T00:48:36
jpeg_lvt,full,5_1_grt,base-p0074,1,post_grt_wns,1.32,,0,,,,,85.7,0714b114d977ef39de5c,0.82,2026-09-13T00:48:36
jpeg_lvt,full,2_1_floorplan,base-p0077,1,floorplan_setup,0.36,,0,,,,,12.46,e90ce24809fd3089783b,0.82,2026-09-13T20:22:35
jpeg_lvt,full,4_1_cts,base-p0077,1,setup_hold,1.61,0.32,0,,,,,32.11,e7adc973d7ce821e00c2,0.82,2026-09-13T20:22:35
jpeg_lvt,full,5_1_grt,base-p0077,1,setup_hold,1.3,0.47,0,,,,,86.43,0714b114d977ef39de5c,0.82,2026-09-13T20:22:35
jpeg_lvt,full,5_1_grt,base-p0077,1,post_grt_wns,1.29,,0,,,,,86.43,0714b114d977ef39de5c,0.82,2026-09-13T20:22:35
jpeg_lvt,grt,5_1_grt,base,1,setup_hold,1.35,0.46,0,,,,,86.89,0714b114d977ef39de5c,0.80,2026-09-10T22:05:25
jpeg_lvt,grt,5_1_grt,base,1,post_grt_wns,1.3,,0,,,,,86.89,0714b114d977ef39de5c,0.80,2026-09-10T22:05:25
mock-alu,cts,4_1_cts,base,1,setup_hold,61.21,0.03,1488,1095,-294.849,-275.769,526,72.57,355e96339e1a2cf11c1e,0.89,2026-09-10T21:20:44
mock-alu,cts,4_1_cts,base-p0067,1,setup_hold,56.31,0.03,1488,1095,-294.849,-275.769,526,67.75,355e96339e1a2cf11c1e,0.88,2026-09-11T17:05:53
mock-alu,cts,4_1_cts,base-p0067,2,setup_hold,56.32,0.03,1488,1095,-294.849,-275.769,526,67.83,355e96339e1a2cf11c1e,0.82,2026-09-11T17:08:31
mock-alu,cts,4_1_cts,base-p0067,3,setup_hold,56.55,0.03,1488,1095,-294.849,-275.769,526,68.12,355e96339e1a2cf11c1e,0.94,2026-09-11T17:10:25
mock-alu,cts,4_1_cts,base-p00670068,1,setup_hold,55.05,0.03,1488,1095,-294.849,-275.769,526,66.41,355e96339e1a2cf11c1e,0.87,2026-09-14T04:15:22
mock-alu,cts,4_1_cts,base-p00670068,2,setup_hold,55.75,0.03,1488,1095,-294.849,-275.769,526,67.25,355e96339e1a2cf11c1e,0.87,2026-09-14T04:17:00
mock-alu,cts,4_1_cts,base-p00670068,3,setup_hold,55.71,0.03,1488,1095,-294.849,-275.769,526,67.23,355e96339e1a2cf11c1e,0.86,2026-09-14T04:19:22
mock-alu,cts,4_1_cts,base-p006700680069,1,setup_hold,55.1,0.03,1488,1095,-294.849,-275.769,526,66.44,355e96339e1a2cf11c1e,0.95,2026-09-12T00:32:33
mock-alu,cts,4_1_cts,base-p006700680069,2,setup_hold,55.86,0.03,1488,1095,-294.849,-275.769,526,67.39,355e96339e1a2cf11c1e,0.97,2026-09-12T00:34:11
mock-alu,cts,4_1_cts,base-p006700680069,3,setup_hold,55.05,0.03,1488,1095,-294.849,-275.769,526,66.48,355e96339e1a2cf11c1e,0.99,2026-09-12T00:36:03
mock-alu,cts,4_1_cts,base-p0068,1,setup_hold,61.88,0.04,1488,1095,-294.849,-275.769,526,73.46000000000001,355e96339e1a2cf11c1e,0.81,2026-09-11T19:44:28
mock-alu,cts,4_1_cts,base-p0068,2,setup_hold,61.97,0.03,1488,1095,-294.849,-275.769,526,73.57,355e96339e1a2cf11c1e,0.90,2026-09-11T19:45:57
mock-alu,cts,4_1_cts,base-p0068,3,setup_hold,61.74,0.03,1488,1095,-294.849,-275.769,526,73.24,355e96339e1a2cf11c1e,0.94,2026-09-11T19:48:26
mock-alu,cts,4_1_cts,base-p0069,1,setup_hold,63.18,0.03,1488,1095,-294.849,-275.769,526,74.71000000000001,355e96339e1a2cf11c1e,0.81,2026-09-11T22:09:31
mock-alu,cts,4_1_cts,base-p0069,2,setup_hold,61.39,0.03,1488,1095,-294.849,-275.769,526,72.73,355e96339e1a2cf11c1e,0.80,2026-09-11T22:11:44
mock-alu,cts,4_1_cts,base-p0069,3,setup_hold,60.86,0.03,1488,1095,-294.849,-275.769,526,72.19,355e96339e1a2cf11c1e,0.90,2026-09-11T22:13:27
mock-alu,cts,4_1_cts,base-p0070,1,setup_hold,56.43,0.03,1488,1095,-294.849,-275.769,526,68.01,355e96339e1a2cf11c1e,0.95,2026-09-12T05:15:58
mock-alu,cts,4_1_cts,base-p0070,2,setup_hold,56.35,0.03,1488,1095,-294.849,-275.769,526,67.88,355e96339e1a2cf11c1e,0.94,2026-09-12T05:17:36
mock-alu,cts,4_1_cts,base-p0070,3,setup_hold,57.01,0.03,1488,1095,-294.849,-275.769,526,68.65,355e96339e1a2cf11c1e,0.91,2026-09-12T05:19:30
mock-alu,cts,4_1_cts,base-p0071,1,setup_hold,45.44,0.03,1300,1095,-294.849,-276.912,526,56.89,d23e5e84fa22c76bf128,0.87,2026-09-12T07:34:31
mock-alu,cts,4_1_cts,base-p0071,2,setup_hold,45.45,0.03,1300,1095,-294.849,-276.912,526,57.0,d23e5e84fa22c76bf128,0.93,2026-09-12T07:35:43
mock-alu,cts,4_1_cts,base-p0071,3,setup_hold,44.6,0.03,1300,1095,-294.849,-276.912,526,56.04,d23e5e84fa22c76bf128,0.85,2026-09-12T07:37:10
mock-alu,cts,4_1_cts,base-p0072,1,setup_hold,56.16,0.03,1488,1095,-294.849,-275.769,526,67.64,355e96339e1a2cf11c1e,0.84,2026-09-12T09:59:53
mock-alu,cts,4_1_cts,base-p0072,2,setup_hold,56.58,0.03,1488,1095,-294.849,-275.769,526,68.18,355e96339e1a2cf11c1e,0.97,2026-09-12T10:01:47
mock-alu,cts,4_1_cts,base-p0072,3,setup_hold,56.36,0.03,1488,1095,-294.849,-275.769,526,67.92,355e96339e1a2cf11c1e,0.90,2026-09-12T10:03:40
mock-alu,cts,4_1_cts,base-p0073,1,setup_hold,45.21,0.03,1300,1095,-294.849,-276.912,526,56.59,d23e5e84fa22c76bf128,0.82,2026-09-12T12:12:15
mock-alu,cts,4_1_cts,base-p0073,2,setup_hold,45.32,0.03,1300,1095,-294.849,-276.912,526,56.77,d23e5e84fa22c76bf128,0.96,2026-09-12T12:13:57
mock-alu,cts,4_1_cts,base-p0073,3,setup_hold,45.77,0.03,1300,1095,-294.849,-276.912,526,57.42,d23e5e84fa22c76bf128,0.85,2026-09-12T12:15:25
mock-alu,cts,4_1_cts,base-p0074,1,setup_hold,56.53,0.03,1488,1095,-294.849,-275.769,526,68.07,355e96339e1a2cf11c1e,0.80,2026-09-12T14:52:45
mock-alu,cts,4_1_cts,base-p0074,2,setup_hold,55.97,0.03,1488,1095,-294.849,-275.769,526,67.34,355e96339e1a2cf11c1e,0.89,2026-09-12T14:54:52
mock-alu,cts,4_1_cts,base-p0074,3,setup_hold,56.37,0.03,1488,1095,-294.849,-275.769,526,67.81,355e96339e1a2cf11c1e,0.95,2026-09-12T14:57:16
mock-alu,cts,4_1_cts,base-p0077,1,setup_hold,56.24,0.03,1498,1044,-294.849,-275.769,526,67.92,601adec9a926a22764ff,0.93,2026-09-13T17:51:16
mock-alu,cts,4_1_cts,base-prof,1,setup_hold,61.34,0.03,1488,1095,-294.849,-275.769,526,72.8,355e96339e1a2cf11c1e,0.79,2026-09-11T00:25:22
mock-alu,cts,4_1_cts,base-prof,2,setup_hold,61.44,0.03,1488,1095,-294.849,-275.769,526,72.86,355e96339e1a2cf11c1e,0.93,2026-09-11T05:10:30
mock-alu,cts,4_1_cts,base-prof,3,setup_hold,61.61,0.03,1488,1095,-294.849,-275.769,526,73.18,355e96339e1a2cf11c1e,0.82,2026-09-11T05:13:14
mock-alu,cts,4_1_cts,footprint-prof,1,setup_hold,61.97,0.03,1488,1095,-294.849,-275.769,526,73.46000000000001,355e96339e1a2cf11c1e,0.92,2026-09-11T05:49:33
mock-alu,cts,4_1_cts,footprint-prof,2,setup_hold,61.92,0.03,1488,1095,-294.849,-275.769,526,73.58,355e96339e1a2cf11c1e,0.86,2026-09-11T05:51:47
mock-alu,cts,4_1_cts,footprint-prof,3,setup_hold,62.52,0.03,1488,1095,-294.849,-275.769,526,74.09,355e96339e1a2cf11c1e,0.81,2026-09-11T05:54:16
mock-alu,cts,4_1_cts,noclone-prof,1,setup_hold,62.03,0.03,1654,1266,-294.849,-270.987,526,73.58,a447da462ef7d7a5acda,0.89,2026-09-11T05:34:34
mock-alu,cts,4_1_cts,noclone-prof,2,setup_hold,62.27,0.03,1654,1266,-294.849,-270.987,526,73.96000000000001,a447da462ef7d7a5acda,0.94,2026-09-11T05:36:48
mock-alu,cts,4_1_cts,noclone-prof,3,setup_hold,61.05,0.03,1654,1266,-294.849,-270.987,526,72.65,a447da462ef7d7a5acda,0.84,2026-09-11T05:39:01
mock-alu,cts,4_1_cts,nogasp-prof,1,setup_hold,49.6,0.03,1300,1095,-294.849,-276.912,526,61.21,d23e5e84fa22c76bf128,0.87,2026-09-11T05:28:46
mock-alu,cts,4_1_cts,nogasp-prof,2,setup_hold,49.54,0.03,1300,1095,-294.849,-276.912,526,61.18,d23e5e84fa22c76bf128,0.80,2026-09-11T05:30:32
mock-alu,cts,4_1_cts,nogasp-prof,3,setup_hold,50.22,0.03,1300,1095,-294.849,-276.912,526,61.84,d23e5e84fa22c76bf128,0.92,2026-09-11T05:32:20
mock-alu,cts,4_1_cts,nounbuf-prof,1,setup_hold,63.59,0.03,1698,1493,-294.849,-275.769,526,75.15,e508dd5d5c7a0b1df3a8,0.95,2026-09-11T05:41:32
mock-alu,cts,4_1_cts,nounbuf-prof,2,setup_hold,63.99,0.04,1698,1493,-294.849,-275.769,526,75.65,e508dd5d5c7a0b1df3a8,0.86,2026-09-11T05:43:48
mock-alu,cts,4_1_cts,nounbuf-prof,3,setup_hold,63.59,0.03,1698,1493,-294.849,-275.769,526,75.22,e508dd5d5c7a0b1df3a8,0.90,2026-09-11T05:46:34
mock-alu,cts,4_1_cts,tns20-prof,1,setup_hold,60.72,0.03,1200,952,-294.849,-275.769,526,72.21000000000001,494c52a8efefb0b22eb9,0.80,2026-09-11T05:14:56
mock-alu,cts,4_1_cts,tns20-prof,2,setup_hold,61.95,0.03,1200,952,-294.849,-275.769,526,73.53999999999999,494c52a8efefb0b22eb9,0.79,2026-09-11T05:17:40
mock-alu,cts,4_1_cts,tns20-prof,3,setup_hold,62.26,0.03,1200,952,-294.849,-275.769,526,73.87,494c52a8efefb0b22eb9,0.95,2026-09-11T05:20:25
mock-alu,cts,4_1_cts,tns5-prof,1,setup_hold,59.49,0.03,1042,320,-294.849,-275.789,526,71.07,61bcd0930b5ef9e53096,0.79,2026-09-11T05:22:51
mock-alu,cts,4_1_cts,tns5-prof,2,setup_hold,59.32,0.03,1042,320,-294.849,-275.789,526,70.84,61bcd0930b5ef9e53096,1.00,2026-09-11T05:24:48
mock-alu,cts,4_1_cts,tns5-prof,3,setup_hold,59.34,0.03,1042,320,-294.849,-275.789,526,70.93,61bcd0930b5ef9e53096,0.84,2026-09-11T05:27:14
mock-alu,floorplan,2_1_floorplan,base,1,floorplan_setup,28.01,,1300,1056,-1595.866,-1367.762,1121,31.06,9c04717fcac71859d38c,0.79,2026-09-10T21:19:30
mock-alu,floorplan,2_1_floorplan,base-p0067,1,floorplan_setup,18.0,,1300,1056,-1595.866,-1367.762,1121,21.08,9c04717fcac71859d38c,0.94,2026-09-11T17:00:26
mock-alu,floorplan,2_1_floorplan,base-p0067,2,floorplan_setup,18.32,,1300,1056,-1595.866,-1367.762,1121,21.42,9c04717fcac71859d38c,0.92,2026-09-11T17:01:23
mock-alu,floorplan,2_1_floorplan,base-p0067,3,floorplan_setup,18.38,,1300,1056,-1595.866,-1367.762,1121,21.5,9c04717fcac71859d38c,0.96,2026-09-11T17:01:51
mock-alu,floorplan,2_1_floorplan,base-p00670068,1,floorplan_setup,17.94,,1300,1056,-1595.866,-1367.762,1121,21.04,9c04717fcac71859d38c,0.79,2026-09-14T04:10:13
mock-alu,floorplan,2_1_floorplan,base-p00670068,2,floorplan_setup,17.71,,1300,1056,-1595.866,-1367.762,1121,20.8,9c04717fcac71859d38c,0.92,2026-09-14T04:10:40
mock-alu,floorplan,2_1_floorplan,base-p00670068,3,floorplan_setup,17.75,,1300,1056,-1595.866,-1367.762,1121,20.82,9c04717fcac71859d38c,1.00,2026-09-14T04:11:37
mock-alu,floorplan,2_1_floorplan,base-p006700680069,1,floorplan_setup,17.99,,1300,1056,-1595.866,-1367.762,1121,21.05,9c04717fcac71859d38c,1.00,2026-09-12T00:25:53
mock-alu,floorplan,2_1_floorplan,base-p006700680069,2,floorplan_setup,18.01,,1300,1056,-1595.866,-1367.762,1121,21.1,9c04717fcac71859d38c,0.90,2026-09-12T00:27:36
mock-alu,floorplan,2_1_floorplan,base-p006700680069,3,floorplan_setup,18.18,,1300,1056,-1595.866,-1367.762,1121,21.26,9c04717fcac71859d38c,0.85,2026-09-12T00:28:48
mock-alu,floorplan,2_1_floorplan,base-p0068,1,floorplan_setup,27.46,,1300,1056,-1595.866,-1367.762,1121,30.56,9c04717fcac71859d38c,0.92,2026-09-11T19:37:43
mock-alu,floorplan,2_1_floorplan,base-p0068,2,floorplan_setup,27.27,,1300,1056,-1595.866,-1367.762,1121,30.37,9c04717fcac71859d38c,0.78,2026-09-11T19:38:34
mock-alu,floorplan,2_1_floorplan,base-p0068,3,floorplan_setup,28.05,,1300,1056,-1595.866,-1367.762,1121,31.17,9c04717fcac71859d38c,0.98,2026-09-11T19:40:12
mock-alu,floorplan,2_1_floorplan,base-p0069,1,floorplan_setup,27.91,,1300,1056,-1595.866,-1367.762,1121,31.0,9c04717fcac71859d38c,0.94,2026-09-11T22:03:59
mock-alu,floorplan,2_1_floorplan,base-p0069,2,floorplan_setup,28.01,,1300,1056,-1595.866,-1367.762,1121,31.08,9c04717fcac71859d38c,0.80,2026-09-11T22:05:06
mock-alu,floorplan,2_1_floorplan,base-p0069,3,floorplan_setup,27.49,,1300,1056,-1595.866,-1367.762,1121,30.58,9c04717fcac71859d38c,0.92,2026-09-11T22:06:28
mock-alu,floorplan,2_1_floorplan,base-p0070,1,floorplan_setup,18.34,,1300,1056,-1595.866,-1367.762,1121,21.42,9c04717fcac71859d38c,0.86,2026-09-12T05:09:46
mock-alu,floorplan,2_1_floorplan,base-p0070,2,floorplan_setup,18.14,,1300,1056,-1595.866,-1367.762,1121,21.21,9c04717fcac71859d38c,0.98,2026-09-12T05:10:14
mock-alu,floorplan,2_1_floorplan,base-p0070,3,floorplan_setup,18.0,,1300,1056,-1595.866,-1367.762,1121,21.06,9c04717fcac71859d38c,0.85,2026-09-12T05:11:41
mock-alu,floorplan,2_1_floorplan,base-p0071,1,floorplan_setup,18.04,,1300,1056,-1595.866,-1367.762,1121,21.17,9c04717fcac71859d38c,0.94,2026-09-12T07:29:45
mock-alu,floorplan,2_1_floorplan,base-p0071,2,floorplan_setup,17.98,,1300,1056,-1595.866,-1367.762,1121,21.07,9c04717fcac71859d38c,0.91,2026-09-12T07:30:27
mock-alu,floorplan,2_1_floorplan,base-p0071,3,floorplan_setup,18.07,,1300,1056,-1595.866,-1367.762,1121,21.19,9c04717fcac71859d38c,0.94,2026-09-12T07:30:55
mock-alu,floorplan,2_1_floorplan,base-p0072,1,floorplan_setup,18.31,,1300,1056,-1595.866,-1367.762,1121,21.42,9c04717fcac71859d38c,0.89,2026-09-12T09:53:26
mock-alu,floorplan,2_1_floorplan,base-p0072,2,floorplan_setup,18.28,,1300,1056,-1595.866,-1367.762,1121,21.35,9c04717fcac71859d38c,0.79,2026-09-12T09:54:39
mock-alu,floorplan,2_1_floorplan,base-p0072,3,floorplan_setup,17.84,,1300,1056,-1595.866,-1367.762,1121,20.91,9c04717fcac71859d38c,0.85,2026-09-12T09:55:36
mock-alu,floorplan,2_1_floorplan,base-p0073,1,floorplan_setup,17.68,,1300,1056,-1595.866,-1367.762,1121,20.68,9c04717fcac71859d38c,0.96,2026-09-12T12:06:14
mock-alu,floorplan,2_1_floorplan,base-p0073,2,floorplan_setup,18.21,,1300,1056,-1595.866,-1367.762,1121,21.26,9c04717fcac71859d38c,1.00,2026-09-12T12:07:12
mock-alu,floorplan,2_1_floorplan,base-p0073,3,floorplan_setup,18.34,,1300,1056,-1595.866,-1367.762,1121,21.42,9c04717fcac71859d38c,0.87,2026-09-12T12:08:39
mock-alu,floorplan,2_1_floorplan,base-p0074,1,floorplan_setup,17.33,,1300,1056,-1595.866,-1367.762,1121,20.38,9c04717fcac71859d38c,0.79,2026-09-12T14:45:49
mock-alu,floorplan,2_1_floorplan,base-p0074,2,floorplan_setup,17.86,,1300,1056,-1595.866,-1367.762,1121,20.95,9c04717fcac71859d38c,0.99,2026-09-12T14:47:16
mock-alu,floorplan,2_1_floorplan,base-p0074,3,floorplan_setup,18.08,,1300,1056,-1595.866,-1367.762,1121,21.2,9c04717fcac71859d38c,0.91,2026-09-12T14:48:14
mock-alu,floorplan,2_1_floorplan,base-prof,1,floorplan_setup,27.32,,1300,1056,-1595.866,-1367.762,1121,30.39,9c04717fcac71859d38c,0.96,2026-09-11T00:20:37
mock-alu,floorplan,2_1_floorplan,base-prof,2,floorplan_setup,28.13,,1300,1056,-1595.866,-1367.762,1121,31.26,9c04717fcac71859d38c,0.89,2026-09-11T16:04:04
mock-alu,floorplan,2_1_floorplan,base-prof,3,floorplan_setup,27.83,,1300,1056,-1595.866,-1367.762,1121,30.94,9c04717fcac71859d38c,0.78,2026-09-11T16:05:12
mock-alu,full,2_1_floorplan,base-p00670068,1,floorplan_setup,17.93,,1300,1056,-1595.866,-1367.762,1121,21.01,9c04717fcac71859d38c,0.82,2026-09-12T19:46:34
mock-alu,full,4_1_cts,base-p00670068,1,setup_hold,45.64,0.03,1864,1692,-303.996,-272.748,643,57.27,2fbae3cdbcd8570630a3,0.82,2026-09-12T19:46:34
mock-alu,full,5_1_grt,base-p00670068,1,setup_hold,38.64,0.07,1277,1102,-295.652,-291.942,445,74.17,32734d202ba362a0a429,0.82,2026-09-12T19:46:34
mock-alu,full,5_1_grt,base-p00670068,1,post_grt_wns,0.87,,1,0,-292.371,-292.371,138,74.17,32734d202ba362a0a429,0.82,2026-09-12T19:46:34
mock-alu,full,2_1_floorplan,base-p00670068,2,floorplan_setup,17.65,,1300,1056,-1595.866,-1367.762,1121,20.73,9c04717fcac71859d38c,0.83,2026-09-14T02:57:24
mock-alu,full,4_1_cts,base-p00670068,2,setup_hold,45.14,0.03,1864,1692,-303.996,-272.748,643,56.8,2fbae3cdbcd8570630a3,0.83,2026-09-14T02:57:24
mock-alu,full,5_1_grt,base-p00670068,2,setup_hold,38.44,0.07,1277,1102,-295.652,-291.942,445,73.96000000000001,32734d202ba362a0a429,0.83,2026-09-14T02:57:24
mock-alu,full,5_1_grt,base-p00670068,2,post_grt_wns,0.9,,1,0,-292.371,-292.371,138,73.96000000000001,32734d202ba362a0a429,0.83,2026-09-14T02:57:24
mock-alu,full,2_1_floorplan,base-p00670068,3,floorplan_setup,17.9,,1300,1056,-1595.866,-1367.762,1121,20.97,9c04717fcac71859d38c,0.96,2026-09-14T03:04:59
mock-alu,full,4_1_cts,base-p00670068,3,setup_hold,45.57,0.03,1864,1692,-303.996,-272.748,643,57.23,2fbae3cdbcd8570630a3,0.96,2026-09-14T03:04:59
mock-alu,full,5_1_grt,base-p00670068,3,setup_hold,38.67,0.07,1277,1102,-295.652,-291.942,445,74.39,32734d202ba362a0a429,0.96,2026-09-14T03:04:59
mock-alu,full,5_1_grt,base-p00670068,3,post_grt_wns,0.78,,1,0,-292.371,-292.371,138,74.39,32734d202ba362a0a429,0.96,2026-09-14T03:04:59
mock-alu,full,2_1_floorplan,base-p0069,1,floorplan_setup,18.08,,1300,1056,-1595.866,-1367.762,1121,21.16,9c04717fcac71859d38c,0.80,2026-09-13T02:26:55
mock-alu,full,4_1_cts,base-p0069,1,setup_hold,45.5,0.03,1864,1691,-303.996,-272.748,643,57.2,1e82ed3c251a2b602394,0.80,2026-09-13T02:26:55
mock-alu,full,5_1_grt,base-p0069,1,setup_hold,37.89,0.07,1262,1084,-295.651,-291.931,443,72.95,ef5e9faa971cffd012b0,0.80,2026-09-13T02:26:55
mock-alu,full,5_1_grt,base-p0069,1,post_grt_wns,0.85,,1,0,-292.357,-292.357,138,72.95,ef5e9faa971cffd012b0,0.80,2026-09-13T02:26:55
mock-alu,full,2_1_floorplan,base-p0074,1,floorplan_setup,17.8,,1300,1056,-1595.866,-1367.762,1121,20.89,9c04717fcac71859d38c,0.84,2026-09-12T23:08:10
mock-alu,full,4_1_cts,base-p0074,1,setup_hold,55.18,0.03,1200,500,-303.996,-272.748,643,66.63,771b19828ba586ca3b2d,0.84,2026-09-12T23:08:10
mock-alu,full,5_1_grt,base-p0074,1,setup_hold,98.24,0.07,1132,84,-295.462,-291.908,752,133.89,ac58004fceb5354a0fd2,0.84,2026-09-12T23:08:10
mock-alu,full,5_1_grt,base-p0074,1,post_grt_wns,0.83,,1,0,-292.328,-292.328,589,133.89,ac58004fceb5354a0fd2,0.84,2026-09-12T23:08:10
mock-alu,full,2_1_floorplan,base-p0074,2,floorplan_setup,17.92,,1300,1056,-1595.866,-1367.762,1121,20.99,9c04717fcac71859d38c,0.90,2026-09-14T01:05:08
mock-alu,full,4_1_cts,base-p0074,2,setup_hold,54.8,0.03,1200,500,-303.996,-272.748,643,66.38,771b19828ba586ca3b2d,0.90,2026-09-14T01:05:08
mock-alu,full,5_1_grt,base-p0074,2,setup_hold,98.86,0.07,1132,84,-295.462,-291.908,752,133.86,ac58004fceb5354a0fd2,0.90,2026-09-14T01:05:08
mock-alu,full,5_1_grt,base-p0074,2,post_grt_wns,0.83,,1,0,-292.328,-292.328,589,133.86,ac58004fceb5354a0fd2,0.90,2026-09-14T01:05:08
mock-alu,full,2_1_floorplan,base-p0074,3,floorplan_setup,18.09,,1300,1056,-1595.866,-1367.762,1121,21.17,9c04717fcac71859d38c,0.79,2026-09-14T01:13:41
mock-alu,full,4_1_cts,base-p0074,3,setup_hold,55.18,0.03,1200,500,-303.996,-272.748,643,66.83,771b19828ba586ca3b2d,0.79,2026-09-14T01:13:41
mock-alu,full,5_1_grt,base-p0074,3,setup_hold,98.05,0.07,1132,84,-295.462,-291.908,752,133.67,ac58004fceb5354a0fd2,0.79,2026-09-14T01:13:41
mock-alu,full,5_1_grt,base-p0074,3,post_grt_wns,0.84,,1,0,-292.328,-292.328,589,133.67,ac58004fceb5354a0fd2,0.79,2026-09-14T01:13:41
mock-alu,full,2_1_floorplan,base-p0077,1,floorplan_setup,18.19,,1300,1056,-1595.866,-1367.762,1121,21.25,9c04717fcac71859d38c,0.97,2026-09-13T18:40:46
mock-alu,full,4_1_cts,base-p0077,1,setup_hold,47.35,0.03,1867,1639,-303.996,-272.748,643,59.27,05e748c238bb68f46d9c,0.97,2026-09-13T18:40:46
mock-alu,full,5_1_grt,base-p0077,1,setup_hold,39.25,0.08,1255,1101,-295.64,-291.927,446,75.15,78f831032749c502c0aa,0.97,2026-09-13T18:40:46
mock-alu,full,5_1_grt,base-p0077,1,post_grt_wns,0.85,,1,0,-292.348,-292.348,140,75.15,78f831032749c502c0aa,0.97,2026-09-13T18:40:46
mock-alu,full,2_1_floorplan,base-p0077,2,floorplan_setup,17.96,,1300,1056,-1595.866,-1367.762,1121,21.01,9c04717fcac71859d38c,0.81,2026-09-13T23:16:18
mock-alu,full,4_1_cts,base-p0077,2,setup_hold,46.82,0.03,1867,1639,-303.996,-272.748,643,58.68,05e748c238bb68f46d9c,0.81,2026-09-13T23:16:18
mock-alu,full,5_1_grt,base-p0077,2,setup_hold,39.39,0.07,1255,1101,-295.64,-291.927,446,74.93,78f831032749c502c0aa,0.81,2026-09-13T23:16:18
mock-alu,full,5_1_grt,base-p0077,2,post_grt_wns,0.88,,1,0,-292.348,-292.348,140,74.93,78f831032749c502c0aa,0.81,2026-09-13T23:16:18
mock-alu,full,2_1_floorplan,base-p0077,3,floorplan_setup,18.08,,1300,1056,-1595.866,-1367.762,1121,21.18,9c04717fcac71859d38c,0.88,2026-09-13T23:23:43
mock-alu,full,4_1_cts,base-p0077,3,setup_hold,46.8,0.03,1867,1639,-303.996,-272.748,643,58.61,05e748c238bb68f46d9c,0.88,2026-09-13T23:23:43
mock-alu,full,5_1_grt,base-p0077,3,setup_hold,39.24,0.08,1255,1101,-295.64,-291.927,446,74.89,78f831032749c502c0aa,0.88,2026-09-13T23:23:43
mock-alu,full,5_1_grt,base-p0077,3,post_grt_wns,0.85,,1,0,-292.348,-292.348,140,74.89,78f831032749c502c0aa,0.88,2026-09-13T23:23:43
mock-alu,grt,5_1_grt,base,1,setup_hold,89.3,0.07,1400,1214,-297.59,-287.187,342,125.04,75486caa4ea177965096,0.93,2026-09-10T21:23:35
mock-alu,grt,5_1_grt,base,1,post_grt_wns,0.93,,1,0,-290.939,-290.939,137,125.04,75486caa4ea177965096,0.93,2026-09-10T21:23:35
mock-alu,grt,5_1_grt,base-p0067,1,setup_hold,83.64,0.08,1400,1214,-297.59,-287.187,342,118.35,96746f36d5389e0c2d89,0.92,2026-09-11T17:15:06
mock-alu,grt,5_1_grt,base-p0067,1,post_grt_wns,0.9,,1,0,-290.939,-290.939,137,118.35,96746f36d5389e0c2d89,0.92,2026-09-11T17:15:06
mock-alu,grt,5_1_grt,base-p0067,2,setup_hold,83.57,0.08,1400,1214,-297.59,-287.187,342,118.49000000000001,056a6c028a08354f062d,0.80,2026-09-11T17:20:35
mock-alu,grt,5_1_grt,base-p0067,2,post_grt_wns,0.83,,1,0,-290.939,-290.939,137,118.49000000000001,056a6c028a08354f062d,0.80,2026-09-11T17:20:35
mock-alu,grt,5_1_grt,base-p0067,3,setup_hold,84.25,0.08,1400,1214,-297.59,-287.187,342,119.97,96746f36d5389e0c2d89,0.84,2026-09-11T17:25:51
mock-alu,grt,5_1_grt,base-p0067,3,post_grt_wns,0.93,,1,0,-290.939,-290.939,137,119.97,96746f36d5389e0c2d89,0.84,2026-09-11T17:25:51
mock-alu,grt,5_1_grt,base-p00670068,1,setup_hold,82.25,0.08,1400,1214,-297.59,-287.187,342,117.25,056a6c028a08354f062d,0.93,2026-09-14T04:23:46
mock-alu,grt,5_1_grt,base-p00670068,1,post_grt_wns,0.92,,1,0,-290.939,-290.939,137,117.25,056a6c028a08354f062d,0.93,2026-09-14T04:23:46
mock-alu,grt,5_1_grt,base-p00670068,2,setup_hold,81.49,0.08,1400,1214,-297.59,-287.187,342,116.28,056a6c028a08354f062d,0.78,2026-09-14T04:28:58
mock-alu,grt,5_1_grt,base-p00670068,2,post_grt_wns,0.89,,1,0,-290.939,-290.939,137,116.28,056a6c028a08354f062d,0.78,2026-09-14T04:28:58
mock-alu,grt,5_1_grt,base-p00670068,3,setup_hold,82.6,0.08,1400,1214,-297.59,-287.187,342,117.9,056a6c028a08354f062d,1.00,2026-09-14T04:33:56
mock-alu,grt,5_1_grt,base-p00670068,3,post_grt_wns,0.93,,1,0,-290.939,-290.939,137,117.9,056a6c028a08354f062d,1.00,2026-09-14T04:33:56
mock-alu,grt,5_1_grt,base-p006700680069,1,setup_hold,82.68,0.08,1400,1214,-297.59,-287.187,342,117.82,056a6c028a08354f062d,0.95,2026-09-12T00:40:43
mock-alu,grt,5_1_grt,base-p006700680069,1,post_grt_wns,0.87,,1,0,-290.939,-290.939,137,117.82,056a6c028a08354f062d,0.95,2026-09-12T00:40:43
mock-alu,grt,5_1_grt,base-p006700680069,2,setup_hold,82.58,0.08,1400,1214,-297.59,-287.187,342,117.96000000000001,056a6c028a08354f062d,0.90,2026-09-12T00:45:42
mock-alu,grt,5_1_grt,base-p006700680069,2,post_grt_wns,0.93,,1,0,-290.939,-290.939,137,117.96000000000001,056a6c028a08354f062d,0.90,2026-09-12T00:45:42
mock-alu,grt,5_1_grt,base-p006700680069,3,setup_hold,82.9,0.08,1400,1214,-297.59,-287.187,342,118.32,056a6c028a08354f062d,0.79,2026-09-12T00:50:55
mock-alu,grt,5_1_grt,base-p006700680069,3,post_grt_wns,0.88,,1,0,-290.939,-290.939,137,118.32,056a6c028a08354f062d,0.79,2026-09-12T00:50:55
mock-alu,grt,5_1_grt,base-p0068,1,setup_hold,89.16,0.08,1400,1214,-297.59,-287.187,342,124.7,96746f36d5389e0c2d89,0.85,2026-09-11T19:53:50
mock-alu,grt,5_1_grt,base-p0068,1,post_grt_wns,0.91,,1,0,-290.939,-290.939,137,124.7,96746f36d5389e0c2d89,0.85,2026-09-11T19:53:50
mock-alu,grt,5_1_grt,base-p0068,2,setup_hold,89.32,0.08,1400,1214,-297.59,-287.187,342,124.84,056a6c028a08354f062d,0.83,2026-09-11T19:59:25
mock-alu,grt,5_1_grt,base-p0068,2,post_grt_wns,0.89,,1,0,-290.939,-290.939,137,124.84,056a6c028a08354f062d,0.83,2026-09-11T19:59:25
mock-alu,grt,5_1_grt,base-p0068,3,setup_hold,88.74,0.08,1400,1214,-297.59,-287.187,342,124.46,056a6c028a08354f062d,0.88,2026-09-11T20:04:45
mock-alu,grt,5_1_grt,base-p0068,3,post_grt_wns,0.9,,1,0,-290.939,-290.939,137,124.46,056a6c028a08354f062d,0.88,2026-09-11T20:04:45
mock-alu,grt,5_1_grt,base-p0069,1,setup_hold,90.76,0.07,1400,1214,-297.59,-287.187,342,126.77,056a6c028a08354f062d,0.96,2026-09-11T22:17:23
mock-alu,grt,5_1_grt,base-p0069,1,post_grt_wns,0.93,,1,0,-290.939,-290.939,137,126.77,056a6c028a08354f062d,0.96,2026-09-11T22:17:23
mock-alu,grt,5_1_grt,base-p0069,2,setup_hold,88.19,0.07,1400,1214,-297.59,-287.187,342,122.77,056a6c028a08354f062d,0.92,2026-09-11T22:22:27
mock-alu,grt,5_1_grt,base-p0069,2,post_grt_wns,0.91,,1,0,-290.939,-290.939,137,122.77,056a6c028a08354f062d,0.92,2026-09-11T22:22:27
mock-alu,grt,5_1_grt,base-p0069,3,setup_hold,90.89,0.08,1400,1214,-297.59,-287.187,342,126.3,056a6c028a08354f062d,0.89,2026-09-11T22:27:33
mock-alu,grt,5_1_grt,base-p0069,3,post_grt_wns,0.9,,1,0,-290.939,-290.939,137,126.3,056a6c028a08354f062d,0.89,2026-09-11T22:27:33
mock-alu,grt,5_1_grt,base-p0070,1,setup_hold,83.5,0.08,1400,1214,-297.59,-287.187,342,119.12,96746f36d5389e0c2d89,0.90,2026-09-12T05:24:12
mock-alu,grt,5_1_grt,base-p0070,1,post_grt_wns,0.85,,1,0,-290.939,-290.939,137,119.12,96746f36d5389e0c2d89,0.90,2026-09-12T05:24:12
mock-alu,grt,5_1_grt,base-p0070,2,setup_hold,83.9,0.08,1400,1214,-297.59,-287.187,342,119.25,056a6c028a08354f062d,0.87,2026-09-12T05:29:57
mock-alu,grt,5_1_grt,base-p0070,2,post_grt_wns,0.89,,1,0,-290.939,-290.939,137,119.25,056a6c028a08354f062d,0.87,2026-09-12T05:29:57
mock-alu,grt,5_1_grt,base-p0070,3,setup_hold,82.66,0.08,1400,1214,-297.59,-287.187,342,118.19,056a6c028a08354f062d,0.99,2026-09-12T05:34:56
mock-alu,grt,5_1_grt,base-p0070,3,post_grt_wns,0.88,,1,0,-290.939,-290.939,137,118.19,056a6c028a08354f062d,0.99,2026-09-12T05:34:56
mock-alu,grt,5_1_grt,base-p0071,1,setup_hold,83.81,0.08,1400,1236,-297.465,-289.678,337,119.37,b9f4b40a47d33a773970,0.92,2026-09-12T07:40:55
mock-alu,grt,5_1_grt,base-p0071,1,post_grt_wns,0.85,,1,0,-292.756,-292.756,137,119.37,b9f4b40a47d33a773970,0.92,2026-09-12T07:40:55
mock-alu,grt,5_1_grt,base-p0071,2,setup_hold,84.27,0.08,1400,1236,-297.465,-289.678,337,120.18,b9f4b40a47d33a773970,0.87,2026-09-12T07:45:56
mock-alu,grt,5_1_grt,base-p0071,2,post_grt_wns,0.86,,1,0,-292.756,-292.756,137,120.18,b9f4b40a47d33a773970,0.87,2026-09-12T07:45:56
mock-alu,grt,5_1_grt,base-p0071,3,setup_hold,84.14,0.08,1400,1236,-297.465,-289.678,337,120.19,b9f4b40a47d33a773970,0.95,2026-09-12T07:50:56
mock-alu,grt,5_1_grt,base-p0071,3,post_grt_wns,0.82,,1,0,-292.756,-292.756,137,120.19,b9f4b40a47d33a773970,0.95,2026-09-12T07:50:56
mock-alu,grt,5_1_grt,base-p0072,1,setup_hold,83.48,0.08,1400,1214,-297.59,-287.187,342,118.95,056a6c028a08354f062d,0.80,2026-09-12T10:07:22
mock-alu,grt,5_1_grt,base-p0072,1,post_grt_wns,0.87,,1,0,-290.939,-290.939,137,118.95,056a6c028a08354f062d,0.80,2026-09-12T10:07:22
mock-alu,grt,5_1_grt,base-p0072,2,setup_hold,83.24,0.08,1400,1214,-297.59,-287.187,342,118.50999999999999,056a6c028a08354f062d,0.81,2026-09-12T10:12:36
mock-alu,grt,5_1_grt,base-p0072,2,post_grt_wns,0.87,,1,0,-290.939,-290.939,137,118.50999999999999,056a6c028a08354f062d,0.81,2026-09-12T10:12:36
mock-alu,grt,5_1_grt,base-p0072,3,setup_hold,84.3,0.08,1400,1214,-297.59,-287.187,342,119.37,056a6c028a08354f062d,0.84,2026-09-12T10:17:36
mock-alu,grt,5_1_grt,base-p0072,3,post_grt_wns,0.94,,1,0,-290.939,-290.939,137,119.37,056a6c028a08354f062d,0.84,2026-09-12T10:17:36
mock-alu,grt,5_1_grt,base-p0073,1,setup_hold,84.16,0.07,1400,1236,-297.465,-289.678,337,119.5,b9f4b40a47d33a773970,0.92,2026-09-12T12:19:11
mock-alu,grt,5_1_grt,base-p0073,1,post_grt_wns,0.87,,1,0,-292.756,-292.756,137,119.5,b9f4b40a47d33a773970,0.92,2026-09-12T12:19:11
mock-alu,grt,5_1_grt,base-p0073,2,setup_hold,84.47,0.08,1400,1236,-297.465,-289.678,337,120.5,b9f4b40a47d33a773970,0.89,2026-09-12T12:24:57
mock-alu,grt,5_1_grt,base-p0073,2,post_grt_wns,0.89,,1,0,-292.756,-292.756,137,120.5,b9f4b40a47d33a773970,0.89,2026-09-12T12:24:57
mock-alu,grt,5_1_grt,base-p0073,3,setup_hold,84.65,0.08,1400,1236,-297.465,-289.678,337,119.82,b9f4b40a47d33a773970,0.94,2026-09-12T12:29:57
mock-alu,grt,5_1_grt,base-p0073,3,post_grt_wns,0.87,,1,0,-292.756,-292.756,137,119.82,b9f4b40a47d33a773970,0.94,2026-09-12T12:29:57
mock-alu,grt,5_1_grt,base-p0074,1,setup_hold,83.35,0.08,1400,1214,-297.59,-287.187,342,118.86,056a6c028a08354f062d,0.93,2026-09-12T15:01:42
mock-alu,grt,5_1_grt,base-p0074,1,post_grt_wns,0.87,,1,0,-290.939,-290.939,137,118.86,056a6c028a08354f062d,0.93,2026-09-12T15:01:42
mock-alu,grt,5_1_grt,base-p0074,2,setup_hold,83.48,0.08,1400,1214,-297.59,-287.187,342,119.07,056a6c028a08354f062d,0.93,2026-09-12T15:06:57
mock-alu,grt,5_1_grt,base-p0074,2,post_grt_wns,0.87,,1,0,-290.939,-290.939,137,119.07,056a6c028a08354f062d,0.93,2026-09-12T15:06:57
mock-alu,grt,5_1_grt,base-p0074,3,setup_hold,83.52,0.08,1400,1214,-297.59,-287.187,342,119.18,056a6c028a08354f062d,0.78,2026-09-12T15:12:11
mock-alu,grt,5_1_grt,base-p0074,3,post_grt_wns,0.87,,1,0,-290.939,-290.939,137,119.18,056a6c028a08354f062d,0.78,2026-09-12T15:12:11
mock-alu,grt,5_1_grt,base-p0074v2,1,setup_hold,83.2,0.07,1400,1214,-297.59,-287.187,342,118.08,056a6c028a08354f062d,0.83,2026-09-12T19:01:08
mock-alu,grt,5_1_grt,base-p0074v2,1,post_grt_wns,0.86,,1,0,-290.939,-290.939,137,118.08,056a6c028a08354f062d,0.83,2026-09-12T19:01:08
mock-alu,grt,5_1_grt,base-prof,1,setup_hold,89.2,0.07,1400,1214,-297.59,-287.187,342,124.34,056a6c028a08354f062d,0.91,2026-09-11T00:29:29
mock-alu,grt,5_1_grt,base-prof,1,post_grt_wns,0.88,,1,0,-290.939,-290.939,137,124.34,056a6c028a08354f062d,0.91,2026-09-11T00:29:29
mock-alu,grt,5_1_grt,base-prof,2,setup_hold,90.0,0.08,1400,1214,-297.59,-287.187,342,125.29,056a6c028a08354f062d,0.99,2026-09-11T05:58:25
mock-alu,grt,5_1_grt,base-prof,2,post_grt_wns,0.83,,1,0,-290.939,-290.939,137,125.29,056a6c028a08354f062d,0.99,2026-09-11T05:58:25
mock-alu,grt,5_1_grt,base-prof,3,setup_hold,89.7,0.08,1400,1214,-297.59,-287.187,342,125.04,056a6c028a08354f062d,0.99,2026-09-11T06:03:31
mock-alu,grt,5_1_grt,base-prof,3,post_grt_wns,0.89,,1,0,-290.939,-290.939,137,125.04,056a6c028a08354f062d,0.99,2026-09-11T06:03:31
mock-alu,grt,5_1_grt,noclone-prof,1,setup_hold,87.62,0.08,1385,1188,-297.59,-290.079,342,123.19,f946ebbfc22bb906a3b7,0.91,2026-09-11T06:54:37
mock-alu,grt,5_1_grt,noclone-prof,1,post_grt_wns,0.94,,1,0,-291.268,-291.268,137,123.19,f946ebbfc22bb906a3b7,0.91,2026-09-11T06:54:37
mock-alu,grt,5_1_grt,noclone-prof,2,setup_hold,87.07,0.08,1385,1188,-297.59,-290.079,342,122.6,f946ebbfc22bb906a3b7,0.99,2026-09-11T06:59:40
mock-alu,grt,5_1_grt,noclone-prof,2,post_grt_wns,0.91,,1,0,-291.268,-291.268,137,122.6,f946ebbfc22bb906a3b7,0.99,2026-09-11T06:59:40
mock-alu,grt,5_1_grt,noclone-prof,3,setup_hold,85.89,0.08,1385,1188,-297.59,-290.079,342,121.03,f946ebbfc22bb906a3b7,0.81,2026-09-11T07:04:57
mock-alu,grt,5_1_grt,noclone-prof,3,post_grt_wns,0.89,,1,0,-291.268,-291.268,137,121.03,f946ebbfc22bb906a3b7,0.81,2026-09-11T07:04:57
mock-alu,grt,5_1_grt,nogasp-prof,1,setup_hold,77.48,0.08,1252,1214,-297.59,-287.187,342,112.99000000000001,0b855d25c3146c692a04,0.94,2026-09-11T06:39:32
mock-alu,grt,5_1_grt,nogasp-prof,1,post_grt_wns,0.9,,1,0,-290.939,-290.939,137,112.99000000000001,0b855d25c3146c692a04,0.94,2026-09-11T06:39:32
mock-alu,grt,5_1_grt,nogasp-prof,2,setup_hold,77.35,0.08,1252,1214,-297.59,-287.187,342,112.75999999999999,0b855d25c3146c692a04,0.80,2026-09-11T06:44:40
mock-alu,grt,5_1_grt,nogasp-prof,2,post_grt_wns,0.94,,1,0,-290.939,-290.939,137,112.75999999999999,0b855d25c3146c692a04,0.80,2026-09-11T06:44:40
mock-alu,grt,5_1_grt,nogasp-prof,3,setup_hold,77.19,0.08,1252,1214,-297.59,-287.187,342,112.39,0b855d25c3146c692a04,0.94,2026-09-11T06:49:33
mock-alu,grt,5_1_grt,nogasp-prof,3,post_grt_wns,0.85,,1,0,-290.939,-290.939,137,112.39,0b855d25c3146c692a04,0.94,2026-09-11T06:49:33
mock-alu,grt,5_1_grt,nopostwns-prof,1,setup_hold,89.8,0.08,1400,1214,-297.59,-287.187,342,124.18,9d8d679c2d34fae6ff75,0.96,2026-09-11T15:05:54
mock-alu,grt,5_1_grt,nopostwns-prof,2,setup_hold,89.61,0.08,1400,1214,-297.59,-287.187,342,124.41,9d8d679c2d34fae6ff75,0.88,2026-09-11T15:10:59
mock-alu,grt,5_1_grt,nopostwns-prof,3,setup_hold,89.12,0.08,1400,1214,-297.59,-287.187,342,123.73,f3777c85f5b0bd32c9e5,0.79,2026-09-11T15:16:33
mock-alu,grt,5_1_grt,nounbuf-prof,1,setup_hold,87.69,0.08,1376,1176,-297.59,-289.769,342,123.32,de0534be491b6f4c59e7,0.92,2026-09-11T07:10:00
mock-alu,grt,5_1_grt,nounbuf-prof,1,post_grt_wns,0.9,,1,0,-291.898,-291.898,137,123.32,de0534be491b6f4c59e7,0.92,2026-09-11T07:10:00
mock-alu,grt,5_1_grt,nounbuf-prof,2,setup_hold,87.08,0.08,1376,1176,-297.59,-289.769,342,121.99,de0534be491b6f4c59e7,0.83,2026-09-11T07:15:03
mock-alu,grt,5_1_grt,nounbuf-prof,2,post_grt_wns,0.91,,1,0,-291.898,-291.898,137,121.99,de0534be491b6f4c59e7,0.83,2026-09-11T07:15:03
mock-alu,grt,5_1_grt,nounbuf-prof,3,setup_hold,89.22,0.08,1376,1176,-297.59,-289.769,342,124.7,de0534be491b6f4c59e7,0.95,2026-09-11T07:20:23
mock-alu,grt,5_1_grt,nounbuf-prof,3,post_grt_wns,0.95,,1,0,-291.898,-291.898,137,124.7,de0534be491b6f4c59e7,0.95,2026-09-11T07:20:23
mock-alu,grt,5_1_grt,tns20-prof,1,setup_hold,117.23,0.08,1074,75,-297.59,-287.187,342,152.38,f370c4c080e23991782a,0.85,2026-09-11T06:09:19
mock-alu,grt,5_1_grt,tns20-prof,1,post_grt_wns,0.91,,1,0,-290.939,-290.939,271,152.38,f370c4c080e23991782a,0.85,2026-09-11T06:09:19
mock-alu,grt,5_1_grt,tns20-prof,2,setup_hold,117.79,0.08,1074,75,-297.59,-287.187,342,153.29,f370c4c080e23991782a,0.89,2026-09-11T06:14:53
mock-alu,grt,5_1_grt,tns20-prof,2,post_grt_wns,0.84,,1,0,-290.939,-290.939,271,153.29,f370c4c080e23991782a,0.89,2026-09-11T06:14:53
mock-alu,grt,5_1_grt,tns20-prof,3,setup_hold,117.25,0.08,1074,75,-297.59,-287.187,342,152.31,f370c4c080e23991782a,0.99,2026-09-11T06:20:25
mock-alu,grt,5_1_grt,tns20-prof,3,post_grt_wns,0.92,,1,0,-290.939,-290.939,271,152.31,f370c4c080e23991782a,0.99,2026-09-11T06:20:25
mock-alu,grt,5_1_grt,tns5-prof,1,setup_hold,84.43,0.08,654,75,-297.59,-287.187,342,119.75,ea9ae2012e1078d73503,0.85,2026-09-11T06:25:41
mock-alu,grt,5_1_grt,tns5-prof,1,post_grt_wns,0.93,,1,0,-290.934,-290.934,260,119.75,ea9ae2012e1078d73503,0.85,2026-09-11T06:25:41
mock-alu,grt,5_1_grt,tns5-prof,2,setup_hold,82.73,0.08,654,75,-297.59,-287.187,342,117.77000000000001,ea9ae2012e1078d73503,0.98,2026-09-11T06:30:24
mock-alu,grt,5_1_grt,tns5-prof,2,post_grt_wns,0.87,,1,0,-290.934,-290.934,260,117.77000000000001,ea9ae2012e1078d73503,0.98,2026-09-11T06:30:24
mock-alu,grt,5_1_grt,tns5-prof,3,setup_hold,84.26,0.08,654,75,-297.59,-287.187,342,119.33,b5a4c5a14659734d0398,0.98,2026-09-11T06:34:54
mock-alu,grt,5_1_grt,tns5-prof,3,post_grt_wns,0.94,,1,0,-290.934,-290.934,260,119.33,b5a4c5a14659734d0398,0.98,2026-09-11T06:34:54
mock-cpu,cts,4_1_cts,base,1,setup_hold,3.59,0.29,8,5,-5.999,0.745,4,29.23,f76a95f6294ca764ea2a,0.98,2026-09-10T22:24:24
mock-cpu,floorplan,2_1_floorplan,base,1,floorplan_setup,0.59,,0,,,,,7.83,7110d28b2b69be0693ff,0.97,2026-09-10T22:23:53
mock-cpu,full,2_1_floorplan,base-p00670068,1,floorplan_setup,0.58,,0,,,,,7.81,7110d28b2b69be0693ff,0.80,2026-09-12T21:06:47
mock-cpu,full,4_1_cts,base-p00670068,1,setup_hold,3.49,0.28,8,5,-5.999,0.745,4,28.76,f76a95f6294ca764ea2a,0.80,2026-09-12T21:06:47
mock-cpu,full,5_1_grt,base-p00670068,1,setup_hold,3.38,0.41,4,4,-9.081,8.106,1,130.61,de7bc0911c241f8788cb,0.80,2026-09-12T21:06:47
mock-cpu,full,5_1_grt,base-p00670068,1,post_grt_wns,1.68,,0,,,,,130.61,de7bc0911c241f8788cb,0.80,2026-09-12T21:06:47
mock-cpu,full,2_1_floorplan,base-p0069,1,floorplan_setup,0.59,,0,,,,,7.84,7110d28b2b69be0693ff,0.96,2026-09-13T03:47:27
mock-cpu,full,4_1_cts,base-p0069,1,setup_hold,3.5,0.29,8,5,-5.999,0.745,4,29.04,f76a95f6294ca764ea2a,0.96,2026-09-13T03:47:27
mock-cpu,full,5_1_grt,base-p0069,1,setup_hold,3.39,0.41,4,4,-9.081,8.106,1,130.71,de7bc0911c241f8788cb,0.96,2026-09-13T03:47:27
mock-cpu,full,5_1_grt,base-p0069,1,post_grt_wns,1.72,,0,,,,,130.71,de7bc0911c241f8788cb,0.96,2026-09-13T03:47:27
mock-cpu,full,2_1_floorplan,base-p0074,1,floorplan_setup,0.56,,0,,,,,7.76,7110d28b2b69be0693ff,0.78,2026-09-13T00:27:39
mock-cpu,full,4_1_cts,base-p0074,1,setup_hold,3.43,0.28,8,5,-5.999,0.745,4,28.51,f76a95f6294ca764ea2a,0.78,2026-09-13T00:27:39
mock-cpu,full,5_1_grt,base-p0074,1,setup_hold,3.41,0.41,4,4,-9.081,8.106,1,127.22,de7bc0911c241f8788cb,0.78,2026-09-13T00:27:39
mock-cpu,full,5_1_grt,base-p0074,1,post_grt_wns,1.71,,0,,,,,127.22,de7bc0911c241f8788cb,0.78,2026-09-13T00:27:39
mock-cpu,full,2_1_floorplan,base-p0077,1,floorplan_setup,0.6,,0,,,,,7.97,7110d28b2b69be0693ff,1.00,2026-09-13T20:02:16
mock-cpu,full,4_1_cts,base-p0077,1,setup_hold,3.45,0.28,8,5,-5.999,0.745,4,28.78,f76a95f6294ca764ea2a,1.00,2026-09-13T20:02:16
mock-cpu,full,5_1_grt,base-p0077,1,setup_hold,3.44,0.41,4,4,-9.081,8.106,1,133.37,de7bc0911c241f8788cb,1.00,2026-09-13T20:02:16
mock-cpu,full,5_1_grt,base-p0077,1,post_grt_wns,1.74,,0,,,,,133.37,de7bc0911c241f8788cb,1.00,2026-09-13T20:02:16
mock-cpu,grt,5_1_grt,base,1,setup_hold,3.44,0.41,4,4,-9.081,8.106,1,131.17,de7bc0911c241f8788cb,0.95,2026-09-10T22:26:51
mock-cpu,grt,5_1_grt,base,1,post_grt_wns,1.7,,0,,,,,131.17,de7bc0911c241f8788cb,0.95,2026-09-10T22:26:51
riscv32i,cts,4_1_cts,base,1,setup_hold,39.62,0.03,1181,306,-45.449,0.521,964,52.51,f756b2a7810afd7984ce,0.81,2026-09-10T22:32:52
riscv32i,cts,4_1_cts,base-p0067,1,setup_hold,30.56,0.03,1181,306,-45.449,0.521,964,43.29,f756b2a7810afd7984ce,0.89,2026-09-11T16:25:32
riscv32i,cts,4_1_cts,base-p0067,2,setup_hold,30.7,0.03,1181,306,-45.449,0.521,964,43.5,f756b2a7810afd7984ce,0.98,2026-09-11T16:27:46
riscv32i,cts,4_1_cts,base-p0067,3,setup_hold,30.4,0.03,1181,306,-45.449,0.521,964,43.09,f756b2a7810afd7984ce,0.81,2026-09-11T16:30:15
riscv32i,cts,4_1_cts,base-p00670068,1,setup_hold,30.41,0.03,1181,306,-45.449,0.521,964,43.17,f756b2a7810afd7984ce,0.97,2026-09-14T03:36:59
riscv32i,cts,4_1_cts,base-p00670068,2,setup_hold,30.4,0.03,1181,306,-45.449,0.521,964,43.15,f756b2a7810afd7984ce,0.89,2026-09-14T03:38:58
riscv32i,cts,4_1_cts,base-p00670068,3,setup_hold,30.45,0.03,1181,306,-45.449,0.521,964,43.16,f756b2a7810afd7984ce,0.88,2026-09-14T03:41:26
riscv32i,cts,4_1_cts,base-p006700680069,1,setup_hold,24.33,0.03,600,222,-47.733,0.978,990,36.73,205d57e8a24e31a1b00a,0.85,2026-09-12T00:11:10
riscv32i,cts,4_1_cts,base-p006700680069,2,setup_hold,24.23,0.03,600,222,-47.733,0.978,990,36.65,205d57e8a24e31a1b00a,0.97,2026-09-12T00:12:02
riscv32i,cts,4_1_cts,base-p006700680069,3,setup_hold,24.29,0.03,600,222,-47.733,0.978,990,36.54,205d57e8a24e31a1b00a,0.88,2026-09-12T00:13:24
riscv32i,cts,4_1_cts,base-p0068,1,setup_hold,39.08,0.03,1181,306,-45.449,0.521,964,51.87,f756b2a7810afd7984ce,0.87,2026-09-11T19:03:41
riscv32i,cts,4_1_cts,base-p0068,2,setup_hold,38.36,0.03,1181,306,-45.449,0.521,964,51.21,f756b2a7810afd7984ce,0.90,2026-09-11T19:04:48
riscv32i,cts,4_1_cts,base-p0068,3,setup_hold,39.67,0.03,1181,306,-45.449,0.521,964,52.56,f756b2a7810afd7984ce,0.84,2026-09-11T19:07:11
riscv32i,cts,4_1_cts,base-p0069,1,setup_hold,27.51,0.03,600,222,-47.733,0.978,990,39.86,205d57e8a24e31a1b00a,0.97,2026-09-11T21:49:32
riscv32i,cts,4_1_cts,base-p0069,2,setup_hold,27.65,0.03,600,222,-47.733,0.978,990,40.02,205d57e8a24e31a1b00a,1.00,2026-09-11T21:50:28
riscv32i,cts,4_1_cts,base-p0069,3,setup_hold,27.45,0.03,600,222,-47.733,0.978,990,39.86,205d57e8a24e31a1b00a,0.79,2026-09-11T21:52:08
riscv32i,cts,4_1_cts,base-p0070,1,setup_hold,23.14,0.03,256,160,-38.42,-3.138,795,36.02,550ee980a1d9ec7ca6d9,0.96,2026-09-12T04:50:16
riscv32i,cts,4_1_cts,base-p0070,2,setup_hold,23.28,0.03,256,160,-38.42,-3.138,795,36.2,550ee980a1d9ec7ca6d9,0.98,2026-09-12T04:50:53
riscv32i,cts,4_1_cts,base-p0070,3,setup_hold,23.06,0.03,256,160,-38.42,-3.138,795,35.86,550ee980a1d9ec7ca6d9,0.95,2026-09-12T04:52:29
riscv32i,cts,4_1_cts,base-p0071,1,setup_hold,30.61,0.03,1181,306,-45.449,0.521,964,43.42,f756b2a7810afd7984ce,0.80,2026-09-12T07:01:01
riscv32i,cts,4_1_cts,base-p0071,2,setup_hold,30.12,0.03,1181,306,-45.449,0.521,964,42.84,f756b2a7810afd7984ce,0.79,2026-09-12T07:03:00
riscv32i,cts,4_1_cts,base-p0071,3,setup_hold,30.26,0.03,1181,306,-45.449,0.521,964,42.98,f756b2a7810afd7984ce,0.82,2026-09-12T07:04:13
riscv32i,cts,4_1_cts,base-p0072,1,setup_hold,30.45,0.03,1181,306,-45.449,0.521,964,43.11,f756b2a7810afd7984ce,0.84,2026-09-12T09:18:39
riscv32i,cts,4_1_cts,base-p0072,2,setup_hold,30.73,0.03,1181,306,-45.449,0.521,964,43.55,f756b2a7810afd7984ce,0.94,2026-09-12T09:21:08
riscv32i,cts,4_1_cts,base-p0072,3,setup_hold,30.52,0.03,1181,306,-45.449,0.521,964,43.36,f756b2a7810afd7984ce,0.79,2026-09-12T09:23:37
riscv32i,cts,4_1_cts,base-p0073,1,setup_hold,21.05,0.03,227,160,-38.42,-3.138,795,34.05,550ee980a1d9ec7ca6d9,0.98,2026-09-12T11:51:10
riscv32i,cts,4_1_cts,base-p0073,2,setup_hold,21.13,0.03,227,160,-38.42,-3.138,795,34.03,550ee980a1d9ec7ca6d9,0.84,2026-09-12T11:52:14
riscv32i,cts,4_1_cts,base-p0073,3,setup_hold,20.88,0.03,227,160,-38.42,-3.138,795,33.63,550ee980a1d9ec7ca6d9,0.85,2026-09-12T11:53:33
riscv32i,cts,4_1_cts,base-p0073-K10,1,setup_hold,20.33,0.03,184,160,-38.42,-3.138,795,33.25,01177078c98c7957b6e2,0.90,2026-09-12T03:19:57
riscv32i,cts,4_1_cts,base-p0073-K20,1,setup_hold,20.83,0.03,227,160,-38.42,-3.138,795,33.62,550ee980a1d9ec7ca6d9,0.83,2026-09-12T03:42:54
riscv32i,cts,4_1_cts,base-p0073-K50,1,setup_hold,22.24,0.03,500,160,-38.42,-3.138,795,35.14,550ee980a1d9ec7ca6d9,0.80,2026-09-12T03:57:12
riscv32i,cts,4_1_cts,base-p0073-N100,1,setup_hold,20.86,0.03,227,160,-38.42,-3.138,795,33.86,550ee980a1d9ec7ca6d9,0.90,2026-09-12T04:13:34
riscv32i,cts,4_1_cts,base-p0073-N500,1,setup_hold,21.06,0.03,227,160,-38.42,-3.138,795,33.99,550ee980a1d9ec7ca6d9,0.79,2026-09-12T04:28:21
riscv32i,cts,4_1_cts,base-p0074,1,setup_hold,24.55,0.03,600,222,-47.733,0.978,990,37.18,205d57e8a24e31a1b00a,0.93,2026-09-12T14:30:35
riscv32i,cts,4_1_cts,base-p0074,2,setup_hold,24.51,0.03,600,222,-47.733,0.978,990,37.04,205d57e8a24e31a1b00a,0.98,2026-09-12T14:31:57
riscv32i,cts,4_1_cts,base-p0074,3,setup_hold,24.37,0.03,600,222,-47.733,0.978,990,36.9,205d57e8a24e31a1b00a,0.95,2026-09-12T14:33:35
riscv32i,cts,4_1_cts,base-p0074v2,1,setup_hold,18.47,0.03,600,130,-62.686,0.254,992,31.36,80f7f1018350583b5469,0.83,2026-09-12T19:04:55
riscv32i,cts,4_1_cts,base-p0077,1,setup_hold,30.98,0.03,1181,306,-45.449,0.521,964,44.11,f756b2a7810afd7984ce,0.90,2026-09-13T17:55:40
riscv32i,cts,4_1_cts,base-prof,1,setup_hold,38.02,0.03,1181,306,-45.449,0.521,964,50.74,f756b2a7810afd7984ce,0.84,2026-09-10T23:43:11
riscv32i,cts,4_1_cts,base-prof,2,setup_hold,40.19,0.03,1181,306,-45.449,0.521,964,53.1,f756b2a7810afd7984ce,0.79,2026-09-11T01:57:04
riscv32i,cts,4_1_cts,base-prof,3,setup_hold,40.35,0.03,1181,306,-45.449,0.521,964,53.26,f756b2a7810afd7984ce,0.91,2026-09-11T01:59:27
riscv32i,cts,4_1_cts,footprint-prof,1,setup_hold,40.28,0.03,1181,306,-45.449,0.521,964,53.2,f756b2a7810afd7984ce,0.94,2026-09-11T02:30:02
riscv32i,cts,4_1_cts,footprint-prof,2,setup_hold,39.95,0.03,1181,306,-45.449,0.521,964,52.83,f756b2a7810afd7984ce,0.93,2026-09-11T02:31:25
riscv32i,cts,4_1_cts,footprint-prof,3,setup_hold,39.47,0.03,1181,306,-45.449,0.521,964,52.23,f756b2a7810afd7984ce,0.85,2026-09-11T02:33:33
riscv32i,cts,4_1_cts,noclone-prof,1,setup_hold,36.06,0.03,1150,458,-45.449,-0.543,964,49.0,2490b8e8ac451e88786f,0.95,2026-09-11T02:18:20
riscv32i,cts,4_1_cts,noclone-prof,2,setup_hold,36.36,0.03,1150,458,-45.449,-0.543,964,49.29,2490b8e8ac451e88786f,0.80,2026-09-11T02:20:10
riscv32i,cts,4_1_cts,noclone-prof,3,setup_hold,35.94,0.03,1150,458,-45.449,-0.543,964,48.88,2490b8e8ac451e88786f,0.81,2026-09-11T02:22:14
riscv32i,cts,4_1_cts,nogasp-prof,1,setup_hold,39.65,0.03,1181,306,-45.449,0.521,964,52.5,f756b2a7810afd7984ce,0.84,2026-09-11T02:13:29
riscv32i,cts,4_1_cts,nogasp-prof,2,setup_hold,39.97,0.03,1181,306,-45.449,0.521,964,52.84,f756b2a7810afd7984ce,0.88,2026-09-11T02:15:07
riscv32i,cts,4_1_cts,nogasp-prof,3,setup_hold,40.08,0.03,1181,306,-45.449,0.521,964,52.97,f756b2a7810afd7984ce,0.85,2026-09-11T02:17:01
riscv32i,cts,4_1_cts,nounbuf-prof,1,setup_hold,39.79,0.03,1181,306,-45.449,0.521,964,52.55,f756b2a7810afd7984ce,0.94,2026-09-11T02:23:53
riscv32i,cts,4_1_cts,nounbuf-prof,2,setup_hold,39.51,0.03,1181,306,-45.449,0.521,964,52.26,f756b2a7810afd7984ce,0.87,2026-09-11T02:26:00
riscv32i,cts,4_1_cts,nounbuf-prof,3,setup_hold,39.73,0.03,1181,306,-45.449,0.521,964,52.51,f756b2a7810afd7984ce,0.80,2026-09-11T02:28:23
riscv32i,cts,4_1_cts,tns20-prof,1,setup_hold,31.39,0.03,409,306,-45.449,0.521,964,44.21,f756b2a7810afd7984ce,0.91,2026-09-11T02:01:12
riscv32i,cts,4_1_cts,tns20-prof,2,setup_hold,31.67,0.03,409,306,-45.449,0.521,964,44.55,f756b2a7810afd7984ce,0.93,2026-09-11T02:03:27
riscv32i,cts,4_1_cts,tns20-prof,3,setup_hold,31.38,0.03,409,306,-45.449,0.521,964,44.2,f756b2a7810afd7984ce,0.95,2026-09-11T02:05:42
riscv32i,cts,4_1_cts,tns5-prof,1,setup_hold,29.95,0.03,266,205,-45.449,-0.002,964,42.83,e98e68cdbc45fc490d00,0.99,2026-09-11T02:07:55
riscv32i,cts,4_1_cts,tns5-prof,2,setup_hold,29.9,0.03,266,205,-45.449,-0.002,964,42.61,e98e68cdbc45fc490d00,0.86,2026-09-11T02:09:23
riscv32i,cts,4_1_cts,tns5-prof,3,setup_hold,29.83,0.03,266,205,-45.449,-0.002,964,42.7,e98e68cdbc45fc490d00,0.88,2026-09-11T02:11:21
riscv32i,floorplan,2_1_floorplan,base,1,floorplan_setup,33.27,,1200,1130,-3164.058,-955.716,1259,37.97,eab38dca4c0d6a6d36df,0.97,2026-09-10T22:30:13
riscv32i,floorplan,2_1_floorplan,base-p0067,1,floorplan_setup,25.75,,1200,1130,-3164.058,-955.716,1259,30.51,eab38dca4c0d6a6d36df,0.93,2026-09-11T16:18:35
riscv32i,floorplan,2_1_floorplan,base-p0067,2,floorplan_setup,26.11,,1200,1130,-3164.058,-955.716,1259,30.87,eab38dca4c0d6a6d36df,0.89,2026-09-11T16:20:04
riscv32i,floorplan,2_1_floorplan,base-p0067,3,floorplan_setup,25.39,,1200,1130,-3164.058,-955.716,1259,30.07,eab38dca4c0d6a6d36df,0.87,2026-09-11T16:22:03
riscv32i,floorplan,2_1_floorplan,base-p00670068,1,floorplan_setup,25.36,,1200,1130,-3164.058,-955.716,1259,30.14,eab38dca4c0d6a6d36df,0.81,2026-09-14T03:30:17
riscv32i,floorplan,2_1_floorplan,base-p00670068,2,floorplan_setup,25.47,,1200,1130,-3164.058,-955.716,1259,30.26,eab38dca4c0d6a6d36df,1.00,2026-09-14T03:31:01
riscv32i,floorplan,2_1_floorplan,base-p00670068,3,floorplan_setup,24.96,,1200,1130,-3164.058,-955.716,1259,29.7,eab38dca4c0d6a6d36df,0.86,2026-09-14T03:33:00
riscv32i,floorplan,2_1_floorplan,base-p006700680069,1,floorplan_setup,24.01,,1100,162,-3164.058,-956.274,1259,28.84,c348947fac611fb477b5,0.80,2026-09-12T00:03:08
riscv32i,floorplan,2_1_floorplan,base-p006700680069,2,floorplan_setup,24.18,,1100,162,-3164.058,-956.274,1259,28.88,c348947fac611fb477b5,0.83,2026-09-12T00:05:20
riscv32i,floorplan,2_1_floorplan,base-p006700680069,3,floorplan_setup,23.92,,1100,162,-3164.058,-956.274,1259,28.72,c348947fac611fb477b5,0.95,2026-09-12T00:07:18
riscv32i,floorplan,2_1_floorplan,base-p0068,1,floorplan_setup,33.62,,1200,1130,-3164.058,-955.716,1259,38.41,eab38dca4c0d6a6d36df,0.90,2026-09-11T18:54:58
riscv32i,floorplan,2_1_floorplan,base-p0068,2,floorplan_setup,33.11,,1200,1130,-3164.058,-955.716,1259,37.87,eab38dca4c0d6a6d36df,0.88,2026-09-11T18:56:50
riscv32i,floorplan,2_1_floorplan,base-p0068,3,floorplan_setup,33.16,,1200,1130,-3164.058,-955.716,1259,37.9,eab38dca4c0d6a6d36df,0.90,2026-09-11T18:59:11
riscv32i,floorplan,2_1_floorplan,base-p0069,1,floorplan_setup,30.18,,1100,162,-3164.058,-956.274,1259,34.88,c348947fac611fb477b5,0.89,2026-09-11T21:41:08
riscv32i,floorplan,2_1_floorplan,base-p0069,2,floorplan_setup,30.78,,1100,162,-3164.058,-956.274,1259,35.52,c348947fac611fb477b5,0.90,2026-09-11T21:42:42
riscv32i,floorplan,2_1_floorplan,base-p0069,3,floorplan_setup,30.38,,1100,162,-3164.058,-956.274,1259,35.08,c348947fac611fb477b5,0.99,2026-09-11T21:45:01
riscv32i,floorplan,2_1_floorplan,base-p0070,1,floorplan_setup,12.52,,92,72,-3164.058,-958.004,1259,17.25,b63d65378bf36f33acf7,0.87,2026-09-12T04:42:50
riscv32i,floorplan,2_1_floorplan,base-p0070,2,floorplan_setup,12.63,,92,72,-3164.058,-958.004,1259,17.35,b63d65378bf36f33acf7,0.88,2026-09-12T04:45:06
riscv32i,floorplan,2_1_floorplan,base-p0070,3,floorplan_setup,12.63,,92,72,-3164.058,-958.004,1259,17.37,b63d65378bf36f33acf7,0.96,2026-09-12T04:46:52
riscv32i,floorplan,2_1_floorplan,base-p0071,1,floorplan_setup,25.65,,1200,1130,-3164.058,-955.716,1259,30.41,eab38dca4c0d6a6d36df,0.97,2026-09-12T06:52:33
riscv32i,floorplan,2_1_floorplan,base-p0071,2,floorplan_setup,25.7,,1200,1130,-3164.058,-955.716,1259,30.46,eab38dca4c0d6a6d36df,0.90,2026-09-12T06:54:02
riscv32i,floorplan,2_1_floorplan,base-p0071,3,floorplan_setup,25.38,,1200,1130,-3164.058,-955.716,1259,30.03,eab38dca4c0d6a6d36df,0.94,2026-09-12T06:56:31
riscv32i,floorplan,2_1_floorplan,base-p0072,1,floorplan_setup,25.45,,1200,1130,-3164.058,-955.716,1259,30.16,eab38dca4c0d6a6d36df,0.88,2026-09-12T09:11:57
riscv32i,floorplan,2_1_floorplan,base-p0072,2,floorplan_setup,25.83,,1200,1130,-3164.058,-955.716,1259,30.6,eab38dca4c0d6a6d36df,0.99,2026-09-12T09:13:11
riscv32i,floorplan,2_1_floorplan,base-p0072,3,floorplan_setup,24.95,,1200,1130,-3164.058,-955.716,1259,29.66,eab38dca4c0d6a6d36df,0.85,2026-09-12T09:14:54
riscv32i,floorplan,2_1_floorplan,base-p0073,1,floorplan_setup,12.64,,92,72,-3164.058,-958.004,1259,17.42,b63d65378bf36f33acf7,0.88,2026-09-12T11:45:18
riscv32i,floorplan,2_1_floorplan,base-p0073,2,floorplan_setup,12.5,,92,72,-3164.058,-958.004,1259,17.18,b63d65378bf36f33acf7,0.94,2026-09-12T11:47:18
riscv32i,floorplan,2_1_floorplan,base-p0073,3,floorplan_setup,12.47,,92,72,-3164.058,-958.004,1259,17.18,b63d65378bf36f33acf7,0.89,2026-09-12T11:49:34
riscv32i,floorplan,2_1_floorplan,base-p0074,1,floorplan_setup,24.35,,1100,162,-3164.058,-956.274,1259,29.13,c348947fac611fb477b5,0.99,2026-09-12T14:24:01
riscv32i,floorplan,2_1_floorplan,base-p0074,2,floorplan_setup,24.34,,1100,162,-3164.058,-956.274,1259,29.13,c348947fac611fb477b5,0.91,2026-09-12T14:25:29
riscv32i,floorplan,2_1_floorplan,base-p0074,3,floorplan_setup,24.43,,1100,162,-3164.058,-956.274,1259,29.23,c348947fac611fb477b5,0.79,2026-09-12T14:26:42
riscv32i,floorplan,2_1_floorplan,base-prof,1,floorplan_setup,32.75,,1200,1130,-3164.058,-955.716,1259,37.41,eab38dca4c0d6a6d36df,0.81,2026-09-10T23:38:27
riscv32i,floorplan,2_1_floorplan,base-prof,2,floorplan_setup,33.51,,1200,1130,-3164.058,-955.716,1259,38.24,eab38dca4c0d6a6d36df,0.93,2026-09-11T16:00:19
riscv32i,floorplan,2_1_floorplan,base-prof,3,floorplan_setup,33.55,,1200,1130,-3164.058,-955.716,1259,38.32,eab38dca4c0d6a6d36df,0.90,2026-09-11T16:01:41
riscv32i,full,2_1_floorplan,base-p00670068,1,floorplan_setup,25.5,,1200,1130,-3164.058,-955.716,1259,30.24,eab38dca4c0d6a6d36df,0.95,2026-09-12T21:15:45
riscv32i,full,4_1_cts,base-p00670068,1,setup_hold,51.23,0.03,1226,320,-54.055,-4.499,992,64.02,cb1730e72ec80681ddb5,0.95,2026-09-12T21:15:45
riscv32i,full,5_1_grt,base-p00670068,1,setup_hold,83.59,0.06,1500,640,-27.207,-15.885,858,112.18,1c5d6e21c3c383f54542,0.95,2026-09-12T21:15:45
riscv32i,full,5_1_grt,base-p00670068,1,post_grt_wns,0.66,,1,0,-18.919,-18.919,476,112.18,1c5d6e21c3c383f54542,0.95,2026-09-12T21:15:45
riscv32i,full,2_1_floorplan,base-p00670068,2,floorplan_setup,25.03,,1200,1130,-3164.058,-955.716,1259,29.73,eab38dca4c0d6a6d36df,0.79,2026-09-14T02:40:46
riscv32i,full,4_1_cts,base-p00670068,2,setup_hold,50.84,0.03,1226,320,-54.055,-4.499,992,63.58,cb1730e72ec80681ddb5,0.79,2026-09-14T02:40:46
riscv32i,full,5_1_grt,base-p00670068,2,setup_hold,83.17,0.06,1500,640,-27.207,-15.885,858,111.6,1c5d6e21c3c383f54542,0.79,2026-09-14T02:40:46
riscv32i,full,5_1_grt,base-p00670068,2,post_grt_wns,0.63,,1,0,-18.919,-18.919,476,111.6,1c5d6e21c3c383f54542,0.79,2026-09-14T02:40:46
riscv32i,full,2_1_floorplan,base-p00670068,3,floorplan_setup,25.34,,1200,1130,-3164.058,-955.716,1259,30.03,eab38dca4c0d6a6d36df,0.80,2026-09-14T02:49:49
riscv32i,full,4_1_cts,base-p00670068,3,setup_hold,51.18,0.03,1226,320,-54.055,-4.499,992,63.89,cb1730e72ec80681ddb5,0.80,2026-09-14T02:49:49
riscv32i,full,5_1_grt,base-p00670068,3,setup_hold,83.13,0.06,1500,640,-27.207,-15.885,858,111.69,1c5d6e21c3c383f54542,0.80,2026-09-14T02:49:49
riscv32i,full,5_1_grt,base-p00670068,3,post_grt_wns,0.66,,1,0,-18.919,-18.919,476,111.69,1c5d6e21c3c383f54542,0.80,2026-09-14T02:49:49
riscv32i,full,2_1_floorplan,base-p0069,1,floorplan_setup,24.2,,1100,162,-3164.058,-956.274,1259,29.0,c348947fac611fb477b5,0.84,2026-09-13T03:56:22
riscv32i,full,4_1_cts,base-p0069,1,setup_hold,31.38,0.03,620,244,-56.152,-3.023,991,44.01,23171b662997c3793a2e,0.84,2026-09-13T03:56:22
riscv32i,full,5_1_grt,base-p0069,1,setup_hold,101.34,0.06,1266,310,-32.161,-9.907,861,128.61,8f4ab50a239c71245254,0.84,2026-09-13T03:56:22
riscv32i,full,5_1_grt,base-p0069,1,post_grt_wns,0.62,,1,0,-14.418,-14.418,448,128.61,8f4ab50a239c71245254,0.84,2026-09-13T03:56:22
riscv32i,full,2_1_floorplan,base-p0074,1,floorplan_setup,16.89,,400,162,-3164.058,-956.354,1259,21.52,d5fe970a8897bd5cfdb5,0.96,2026-09-13T00:35:44
riscv32i,full,4_1_cts,base-p0074,1,setup_hold,39.39,0.03,636,263,-77.16,-6.791,992,52.06,469b20feb481f7f78ea4,0.96,2026-09-13T00:35:44
riscv32i,full,5_1_grt,base-p0074,1,setup_hold,74.33,0.06,856,290,-28.446,-9.633,777,102.35,456bec72b22639e24fe7,0.96,2026-09-13T00:35:44
riscv32i,full,5_1_grt,base-p0074,1,post_grt_wns,0.67,,1,0,-10.155,-10.155,143,102.35,456bec72b22639e24fe7,0.96,2026-09-13T00:35:44
riscv32i,full,2_1_floorplan,base-p0074,2,floorplan_setup,17.32,,400,162,-3164.058,-956.354,1259,22.08,d5fe970a8897bd5cfdb5,0.99,2026-09-14T00:48:01
riscv32i,full,4_1_cts,base-p0074,2,setup_hold,39.91,0.03,636,263,-77.16,-6.791,992,52.79,469b20feb481f7f78ea4,0.99,2026-09-14T00:48:01
riscv32i,full,5_1_grt,base-p0074,2,setup_hold,74.49,0.06,856,290,-28.446,-9.633,777,102.67,456bec72b22639e24fe7,0.99,2026-09-14T00:48:01
riscv32i,full,5_1_grt,base-p0074,2,post_grt_wns,0.7,,1,0,-10.155,-10.155,143,102.67,456bec72b22639e24fe7,0.99,2026-09-14T00:48:01
riscv32i,full,2_1_floorplan,base-p0074,3,floorplan_setup,17.28,,400,162,-3164.058,-956.354,1259,22.02,d5fe970a8897bd5cfdb5,0.90,2026-09-14T00:56:34
riscv32i,full,4_1_cts,base-p0074,3,setup_hold,38.44,0.03,636,263,-77.16,-6.791,992,51.13,469b20feb481f7f78ea4,0.90,2026-09-14T00:56:34
riscv32i,full,5_1_grt,base-p0074,3,setup_hold,75.07,0.06,856,290,-28.446,-9.633,777,103.28,456bec72b22639e24fe7,0.90,2026-09-14T00:56:34
riscv32i,full,5_1_grt,base-p0074,3,post_grt_wns,0.72,,1,0,-10.155,-10.155,143,103.28,456bec72b22639e24fe7,0.90,2026-09-14T00:56:34
riscv32i,full,2_1_floorplan,base-p0077,1,floorplan_setup,25.87,,1200,1130,-3164.058,-955.716,1259,30.58,eab38dca4c0d6a6d36df,0.87,2026-09-13T20:10:45
riscv32i,full,4_1_cts,base-p0077,1,setup_hold,49.67,0.03,1226,320,-54.055,-4.499,992,62.26,cb1730e72ec80681ddb5,0.87,2026-09-13T20:10:45
riscv32i,full,5_1_grt,base-p0077,1,setup_hold,80.47,0.06,1400,642,-27.207,-15.885,858,109.28999999999999,080589e1b1e9d5df373a,0.87,2026-09-13T20:10:45
riscv32i,full,5_1_grt,base-p0077,1,post_grt_wns,0.71,,1,0,-19.068,-19.068,487,109.28999999999999,080589e1b1e9d5df373a,0.87,2026-09-13T20:10:45
riscv32i,full,2_1_floorplan,base-p0077,2,floorplan_setup,25.83,,1200,1130,-3164.058,-955.716,1259,30.61,eab38dca4c0d6a6d36df,0.90,2026-09-13T22:59:24
riscv32i,full,4_1_cts,base-p0077,2,setup_hold,50.33,0.03,1226,320,-54.055,-4.499,992,63.32,cb1730e72ec80681ddb5,0.90,2026-09-13T22:59:24
riscv32i,full,5_1_grt,base-p0077,2,setup_hold,81.01,0.06,1400,642,-27.207,-15.885,858,109.43,080589e1b1e9d5df373a,0.90,2026-09-13T22:59:24
riscv32i,full,5_1_grt,base-p0077,2,post_grt_wns,0.63,,1,0,-19.068,-19.068,487,109.43,080589e1b1e9d5df373a,0.90,2026-09-13T22:59:24
riscv32i,full,2_1_floorplan,base-p0077,3,floorplan_setup,25.71,,1200,1130,-3164.058,-955.716,1259,30.45,eab38dca4c0d6a6d36df,0.80,2026-09-13T23:08:38
riscv32i,full,4_1_cts,base-p0077,3,setup_hold,50.02,0.03,1226,320,-54.055,-4.499,992,62.91,cb1730e72ec80681ddb5,0.80,2026-09-13T23:08:38
riscv32i,full,5_1_grt,base-p0077,3,setup_hold,80.22,0.06,1400,642,-27.207,-15.885,858,108.93,080589e1b1e9d5df373a,0.80,2026-09-13T23:08:38
riscv32i,full,5_1_grt,base-p0077,3,post_grt_wns,0.68,,1,0,-19.068,-19.068,487,108.93,080589e1b1e9d5df373a,0.80,2026-09-13T23:08:38
riscv32i,grt,5_1_grt,base,1,setup_hold,323.26,0.06,1500,231,-24.058,-15.823,860,351.21,bb03ff2d840ce28fc387,0.94,2026-09-10T22:39:00
riscv32i,grt,5_1_grt,base,1,post_grt_wns,0.72,,1,0,-16.219,-16.219,344,351.21,bb03ff2d840ce28fc387,0.94,2026-09-10T22:39:00
riscv32i,grt,5_1_grt,base-p0067,1,setup_hold,314.5,0.06,1500,231,-24.058,-15.823,860,342.43,bb03ff2d840ce28fc387,0.81,2026-09-11T16:38:47
riscv32i,grt,5_1_grt,base-p0067,1,post_grt_wns,0.71,,1,0,-16.219,-16.219,344,342.43,bb03ff2d840ce28fc387,0.81,2026-09-11T16:38:47
riscv32i,grt,5_1_grt,base-p0067,2,setup_hold,315.45,0.06,1500,231,-24.058,-15.823,860,343.24,bb03ff2d840ce28fc387,0.89,2026-09-11T16:48:00
riscv32i,grt,5_1_grt,base-p0067,2,post_grt_wns,0.68,,1,0,-16.219,-16.219,344,343.24,bb03ff2d840ce28fc387,0.89,2026-09-11T16:48:00
riscv32i,grt,5_1_grt,base-p0067,3,setup_hold,314.8,0.06,1500,231,-24.058,-15.823,860,342.64,bb03ff2d840ce28fc387,0.85,2026-09-11T16:56:59
riscv32i,grt,5_1_grt,base-p0067,3,post_grt_wns,0.7,,1,0,-16.219,-16.219,344,342.64,bb03ff2d840ce28fc387,0.85,2026-09-11T16:56:59
riscv32i,grt,5_1_grt,base-p00670068,1,setup_hold,310.1,0.06,1500,231,-24.058,-15.823,860,337.65999999999997,bb03ff2d840ce28fc387,0.78,2026-09-14T03:48:53
riscv32i,grt,5_1_grt,base-p00670068,1,post_grt_wns,0.69,,1,0,-16.219,-16.219,344,337.65999999999997,bb03ff2d840ce28fc387,0.78,2026-09-14T03:48:53
riscv32i,grt,5_1_grt,base-p00670068,2,setup_hold,313.98,0.06,1500,231,-24.058,-15.823,860,341.73,bb03ff2d840ce28fc387,0.81,2026-09-14T03:58:05
riscv32i,grt,5_1_grt,base-p00670068,2,post_grt_wns,0.69,,1,0,-16.219,-16.219,344,341.73,bb03ff2d840ce28fc387,0.81,2026-09-14T03:58:05
riscv32i,grt,5_1_grt,base-p00670068,3,setup_hold,311.43,0.06,1500,231,-24.058,-15.823,860,339.28,bb03ff2d840ce28fc387,0.85,2026-09-14T04:06:45
riscv32i,grt,5_1_grt,base-p00670068,3,post_grt_wns,0.69,,1,0,-16.219,-16.219,344,339.28,bb03ff2d840ce28fc387,0.85,2026-09-14T04:06:45
riscv32i,grt,5_1_grt,base-p006700680069,1,setup_hold,24.56,0.06,500,180,-24.764,0.231,767,51.99,d63ae26bc13dd7995364,0.85,2026-09-12T00:16:27
riscv32i,grt,5_1_grt,base-p006700680069,1,post_grt_wns,0.62,,1,0,-3.84,-3.84,91,51.99,d63ae26bc13dd7995364,0.85,2026-09-12T00:16:27
riscv32i,grt,5_1_grt,base-p006700680069,2,setup_hold,24.35,0.06,500,180,-24.764,0.231,767,51.51,d63ae26bc13dd7995364,0.89,2026-09-12T00:19:49
riscv32i,grt,5_1_grt,base-p006700680069,2,post_grt_wns,0.7,,1,0,-3.84,-3.84,91,51.51,d63ae26bc13dd7995364,0.89,2026-09-12T00:19:49
riscv32i,grt,5_1_grt,base-p006700680069,3,setup_hold,24.79,0.06,500,180,-24.764,0.231,767,52.26,d63ae26bc13dd7995364,0.86,2026-09-12T00:23:11
riscv32i,grt,5_1_grt,base-p006700680069,3,post_grt_wns,0.63,,1,0,-3.84,-3.84,91,52.26,d63ae26bc13dd7995364,0.86,2026-09-12T00:23:11
riscv32i,grt,5_1_grt,base-p0068,1,setup_hold,324.56,0.06,1500,231,-24.058,-15.823,860,352.40999999999997,bb03ff2d840ce28fc387,0.92,2026-09-11T19:16:02
riscv32i,grt,5_1_grt,base-p0068,1,post_grt_wns,0.7,,1,0,-16.219,-16.219,344,352.40999999999997,bb03ff2d840ce28fc387,0.92,2026-09-11T19:16:02
riscv32i,grt,5_1_grt,base-p0068,2,setup_hold,325.71,0.06,1500,231,-24.058,-15.823,860,354.0,bb03ff2d840ce28fc387,0.88,2026-09-11T19:24:57
riscv32i,grt,5_1_grt,base-p0068,2,post_grt_wns,0.73,,1,0,-16.219,-16.219,344,354.0,bb03ff2d840ce28fc387,0.88,2026-09-11T19:24:57
riscv32i,grt,5_1_grt,base-p0068,3,setup_hold,326.0,0.06,1500,231,-24.058,-15.823,860,354.0,bb03ff2d840ce28fc387,0.85,2026-09-11T19:34:06
riscv32i,grt,5_1_grt,base-p0068,3,post_grt_wns,0.69,,1,0,-16.219,-16.219,344,354.0,bb03ff2d840ce28fc387,0.85,2026-09-11T19:34:06
riscv32i,grt,5_1_grt,base-p0069,1,setup_hold,27.48,0.06,500,180,-24.764,0.231,767,54.94,d63ae26bc13dd7995364,0.90,2026-09-11T21:54:47
riscv32i,grt,5_1_grt,base-p0069,1,post_grt_wns,0.67,,1,0,-3.84,-3.84,91,54.94,d63ae26bc13dd7995364,0.90,2026-09-11T21:54:47
riscv32i,grt,5_1_grt,base-p0069,2,setup_hold,27.19,0.06,500,180,-24.764,0.231,767,54.63,d63ae26bc13dd7995364,1.00,2026-09-11T21:57:57
riscv32i,grt,5_1_grt,base-p0069,2,post_grt_wns,0.69,,1,0,-3.84,-3.84,91,54.63,d63ae26bc13dd7995364,1.00,2026-09-11T21:57:57
riscv32i,grt,5_1_grt,base-p0069,3,setup_hold,27.07,0.06,500,180,-24.764,0.231,767,54.49,d63ae26bc13dd7995364,0.94,2026-09-11T22:01:07
riscv32i,grt,5_1_grt,base-p0069,3,post_grt_wns,0.63,,1,0,-3.84,-3.84,91,54.49,d63ae26bc13dd7995364,0.94,2026-09-11T22:01:07
riscv32i,grt,5_1_grt,base-p0070,1,setup_hold,60.47,0.06,358,107,-20.707,-10.248,519,87.6,5a484d6c9579c49950da,0.90,2026-09-12T04:56:38
riscv32i,grt,5_1_grt,base-p0070,1,post_grt_wns,0.72,,1,0,-11.046,-11.046,156,87.6,5a484d6c9579c49950da,0.90,2026-09-12T04:56:38
riscv32i,grt,5_1_grt,base-p0070,2,setup_hold,60.58,0.06,358,107,-20.707,-10.248,519,87.6,5a484d6c9579c49950da,0.88,2026-09-12T05:01:21
riscv32i,grt,5_1_grt,base-p0070,2,post_grt_wns,0.7,,1,0,-11.046,-11.046,156,87.6,5a484d6c9579c49950da,0.88,2026-09-12T05:01:21
riscv32i,grt,5_1_grt,base-p0070,3,setup_hold,60.23,0.06,358,107,-20.707,-10.248,519,87.34,5a484d6c9579c49950da,0.79,2026-09-12T05:06:04
riscv32i,grt,5_1_grt,base-p0070,3,post_grt_wns,0.73,,1,0,-11.046,-11.046,156,87.34,5a484d6c9579c49950da,0.79,2026-09-12T05:06:04
riscv32i,grt,5_1_grt,base-p0071,1,setup_hold,231.06,0.06,1300,231,-24.058,-15.823,860,259.19,6ded03cec5b964462ffb,0.95,2026-09-12T07:10:52
riscv32i,grt,5_1_grt,base-p0071,1,post_grt_wns,0.69,,1,0,-16.219,-16.219,350,259.19,6ded03cec5b964462ffb,0.95,2026-09-12T07:10:52
riscv32i,grt,5_1_grt,base-p0071,2,setup_hold,231.8,0.06,1300,231,-24.058,-15.823,860,259.71,6ded03cec5b964462ffb,0.90,2026-09-12T07:18:27
riscv32i,grt,5_1_grt,base-p0071,2,post_grt_wns,0.71,,1,0,-16.219,-16.219,350,259.71,6ded03cec5b964462ffb,0.90,2026-09-12T07:18:27
riscv32i,grt,5_1_grt,base-p0071,3,setup_hold,232.05,0.06,1300,231,-24.058,-15.823,860,259.97,6ded03cec5b964462ffb,0.92,2026-09-12T07:26:02
riscv32i,grt,5_1_grt,base-p0071,3,post_grt_wns,0.7,,1,0,-16.219,-16.219,350,259.97,6ded03cec5b964462ffb,0.92,2026-09-12T07:26:02
riscv32i,grt,5_1_grt,base-p0072,1,setup_hold,318.71,0.06,1500,231,-24.058,-15.823,860,347.05,bb03ff2d840ce28fc387,0.96,2026-09-12T09:32:13
riscv32i,grt,5_1_grt,base-p0072,1,post_grt_wns,0.72,,1,0,-16.219,-16.219,344,347.05,bb03ff2d840ce28fc387,0.96,2026-09-12T09:32:13
riscv32i,grt,5_1_grt,base-p0072,2,setup_hold,318.11,0.06,1500,231,-24.058,-15.823,860,346.1,bb03ff2d840ce28fc387,0.98,2026-09-12T09:41:00
riscv32i,grt,5_1_grt,base-p0072,2,post_grt_wns,0.66,,1,0,-16.219,-16.219,344,346.1,bb03ff2d840ce28fc387,0.98,2026-09-12T09:41:00
riscv32i,grt,5_1_grt,base-p0072,3,setup_hold,315.49,0.06,1500,231,-24.058,-15.823,860,343.51,bb03ff2d840ce28fc387,0.87,2026-09-12T09:49:44
riscv32i,grt,5_1_grt,base-p0072,3,post_grt_wns,0.69,,1,0,-16.219,-16.219,344,343.51,bb03ff2d840ce28fc387,0.87,2026-09-12T09:49:44
riscv32i,grt,5_1_grt,base-p0073,1,setup_hold,21.87,0.06,150,107,-20.707,-10.248,519,49.03,1531c34c7c965dfbeb3b,1.00,2026-09-12T11:55:54
riscv32i,grt,5_1_grt,base-p0073,1,post_grt_wns,0.72,,1,0,-11.046,-11.046,231,49.03,1531c34c7c965dfbeb3b,1.00,2026-09-12T11:55:54
riscv32i,grt,5_1_grt,base-p0073,2,setup_hold,21.93,0.06,150,107,-20.707,-10.248,519,49.02,1531c34c7c965dfbeb3b,0.80,2026-09-12T11:59:43
riscv32i,grt,5_1_grt,base-p0073,2,post_grt_wns,0.68,,1,0,-11.046,-11.046,231,49.02,1531c34c7c965dfbeb3b,0.80,2026-09-12T11:59:43
riscv32i,grt,5_1_grt,base-p0073,3,setup_hold,21.72,0.06,150,107,-20.707,-10.248,519,48.85,1531c34c7c965dfbeb3b,0.80,2026-09-12T12:03:18
riscv32i,grt,5_1_grt,base-p0073,3,post_grt_wns,0.73,,1,0,-11.046,-11.046,231,48.85,1531c34c7c965dfbeb3b,0.80,2026-09-12T12:03:18
riscv32i,grt,5_1_grt,base-p0073-K10,1,setup_hold,17.65,0.06,128,107,-20.707,-10.248,519,45.09,1531c34c7c965dfbeb3b,0.94,2026-09-12T03:23:21
riscv32i,grt,5_1_grt,base-p0073-K10,1,post_grt_wns,0.73,,1,0,-11.046,-11.046,231,45.09,1531c34c7c965dfbeb3b,0.94,2026-09-12T03:23:21
riscv32i,grt,5_1_grt,base-p0073-K20,1,setup_hold,22.02,0.06,150,107,-20.707,-10.248,519,49.4,1531c34c7c965dfbeb3b,0.94,2026-09-12T03:44:30
riscv32i,grt,5_1_grt,base-p0073-K20,1,post_grt_wns,0.72,,1,0,-11.046,-11.046,231,49.4,1531c34c7c965dfbeb3b,0.94,2026-09-12T03:44:30
riscv32i,grt,5_1_grt,base-p0073-K50,1,setup_hold,129.21,0.06,999,280,-20.707,-10.248,519,156.88,b5340f3fb3d6014c228d,0.95,2026-09-12T04:00:05
riscv32i,grt,5_1_grt,base-p0073-K50,1,post_grt_wns,0.71,,1,0,-11.046,-11.046,177,156.88,b5340f3fb3d6014c228d,0.95,2026-09-12T04:00:05
riscv32i,grt,5_1_grt,base-p0073-N100,1,setup_hold,21.72,0.06,150,107,-20.707,-10.248,519,48.77,1531c34c7c965dfbeb3b,0.79,2026-09-12T04:16:09
riscv32i,grt,5_1_grt,base-p0073-N100,1,post_grt_wns,0.68,,1,0,-11.046,-11.046,231,48.77,1531c34c7c965dfbeb3b,0.79,2026-09-12T04:16:09
riscv32i,grt,5_1_grt,base-p0073-N500,1,setup_hold,22.12,0.06,150,107,-20.707,-10.248,519,49.47,1531c34c7c965dfbeb3b,0.99,2026-09-12T04:29:57
riscv32i,grt,5_1_grt,base-p0073-N500,1,post_grt_wns,0.72,,1,0,-11.046,-11.046,231,49.47,1531c34c7c965dfbeb3b,0.99,2026-09-12T04:29:57
riscv32i,grt,5_1_grt,base-p0074,1,setup_hold,24.52,0.06,500,180,-24.764,0.231,767,51.96,d63ae26bc13dd7995364,0.80,2026-09-12T14:36:08
riscv32i,grt,5_1_grt,base-p0074,1,post_grt_wns,0.68,,1,0,-3.84,-3.84,91,51.96,d63ae26bc13dd7995364,0.80,2026-09-12T14:36:08
riscv32i,grt,5_1_grt,base-p0074,2,setup_hold,24.41,0.06,500,180,-24.764,0.231,767,52.06,d63ae26bc13dd7995364,0.92,2026-09-12T14:39:15
riscv32i,grt,5_1_grt,base-p0074,2,post_grt_wns,0.65,,1,0,-3.84,-3.84,91,52.06,d63ae26bc13dd7995364,0.92,2026-09-12T14:39:15
riscv32i,grt,5_1_grt,base-p0074,3,setup_hold,24.19,0.06,500,180,-24.764,0.231,767,51.69,d63ae26bc13dd7995364,0.86,2026-09-12T14:42:52
riscv32i,grt,5_1_grt,base-p0074,3,post_grt_wns,0.65,,1,0,-3.84,-3.84,91,51.69,d63ae26bc13dd7995364,0.86,2026-09-12T14:42:52
riscv32i,grt,5_1_grt,base-p0074v2,1,setup_hold,29.04,0.06,504,236,-26.641,-0.274,835,56.34,3752f290226a432fd18e,0.79,2026-09-12T18:35:43
riscv32i,grt,5_1_grt,base-p0074v2,1,post_grt_wns,0.7,,1,0,-0.795,-0.795,6,56.34,3752f290226a432fd18e,0.79,2026-09-12T18:35:43
riscv32i,grt,5_1_grt,base-p0075,1,setup_hold,317.89,0.06,1500,231,-24.058,-15.823,860,346.13,bb03ff2d840ce28fc387,0.96,2026-09-12T17:52:00
riscv32i,grt,5_1_grt,base-p0075,1,post_grt_wns,0.71,,1,0,-16.219,-16.219,344,346.13,bb03ff2d840ce28fc387,0.96,2026-09-12T17:52:00
riscv32i,grt,5_1_grt,base-p0076,1,setup_hold,24.12,0.06,500,180,-24.764,0.231,767,51.37,d63ae26bc13dd7995364,0.78,2026-09-12T18:12:34
riscv32i,grt,5_1_grt,base-p0076,1,post_grt_wns,0.65,,1,0,-3.84,-3.84,91,51.37,d63ae26bc13dd7995364,0.78,2026-09-12T18:12:34
riscv32i,grt,5_1_grt,base-p0077,1,setup_hold,342.68,0.06,1600,227,-24.058,-15.821,860,370.9,eb12b52081dfe60de36b,0.98,2026-09-13T18:10:08
riscv32i,grt,5_1_grt,base-p0077,1,post_grt_wns,0.71,,1,0,-15.787,-15.787,346,370.9,eb12b52081dfe60de36b,0.98,2026-09-13T18:10:08
riscv32i,grt,5_1_grt,base-prof,1,setup_hold,319.87,0.06,1500,231,-24.058,-15.823,860,347.90999999999997,bb03ff2d840ce28fc387,0.89,2026-09-10T23:51:41
riscv32i,grt,5_1_grt,base-prof,1,post_grt_wns,0.73,,1,0,-16.219,-16.219,344,347.90999999999997,bb03ff2d840ce28fc387,0.89,2026-09-10T23:51:41
riscv32i,grt,5_1_grt,base-prof,2,setup_hold,323.31,0.06,1500,231,-24.058,-15.823,860,351.24,bb03ff2d840ce28fc387,0.94,2026-09-11T02:40:41
riscv32i,grt,5_1_grt,base-prof,2,post_grt_wns,0.73,,1,0,-16.219,-16.219,344,351.24,bb03ff2d840ce28fc387,0.94,2026-09-11T02:40:41
riscv32i,grt,5_1_grt,base-prof,3,setup_hold,326.51,0.06,1500,231,-24.058,-15.823,860,354.37,bb03ff2d840ce28fc387,0.86,2026-09-11T02:49:51
riscv32i,grt,5_1_grt,base-prof,3,post_grt_wns,0.73,,1,0,-16.219,-16.219,344,354.37,bb03ff2d840ce28fc387,0.86,2026-09-11T02:49:51
riscv32i,grt,5_1_grt,noclone-prof,1,setup_hold,392.9,0.06,2200,1630,-24.058,-21.238,860,420.5,554bf2ba35a99c9e628b,0.82,2026-09-11T04:09:06
riscv32i,grt,5_1_grt,noclone-prof,1,post_grt_wns,0.69,,1,0,-22.899,-22.899,379,420.5,554bf2ba35a99c9e628b,0.82,2026-09-11T04:09:06
riscv32i,grt,5_1_grt,noclone-prof,2,setup_hold,394.22,0.06,2200,1630,-24.058,-21.238,860,422.16,554bf2ba35a99c9e628b,0.78,2026-09-11T04:19:23
riscv32i,grt,5_1_grt,noclone-prof,2,post_grt_wns,0.74,,1,0,-22.899,-22.899,379,422.16,554bf2ba35a99c9e628b,0.78,2026-09-11T04:19:23
riscv32i,grt,5_1_grt,noclone-prof,3,setup_hold,393.14,0.06,2200,1630,-24.058,-21.238,860,420.9,554bf2ba35a99c9e628b,0.84,2026-09-11T04:29:25
riscv32i,grt,5_1_grt,noclone-prof,3,post_grt_wns,0.73,,1,0,-22.899,-22.899,379,420.9,554bf2ba35a99c9e628b,0.84,2026-09-11T04:29:25
riscv32i,grt,5_1_grt,nogasp-prof,1,setup_hold,237.71,0.06,1300,231,-24.058,-15.823,860,265.7,6ded03cec5b964462ffb,0.87,2026-09-11T03:43:57
riscv32i,grt,5_1_grt,nogasp-prof,1,post_grt_wns,0.74,,1,0,-16.219,-16.219,350,265.7,6ded03cec5b964462ffb,0.87,2026-09-11T03:43:57
riscv32i,grt,5_1_grt,nogasp-prof,2,setup_hold,238.11,0.06,1300,231,-24.058,-15.823,860,266.11,6ded03cec5b964462ffb,0.83,2026-09-11T03:51:24
riscv32i,grt,5_1_grt,nogasp-prof,2,post_grt_wns,0.74,,1,0,-16.219,-16.219,350,266.11,6ded03cec5b964462ffb,0.83,2026-09-11T03:51:24
riscv32i,grt,5_1_grt,nogasp-prof,3,setup_hold,237.52,0.06,1300,231,-24.058,-15.823,860,265.59,6ded03cec5b964462ffb,0.94,2026-09-11T03:58:50
riscv32i,grt,5_1_grt,nogasp-prof,3,post_grt_wns,0.72,,1,0,-16.219,-16.219,350,265.59,6ded03cec5b964462ffb,0.94,2026-09-11T03:58:50
riscv32i,grt,5_1_grt,nopostwns-prof,1,setup_hold,326.0,0.06,1500,231,-24.058,-15.823,860,353.51,8e96a18f50375116e594,0.92,2026-09-11T14:42:46
riscv32i,grt,5_1_grt,nopostwns-prof,2,setup_hold,325.7,0.06,1500,231,-24.058,-15.823,860,353.11,8e96a18f50375116e594,0.89,2026-09-11T14:51:54
riscv32i,grt,5_1_grt,nopostwns-prof,3,setup_hold,326.33,0.06,1500,231,-24.058,-15.823,860,353.67,8e96a18f50375116e594,0.91,2026-09-11T15:00:48
riscv32i,grt,5_1_grt,nounbuf-prof,1,setup_hold,323.31,0.06,1500,231,-24.058,-15.823,860,350.99,bb03ff2d840ce28fc387,0.89,2026-09-11T04:38:16
riscv32i,grt,5_1_grt,nounbuf-prof,1,post_grt_wns,0.73,,1,0,-16.219,-16.219,344,350.99,bb03ff2d840ce28fc387,0.89,2026-09-11T04:38:16
riscv32i,grt,5_1_grt,nounbuf-prof,2,setup_hold,325.16,0.06,1500,231,-24.058,-15.823,860,353.01,bb03ff2d840ce28fc387,0.93,2026-09-11T04:47:10
riscv32i,grt,5_1_grt,nounbuf-prof,2,post_grt_wns,0.74,,1,0,-16.219,-16.219,344,353.01,bb03ff2d840ce28fc387,0.93,2026-09-11T04:47:10
riscv32i,grt,5_1_grt,nounbuf-prof,3,setup_hold,325.67,0.06,1500,231,-24.058,-15.823,860,353.82,bb03ff2d840ce28fc387,0.88,2026-09-11T04:56:04
riscv32i,grt,5_1_grt,nounbuf-prof,3,post_grt_wns,0.74,,1,0,-16.219,-16.219,344,353.82,bb03ff2d840ce28fc387,0.88,2026-09-11T04:56:04
riscv32i,grt,5_1_grt,tns20-prof,1,setup_hold,309.4,0.06,1200,231,-24.058,-15.823,860,337.21,aecf5fb5919e88907f6c,0.97,2026-09-11T02:58:28
riscv32i,grt,5_1_grt,tns20-prof,1,post_grt_wns,0.73,,1,0,-16.219,-16.219,373,337.21,aecf5fb5919e88907f6c,0.97,2026-09-11T02:58:28
riscv32i,grt,5_1_grt,tns20-prof,2,setup_hold,309.83,0.06,1200,231,-24.058,-15.823,860,337.83,aecf5fb5919e88907f6c,0.79,2026-09-11T03:07:22
riscv32i,grt,5_1_grt,tns20-prof,2,post_grt_wns,0.72,,1,0,-16.219,-16.219,373,337.83,aecf5fb5919e88907f6c,0.79,2026-09-11T03:07:22
riscv32i,grt,5_1_grt,tns20-prof,3,setup_hold,310.5,0.06,1200,231,-24.058,-15.823,860,338.37,aecf5fb5919e88907f6c,0.99,2026-09-11T03:16:00
riscv32i,grt,5_1_grt,tns20-prof,3,post_grt_wns,0.74,,1,0,-16.219,-16.219,373,338.37,aecf5fb5919e88907f6c,0.99,2026-09-11T03:16:00
riscv32i,grt,5_1_grt,tns5-prof,1,setup_hold,196.81,0.06,652,231,-24.058,-15.821,860,224.19,2f1bd3a56023da2e5c1e,0.79,2026-09-11T03:23:00
riscv32i,grt,5_1_grt,tns5-prof,1,post_grt_wns,0.66,,1,0,-16.217,-16.217,366,224.19,2f1bd3a56023da2e5c1e,0.79,2026-09-11T03:23:00
riscv32i,grt,5_1_grt,tns5-prof,2,setup_hold,197.95,0.06,652,231,-24.058,-15.821,860,225.45,2f1bd3a56023da2e5c1e,0.96,2026-09-11T03:29:46
riscv32i,grt,5_1_grt,tns5-prof,2,post_grt_wns,0.72,,1,0,-16.217,-16.217,366,225.45,2f1bd3a56023da2e5c1e,0.96,2026-09-11T03:29:46
riscv32i,grt,5_1_grt,tns5-prof,3,setup_hold,197.05,0.06,652,231,-24.058,-15.821,860,224.61,2f1bd3a56023da2e5c1e,0.98,2026-09-11T03:36:31
riscv32i,grt,5_1_grt,tns5-prof,3,post_grt_wns,0.73,,1,0,-16.217,-16.217,366,224.61,2f1bd3a56023da2e5c1e,0.98,2026-09-11T03:36:31
riscv32i-mock-sram,full,2_1_floorplan,base-p00670068,1,floorplan_setup,13.96,,1200,794,-3144.014,-2898.902,1258,18.84,072bbf72b9fe090c7d55,0.88,2026-09-13T05:48:41
riscv32i-mock-sram,full,4_1_cts,base-p00670068,1,setup_hold,11.23,0.03,1106,626,-95.815,0.217,996,23.95,7446b2ab7629c2e9cbb6,0.88,2026-09-13T05:48:41
riscv32i-mock-sram,full,5_1_grt,base-p00670068,1,setup_hold,34.02,0.06,1031,456,-23.878,-0.688,884,63.75,bfdcefb52a83ea1da640,0.88,2026-09-13T05:48:41
riscv32i-mock-sram,full,5_1_grt,base-p00670068,1,post_grt_wns,0.62,,1,0,-6.125,-6.125,150,63.75,bfdcefb52a83ea1da640,0.88,2026-09-13T05:48:41
sky130hd/aes,full,4_1_cts,base-p00670068,1,setup_hold,6.98,0.01,506,462,-1.321,-0.049,125,15.52,c6ddf6ebda3e16aa2fb3,0.81,2026-09-12T20:27:48
sky130hd/aes,full,5_1_grt,base-p00670068,1,setup_hold,76.29,0.06,1729,1618,-0.851,-0.246,153,109.59,4ad5465c0596db038977,0.81,2026-09-12T20:27:48
sky130hd/aes,full,4_1_cts,base-p0069,1,setup_hold,6.98,0.01,506,462,-1.321,-0.049,125,15.66,c6ddf6ebda3e16aa2fb3,0.83,2026-09-13T03:08:13
sky130hd/aes,full,5_1_grt,base-p0069,1,setup_hold,76.61,0.06,1729,1618,-0.851,-0.246,153,109.57,4ad5465c0596db038977,0.83,2026-09-13T03:08:13
sky130hd/aes,full,4_1_cts,base-p0074,1,setup_hold,7.0,0.01,506,462,-1.321,-0.049,125,15.69,c6ddf6ebda3e16aa2fb3,0.95,2026-09-12T23:49:38
sky130hd/aes,full,5_1_grt,base-p0074,1,setup_hold,76.75,0.06,1729,1618,-0.851,-0.246,153,109.46000000000001,4ad5465c0596db038977,0.95,2026-09-12T23:49:38
sky130hd/aes,full,4_1_cts,base-p0077,1,setup_hold,6.91,0.01,502,485,-1.321,-0.049,125,15.62,47a19d506ff63775c8c0,0.91,2026-09-13T19:23:30
sky130hd/aes,full,5_1_grt,base-p0077,1,setup_hold,65.66,0.06,1509,1438,-0.536,-0.12,153,99.67,5a18a7d5178b8ba74530,0.91,2026-09-13T19:23:30
sky130hd/gcd,full,2_1_floorplan,base-p00670068,1,floorplan_setup,0.79,,245,220,-2.094,-1.154,83,1.29,cf588582d3b4a35c10e7,0.83,2026-09-12T20:09:38
sky130hd/gcd,full,4_1_cts,base-p00670068,1,setup_hold,2.16,0.0,658,540,-1.574,-1.377,69,5.91,eafb824faffd9316d454,0.83,2026-09-12T20:09:38
sky130hd/gcd,full,5_1_grt,base-p00670068,1,setup_hold,10.69,0.0,422,305,-1.565,-1.468,67,16.38,1ae37a0d44d0e1654db4,0.83,2026-09-12T20:09:38
sky130hd/gcd,full,2_1_floorplan,base-p0069,1,floorplan_setup,0.81,,245,220,-2.094,-1.154,83,1.31,cf588582d3b4a35c10e7,0.85,2026-09-13T02:50:35
sky130hd/gcd,full,4_1_cts,base-p0069,1,setup_hold,2.17,0.0,658,540,-1.574,-1.377,69,5.96,eafb824faffd9316d454,0.85,2026-09-13T02:50:35
sky130hd/gcd,full,5_1_grt,base-p0069,1,setup_hold,10.64,0.0,422,305,-1.565,-1.468,67,16.32,1ae37a0d44d0e1654db4,0.85,2026-09-13T02:50:35
sky130hd/gcd,full,2_1_floorplan,base-p0074,1,floorplan_setup,0.79,,245,220,-2.094,-1.154,83,1.29,cf588582d3b4a35c10e7,0.97,2026-09-12T23:31:40
sky130hd/gcd,full,4_1_cts,base-p0074,1,setup_hold,2.13,0.0,658,540,-1.574,-1.377,69,5.79,eafb824faffd9316d454,0.97,2026-09-12T23:31:40
sky130hd/gcd,full,5_1_grt,base-p0074,1,setup_hold,10.74,0.0,422,305,-1.565,-1.468,67,16.52,1ae37a0d44d0e1654db4,0.97,2026-09-12T23:31:40
sky130hd/gcd,full,2_1_floorplan,base-p0077,1,floorplan_setup,0.91,,262,196,-2.094,-1.154,83,1.41,ca7f1efd655e697310ef,0.92,2026-09-13T19:03:36
sky130hd/gcd,full,4_1_cts,base-p0077,1,setup_hold,2.69,0.0,799,535,-1.546,-1.329,69,6.49,8891d99b01b094e3c77a,0.92,2026-09-13T19:03:36
sky130hd/gcd,full,5_1_grt,base-p0077,1,setup_hold,11.12,0.0,370,240,-1.518,-1.391,67,15.78,165e381b54c54544194d,0.92,2026-09-13T19:03:36
sky130hd/ibex,full,4_1_cts,base-p00670068,1,setup_hold,1.11,0.06,7,6,-0.105,0.029,4,15.24,0e8ee687ca1b19e00433,0.86,2026-09-12T22:23:08
sky130hd/ibex,full,5_1_grt,base-p00670068,1,setup_hold,13.12,0.11,920,416,-0.649,0.005,849,52.41,303896c85fa86a5ca157,0.86,2026-09-12T22:23:08
sky130hd/ibex,full,4_1_cts,base-p0069,1,setup_hold,1.18,0.06,7,6,-0.105,0.029,4,15.58,0e8ee687ca1b19e00433,0.98,2026-09-13T05:04:10
sky130hd/ibex,full,5_1_grt,base-p0069,1,setup_hold,12.81,0.12,800,416,-0.649,0.005,849,53.62,303896c85fa86a5ca157,0.98,2026-09-13T05:04:10
sky130hd/ibex,full,4_1_cts,base-p0074,1,setup_hold,1.18,0.06,7,6,-0.105,0.029,4,15.46,0e8ee687ca1b19e00433,0.94,2026-09-13T01:39:54
sky130hd/ibex,full,5_1_grt,base-p0074,1,setup_hold,11.41,0.12,425,265,-0.649,0.005,849,51.79,303896c85fa86a5ca157,0.94,2026-09-13T01:39:54
sky130hd/ibex,full,4_1_cts,base-p0077,1,setup_hold,1.17,0.06,7,6,-0.105,0.029,4,15.56,0e8ee687ca1b19e00433,0.82,2026-09-13T21:18:29
sky130hd/ibex,full,5_1_grt,base-p0077,1,setup_hold,13.39,0.12,920,416,-0.649,0.005,849,52.39,303896c85fa86a5ca157,0.82,2026-09-13T21:18:29
sky130hd/jpeg,full,4_1_cts,base-p00670068,1,setup_hold,104.05,0.08,6300,5930,-0.874,-0.538,410,122.83,7c493f3f24be2fd9a59a,0.99,2026-09-12T22:51:39
sky130hd/jpeg,full,5_1_grt,base-p00670068,1,setup_hold,71.4,0.22,2000,1670,-0.798,-0.712,457,143.05,90bb8daf065a2169ad87,0.99,2026-09-12T22:51:39
sky130hd/jpeg,full,4_1_cts,base-p0069,1,setup_hold,104.01,0.08,6300,5930,-0.874,-0.538,410,122.78,7c493f3f24be2fd9a59a,0.98,2026-09-13T05:34:34
sky130hd/jpeg,full,5_1_grt,base-p0069,1,setup_hold,73.91,0.22,2000,1670,-0.798,-0.712,457,146.4,90bb8daf065a2169ad87,0.98,2026-09-13T05:34:34
sky130hd/jpeg,full,4_1_cts,base-p0074,1,setup_hold,104.18,0.08,6300,5930,-0.874,-0.538,410,123.06,7c493f3f24be2fd9a59a,0.83,2026-09-13T02:07:59
sky130hd/jpeg,full,5_1_grt,base-p0074,1,setup_hold,71.64,0.22,2000,1670,-0.798,-0.712,457,143.89,90bb8daf065a2169ad87,0.83,2026-09-13T02:07:59
sky130hd/jpeg,full,4_1_cts,base-p0077,1,setup_hold,56.25,0.08,2900,2520,-0.874,-0.582,410,75.0,df000f758efb3d1327af,0.81,2026-09-13T21:49:16
sky130hd/jpeg,full,5_1_grt,base-p0077,1,setup_hold,103.17,0.22,2600,2200,-0.873,-0.759,468,171.99,2a5867fc7e5278072521,0.81,2026-09-13T21:49:16
sky130hd/riscv32i,full,4_1_cts,base-p00670068,1,setup_hold,35.62,0.02,1800,511,-1.998,-0.86,448,40.72,15c1e39adec9816af991,0.89,2026-09-12T22:34:16
sky130hd/riscv32i,full,5_1_grt,base-p00670068,1,setup_hold,117.15,0.04,2000,1610,-1.215,-0.969,532,138.56,29968c089822b115e0ac,0.89,2026-09-12T22:34:16
sky130hd/riscv32i,full,4_1_cts,base-p00670068,2,setup_hold,35.15,0.02,1800,511,-1.998,-0.86,448,40.26,15c1e39adec9816af991,0.87,2026-09-14T03:16:40
sky130hd/riscv32i,full,5_1_grt,base-p00670068,2,setup_hold,119.04,0.04,2000,1610,-1.215,-0.969,532,140.94,29968c089822b115e0ac,0.87,2026-09-14T03:16:40
sky130hd/riscv32i,full,4_1_cts,base-p00670068,3,setup_hold,35.18,0.02,1800,511,-1.998,-0.86,448,40.25,15c1e39adec9816af991,0.90,2026-09-14T03:27:17
sky130hd/riscv32i,full,5_1_grt,base-p00670068,3,setup_hold,117.61,0.04,2000,1610,-1.215,-0.969,532,139.09,29968c089822b115e0ac,0.90,2026-09-14T03:27:17
sky130hd/riscv32i,full,4_1_cts,base-p0069,1,setup_hold,21.68,0.02,1200,511,-1.998,-0.86,448,26.83,4e72251ff1159d76c568,0.86,2026-09-13T05:16:14
sky130hd/riscv32i,full,5_1_grt,base-p0069,1,setup_hold,140.44,0.04,2200,1639,-1.212,-0.979,534,162.86,3828e98e7774b1d3134d,0.86,2026-09-13T05:16:14
sky130hd/riscv32i,full,4_1_cts,base-p0074,1,setup_hold,19.94,0.02,1158,511,-1.998,-0.86,448,25.03,bdbbd1de7cc7a5537e93,0.88,2026-09-13T01:49:53
sky130hd/riscv32i,full,5_1_grt,base-p0074,1,setup_hold,76.08,0.04,1200,160,-1.214,-0.958,516,98.21000000000001,d1405e5999e5e73aab38,0.88,2026-09-13T01:49:53
sky130hd/riscv32i,full,4_1_cts,base-p0074,2,setup_hold,19.9,0.02,1158,511,-1.998,-0.86,448,24.95,bdbbd1de7cc7a5537e93,0.78,2026-09-14T01:24:13
sky130hd/riscv32i,full,5_1_grt,base-p0074,2,setup_hold,76.72,0.04,1200,160,-1.214,-0.958,516,98.2,d1405e5999e5e73aab38,0.78,2026-09-14T01:24:13
sky130hd/riscv32i,full,4_1_cts,base-p0074,3,setup_hold,20.08,0.02,1158,511,-1.998,-0.86,448,25.21,bdbbd1de7cc7a5537e93,0.81,2026-09-14T01:34:16
sky130hd/riscv32i,full,5_1_grt,base-p0074,3,setup_hold,76.97,0.04,1200,160,-1.214,-0.958,516,99.50999999999999,d1405e5999e5e73aab38,0.81,2026-09-14T01:34:16
sky130hd/riscv32i,full,4_1_cts,base-p0077,1,setup_hold,44.18,0.02,2100,1800,-1.998,-0.859,448,49.27,848925c93edbc21bc2af,0.94,2026-09-13T21:30:11
sky130hd/riscv32i,full,5_1_grt,base-p0077,1,setup_hold,156.79,0.04,2200,1760,-1.172,-0.956,549,179.94,5f07f82c7f150cd4041d,0.94,2026-09-13T21:30:11
sky130hd/riscv32i,full,4_1_cts,base-p0077,2,setup_hold,44.56,0.02,2100,1800,-1.998,-0.859,448,49.71,848925c93edbc21bc2af,0.93,2026-09-13T23:35:59
sky130hd/riscv32i,full,5_1_grt,base-p0077,2,setup_hold,158.94,0.04,2200,1760,-1.172,-0.956,549,181.56,5f07f82c7f150cd4041d,0.93,2026-09-13T23:35:59
sky130hd/riscv32i,full,4_1_cts,base-p0077,3,setup_hold,45.29,0.02,2100,1800,-1.998,-0.859,448,50.45,848925c93edbc21bc2af,0.87,2026-09-13T23:48:09
sky130hd/riscv32i,full,5_1_grt,base-p0077,3,setup_hold,152.78,0.04,2200,1760,-1.172,-0.956,549,175.31,5f07f82c7f150cd4041d,0.87,2026-09-13T23:48:09
tinyRocket,cts,4_1_cts,base,1,setup_hold,1.07,0.21,0,,,,,24.14,ef01797d52a6eccb5137,0.99,2026-09-10T22:47:17
tinyRocket,floorplan,2_1_floorplan,base,1,floorplan_setup,0.19,,0,,,,,11.49,90cd94701936a955350e,0.85,2026-09-10T22:42:49
tinyRocket,full,2_1_floorplan,base-p00670068,1,floorplan_setup,0.18,,0,,,,,11.23,90cd94701936a955350e,0.79,2026-09-12T22:06:26
tinyRocket,full,4_1_cts,base-p00670068,1,setup_hold,1.03,0.21,0,,,,,24.06,ef01797d52a6eccb5137,0.79,2026-09-12T22:06:26
tinyRocket,full,5_1_grt,base-p00670068,1,setup_hold,0.84,0.28,0,,,,,57.84,efcebf9b105d7d408d18,0.79,2026-09-12T22:06:26
tinyRocket,full,5_1_grt,base-p00670068,1,post_grt_wns,0.82,,0,,,,,57.84,efcebf9b105d7d408d18,0.79,2026-09-12T22:06:26
tinyRocket,full,2_1_floorplan,base-p0069,1,floorplan_setup,0.19,,0,,,,,11.74,90cd94701936a955350e,0.86,2026-09-13T04:47:29
tinyRocket,full,4_1_cts,base-p0069,1,setup_hold,1.04,0.21,0,,,,,24.13,ef01797d52a6eccb5137,0.86,2026-09-13T04:47:29
tinyRocket,full,5_1_grt,base-p0069,1,setup_hold,0.8,0.28,0,,,,,58.08,efcebf9b105d7d408d18,0.86,2026-09-13T04:47:29
tinyRocket,full,5_1_grt,base-p0069,1,post_grt_wns,0.81,,0,,,,,58.08,efcebf9b105d7d408d18,0.86,2026-09-13T04:47:29
tinyRocket,full,2_1_floorplan,base-p0074,1,floorplan_setup,0.19,,0,,,,,11.74,90cd94701936a955350e,0.92,2026-09-13T01:23:14
tinyRocket,full,4_1_cts,base-p0074,1,setup_hold,1.03,0.18,0,,,,,24.11,ef01797d52a6eccb5137,0.92,2026-09-13T01:23:14
tinyRocket,full,5_1_grt,base-p0074,1,setup_hold,0.74,0.3,0,,,,,57.57,efcebf9b105d7d408d18,0.92,2026-09-13T01:23:14
tinyRocket,full,5_1_grt,base-p0074,1,post_grt_wns,0.79,,0,,,,,57.57,efcebf9b105d7d408d18,0.92,2026-09-13T01:23:14
tinyRocket,full,2_1_floorplan,base-p0077,1,floorplan_setup,0.19,,0,,,,,11.32,90cd94701936a955350e,0.97,2026-09-13T21:01:43
tinyRocket,full,4_1_cts,base-p0077,1,setup_hold,1.02,0.19,0,,,,,24.0,ef01797d52a6eccb5137,0.97,2026-09-13T21:01:43
tinyRocket,full,5_1_grt,base-p0077,1,setup_hold,0.79,0.29,0,,,,,57.17,efcebf9b105d7d408d18,0.97,2026-09-13T21:01:43
tinyRocket,full,5_1_grt,base-p0077,1,post_grt_wns,0.81,,0,,,,,57.17,efcebf9b105d7d408d18,0.97,2026-09-13T21:01:43
tinyRocket,grt,5_1_grt,base,1,setup_hold,0.79,0.28,0,,,,,57.66,efcebf9b105d7d408d18,0.89,2026-09-10T22:49:26
tinyRocket,grt,5_1_grt,base,1,post_grt_wns,0.83,,0,,,,,57.66,efcebf9b105d7d408d18,0.89,2026-09-10T22:49:26
uart,cts,4_1_cts,base,1,setup_hold,2.45,0.0,415,356,-39.8,-22.797,64,7.39,6f53dd1ea897bd76ff80,0.90,2026-09-10T21:17:27
uart,floorplan,2_1_floorplan,base,1,floorplan_setup,0.88,,211,198,-42.905,-29.762,63,2.55,c72992a0e26fec19abb4,0.81,2026-09-10T21:17:03
uart,full,2_1_floorplan,base-p00670068,1,floorplan_setup,0.84,,211,198,-42.905,-29.762,63,2.56,c72992a0e26fec19abb4,0.79,2026-09-12T19:40:43
uart,full,4_1_cts,base-p00670068,1,setup_hold,2.4,0.0,415,356,-39.8,-22.797,64,7.43,6f53dd1ea897bd76ff80,0.79,2026-09-12T19:40:43
uart,full,5_1_grt,base-p00670068,1,setup_hold,4.61,0.0,374,58,-35.269,-31.011,68,8.53,1aa1b7fcfc33161deea1,0.79,2026-09-12T19:40:43
uart,full,5_1_grt,base-p00670068,1,post_grt_wns,0.07,,1,0,-32.967,-32.967,68,8.53,1aa1b7fcfc33161deea1,0.79,2026-09-12T19:40:43
uart,full,2_1_floorplan,base-p0069,1,floorplan_setup,0.83,,211,198,-42.905,-29.762,63,2.49,c72992a0e26fec19abb4,0.88,2026-09-13T02:20:49
uart,full,4_1_cts,base-p0069,1,setup_hold,2.4,0.0,415,356,-39.8,-22.797,64,7.36,6f53dd1ea897bd76ff80,0.88,2026-09-13T02:20:49
uart,full,5_1_grt,base-p0069,1,setup_hold,4.65,0.0,374,58,-35.269,-31.011,68,8.57,1aa1b7fcfc33161deea1,0.88,2026-09-13T02:20:49
uart,full,5_1_grt,base-p0069,1,post_grt_wns,0.07,,1,0,-32.967,-32.967,68,8.57,1aa1b7fcfc33161deea1,0.88,2026-09-13T02:20:49
uart,full,2_1_floorplan,base-p0074,1,floorplan_setup,0.83,,211,198,-42.905,-29.762,63,2.51,c72992a0e26fec19abb4,0.79,2026-09-12T23:00:36
uart,full,4_1_cts,base-p0074,1,setup_hold,2.4,0.0,415,356,-39.8,-22.797,64,7.39,6f53dd1ea897bd76ff80,0.79,2026-09-12T23:00:36
uart,full,5_1_grt,base-p0074,1,setup_hold,4.6,0.0,374,58,-35.269,-31.011,68,8.54,1aa1b7fcfc33161deea1,0.79,2026-09-12T23:00:36
uart,full,5_1_grt,base-p0074,1,post_grt_wns,0.07,,1,0,-32.967,-32.967,68,8.54,1aa1b7fcfc33161deea1,0.79,2026-09-12T23:00:36
uart,full,2_1_floorplan,base-p0077,1,floorplan_setup,0.88,,212,197,-42.905,-29.762,63,2.54,c72992a0e26fec19abb4,0.82,2026-09-13T18:35:03
uart,full,4_1_cts,base-p0077,1,setup_hold,2.77,0.0,458,350,-39.8,-22.797,64,7.74,3108249d14b7385502a2,0.82,2026-09-13T18:35:03
uart,full,5_1_grt,base-p0077,1,setup_hold,4.0,0.0,323,133,-35.269,-31.011,66,7.82,bd62853591006106a601,0.82,2026-09-13T18:35:03
uart,full,5_1_grt,base-p0077,1,post_grt_wns,0.07,,1,0,-32.967,-32.967,67,7.82,bd62853591006106a601,0.82,2026-09-13T18:35:03
uart,grt,5_1_grt,base,1,setup_hold,4.71,0.0,374,58,-35.269,-31.011,68,8.65,1aa1b7fcfc33161deea1,0.91,2026-09-10T21:17:37
uart,grt,5_1_grt,base,1,post_grt_wns,0.08,,1,0,-32.967,-32.967,68,8.65,1aa1b7fcfc33161deea1,0.91,2026-09-10T21:17:37
